{
"type": "FeatureCollection",
"name": "batiments_communaux",
"xy_coordinate_resolution": 1e-07,
"features": [
{ "type": "Feature", "properties": { "id_bien": "BAT-BE-0001", "nom": "École Élémentaire Caffe", "type_bien": "ENS", "quartier": "BE", "adresse": "41 Pl Caffe", "idu_parcelle": "73065000CS0020", "emprise_m2": 1085.4, "nb_etages": null, "hauteur_m": 13.1, "sdp_estimee_m2": null, "usage_bdtopo": "Commercial et services", "nb_locaux": 0, "id_rnb": "TYRTGQFGMAXV", "cleabs": "BATIMENT0000000219249901", "type_bien_libelle": "Enseignement et petite enfance" }, "geometry": { "type": "Polygon", "coordinates": [ [ [ 5.9199307, 45.5634853 ], [ 5.9199026, 45.5634374 ], [ 5.9198615, 45.5633646 ], [ 5.9198108, 45.5632785 ], [ 5.9198222, 45.5632755 ], [ 5.9198967, 45.5632537 ], [ 5.9199081, 45.5632498 ], [ 5.9199798, 45.5633687 ], [ 5.9205081, 45.5632189 ], [ 5.9204418, 45.5631044 ], [ 5.9205429, 45.5630756 ], [ 5.9205924, 45.5631636 ], [ 5.9206252, 45.5631528 ], [ 5.9205795, 45.5630657 ], [ 5.9206667, 45.56304 ], [ 5.9207672, 45.5632194 ], [ 5.9207855, 45.5632504 ], [ 5.9207817, 45.5632514 ], [ 5.9206958, 45.5632753 ], [ 5.9206436, 45.5631865 ], [ 5.9206121, 45.5631964 ], [ 5.9206616, 45.5632843 ], [ 5.9205617, 45.5633121 ], [ 5.9205589, 45.5633077 ], [ 5.9203402, 45.5633674 ], [ 5.9203417, 45.5633728 ], [ 5.9202481, 45.5633978 ], [ 5.9202453, 45.5633933 ], [ 5.9200291, 45.5634539 ], [ 5.9200307, 45.5634584 ], [ 5.9199307, 45.5634853 ] ] ] } },
{ "type": "Feature", "properties": { "id_bien": "BAT-BE-0002", "nom": null, "type_bien": "AQU", "quartier": "BE", "adresse": "5 Mte Valerieux", "idu_parcelle": "73065000CS0022", "emprise_m2": 586.0, "nb_etages": null, "hauteur_m": 10.6, "sdp_estimee_m2": null, "usage_bdtopo": "Indifférencié", "nb_locaux": 0, "id_rnb": "FZ8W2YAN8Z8P", "cleabs": "BATIMENT0000000219249900", "type_bien_libelle": "À qualifier" }, "geometry": { "type": "Polygon", "coordinates": [ [ [ 5.9197869, 45.5630917 ], [ 5.9197521, 45.5630655 ], [ 5.9197244, 45.5630509 ], [ 5.9196545, 45.563014 ], [ 5.9196656, 45.5630056 ], [ 5.9196575, 45.5629986 ], [ 5.9196997, 45.5629705 ], [ 5.9196355, 45.5629208 ], [ 5.9196784, 45.562908 ], [ 5.9197491, 45.5629106 ], [ 5.9197722, 45.5629109 ], [ 5.919779, 45.562918 ], [ 5.9198074, 45.5628974 ], [ 5.9199008, 45.5629662 ], [ 5.9199294, 45.5629483 ], [ 5.9200495, 45.5630362 ], [ 5.9201706, 45.5629988 ], [ 5.9201735, 45.5630032 ], [ 5.9202099, 45.5630627 ], [ 5.9199606, 45.5631511 ], [ 5.9198403, 45.5630588 ], [ 5.9198005, 45.5630832 ], [ 5.9197869, 45.5630917 ] ] ] } },
{ "type": "Feature", "properties": { "id_bien": "BAT-BE-0003", "nom": "École Élémentaire Caffe", "type_bien": "ENS", "quartier": "BE", "adresse": "36 Rue Denis Papin", "idu_parcelle": "73065000CS0021", "emprise_m2": 155.7, "nb_etages": 2, "hauteur_m": 10.3, "sdp_estimee_m2": 311.0, "usage_bdtopo": "Résidentiel", "nb_locaux": 1, "id_rnb": "ZHMTCZP2FAQK", "cleabs": "BATIMENT0000000219249716", "type_bien_libelle": "Enseignement et petite enfance" }, "geometry": { "type": "Polygon", "coordinates": [ [ [ 5.9205764, 45.5629081 ], [ 5.920551, 45.5628168 ], [ 5.9205891, 45.5628086 ], [ 5.9205887, 45.5628005 ], [ 5.9206051, 45.5627956 ], [ 5.9206095, 45.5628054 ], [ 5.9207275, 45.5627825 ], [ 5.9207632, 45.5628753 ], [ 5.9205764, 45.5629081 ] ] ] } },
{ "type": "Feature", "properties": { "id_bien": "BAT-BE-0004", "nom": null, "type_bien": "AQU", "quartier": "BE", "adresse": "460 Bd De Bellevue", "idu_parcelle": "73065000CS0023", "emprise_m2": 60.7, "nb_etages": null, "hauteur_m": 7.2, "sdp_estimee_m2": null, "usage_bdtopo": "Indifférencié", "nb_locaux": 1, "id_rnb": "A8GHVJ9RP8YF", "cleabs": "BATIMENT0000000219250189", "type_bien_libelle": "À qualifier" }, "geometry": { "type": "Polygon", "coordinates": [ [ [ 5.9189532, 45.5626799 ], [ 5.9189648, 45.5626093 ], [ 5.9190641, 45.5626194 ], [ 5.9190499, 45.5626891 ], [ 5.9189532, 45.5626799 ] ] ] } },
{ "type": "Feature", "properties": { "id_bien": "BAT-BE-0005", "nom": null, "type_bien": "COM", "quartier": "BE", "adresse": "460 Bd De Bellevue", "idu_parcelle": "73065000CS0023", "emprise_m2": 66.2, "nb_etages": 1, "hauteur_m": 5.8, "sdp_estimee_m2": 66.0, "usage_bdtopo": "Commercial et services", "nb_locaux": 1, "id_rnb": "TNJYDE9F76ZB", "cleabs": "BATIMENT0000000012712400", "type_bien_libelle": "Commerce et marché" }, "geometry": { "type": "Polygon", "coordinates": [ [ [ 5.9192322, 45.562424 ], [ 5.9193355, 45.5623897 ], [ 5.9193783, 45.5624463 ], [ 5.9192907, 45.5624873 ], [ 5.9192322, 45.562424 ] ] ] } },
{ "type": "Feature", "properties": { "id_bien": "BAT-BE-0006", "nom": null, "type_bien": "LOG", "quartier": "BE", "adresse": "624 Bd De Bellevue", "idu_parcelle": "73065000CS0139", "emprise_m2": 133.2, "nb_etages": 3, "hauteur_m": 10.1, "sdp_estimee_m2": 400.0, "usage_bdtopo": "Résidentiel", "nb_locaux": 1, "id_rnb": "CWMKRJAMAJ7Y", "cleabs": "BATIMENT0000000219249715", "type_bien_libelle": "Logement" }, "geometry": { "type": "Polygon", "coordinates": [ [ [ 5.9187742, 45.5619853 ], [ 5.9188004, 45.5618738 ], [ 5.9189205, 45.5618887 ], [ 5.9189159, 45.5618996 ], [ 5.9189379, 45.5619018 ], [ 5.9189121, 45.561997 ], [ 5.9188927, 45.561994 ], [ 5.9188915, 45.5619967 ], [ 5.9187742, 45.5619853 ] ] ] } },
{ "type": "Feature", "properties": { "id_bien": "BAT-BE-0007", "nom": null, "type_bien": "AQU", "quartier": "BE", "adresse": "Bd De Bellevue", "idu_parcelle": "73065000CS0192", "emprise_m2": 148.7, "nb_etages": null, "hauteur_m": 9.2, "sdp_estimee_m2": null, "usage_bdtopo": "Indifférencié", "nb_locaux": 0, "id_rnb": "TXVFNZFGHTD1", "cleabs": "BATIMENT0000000219253798", "type_bien_libelle": "À qualifier" }, "geometry": { "type": "Polygon", "coordinates": [ [ [ 5.9222536, 45.5603648 ], [ 5.9222266, 45.5603637 ], [ 5.9222281, 45.5602943 ], [ 5.9224762, 45.5603032 ], [ 5.9224708, 45.5603727 ], [ 5.9222536, 45.5603648 ] ] ] } },
{ "type": "Feature", "properties": { "id_bien": "BAT-BE-0008", "nom": null, "type_bien": "LOG", "quartier": "BE", "adresse": "102 Rue Anatole France", "idu_parcelle": "73065000CS0284", "emprise_m2": 313.7, "nb_etages": 4, "hauteur_m": 15.5, "sdp_estimee_m2": 1255.0, "usage_bdtopo": "Résidentiel", "nb_locaux": 2, "id_rnb": "FK2MZV5Y6CT3", "cleabs": "BATIMENT0000000219253817", "type_bien_libelle": "Logement" }, "geometry": { "type": "Polygon", "coordinates": [ [ [ 5.9181314, 45.5602773 ], [ 5.9181335, 45.5601953 ], [ 5.9183351, 45.5601982 ], [ 5.9185442, 45.5601999 ], [ 5.9185454, 45.5602224 ], [ 5.9185814, 45.5602233 ], [ 5.9185835, 45.5602629 ], [ 5.9185424, 45.560263 ], [ 5.9185409, 45.5602829 ], [ 5.9184602, 45.5602841 ], [ 5.9184604, 45.5602886 ], [ 5.9184155, 45.560288 ], [ 5.9184126, 45.5602817 ], [ 5.918333, 45.5602802 ], [ 5.918256, 45.5602795 ], [ 5.9182563, 45.5602858 ], [ 5.9182088, 45.5602852 ], [ 5.918211, 45.5602789 ], [ 5.9181314, 45.5602773 ] ] ] } },
{ "type": "Feature", "properties": { "id_bien": "BAT-BE-0009", "nom": null, "type_bien": "AQU", "quartier": "BE", "adresse": "Rue Charles Baudelaire", "idu_parcelle": "73065000CS0250", "emprise_m2": 229.9, "nb_etages": null, "hauteur_m": 6.2, "sdp_estimee_m2": null, "usage_bdtopo": "Indifférencié", "nb_locaux": 0, "id_rnb": "AHASREPP4B1Z", "cleabs": "BATIMENT0000000219253823", "type_bien_libelle": "À qualifier" }, "geometry": { "type": "Polygon", "coordinates": [ [ [ 5.916902, 45.5595595 ], [ 5.9168861, 45.5594762 ], [ 5.9168234, 45.5594805 ], [ 5.9168085, 45.5593926 ], [ 5.9169785, 45.5593791 ], [ 5.9169845, 45.5594213 ], [ 5.9170023, 45.5594191 ], [ 5.9170271, 45.5595473 ], [ 5.916902, 45.5595595 ] ] ] } },
{ "type": "Feature", "properties": { "id_bien": "BAT-BE-0010", "nom": "École Élémentaire Bellevue", "type_bien": "ENS", "quartier": "BE", "adresse": "Rue Henri Commandeur", "idu_parcelle": "73065000CS0258", "emprise_m2": 85.8, "nb_etages": null, "hauteur_m": 4.1, "sdp_estimee_m2": null, "usage_bdtopo": "Indifférencié", "nb_locaux": 0, "id_rnb": "DG11ZWWWCHV1", "cleabs": "BATIMENT0000002331803516", "type_bien_libelle": "Enseignement et petite enfance" }, "geometry": { "type": "Polygon", "coordinates": [ [ [ 5.9178585, 45.5592599 ], [ 5.9178838, 45.5592042 ], [ 5.9180436, 45.5592416 ], [ 5.9180145, 45.5592982 ], [ 5.9178585, 45.5592599 ] ] ] } },
{ "type": "Feature", "properties": { "id_bien": "BAT-BE-0011", "nom": "École Élémentaire Bellevue", "type_bien": "ENS", "quartier": "BE", "adresse": "35 Rue Emile Combes", "idu_parcelle": "73065000CS0059", "emprise_m2": 747.3, "nb_etages": null, "hauteur_m": 9.9, "sdp_estimee_m2": null, "usage_bdtopo": "Commercial et services", "nb_locaux": 10, "id_rnb": "9JNV2BGDHFS2", "cleabs": "BATIMENT0000000219253829", "type_bien_libelle": "Enseignement et petite enfance" }, "geometry": { "type": "Polygon", "coordinates": [ [ [ 5.9181739, 45.5590138 ], [ 5.9183048, 45.5590149 ], [ 5.9183053, 45.5590239 ], [ 5.9182962, 45.5592413 ], [ 5.9182603, 45.5592413 ], [ 5.9182611, 45.5592566 ], [ 5.9182878, 45.5592758 ], [ 5.9183584, 45.5592766 ], [ 5.9183594, 45.5592712 ], [ 5.9184094, 45.5592708 ], [ 5.9184106, 45.5592212 ], [ 5.9184418, 45.5592051 ], [ 5.9185767, 45.5592079 ], [ 5.9185943, 45.5592255 ], [ 5.9185918, 45.5592751 ], [ 5.9186471, 45.5592781 ], [ 5.9186462, 45.5593097 ], [ 5.9186442, 45.5593701 ], [ 5.918584, 45.5593708 ], [ 5.9185819, 45.5593808 ], [ 5.9183983, 45.5593774 ], [ 5.9184002, 45.5593648 ], [ 5.9183553, 45.5593641 ], [ 5.9183537, 45.5593344 ], [ 5.9182574, 45.5593324 ], [ 5.9182288, 45.5593494 ], [ 5.9181421, 45.559285 ], [ 5.9181719, 45.5592671 ], [ 5.9181717, 45.5592391 ], [ 5.9181601, 45.5592385 ], [ 5.9181739, 45.5590138 ] ] ] } },
{ "type": "Feature", "properties": { "id_bien": "BAT-BE-0012", "nom": null, "type_bien": "AQU", "quartier": "BE", "adresse": "Av Grande Chartreuse", "idu_parcelle": "73065000CT0031", "emprise_m2": 21.0, "nb_etages": null, "hauteur_m": 1.4, "sdp_estimee_m2": null, "usage_bdtopo": "Indifférencié", "nb_locaux": 0, "id_rnb": "2GVR75DAZ91V", "cleabs": "BATIMENT0000000129533017", "type_bien_libelle": "À qualifier" }, "geometry": { "type": "Polygon", "coordinates": [ [ [ 5.9217369, 45.5568883 ], [ 5.9216997, 45.5568875 ], [ 5.92169, 45.5568247 ], [ 5.9217298, 45.5568254 ], [ 5.9217369, 45.5568883 ] ] ] } },
{ "type": "Feature", "properties": { "id_bien": "BAT-BE-0013", "nom": null, "type_bien": "AQU", "quartier": "BE", "adresse": "Av Grande Chartreuse", "idu_parcelle": "73065000CT0031", "emprise_m2": 21.8, "nb_etages": null, "hauteur_m": 1.9, "sdp_estimee_m2": null, "usage_bdtopo": "Indifférencié", "nb_locaux": 0, "id_rnb": "QQSK621WG3JD", "cleabs": "BATIMENT0000000129533475", "type_bien_libelle": "À qualifier" }, "geometry": { "type": "Polygon", "coordinates": [ [ [ 5.9217151, 45.556742 ], [ 5.9216779, 45.5567412 ], [ 5.9216707, 45.5566783 ], [ 5.9217144, 45.5566808 ], [ 5.9217151, 45.556742 ] ] ] } },
{ "type": "Feature", "properties": { "id_bien": "BAT-BI-0001", "nom": null, "type_bien": "TEC", "quartier": "BI", "adresse": "Pres Au Bois Martinet Nord", "idu_parcelle": "73065000AC0362", "emprise_m2": 4318.9, "nb_etages": null, "hauteur_m": 8.3, "sdp_estimee_m2": null, "usage_bdtopo": "Industriel", "nb_locaux": 0, "id_rnb": "HYGYR62496ZD/XMSRSCZHH36Y", "cleabs": "BATIMENT0000000219259456", "type_bien_libelle": "Technique et logistique" }, "geometry": { "type": "Polygon", "coordinates": [ [ [ 5.8965852, 45.591113 ], [ 5.8973903, 45.5903353 ], [ 5.8978096, 45.5905489 ], [ 5.8970045, 45.5913266 ], [ 5.8965852, 45.591113 ] ] ] } },
{ "type": "Feature", "properties": { "id_bien": "BAT-BI-0002", "nom": null, "type_bien": "TEC", "quartier": "BI", "adresse": "236 Rue Felix Esclangon", "idu_parcelle": "73065000AB0082", "emprise_m2": 42.6, "nb_etages": 1, "hauteur_m": 5.1, "sdp_estimee_m2": 43.0, "usage_bdtopo": "Indifférencié", "nb_locaux": 0, "id_rnb": "QFBSKPZME5T6", "cleabs": "BATIMENT0000000219259345", "type_bien_libelle": "Technique et logistique" }, "geometry": { "type": "Polygon", "coordinates": [ [ [ 5.8917962, 45.5908083 ], [ 5.8917221, 45.5907904 ], [ 5.8917486, 45.590732 ], [ 5.8918252, 45.590749 ], [ 5.8917962, 45.5908083 ] ] ] } },
{ "type": "Feature", "properties": { "id_bien": "BAT-BI-0003", "nom": null, "type_bien": "AQU", "quartier": "BI", "adresse": "1426 Av De La Houille Blanche", "idu_parcelle": "73065000HB0099", "emprise_m2": 24.8, "nb_etages": null, "hauteur_m": 1.3, "sdp_estimee_m2": null, "usage_bdtopo": "Indifférencié", "nb_locaux": 0, "id_rnb": "KTRF5J2A21RC", "cleabs": "BATIMENT0000000219259399", "type_bien_libelle": "À qualifier" }, "geometry": { "type": "Polygon", "coordinates": [ [ [ 5.8909264, 45.5902251 ], [ 5.8908647, 45.5901988 ], [ 5.8908937, 45.5901647 ], [ 5.890954, 45.5901893 ], [ 5.8909264, 45.5902251 ] ] ] } },
{ "type": "Feature", "properties": { "id_bien": "BAT-BI-0004", "nom": null, "type_bien": "TEC", "quartier": "BI", "adresse": "Pres Au Bois Martinet Nord", "idu_parcelle": "73065000AC0362", "emprise_m2": 2338.5, "nb_etages": null, "hauteur_m": 11.9, "sdp_estimee_m2": null, "usage_bdtopo": "Industriel", "nb_locaux": 0, "id_rnb": "GTMC5AVQD8B7", "cleabs": "BATIMENT0000000334735138", "type_bien_libelle": "Technique et logistique" }, "geometry": { "type": "Polygon", "coordinates": [ [ [ 5.8979376, 45.5900752 ], [ 5.8979961, 45.590017 ], [ 5.8979693, 45.5899942 ], [ 5.8980438, 45.5899229 ], [ 5.8980719, 45.5899447 ], [ 5.898448, 45.5895773 ], [ 5.8987987, 45.5897557 ], [ 5.8982934, 45.5902526 ], [ 5.8979376, 45.5900752 ] ] ] } },
{ "type": "Feature", "properties": { "id_bien": "BAT-BI-0005", "nom": null, "type_bien": "TEC", "quartier": "BI", "adresse": "1426 Av De La Houille Blanche", "idu_parcelle": "73065000HB0099", "emprise_m2": 1202.4, "nb_etages": null, "hauteur_m": 8.0, "sdp_estimee_m2": null, "usage_bdtopo": "Industriel", "nb_locaux": 0, "id_rnb": "BP8JK4XHY4EB", "cleabs": "BATIMENT0000000219259365", "type_bien_libelle": "Technique et logistique" }, "geometry": { "type": "Polygon", "coordinates": [ [ [ 5.8905561, 45.5902373 ], [ 5.8902524, 45.5901235 ], [ 5.8905291, 45.5897695 ], [ 5.8906759, 45.589827 ], [ 5.8908318, 45.5898869 ], [ 5.8908029, 45.5899237 ], [ 5.8905561, 45.5902373 ] ] ] } },
{ "type": "Feature", "properties": { "id_bien": "BAT-BI-0006", "nom": null, "type_bien": "TEC", "quartier": "BI", "adresse": "Pres Au Bois Martinet Nord", "idu_parcelle": "73065000AC0362", "emprise_m2": 1024.9, "nb_etages": null, "hauteur_m": 7.5, "sdp_estimee_m2": null, "usage_bdtopo": "Industriel", "nb_locaux": 0, "id_rnb": "FJ7XWHK2FVR5", "cleabs": "BATIMENT0000000295068201", "type_bien_libelle": "Technique et logistique" }, "geometry": { "type": "Polygon", "coordinates": [ [ [ 5.8988967, 45.5896666 ], [ 5.8984902, 45.589451 ], [ 5.8986898, 45.5892674 ], [ 5.899096, 45.5894777 ], [ 5.8988967, 45.5896666 ] ] ] } },
{ "type": "Feature", "properties": { "id_bien": "BAT-BI-0007", "nom": null, "type_bien": "TEC", "quartier": "BI", "adresse": "Pres Au Bois Martinet Nord", "idu_parcelle": "73065000AC0362", "emprise_m2": 1317.0, "nb_etages": null, "hauteur_m": 5.8, "sdp_estimee_m2": null, "usage_bdtopo": "Industriel", "nb_locaux": 0, "id_rnb": "2NH4NCSAZ3DE", "cleabs": "BATIMENT0000000219250431", "type_bien_libelle": "Technique et logistique" }, "geometry": { "type": "Polygon", "coordinates": [ [ [ 5.899096, 45.5894777 ], [ 5.8986898, 45.5892674 ], [ 5.8989082, 45.589077 ], [ 5.899104, 45.5891882 ], [ 5.8990733, 45.5892152 ], [ 5.8993246, 45.5893573 ], [ 5.8991036, 45.5895496 ], [ 5.8991552, 45.5895789 ], [ 5.899001, 45.5897225 ], [ 5.8988967, 45.5896666 ], [ 5.899096, 45.5894777 ] ] ] } },
{ "type": "Feature", "properties": { "id_bien": "BAT-BI-0008", "nom": null, "type_bien": "TEC", "quartier": "BI", "adresse": "Pres Au Bois Martinet Nord", "idu_parcelle": "73065000AC0362", "emprise_m2": 189.1, "nb_etages": null, "hauteur_m": 5.7, "sdp_estimee_m2": null, "usage_bdtopo": "Industriel", "nb_locaux": 0, "id_rnb": "ZCZR8AZX9DJY", "cleabs": "BATIMENT0000000334735195", "type_bien_libelle": "Technique et logistique" }, "geometry": { "type": "Polygon", "coordinates": [ [ [ 5.8984902, 45.589451 ], [ 5.8984189, 45.5894141 ], [ 5.8986043, 45.5892281 ], [ 5.8986898, 45.5892674 ], [ 5.8984902, 45.589451 ] ] ] } },
{ "type": "Feature", "properties": { "id_bien": "BAT-BI-0009", "nom": null, "type_bien": "TEC", "quartier": "BI", "adresse": "Pres Au Bois Martinet Nord", "idu_parcelle": "73065000AC0362", "emprise_m2": 55.8, "nb_etages": null, "hauteur_m": 7.2, "sdp_estimee_m2": null, "usage_bdtopo": "Industriel", "nb_locaux": 0, "id_rnb": "SYF341NG6WGE", "cleabs": "BATIMENT0000000012673327", "type_bien_libelle": "Technique et logistique" }, "geometry": { "type": "Polygon", "coordinates": [ [ [ 5.8991423, 45.588889 ], [ 5.899227, 45.5889391 ], [ 5.8991627, 45.5889858 ], [ 5.8990951, 45.5889443 ], [ 5.8991423, 45.588889 ] ] ] } },
{ "type": "Feature", "properties": { "id_bien": "BAT-BI-0010", "nom": null, "type_bien": "TEC", "quartier": "BI", "adresse": "193 Rue Du Pre Demaison", "idu_parcelle": "73065000HA0009", "emprise_m2": 2079.5, "nb_etages": null, "hauteur_m": 13.6, "sdp_estimee_m2": null, "usage_bdtopo": "Industriel", "nb_locaux": 1, "id_rnb": "3TK44HASJMF7", "cleabs": "BATIMENT0000000219257924", "type_bien_libelle": "Technique et logistique" }, "geometry": { "type": "Polygon", "coordinates": [ [ [ 5.8956736, 45.5866112 ], [ 5.8959197, 45.5867049 ], [ 5.896141, 45.5867893 ], [ 5.8961708, 45.5867931 ], [ 5.896148, 45.5868243 ], [ 5.8961651, 45.586832 ], [ 5.8962449, 45.5868614 ], [ 5.8960093, 45.5871667 ], [ 5.8959739, 45.5870784 ], [ 5.895936, 45.5870649 ], [ 5.8958964, 45.5871173 ], [ 5.8954276, 45.5869393 ], [ 5.8955524, 45.5867721 ], [ 5.8956736, 45.5866112 ] ] ] } },
{ "type": "Feature", "properties": { "id_bien": "BAT-BI-0011", "nom": null, "type_bien": "AQU", "quartier": "BI", "adresse": "193 Rue Du Pre Demaison", "idu_parcelle": "73065000HA0009", "emprise_m2": 20.6, "nb_etages": null, "hauteur_m": 4.0, "sdp_estimee_m2": null, "usage_bdtopo": "Indifférencié", "nb_locaux": 1, "id_rnb": "242BPJG2KT88", "cleabs": "BATIMENT0000002223231754", "type_bien_libelle": "À qualifier" }, "geometry": { "type": "Polygon", "coordinates": [ [ [ 5.8963483, 45.5868507 ], [ 5.8964086, 45.5868257 ], [ 5.8964332, 45.5868548 ], [ 5.8963729, 45.5868798 ], [ 5.8963483, 45.5868507 ] ] ] } },
{ "type": "Feature", "properties": { "id_bien": "BAT-BI-0012", "nom": null, "type_bien": "TEC", "quartier": "BI", "adresse": "193 Rue Du Pre Demaison", "idu_parcelle": "73065000HA0009", "emprise_m2": 136.6, "nb_etages": null, "hauteur_m": 8.0, "sdp_estimee_m2": null, "usage_bdtopo": "Industriel", "nb_locaux": 1, "id_rnb": "Z6N1JVGVTCRM", "cleabs": "BATIMENT0000000219258100", "type_bien_libelle": "Technique et logistique" }, "geometry": { "type": "Polygon", "coordinates": [ [ [ 5.8955524, 45.5867721 ], [ 5.8954753, 45.5867452 ], [ 5.8955964, 45.5865835 ], [ 5.8956736, 45.5866112 ], [ 5.8955524, 45.5867721 ] ] ] } },
{ "type": "Feature", "properties": { "id_bien": "BAT-BI-0013", "nom": null, "type_bien": "TEC", "quartier": "BI", "adresse": "193 Rue Du Pre Demaison", "idu_parcelle": "73065000HA0009", "emprise_m2": 1347.8, "nb_etages": 1, "hauteur_m": 17.4, "sdp_estimee_m2": 1348.0, "usage_bdtopo": "Industriel", "nb_locaux": 1, "id_rnb": "RF62M6CM2PCV", "cleabs": "BATIMENT0000002008967683", "type_bien_libelle": "Technique et logistique" }, "geometry": { "type": "Polygon", "coordinates": [ [ [ 5.8959128, 45.5864492 ], [ 5.8957364, 45.5864375 ], [ 5.8957343, 45.5864475 ], [ 5.8954097, 45.5864243 ], [ 5.8954729, 45.585964 ], [ 5.8956531, 45.5859747 ], [ 5.8956351, 45.5861203 ], [ 5.8957754, 45.5861292 ], [ 5.895752, 45.5862947 ], [ 5.8959309, 45.5863046 ], [ 5.8959128, 45.5864492 ] ] ] } },
{ "type": "Feature", "properties": { "id_bien": "BAT-BI-0014", "nom": null, "type_bien": "AQU", "quartier": "BI", "adresse": "Les Fontanettes Nord", "idu_parcelle": "73065000AD0153", "emprise_m2": 20.4, "nb_etages": null, "hauteur_m": 2.5, "sdp_estimee_m2": null, "usage_bdtopo": "Indifférencié", "nb_locaux": 0, "id_rnb": "Q5CM2A8EV4FK", "cleabs": "BATIMENT0000000219259166", "type_bien_libelle": "À qualifier" }, "geometry": { "type": "Polygon", "coordinates": [ [ [ 5.9024994, 45.5853566 ], [ 5.9025065, 45.5853456 ], [ 5.9025091, 45.5853464 ], [ 5.9025547, 45.5853588 ], [ 5.9025287, 45.5854009 ], [ 5.9024804, 45.5853859 ], [ 5.9024994, 45.5853566 ] ] ] } },
{ "type": "Feature", "properties": { "id_bien": "BAT-BI-0015", "nom": null, "type_bien": "CUL", "quartier": "BI", "adresse": "736 Av Du Grand Arietaz", "idu_parcelle": "73065000AE0407", "emprise_m2": 194.2, "nb_etages": null, "hauteur_m": 4.1, "sdp_estimee_m2": null, "usage_bdtopo": "Commercial et services", "nb_locaux": 4, "id_rnb": "GZCZXA293T72", "cleabs": "BATIMENT0000000219257945", "type_bien_libelle": "Culture et loisirs" }, "geometry": { "type": "Polygon", "coordinates": [ [ [ 5.8983529, 45.5836605 ], [ 5.8983315, 45.5837422 ], [ 5.8982072, 45.5837211 ], [ 5.8981877, 45.583717 ], [ 5.8981569, 45.5837899 ], [ 5.8981633, 45.5837907 ], [ 5.8980645, 45.5838157 ], [ 5.8979797, 45.5838377 ], [ 5.8979445, 45.5837774 ], [ 5.8983529, 45.5836605 ] ] ] } },
{ "type": "Feature", "properties": { "id_bien": "BAT-BI-0016", "nom": null, "type_bien": "CUL", "quartier": "BI", "adresse": "736 Av Du Grand Arietaz", "idu_parcelle": "73065000AE0407", "emprise_m2": 86.7, "nb_etages": null, "hauteur_m": 7.0, "sdp_estimee_m2": null, "usage_bdtopo": "Commercial et services", "nb_locaux": 4, "id_rnb": "W486WY79ZTRC", "cleabs": "BATIMENT0000000219257947", "type_bien_libelle": "Culture et loisirs" }, "geometry": { "type": "Polygon", "coordinates": [ [ [ 5.8981763, 45.5837939 ], [ 5.89819, 45.5837602 ], [ 5.8982072, 45.5837211 ], [ 5.8983315, 45.5837422 ], [ 5.898327, 45.5837549 ], [ 5.8983179, 45.5837777 ], [ 5.8983021, 45.5838177 ], [ 5.8981763, 45.5837939 ] ] ] } },
{ "type": "Feature", "properties": { "id_bien": "BAT-BI-0017", "nom": null, "type_bien": "CUL", "quartier": "BI", "adresse": "736 Av Du Grand Arietaz", "idu_parcelle": "73065000AE0407", "emprise_m2": 24.3, "nb_etages": null, "hauteur_m": 4.0, "sdp_estimee_m2": null, "usage_bdtopo": "Commercial et services", "nb_locaux": 4, "id_rnb": "AYE6EJ75MYXT", "cleabs": "BATIMENT0000000219257944", "type_bien_libelle": "Culture et loisirs" }, "geometry": { "type": "Polygon", "coordinates": [ [ [ 5.8978121, 45.5836501 ], [ 5.8978639, 45.5836353 ], [ 5.8978895, 45.5836824 ], [ 5.8978389, 45.5836972 ], [ 5.8978121, 45.5836501 ] ] ] } },
{ "type": "Feature", "properties": { "id_bien": "BAT-BI-0018", "nom": null, "type_bien": "CUL", "quartier": "BI", "adresse": "736 Av Du Grand Arietaz", "idu_parcelle": "73065000AE0152", "emprise_m2": 2214.2, "nb_etages": null, "hauteur_m": 8.4, "sdp_estimee_m2": null, "usage_bdtopo": "Commercial et services", "nb_locaux": 2, "id_rnb": "VZHEGFE5PJPJ", "cleabs": "BATIMENT0000000219257943", "type_bien_libelle": "Culture et loisirs" }, "geometry": { "type": "Polygon", "coordinates": [ [ [ 5.8976378, 45.5832374 ], [ 5.898049, 45.583125 ], [ 5.8982158, 45.5834199 ], [ 5.8983529, 45.5836605 ], [ 5.8979445, 45.5837774 ], [ 5.8978895, 45.5836824 ], [ 5.8978639, 45.5836353 ], [ 5.8978088, 45.5835385 ], [ 5.8976378, 45.5832374 ] ] ] } },
{ "type": "Feature", "properties": { "id_bien": "BAT-BI-0019", "nom": null, "type_bien": "CUL", "quartier": "BI", "adresse": "736 Av Du Grand Arietaz", "idu_parcelle": "73065000AE0407", "emprise_m2": 2477.1, "nb_etages": 1, "hauteur_m": 9.0, "sdp_estimee_m2": 2477.0, "usage_bdtopo": "Commercial et services", "nb_locaux": 4, "id_rnb": "AP6H681HE5V3", "cleabs": "BATIMENT0000000219257942", "type_bien_libelle": "Culture et loisirs" }, "geometry": { "type": "Polygon", "coordinates": [ [ [ 5.8970896, 45.5831101 ], [ 5.8975008, 45.5829977 ], [ 5.8975939, 45.5831593 ], [ 5.8976378, 45.5832374 ], [ 5.8978088, 45.5835385 ], [ 5.8977974, 45.5835424 ], [ 5.8978325, 45.5836001 ], [ 5.8974378, 45.5837085 ], [ 5.897404, 45.5836508 ], [ 5.8973939, 45.5836537 ], [ 5.8970896, 45.5831101 ] ] ] } },
{ "type": "Feature", "properties": { "id_bien": "BAT-BI-0020", "nom": null, "type_bien": "CUL", "quartier": "BI", "adresse": "736 Av Du Grand Arietaz", "idu_parcelle": "73065000AE0407", "emprise_m2": 327.4, "nb_etages": null, "hauteur_m": 4.2, "sdp_estimee_m2": null, "usage_bdtopo": "Commercial et services", "nb_locaux": 4, "id_rnb": "T99YCKAFC84E", "cleabs": "BATIMENT0000000295067866", "type_bien_libelle": "Culture et loisirs" }, "geometry": { "type": "Polygon", "coordinates": [ [ [ 5.8979998, 45.5830443 ], [ 5.898049, 45.583125 ], [ 5.8976378, 45.5832374 ], [ 5.8975939, 45.5831593 ], [ 5.8979998, 45.5830443 ] ] ] } },
{ "type": "Feature", "properties": { "id_bien": "BAT-BI-0021", "nom": null, "type_bien": "CUL", "quartier": "BI", "adresse": "736 Av Du Grand Arietaz", "idu_parcelle": "73065000AE0407", "emprise_m2": 549.9, "nb_etages": null, "hauteur_m": 4.9, "sdp_estimee_m2": null, "usage_bdtopo": "Commercial et services", "nb_locaux": 4, "id_rnb": null, "cleabs": "BATIMENT0000002493163656", "type_bien_libelle": "Culture et loisirs" }, "geometry": { "type": "Polygon", "coordinates": [ [ [ 5.8975939, 45.5831593 ], [ 5.8975163, 45.5830243 ], [ 5.89793, 45.5829109 ], [ 5.8979998, 45.5830443 ], [ 5.8975939, 45.5831593 ] ] ] } },
{ "type": "Feature", "properties": { "id_bien": "BAT-BI-0022", "nom": null, "type_bien": "CUL", "quartier": "BI", "adresse": "736 Av Du Grand Arietaz", "idu_parcelle": "73065000AE0407", "emprise_m2": 2326.1, "nb_etages": null, "hauteur_m": 9.0, "sdp_estimee_m2": null, "usage_bdtopo": "Commercial et services", "nb_locaux": 4, "id_rnb": "QVHP77Z2GQGA", "cleabs": "BATIMENT0000000219257940", "type_bien_libelle": "Culture et loisirs" }, "geometry": { "type": "Polygon", "coordinates": [ [ [ 5.8983297, 45.582751 ], [ 5.8984148, 45.5829056 ], [ 5.8984883, 45.5830353 ], [ 5.8986293, 45.5833029 ], [ 5.8982158, 45.5834199 ], [ 5.898049, 45.583125 ], [ 5.8979998, 45.5830443 ], [ 5.8979072, 45.5828692 ], [ 5.8983297, 45.582751 ] ] ] } },
{ "type": "Feature", "properties": { "id_bien": "BAT-BI-0023", "nom": null, "type_bien": "CUL", "quartier": "BI", "adresse": "736 Av Du Grand Arietaz", "idu_parcelle": "73065000AE0407", "emprise_m2": 481.8, "nb_etages": null, "hauteur_m": 5.2, "sdp_estimee_m2": null, "usage_bdtopo": "Commercial et services", "nb_locaux": 4, "id_rnb": "QPBQDH51X79E", "cleabs": "BATIMENT0000000295067865", "type_bien_libelle": "Culture et loisirs" }, "geometry": { "type": "Polygon", "coordinates": [ [ [ 5.8987947, 45.5828084 ], [ 5.8988666, 45.5829336 ], [ 5.8984883, 45.5830353 ], [ 5.8984148, 45.5829056 ], [ 5.8987947, 45.5828084 ] ] ] } },
{ "type": "Feature", "properties": { "id_bien": "BAT-BI-0024", "nom": null, "type_bien": "CUL", "quartier": "BI", "adresse": "736 Av Du Grand Arietaz", "idu_parcelle": "73065000AE0407", "emprise_m2": 2528.3, "nb_etages": null, "hauteur_m": 9.1, "sdp_estimee_m2": null, "usage_bdtopo": "Commercial et services", "nb_locaux": 4, "id_rnb": "R7VWQ1JV3QN5", "cleabs": "BATIMENT0000000295067867", "type_bien_libelle": "Culture et loisirs" }, "geometry": { "type": "Polygon", "coordinates": [ [ [ 5.8996463, 45.5828495 ], [ 5.898933, 45.5830491 ], [ 5.8988666, 45.5829336 ], [ 5.8987947, 45.5828084 ], [ 5.8986986, 45.5826406 ], [ 5.899187, 45.5825082 ], [ 5.8991926, 45.582517 ], [ 5.8992859, 45.5826813 ], [ 5.8993618, 45.5826604 ], [ 5.8995225, 45.5826175 ], [ 5.8996463, 45.5828495 ] ] ] } },
{ "type": "Feature", "properties": { "id_bien": "BAT-BI-0025", "nom": null, "type_bien": "CUL", "quartier": "BI", "adresse": "736 Av Du Grand Arietaz", "idu_parcelle": "73065000AE0407", "emprise_m2": 281.8, "nb_etages": null, "hauteur_m": 6.4, "sdp_estimee_m2": null, "usage_bdtopo": "Commercial et services", "nb_locaux": 4, "id_rnb": "RP89ZFCXHMTD", "cleabs": "BATIMENT0000000295067868", "type_bien_libelle": "Culture et loisirs" }, "geometry": { "type": "Polygon", "coordinates": [ [ [ 5.8992859, 45.5826813 ], [ 5.8991926, 45.582517 ], [ 5.8992166, 45.5825092 ], [ 5.8991445, 45.5823822 ], [ 5.8990458, 45.5824091 ], [ 5.8990159, 45.5823765 ], [ 5.8990741, 45.5823606 ], [ 5.8992221, 45.5823198 ], [ 5.8992557, 45.5823739 ], [ 5.8992642, 45.5823881 ], [ 5.8992174, 45.5824028 ], [ 5.8993618, 45.5826604 ], [ 5.8992859, 45.5826813 ] ] ] } },
{ "type": "Feature", "properties": { "id_bien": "BAT-BI-0026", "nom": null, "type_bien": "AQU", "quartier": "BI", "adresse": "Che Des Hauts De Chamoux", "idu_parcelle": "73065000HE0073", "emprise_m2": 16.3, "nb_etages": 1, "hauteur_m": null, "sdp_estimee_m2": 16.0, "usage_bdtopo": "Indifférencié", "nb_locaux": 0, "id_rnb": "SJ3W3SV1Y8TS", "cleabs": "BATIMENT0000000219257477", "type_bien_libelle": "À qualifier" }, "geometry": { "type": "Polygon", "coordinates": [ [ [ 5.8756906, 45.582873 ], [ 5.8757379, 45.5828934 ], [ 5.8757125, 45.5829229 ], [ 5.8756665, 45.5829024 ], [ 5.8756906, 45.582873 ] ] ] } },
{ "type": "Feature", "properties": { "id_bien": "BAT-BI-0027", "nom": null, "type_bien": "AQU", "quartier": "BI", "adresse": "Charriere Neuve Nord", "idu_parcelle": "73065000AE0392", "emprise_m2": 220.7, "nb_etages": null, "hauteur_m": 5.3, "sdp_estimee_m2": null, "usage_bdtopo": "Indifférencié", "nb_locaux": 1, "id_rnb": "CNPJQJB5DESR", "cleabs": "BATIMENT0000000219258069", "type_bien_libelle": "À qualifier" }, "geometry": { "type": "Polygon", "coordinates": [ [ [ 5.8959552, 45.5823239 ], [ 5.8959934, 45.5822688 ], [ 5.8960744, 45.5822965 ], [ 5.8963643, 45.5823935 ], [ 5.8963682, 45.5823943 ], [ 5.8963301, 45.5824503 ], [ 5.8959552, 45.5823239 ] ] ] } },
{ "type": "Feature", "properties": { "id_bien": "BAT-BI-0028", "nom": null, "type_bien": "CUL", "quartier": "BI", "adresse": "736 Av Du Grand Arietaz", "idu_parcelle": "73065000AE0407", "emprise_m2": 719.2, "nb_etages": null, "hauteur_m": 5.4, "sdp_estimee_m2": null, "usage_bdtopo": "Commercial et services", "nb_locaux": 4, "id_rnb": "7357BJ6QC677", "cleabs": "BATIMENT0000000219258833", "type_bien_libelle": "Culture et loisirs" }, "geometry": { "type": "Polygon", "coordinates": [ [ [ 5.8994207, 45.5824859 ], [ 5.8993206, 45.5824624 ], [ 5.8993322, 45.5824377 ], [ 5.8992582, 45.5824207 ], [ 5.8992698, 45.5823979 ], [ 5.8992642, 45.5823881 ], [ 5.8992557, 45.5823739 ], [ 5.8992221, 45.5823198 ], [ 5.8992891, 45.5823001 ], [ 5.8992294, 45.582189 ], [ 5.8994912, 45.5821165 ], [ 5.8995053, 45.5821404 ], [ 5.8995456, 45.5821502 ], [ 5.8995355, 45.5821793 ], [ 5.8995836, 45.5821907 ], [ 5.8994863, 45.5824148 ], [ 5.8994538, 45.5824076 ], [ 5.8994207, 45.5824859 ] ] ] } },
{ "type": "Feature", "properties": { "id_bien": "BAT-BI-0029", "nom": null, "type_bien": "TEC", "quartier": "BI", "adresse": "305 Av Des Follaz", "idu_parcelle": "73065000AE0045", "emprise_m2": 696.3, "nb_etages": 1, "hauteur_m": 4.2, "sdp_estimee_m2": 696.0, "usage_bdtopo": "Industriel", "nb_locaux": 1, "id_rnb": "16QSVGC3KXD9", "cleabs": "BATIMENT0000000219258993", "type_bien_libelle": "Technique et logistique" }, "geometry": { "type": "Polygon", "coordinates": [ [ [ 5.9021088, 45.5819408 ], [ 5.9021082, 45.5820759 ], [ 5.9019515, 45.5820746 ], [ 5.9019512, 45.5820683 ], [ 5.9014868, 45.5820713 ], [ 5.9014865, 45.5819433 ], [ 5.9021088, 45.5819408 ] ] ] } },
{ "type": "Feature", "properties": { "id_bien": "BAT-BI-0030", "nom": null, "type_bien": "CUL", "quartier": "BI", "adresse": "736 Av Du Grand Arietaz", "idu_parcelle": "73065000AE0407", "emprise_m2": 142.2, "nb_etages": null, "hauteur_m": 11.0, "sdp_estimee_m2": null, "usage_bdtopo": "Commercial et services", "nb_locaux": 4, "id_rnb": "Y6EYT2MPZJRP", "cleabs": "BATIMENT0000000219258834", "type_bien_libelle": "Culture et loisirs" }, "geometry": { "type": "Polygon", "coordinates": [ [ [ 5.8994265, 45.5818856 ], [ 5.8994922, 45.5818668 ], [ 5.8996189, 45.5820798 ], [ 5.899586, 45.5820897 ], [ 5.8995531, 45.5820986 ], [ 5.8994265, 45.5818856 ] ] ] } },
{ "type": "Feature", "properties": { "id_bien": "BAT-BI-0031", "nom": null, "type_bien": "CUL", "quartier": "BI", "adresse": "736 Av Du Grand Arietaz", "idu_parcelle": "73065000AE0407", "emprise_m2": 4177.7, "nb_etages": null, "hauteur_m": 10.9, "sdp_estimee_m2": null, "usage_bdtopo": "Commercial et services", "nb_locaux": 4, "id_rnb": "9N4GQ5EF8KMS", "cleabs": "BATIMENT0000000219257954", "type_bien_libelle": "Culture et loisirs" }, "geometry": { "type": "Polygon", "coordinates": [ [ [ 5.8987284, 45.5820577 ], [ 5.8987835, 45.5820311 ], [ 5.8987063, 45.5818547 ], [ 5.8981508, 45.5817104 ], [ 5.89829, 45.5814275 ], [ 5.8989154, 45.5816078 ], [ 5.8988312, 45.5817406 ], [ 5.8990436, 45.5818018 ], [ 5.8990467, 45.5818621 ], [ 5.8990966, 45.5819572 ], [ 5.8991051, 45.5819732 ], [ 5.8991684, 45.5819563 ], [ 5.8991861, 45.5819513 ], [ 5.899214, 45.5819443 ], [ 5.8992545, 45.5819333 ], [ 5.8993012, 45.5819195 ], [ 5.8994265, 45.5818856 ], [ 5.8995531, 45.5820986 ], [ 5.8994912, 45.5821165 ], [ 5.8992294, 45.582189 ], [ 5.8992891, 45.5823001 ], [ 5.8992221, 45.5823198 ], [ 5.8990741, 45.5823606 ], [ 5.8990159, 45.5823765 ], [ 5.8989236, 45.5824032 ], [ 5.8987284, 45.5820577 ] ], [ [ 5.8992245, 45.5820476 ], [ 5.8992569, 45.5821027 ], [ 5.8993113, 45.5820869 ], [ 5.8993846, 45.5820651 ], [ 5.8993523, 45.5820128 ], [ 5.8992245, 45.5820476 ] ] ] } },
{ "type": "Feature", "properties": { "id_bien": "BAT-BI-0032", "nom": null, "type_bien": "TEC", "quartier": "BI", "adresse": "Charriere Neuve Nord", "idu_parcelle": "73065000AE0047", "emprise_m2": 847.3, "nb_etages": null, "hauteur_m": 7.1, "sdp_estimee_m2": null, "usage_bdtopo": "Industriel", "nb_locaux": 0, "id_rnb": "V3BYNA426HQC", "cleabs": "BATIMENT0000000219259113", "type_bien_libelle": "Technique et logistique" }, "geometry": { "type": "Polygon", "coordinates": [ [ [ 5.9012607, 45.5818212 ], [ 5.9012693, 45.5816669 ], [ 5.9019311, 45.5816849 ], [ 5.9019318, 45.5817228 ], [ 5.9019307, 45.5818237 ], [ 5.9012607, 45.5818212 ] ] ] } },
{ "type": "Feature", "properties": { "id_bien": "BAT-BI-0033", "nom": null, "type_bien": "TEC", "quartier": "BI", "adresse": "105 Av Des Follaz", "idu_parcelle": "73065000AE0048", "emprise_m2": 349.9, "nb_etages": null, "hauteur_m": 5.8, "sdp_estimee_m2": null, "usage_bdtopo": "Industriel", "nb_locaux": 5, "id_rnb": "KW6A37E2X851", "cleabs": "BATIMENT0000000295068229", "type_bien_libelle": "Technique et logistique" }, "geometry": { "type": "Polygon", "coordinates": [ [ [ 5.9026821, 45.5814691 ], [ 5.9027428, 45.5814775 ], [ 5.902614, 45.5821052 ], [ 5.9025495, 45.5820988 ], [ 5.902597, 45.5818777 ], [ 5.9026091, 45.5818152 ], [ 5.9026316, 45.5817056 ], [ 5.9026821, 45.5814691 ] ] ] } },
{ "type": "Feature", "properties": { "id_bien": "BAT-BI-0034", "nom": null, "type_bien": "COM", "quartier": "BI", "adresse": "728 Av De La Motte Servolex", "idu_parcelle": "73065000HC0057", "emprise_m2": 273.0, "nb_etages": 1, "hauteur_m": 8.1, "sdp_estimee_m2": 273.0, "usage_bdtopo": "Commercial et services", "nb_locaux": 1, "id_rnb": "BZ2YYXKN2AYJ", "cleabs": "BATIMENT0000000219257794", "type_bien_libelle": "Commerce et marché" }, "geometry": { "type": "Polygon", "coordinates": [ [ [ 5.8881475, 45.5820445 ], [ 5.8881452, 45.5820499 ], [ 5.8880747, 45.5820022 ], [ 5.8881983, 45.5819107 ], [ 5.888201, 45.5819133 ], [ 5.8882306, 45.58189 ], [ 5.8882944, 45.5819326 ], [ 5.8882697, 45.5819512 ], [ 5.8882724, 45.5819538 ], [ 5.8882687, 45.5819576 ], [ 5.8882094, 45.5820014 ], [ 5.8883649, 45.5821029 ], [ 5.888402, 45.5820767 ], [ 5.8884259, 45.5820923 ], [ 5.8883244, 45.5821643 ], [ 5.8881475, 45.5820445 ] ] ] } },
{ "type": "Feature", "properties": { "id_bien": "BAT-BI-0035", "nom": null, "type_bien": "AQU", "quartier": "BI", "adresse": "728 Av De La Motte Servolex", "idu_parcelle": "73065000HC0057", "emprise_m2": 18.6, "nb_etages": null, "hauteur_m": 3.9, "sdp_estimee_m2": null, "usage_bdtopo": "Indifférencié", "nb_locaux": 1, "id_rnb": "AV8DPAZV49Q7", "cleabs": "BATIMENT0000000219257797", "type_bien_libelle": "À qualifier" }, "geometry": { "type": "Polygon", "coordinates": [ [ [ 5.8884482, 45.5820773 ], [ 5.8884216, 45.5820591 ], [ 5.8884513, 45.5820376 ], [ 5.8884797, 45.582017 ], [ 5.8885062, 45.5820335 ], [ 5.8884482, 45.5820773 ] ] ] } },
{ "type": "Feature", "properties": { "id_bien": "BAT-BI-0036", "nom": null, "type_bien": "TEC", "quartier": "BI", "adresse": "105 Av Des Follaz", "idu_parcelle": "73065000AE0048", "emprise_m2": 1632.4, "nb_etages": null, "hauteur_m": 3.8, "sdp_estimee_m2": null, "usage_bdtopo": "Industriel", "nb_locaux": 5, "id_rnb": "5QBGM2M1S44Z", "cleabs": "BATIMENT0000000219259089", "type_bien_libelle": "Technique et logistique" }, "geometry": { "type": "Polygon", "coordinates": [ [ [ 5.9026316, 45.5817056 ], [ 5.9026091, 45.5818152 ], [ 5.902597, 45.5818777 ], [ 5.9025495, 45.5820988 ], [ 5.9022901, 45.5820713 ], [ 5.9023322, 45.5818692 ], [ 5.9023527, 45.5817723 ], [ 5.9023681, 45.581698 ], [ 5.9024215, 45.5814425 ], [ 5.9025608, 45.5814569 ], [ 5.9025669, 45.5814261 ], [ 5.9024778, 45.5814149 ], [ 5.9024852, 45.581385 ], [ 5.902533, 45.581391 ], [ 5.9025519, 45.5813121 ], [ 5.9027067, 45.581327 ], [ 5.9026878, 45.5814077 ], [ 5.902662, 45.5814057 ], [ 5.9026523, 45.5814654 ], [ 5.9026821, 45.5814691 ], [ 5.9026316, 45.5817056 ] ] ] } },
{ "type": "Feature", "properties": { "id_bien": "BAT-BI-0037", "nom": null, "type_bien": "ANX", "quartier": "BI", "adresse": "105 Av Des Follaz", "idu_parcelle": "73065000AE0048", "emprise_m2": 110.6, "nb_etages": null, "hauteur_m": 5.2, "sdp_estimee_m2": null, "usage_bdtopo": "Annexe", "nb_locaux": 5, "id_rnb": "V8YEGC4PQWQX", "cleabs": "BATIMENT0000002244018764", "type_bien_libelle": "Annexe" }, "geometry": { "type": "Polygon", "coordinates": [ [ [ 5.9027357, 45.581684 ], [ 5.9027573, 45.5815834 ], [ 5.9028799, 45.5815956 ], [ 5.902862, 45.581696 ], [ 5.9027357, 45.581684 ] ] ] } },
{ "type": "Feature", "properties": { "id_bien": "BAT-BI-0038", "nom": null, "type_bien": "CUL", "quartier": "BI", "adresse": "736 Av Du Grand Arietaz", "idu_parcelle": "73065000AE0407", "emprise_m2": 260.6, "nb_etages": null, "hauteur_m": 6.0, "sdp_estimee_m2": null, "usage_bdtopo": "Commercial et services", "nb_locaux": 4, "id_rnb": null, "cleabs": "BATIMENT0000002493164157", "type_bien_libelle": "Culture et loisirs" }, "geometry": { "type": "Polygon", "coordinates": [ [ [ 5.8990436, 45.5818018 ], [ 5.8988312, 45.5817406 ], [ 5.8989082, 45.5816188 ], [ 5.8991141, 45.5816792 ], [ 5.8990436, 45.5818018 ] ] ] } },
{ "type": "Feature", "properties": { "id_bien": "BAT-BI-0039", "nom": null, "type_bien": "AQU", "quartier": "BI", "adresse": "105 Av Des Follaz", "idu_parcelle": "73065000AE0048", "emprise_m2": 22.9, "nb_etages": null, "hauteur_m": 2.5, "sdp_estimee_m2": null, "usage_bdtopo": "Indifférencié", "nb_locaux": 5, "id_rnb": "CK7X2E1BXT5A", "cleabs": "BATIMENT0000000219259141", "type_bien_libelle": "À qualifier" }, "geometry": { "type": "Polygon", "coordinates": [ [ [ 5.9007662, 45.5816654 ], [ 5.9007654, 45.5816258 ], [ 5.9008321, 45.581625 ], [ 5.9008329, 45.5816646 ], [ 5.9007662, 45.5816654 ] ] ] } },
{ "type": "Feature", "properties": { "id_bien": "BAT-BI-0040", "nom": null, "type_bien": "TEC", "quartier": "BI", "adresse": "105 Av Des Follaz", "idu_parcelle": "73065000AE0048", "emprise_m2": 3430.3, "nb_etages": null, "hauteur_m": 7.2, "sdp_estimee_m2": null, "usage_bdtopo": "Industriel", "nb_locaux": 5, "id_rnb": "PCGDNF4BXX43", "cleabs": "BATIMENT0000000219259111", "type_bien_libelle": "Technique et logistique" }, "geometry": { "type": "Polygon", "coordinates": [ [ [ 5.9010186, 45.5812904 ], [ 5.9016582, 45.5812766 ], [ 5.9019341, 45.5812767 ], [ 5.9019311, 45.5812921 ], [ 5.9019311, 45.5816849 ], [ 5.9012693, 45.5816669 ], [ 5.9012607, 45.5818212 ], [ 5.9010195, 45.5818211 ], [ 5.9010186, 45.5812904 ] ] ] } },
{ "type": "Feature", "properties": { "id_bien": "BAT-BI-0041", "nom": null, "type_bien": "ENS", "quartier": "BI", "adresse": "736 Av Du Grand Arietaz", "idu_parcelle": "73065000AE0407", "emprise_m2": 547.1, "nb_etages": null, "hauteur_m": 5.2, "sdp_estimee_m2": null, "usage_bdtopo": "Commercial et services", "nb_locaux": 4, "id_rnb": "BCFTE9N2CZVF", "cleabs": "BATIMENT0000000219258062", "type_bien_libelle": "Enseignement et petite enfance" }, "geometry": { "type": "Polygon", "coordinates": [ [ [ 5.8973262, 45.5816217 ], [ 5.8972517, 45.5814975 ], [ 5.897688, 45.5813754 ], [ 5.8977234, 45.5814385 ], [ 5.8977575, 45.5815016 ], [ 5.8973262, 45.5816217 ] ] ] } },
{ "type": "Feature", "properties": { "id_bien": "BAT-BI-0042", "nom": null, "type_bien": "LOG", "quartier": "BI", "adresse": "29 Rte De La Labiaz", "idu_parcelle": "73065000AM0641", "emprise_m2": 189.0, "nb_etages": 2, "hauteur_m": 8.6, "sdp_estimee_m2": 378.0, "usage_bdtopo": "Résidentiel", "nb_locaux": 3, "id_rnb": "FE7ZNEDNXJQ5", "cleabs": "BATIMENT0000000219257778", "type_bien_libelle": "Logement" }, "geometry": { "type": "Polygon", "coordinates": [ [ [ 5.8877728, 45.5815513 ], [ 5.8878282, 45.5815562 ], [ 5.8879069, 45.5815641 ], [ 5.8879021, 45.5815939 ], [ 5.8878942, 45.5816401 ], [ 5.8879276, 45.581641 ], [ 5.8879241, 45.5816727 ], [ 5.8878919, 45.5816708 ], [ 5.8878838, 45.5817115 ], [ 5.887844, 45.5817117 ], [ 5.8877836, 45.5817096 ], [ 5.8877479, 45.5816898 ], [ 5.8877728, 45.5815513 ] ] ] } },
{ "type": "Feature", "properties": { "id_bien": "BAT-BI-0043", "nom": null, "type_bien": "TEC", "quartier": "BI", "adresse": "52 Che De Charriere-Neuve", "idu_parcelle": "73065000AE0050", "emprise_m2": 32.5, "nb_etages": null, "hauteur_m": 7.1, "sdp_estimee_m2": null, "usage_bdtopo": "Industriel", "nb_locaux": 0, "id_rnb": "8KK32WC8CTXK", "cleabs": "BATIMENT0000000219259114", "type_bien_libelle": "Technique et logistique" }, "geometry": { "type": "Polygon", "coordinates": [ [ [ 5.9010186, 45.5812904 ], [ 5.9010167, 45.5812787 ], [ 5.9016582, 45.5812766 ], [ 5.9010186, 45.5812904 ] ] ] } },
{ "type": "Feature", "properties": { "id_bien": "BAT-BI-0044", "nom": null, "type_bien": "AQU", "quartier": "BI", "adresse": "Les Fontanettes Sud", "idu_parcelle": "73065000AH0019", "emprise_m2": 55.8, "nb_etages": null, "hauteur_m": 3.9, "sdp_estimee_m2": null, "usage_bdtopo": "Indifférencié", "nb_locaux": 0, "id_rnb": null, "cleabs": "BATIMENT0000002490052815", "type_bien_libelle": "À qualifier" }, "geometry": { "type": "Polygon", "coordinates": [ [ [ 5.9073094, 45.5810792 ], [ 5.9073922, 45.5810924 ], [ 5.9073745, 45.581146 ], [ 5.9073474, 45.5811422 ], [ 5.9073374, 45.5811713 ], [ 5.9072817, 45.5811628 ], [ 5.9073094, 45.5810792 ] ] ] } },
{ "type": "Feature", "properties": { "id_bien": "BAT-BI-0045", "nom": null, "type_bien": "AQU", "quartier": "BI", "adresse": "Les Fontanettes Sud", "idu_parcelle": "73065000AH0019", "emprise_m2": 154.1, "nb_etages": null, "hauteur_m": 4.5, "sdp_estimee_m2": null, "usage_bdtopo": "Indifférencié", "nb_locaux": 0, "id_rnb": "ERPWNWXGWYC9/XN2J5MXQAB28", "cleabs": "BATIMENT0000000129533315", "type_bien_libelle": "À qualifier" }, "geometry": { "type": "Polygon", "coordinates": [ [ [ 5.9073161, 45.5810105 ], [ 5.9073393, 45.5809388 ], [ 5.9075087, 45.5809632 ], [ 5.9074796, 45.5810694 ], [ 5.9073438, 45.5810495 ], [ 5.9073459, 45.5810161 ], [ 5.9073161, 45.5810105 ] ] ] } },
{ "type": "Feature", "properties": { "id_bien": "BAT-BI-0046", "nom": null, "type_bien": "COM", "quartier": "BI", "adresse": "130 Av Des Follaz", "idu_parcelle": "73065000AH0164", "emprise_m2": 1622.0, "nb_etages": null, "hauteur_m": 10.6, "sdp_estimee_m2": null, "usage_bdtopo": "Commercial et services", "nb_locaux": 20, "id_rnb": "6JCAKCDF4Y8D", "cleabs": "BATIMENT0000002223674833", "type_bien_libelle": "Commerce et marché" }, "geometry": { "type": "Polygon", "coordinates": [ [ [ 5.9036858, 45.5811314 ], [ 5.9038477, 45.5806947 ], [ 5.9042509, 45.5807726 ], [ 5.9040837, 45.5812067 ], [ 5.9036858, 45.5811314 ] ] ] } },
{ "type": "Feature", "properties": { "id_bien": "BAT-BI-0047", "nom": null, "type_bien": "TEC", "quartier": "BI", "adresse": "50 Che De Charriere-Neuve", "idu_parcelle": "73065000AE0051", "emprise_m2": 1410.3, "nb_etages": null, "hauteur_m": 7.5, "sdp_estimee_m2": null, "usage_bdtopo": "Industriel", "nb_locaux": 1, "id_rnb": "4VA442RFF2XB", "cleabs": "BATIMENT0000000219259099", "type_bien_libelle": "Technique et logistique" }, "geometry": { "type": "Polygon", "coordinates": [ [ [ 5.9010327, 45.5810936 ], [ 5.9010354, 45.5810232 ], [ 5.9022551, 45.5810107 ], [ 5.9022753, 45.5807344 ], [ 5.902446, 45.5807345 ], [ 5.9024445, 45.5810986 ], [ 5.9010327, 45.5810936 ] ] ] } },
{ "type": "Feature", "properties": { "id_bien": "BAT-BI-0048", "nom": null, "type_bien": "COM", "quartier": "BI", "adresse": "130 Av Des Follaz", "idu_parcelle": "73065000AH0164", "emprise_m2": 672.8, "nb_etages": null, "hauteur_m": 10.8, "sdp_estimee_m2": null, "usage_bdtopo": "Commercial et services", "nb_locaux": 20, "id_rnb": "5Y15WWZN6DDQ", "cleabs": "BATIMENT0000002223674875", "type_bien_libelle": "Commerce et marché" }, "geometry": { "type": "Polygon", "coordinates": [ [ [ 5.9033995, 45.5810802 ], [ 5.9035613, 45.5806408 ], [ 5.9037261, 45.5806753 ], [ 5.903563, 45.5811139 ], [ 5.9033995, 45.5810802 ] ] ] } },
{ "type": "Feature", "properties": { "id_bien": "BAT-BI-0049", "nom": null, "type_bien": "TEC", "quartier": "BI", "adresse": "46 Che De Charriere-Neuve", "idu_parcelle": "73065000AE0054", "emprise_m2": 1224.0, "nb_etages": null, "hauteur_m": 6.8, "sdp_estimee_m2": null, "usage_bdtopo": "Industriel", "nb_locaux": 0, "id_rnb": "JK5VEB3CSDFN", "cleabs": "BATIMENT0000000219259101", "type_bien_libelle": "Technique et logistique" }, "geometry": { "type": "Polygon", "coordinates": [ [ [ 5.9010368, 45.5809025 ], [ 5.901036, 45.580788 ], [ 5.9018693, 45.5807746 ], [ 5.9018441, 45.5807338 ], [ 5.9019955, 45.5807335 ], [ 5.9020776, 45.5807332 ], [ 5.9021688, 45.5807336 ], [ 5.9021549, 45.5808853 ], [ 5.9010368, 45.5809025 ] ] ] } },
{ "type": "Feature", "properties": { "id_bien": "BAT-BI-0050", "nom": null, "type_bien": "TEC", "quartier": "BI", "adresse": "Che De Charriere-Neuve", "idu_parcelle": "73065000AE0191", "emprise_m2": 1455.2, "nb_etages": null, "hauteur_m": 7.2, "sdp_estimee_m2": null, "usage_bdtopo": "Industriel", "nb_locaux": 0, "id_rnb": "XN1173F9D3WD", "cleabs": "BATIMENT0000000219259100", "type_bien_libelle": "Technique et logistique" }, "geometry": { "type": "Polygon", "coordinates": [ [ [ 5.9010354, 45.5810232 ], [ 5.9010368, 45.5809025 ], [ 5.9021549, 45.5808853 ], [ 5.9021688, 45.5807336 ], [ 5.902215, 45.5807342 ], [ 5.9022753, 45.5807344 ], [ 5.9022551, 45.5810107 ], [ 5.9010354, 45.5810232 ] ] ] } },
{ "type": "Feature", "properties": { "id_bien": "BAT-BI-0051", "nom": null, "type_bien": "AQU", "quartier": "BI", "adresse": "17 Rue De L Alpette", "idu_parcelle": "73065000AM0262", "emprise_m2": 19.1, "nb_etages": 1, "hauteur_m": 3.0, "sdp_estimee_m2": 19.0, "usage_bdtopo": "Indifférencié", "nb_locaux": 0, "id_rnb": "2WWW17BJT2NT", "cleabs": "BATIMENT0000000219257860", "type_bien_libelle": "À qualifier" }, "geometry": { "type": "Polygon", "coordinates": [ [ [ 5.8907034, 45.5809804 ], [ 5.8906982, 45.5810292 ], [ 5.8906532, 45.5810258 ], [ 5.8906608, 45.5809752 ], [ 5.8907034, 45.5809804 ] ] ] } },
{ "type": "Feature", "properties": { "id_bien": "BAT-BI-0052", "nom": null, "type_bien": "TEC", "quartier": "BI", "adresse": "44 Che De Charriere-Neuve", "idu_parcelle": "73065000AE0055", "emprise_m2": 582.4, "nb_etages": null, "hauteur_m": 6.4, "sdp_estimee_m2": null, "usage_bdtopo": "Industriel", "nb_locaux": 0, "id_rnb": "5Y6H4XMKZYFQ", "cleabs": "BATIMENT0000000219259102", "type_bien_libelle": "Technique et logistique" }, "geometry": { "type": "Polygon", "coordinates": [ [ [ 5.9010402, 45.5806474 ], [ 5.9013661, 45.5806471 ], [ 5.901366, 45.5806939 ], [ 5.9013642, 45.5807345 ], [ 5.9018441, 45.5807338 ], [ 5.9018693, 45.5807746 ], [ 5.901036, 45.580788 ], [ 5.9010385, 45.5807141 ], [ 5.9010402, 45.5806474 ] ] ] } },
{ "type": "Feature", "properties": { "id_bien": "BAT-BI-0053", "nom": null, "type_bien": "TEC", "quartier": "BI", "adresse": "42 Che De Charriere-Neuve", "idu_parcelle": "73065000AE0056", "emprise_m2": 252.1, "nb_etages": null, "hauteur_m": 6.5, "sdp_estimee_m2": null, "usage_bdtopo": "Industriel", "nb_locaux": 0, "id_rnb": "V14FACG8P9J3", "cleabs": "BATIMENT0000000219259106", "type_bien_libelle": "Technique et logistique" }, "geometry": { "type": "Polygon", "coordinates": [ [ [ 5.9010402, 45.5806474 ], [ 5.9010431, 45.5805563 ], [ 5.9013653, 45.5805588 ], [ 5.9013661, 45.5806471 ], [ 5.9010402, 45.5806474 ] ] ] } },
{ "type": "Feature", "properties": { "id_bien": "BAT-BI-0054", "nom": null, "type_bien": "TEC", "quartier": "BI", "adresse": "50 Che De Charriere-Neuve", "idu_parcelle": "73065000AE0051", "emprise_m2": 175.7, "nb_etages": null, "hauteur_m": 7.6, "sdp_estimee_m2": null, "usage_bdtopo": "Industriel", "nb_locaux": 1, "id_rnb": "X73C48TTRNWX", "cleabs": "BATIMENT0000000295067904", "type_bien_libelle": "Technique et logistique" }, "geometry": { "type": "Polygon", "coordinates": [ [ [ 5.9023459, 45.5806605 ], [ 5.9022239, 45.5806601 ], [ 5.9022207, 45.5805745 ], [ 5.902349, 45.5805739 ], [ 5.9024581, 45.5805738 ], [ 5.9024562, 45.5806604 ], [ 5.9023459, 45.5806605 ] ] ] } },
{ "type": "Feature", "properties": { "id_bien": "BAT-BI-0055", "nom": null, "type_bien": "AQU", "quartier": "BI", "adresse": "Charriere Neuve Est", "idu_parcelle": "73065000AH0059", "emprise_m2": 445.3, "nb_etages": null, "hauteur_m": 6.8, "sdp_estimee_m2": null, "usage_bdtopo": "Indifférencié", "nb_locaux": 1, "id_rnb": "39E9VGRYVPGH", "cleabs": "BATIMENT0000000219259081", "type_bien_libelle": "À qualifier" }, "geometry": { "type": "Polygon", "coordinates": [ [ [ 5.9029113, 45.580554 ], [ 5.9028561, 45.5807987 ], [ 5.9028122, 45.5807935 ], [ 5.9027915, 45.5808878 ], [ 5.9027463, 45.5808827 ], [ 5.9026535, 45.5808742 ], [ 5.9026819, 45.5807302 ], [ 5.9027284, 45.5807362 ], [ 5.9027338, 45.5807172 ], [ 5.9027716, 45.5805333 ], [ 5.9029109, 45.5805468 ], [ 5.9029113, 45.580554 ] ] ] } },
{ "type": "Feature", "properties": { "id_bien": "BAT-BI-0056", "nom": null, "type_bien": "AQU", "quartier": "BI", "adresse": "Charriere Neuve Est", "idu_parcelle": "73065000AH0059", "emprise_m2": 232.4, "nb_etages": null, "hauteur_m": 6.1, "sdp_estimee_m2": null, "usage_bdtopo": "Indifférencié", "nb_locaux": 1, "id_rnb": null, "cleabs": "BATIMENT0000002493162865", "type_bien_libelle": "À qualifier" }, "geometry": { "type": "Polygon", "coordinates": [ [ [ 5.9029109, 45.5805468 ], [ 5.9027716, 45.5805333 ], [ 5.9027485, 45.5805321 ], [ 5.9027834, 45.5803663 ], [ 5.9029395, 45.5803812 ], [ 5.9029109, 45.5805468 ] ] ] } },
{ "type": "Feature", "properties": { "id_bien": "BAT-BI-0057", "nom": null, "type_bien": "TEC", "quartier": "BI", "adresse": "Charriere Neuve Sud", "idu_parcelle": "73065000AI0091", "emprise_m2": 543.3, "nb_etages": null, "hauteur_m": 8.1, "sdp_estimee_m2": null, "usage_bdtopo": "Industriel", "nb_locaux": 0, "id_rnb": "164NKHC1SJXZ", "cleabs": "BATIMENT0000002008967788", "type_bien_libelle": "Technique et logistique" }, "geometry": { "type": "Polygon", "coordinates": [ [ [ 5.9017455, 45.5802714 ], [ 5.9021278, 45.5802706 ], [ 5.9021292, 45.5802976 ], [ 5.9021652, 45.5802975 ], [ 5.9021683, 45.5804065 ], [ 5.9021298, 45.5804066 ], [ 5.9021313, 45.5804345 ], [ 5.902021, 45.5804364 ], [ 5.9019417, 45.5804168 ], [ 5.9017493, 45.5804173 ], [ 5.9017455, 45.5802714 ] ] ] } },
{ "type": "Feature", "properties": { "id_bien": "BAT-BI-0058", "nom": null, "type_bien": "AQU", "quartier": "BI", "adresse": "Charriere Neuve Est", "idu_parcelle": "73065000AH0059", "emprise_m2": 326.4, "nb_etages": null, "hauteur_m": 4.6, "sdp_estimee_m2": null, "usage_bdtopo": "Indifférencié", "nb_locaux": 1, "id_rnb": "WMEEXC9RQECK", "cleabs": "BATIMENT0000000012713387", "type_bien_libelle": "À qualifier" }, "geometry": { "type": "Polygon", "coordinates": [ [ [ 5.9032117, 45.5801164 ], [ 5.9032971, 45.5801295 ], [ 5.9031399, 45.5804102 ], [ 5.9030685, 45.5803959 ], [ 5.9028618, 45.5803435 ], [ 5.9028758, 45.5802927 ], [ 5.9030886, 45.5803377 ], [ 5.9032117, 45.5801164 ] ] ] } },
{ "type": "Feature", "properties": { "id_bien": "BAT-BI-0059", "nom": null, "type_bien": "TEC", "quartier": "BI", "adresse": "Charriere Neuve Est", "idu_parcelle": "73065000AH0059", "emprise_m2": 1352.7, "nb_etages": null, "hauteur_m": 6.0, "sdp_estimee_m2": null, "usage_bdtopo": "Industriel", "nb_locaux": 1, "id_rnb": "Z7RWJZV4FRC4", "cleabs": "BATIMENT0000000219258722", "type_bien_libelle": "Technique et logistique" }, "geometry": { "type": "Polygon", "coordinates": [ [ [ 5.9026745, 45.5798798 ], [ 5.9029556, 45.5799545 ], [ 5.9030285, 45.5799734 ], [ 5.9029841, 45.5800574 ], [ 5.9028657, 45.5800271 ], [ 5.9027277, 45.5802821 ], [ 5.9026341, 45.5802584 ], [ 5.9023554, 45.5801818 ], [ 5.9025392, 45.5798436 ], [ 5.9026745, 45.5798798 ] ] ] } },
{ "type": "Feature", "properties": { "id_bien": "BAT-BI-0060", "nom": null, "type_bien": "AQU", "quartier": "BI", "adresse": "75 Rte De Chaloz", "idu_parcelle": "73065000IA0043", "emprise_m2": 16.4, "nb_etages": null, "hauteur_m": 4.2, "sdp_estimee_m2": null, "usage_bdtopo": "Indifférencié", "nb_locaux": 1, "id_rnb": "3S4QCVC1AGEV", "cleabs": "BATIMENT0000000219250421", "type_bien_libelle": "À qualifier" }, "geometry": { "type": "Polygon", "coordinates": [ [ [ 5.8846341, 45.5795053 ], [ 5.8846871, 45.5795139 ], [ 5.8846818, 45.5795348 ], [ 5.8846787, 45.5795502 ], [ 5.8846294, 45.5795388 ], [ 5.8846286, 45.5795235 ], [ 5.8846341, 45.5795053 ] ] ] } },
{ "type": "Feature", "properties": { "id_bien": "BAT-BI-0061", "nom": null, "type_bien": "LOG", "quartier": "BI", "adresse": "75 Rte De Chaloz", "idu_parcelle": "73065000IA0043", "emprise_m2": 172.5, "nb_etages": 2, "hauteur_m": 10.0, "sdp_estimee_m2": 345.0, "usage_bdtopo": "Résidentiel", "nb_locaux": 1, "id_rnb": "Z169K1F99C1G", "cleabs": "BATIMENT0000000219250393", "type_bien_libelle": "Logement" }, "geometry": { "type": "Polygon", "coordinates": [ [ [ 5.884772, 45.579591 ], [ 5.8847825, 45.5795466 ], [ 5.8848015, 45.5794677 ], [ 5.8850056, 45.5794931 ], [ 5.8849949, 45.5795357 ], [ 5.8849718, 45.5795345 ], [ 5.8849549, 45.5795314 ], [ 5.8849518, 45.5795449 ], [ 5.8849434, 45.5795803 ], [ 5.8848723, 45.5795704 ], [ 5.8848681, 45.5795886 ], [ 5.8848397, 45.5795848 ], [ 5.8848353, 45.5795993 ], [ 5.884772, 45.579591 ] ] ] } },
{ "type": "Feature", "properties": { "id_bien": "BAT-BI-0062", "nom": null, "type_bien": "AQU", "quartier": "BI", "adresse": "75 Rte De Chaloz", "idu_parcelle": "73065000IA0043", "emprise_m2": 16.8, "nb_etages": null, "hauteur_m": 3.6, "sdp_estimee_m2": null, "usage_bdtopo": "Indifférencié", "nb_locaux": 1, "id_rnb": "ECK8FM2ZPEG4", "cleabs": "BATIMENT0000000219250420", "type_bien_libelle": "À qualifier" }, "geometry": { "type": "Polygon", "coordinates": [ [ [ 5.8846366, 45.5794801 ], [ 5.8846426, 45.5794466 ], [ 5.8846981, 45.5794532 ], [ 5.8846909, 45.5794886 ], [ 5.8846366, 45.5794801 ] ] ] } },
{ "type": "Feature", "properties": { "id_bien": "BAT-BI-0063", "nom": "Gymnase Ambroise Croizat", "type_bien": "SPO", "quartier": "BI", "adresse": "540 Rue Du Revard", "idu_parcelle": "73065000AH0086", "emprise_m2": 960.3, "nb_etages": 1, "hauteur_m": 9.7, "sdp_estimee_m2": 960.0, "usage_bdtopo": "Sportif", "nb_locaux": 1, "id_rnb": "3AQRTNFVC5CT", "cleabs": "BATIMENT0000000219258703", "type_bien_libelle": "Sport" }, "geometry": { "type": "Polygon", "coordinates": [ [ [ 5.9058368, 45.5790078 ], [ 5.9058906, 45.5791047 ], [ 5.9056403, 45.579176 ], [ 5.905619, 45.5791378 ], [ 5.9054278, 45.5787949 ], [ 5.9056794, 45.5787235 ], [ 5.9058368, 45.5790078 ] ] ] } },
{ "type": "Feature", "properties": { "id_bien": "BAT-BI-0064", "nom": null, "type_bien": "AQU", "quartier": "BI", "adresse": "26 All Des Gdes Jorasses", "idu_parcelle": "73065000AI0714", "emprise_m2": 24.8, "nb_etages": null, "hauteur_m": 2.8, "sdp_estimee_m2": null, "usage_bdtopo": "Indifférencié", "nb_locaux": 0, "id_rnb": "MD6VDY38WWDC", "cleabs": "BATIMENT0000000219258801", "type_bien_libelle": "À qualifier" }, "geometry": { "type": "Polygon", "coordinates": [ [ [ 5.900792, 45.5788967 ], [ 5.9007967, 45.5789389 ], [ 5.9007303, 45.5789442 ], [ 5.9007267, 45.5789001 ], [ 5.900792, 45.5788967 ] ] ] } },
{ "type": "Feature", "properties": { "id_bien": "BAT-BI-0065", "nom": null, "type_bien": "AQU", "quartier": "BI", "adresse": "26 All Des Gdes Jorasses", "idu_parcelle": "73065000AI0695", "emprise_m2": 19.0, "nb_etages": null, "hauteur_m": 3.4, "sdp_estimee_m2": null, "usage_bdtopo": "Indifférencié", "nb_locaux": 0, "id_rnb": "CD5R3TN3JN4W", "cleabs": "BATIMENT0000000219258796", "type_bien_libelle": "À qualifier" }, "geometry": { "type": "Polygon", "coordinates": [ [ [ 5.8997174, 45.578837 ], [ 5.8996689, 45.5788409 ], [ 5.8996643, 45.5788032 ], [ 5.8996924, 45.5788007 ], [ 5.8996927, 45.5787809 ], [ 5.8997094, 45.5787822 ], [ 5.8997151, 45.5788181 ], [ 5.8997174, 45.578837 ] ] ] } },
{ "type": "Feature", "properties": { "id_bien": "BAT-BI-0066", "nom": null, "type_bien": "LOG", "quartier": "BI", "adresse": "26 All Des Gdes Jorasses", "idu_parcelle": "73065000AI0713", "emprise_m2": 164.0, "nb_etages": 3, "hauteur_m": 9.6, "sdp_estimee_m2": 492.0, "usage_bdtopo": "Résidentiel", "nb_locaux": 0, "id_rnb": "BDCQJ4F2B6GJ", "cleabs": "BATIMENT0000000219258685", "type_bien_libelle": "Logement" }, "geometry": { "type": "Polygon", "coordinates": [ [ [ 5.9000215, 45.5787625 ], [ 5.900027, 45.57882 ], [ 5.8999182, 45.5788246 ], [ 5.8999163, 45.5787886 ], [ 5.899878, 45.578768 ], [ 5.8998701, 45.5787637 ], [ 5.8998177, 45.5787668 ], [ 5.8998076, 45.5786959 ], [ 5.8998059, 45.5786887 ], [ 5.899921, 45.5786813 ], [ 5.8999227, 45.5786902 ], [ 5.899921, 45.5787065 ], [ 5.899978, 45.5787402 ], [ 5.9000164, 45.5787383 ], [ 5.9000215, 45.5787625 ] ] ] } },
{ "type": "Feature", "properties": { "id_bien": "BAT-BI-0067", "nom": null, "type_bien": "LOG", "quartier": "BI", "adresse": "26 All Des Gdes Jorasses", "idu_parcelle": "73065000AI0713", "emprise_m2": 281.6, "nb_etages": 4, "hauteur_m": 12.3, "sdp_estimee_m2": 1126.0, "usage_bdtopo": "Résidentiel", "nb_locaux": 0, "id_rnb": "6QAH5QHKY4D8", "cleabs": "BATIMENT0000000219258683", "type_bien_libelle": "Logement" }, "geometry": { "type": "Polygon", "coordinates": [ [ [ 5.9003121, 45.5787505 ], [ 5.9003192, 45.5788115 ], [ 5.9002322, 45.5788165 ], [ 5.9002079, 45.578818 ], [ 5.9002001, 45.5787678 ], [ 5.9001873, 45.5787681 ], [ 5.9001877, 45.5787753 ], [ 5.900184, 45.5787781 ], [ 5.9001764, 45.578781 ], [ 5.9001804, 45.5787836 ], [ 5.9001561, 45.5787851 ], [ 5.9001546, 45.5787807 ], [ 5.9001506, 45.5787781 ], [ 5.9001452, 45.5787737 ], [ 5.9001437, 45.5787692 ], [ 5.9001348, 45.5787712 ], [ 5.9001414, 45.5788224 ], [ 5.9000275, 45.5788281 ], [ 5.900027, 45.57882 ], [ 5.9000215, 45.5787625 ], [ 5.9000164, 45.5787383 ], [ 5.9000547, 45.5787355 ], [ 5.9000515, 45.5787238 ], [ 5.9000701, 45.5787116 ], [ 5.9000698, 45.5787053 ], [ 5.9000679, 45.5786928 ], [ 5.9000946, 45.5786885 ], [ 5.900102, 45.5786829 ], [ 5.9002161, 45.5786817 ], [ 5.9002404, 45.5786802 ], [ 5.9002413, 45.5786973 ], [ 5.9002705, 45.5787146 ], [ 5.9002709, 45.5787227 ], [ 5.900308, 45.5787208 ], [ 5.9003121, 45.5787505 ] ] ] } },
{ "type": "Feature", "properties": { "id_bien": "BAT-BI-0068", "nom": null, "type_bien": "LOG", "quartier": "BI", "adresse": "26 All Des Gdes Jorasses", "idu_parcelle": "73065000AI0713", "emprise_m2": 102.5, "nb_etages": 4, "hauteur_m": 12.5, "sdp_estimee_m2": 410.0, "usage_bdtopo": "Résidentiel", "nb_locaux": 0, "id_rnb": "E6VJ3J6SMCDB", "cleabs": "BATIMENT0000000219258682", "type_bien_libelle": "Logement" }, "geometry": { "type": "Polygon", "coordinates": [ [ [ 5.9004274, 45.5787475 ], [ 5.9004324, 45.5787933 ], [ 5.9003954, 45.578797 ], [ 5.900396, 45.5788087 ], [ 5.9003192, 45.5788115 ], [ 5.9003121, 45.5787505 ], [ 5.900308, 45.5787208 ], [ 5.9003476, 45.5787171 ], [ 5.9003446, 45.5787091 ], [ 5.900363, 45.5786933 ], [ 5.9004014, 45.5786914 ], [ 5.9004238, 45.5787034 ], [ 5.9004272, 45.5787421 ], [ 5.9004274, 45.5787475 ] ] ] } },
{ "type": "Feature", "properties": { "id_bien": "BAT-BI-0069", "nom": null, "type_bien": "AQU", "quartier": "BI", "adresse": "26 All Des Gdes Jorasses", "idu_parcelle": "73065000AI0713", "emprise_m2": 98.6, "nb_etages": null, "hauteur_m": 12.4, "sdp_estimee_m2": null, "usage_bdtopo": "Indifférencié", "nb_locaux": 0, "id_rnb": "NZPFYB9VR7A6", "cleabs": "BATIMENT0000000219258677", "type_bien_libelle": "À qualifier" }, "geometry": { "type": "Polygon", "coordinates": [ [ [ 5.900649, 45.57874 ], [ 5.9006544, 45.578793 ], [ 5.9005815, 45.5787976 ], [ 5.9005796, 45.5787868 ], [ 5.9005426, 45.5787896 ], [ 5.9005363, 45.5787438 ], [ 5.9005346, 45.5787348 ], [ 5.9005322, 45.5787132 ], [ 5.9005301, 45.578698 ], [ 5.9005461, 45.5786849 ], [ 5.9005844, 45.5786821 ], [ 5.9006083, 45.5786969 ], [ 5.9006074, 45.578705 ], [ 5.9006432, 45.5787014 ], [ 5.900649, 45.57874 ] ] ] } },
{ "type": "Feature", "properties": { "id_bien": "BAT-BI-0070", "nom": null, "type_bien": "AQU", "quartier": "BI", "adresse": "Cimetiere De Chambery", "idu_parcelle": "73065000AH0023", "emprise_m2": 66.6, "nb_etages": null, "hauteur_m": 3.9, "sdp_estimee_m2": null, "usage_bdtopo": "Indifférencié", "nb_locaux": 0, "id_rnb": "JXW7V4XH49B5", "cleabs": "BATIMENT0000000219258691", "type_bien_libelle": "À qualifier" }, "geometry": { "type": "Polygon", "coordinates": [ [ [ 5.9079059, 45.5785804 ], [ 5.9078009, 45.578584 ], [ 5.9077945, 45.5785112 ], [ 5.9078982, 45.5785067 ], [ 5.9079059, 45.5785804 ] ] ] } },
{ "type": "Feature", "properties": { "id_bien": "BAT-BI-0071", "nom": null, "type_bien": "AQU", "quartier": "BI", "adresse": "Rte De La Labiaz", "idu_parcelle": "73065000AM0424", "emprise_m2": 262.6, "nb_etages": null, "hauteur_m": 3.5, "sdp_estimee_m2": null, "usage_bdtopo": "Indifférencié", "nb_locaux": 1, "id_rnb": "WV6DS39H11KZ", "cleabs": "BATIMENT0000000219252728", "type_bien_libelle": "À qualifier" }, "geometry": { "type": "Polygon", "coordinates": [ [ [ 5.890014, 45.5790067 ], [ 5.8900207, 45.579011 ], [ 5.8899998, 45.5790278 ], [ 5.8899776, 45.5790455 ], [ 5.8899723, 45.579042 ], [ 5.8899471, 45.5790274 ], [ 5.8899166, 45.5790083 ], [ 5.8897923, 45.5791106 ], [ 5.8896825, 45.5790459 ], [ 5.8897967, 45.5789483 ], [ 5.8898483, 45.5789046 ], [ 5.890014, 45.5790067 ] ] ] } },
{ "type": "Feature", "properties": { "id_bien": "BAT-BI-0072", "nom": null, "type_bien": "AQU", "quartier": "BI", "adresse": "62 Allée de l'Albaron", "idu_parcelle": "73065000AI0691", "emprise_m2": 26.5, "nb_etages": null, "hauteur_m": 4.7, "sdp_estimee_m2": null, "usage_bdtopo": "Indifférencié", "nb_locaux": 0, "id_rnb": "XJ9BJNCBHTQN", "cleabs": "BATIMENT0000000219258684", "type_bien_libelle": "À qualifier" }, "geometry": { "type": "Polygon", "coordinates": [ [ [ 5.9001005, 45.578655 ], [ 5.9001951, 45.578648 ], [ 5.9001991, 45.5786741 ], [ 5.9002161, 45.5786817 ], [ 5.900102, 45.5786829 ], [ 5.9001005, 45.578655 ] ] ] } },
{ "type": "Feature", "properties": { "id_bien": "BAT-BI-0073", "nom": null, "type_bien": "LOG", "quartier": "BI", "adresse": "26 All Des Gdes Jorasses", "idu_parcelle": "73065000AI0713", "emprise_m2": 112.5, "nb_etages": 4, "hauteur_m": 10.9, "sdp_estimee_m2": 450.0, "usage_bdtopo": "Résidentiel", "nb_locaux": 0, "id_rnb": "NTHNQF7E34XR", "cleabs": "BATIMENT0000000295068173", "type_bien_libelle": "Logement" }, "geometry": { "type": "Polygon", "coordinates": [ [ [ 5.9005363, 45.5787438 ], [ 5.9004274, 45.5787475 ], [ 5.9004272, 45.5787421 ], [ 5.9004238, 45.5787034 ], [ 5.9004014, 45.5786914 ], [ 5.900363, 45.5786933 ], [ 5.9003645, 45.5786734 ], [ 5.9004016, 45.5786706 ], [ 5.9004009, 45.5786571 ], [ 5.9005545, 45.5786505 ], [ 5.9005554, 45.5786667 ], [ 5.9005861, 45.578665 ], [ 5.9005844, 45.5786821 ], [ 5.9005461, 45.5786849 ], [ 5.9005301, 45.578698 ], [ 5.9005322, 45.5787132 ], [ 5.9005346, 45.5787348 ], [ 5.9005363, 45.5787438 ] ] ] } },
{ "type": "Feature", "properties": { "id_bien": "BAT-BI-0074", "nom": null, "type_bien": "LOG", "quartier": "BI", "adresse": "26 All Des Gdes Jorasses", "idu_parcelle": "73065000AI0713", "emprise_m2": 309.0, "nb_etages": 4, "hauteur_m": 11.8, "sdp_estimee_m2": 1236.0, "usage_bdtopo": "Résidentiel", "nb_locaux": 0, "id_rnb": "8KKMJJ619DXD", "cleabs": "BATIMENT0000000219258678", "type_bien_libelle": "Logement" }, "geometry": { "type": "Polygon", "coordinates": [ [ [ 5.9008296, 45.5787326 ], [ 5.9008232, 45.5787328 ], [ 5.9008155, 45.578733 ], [ 5.9008183, 45.5787383 ], [ 5.9008095, 45.5787421 ], [ 5.9008098, 45.5787475 ], [ 5.9007856, 45.5787499 ], [ 5.9007852, 45.5787436 ], [ 5.9007826, 45.5787419 ], [ 5.9007774, 45.5787403 ], [ 5.9007745, 45.5787349 ], [ 5.900763, 45.5787361 ], [ 5.9007682, 45.5787864 ], [ 5.9006544, 45.578793 ], [ 5.900649, 45.57874 ], [ 5.9006432, 45.5787014 ], [ 5.9006802, 45.5786986 ], [ 5.9006799, 45.5786914 ], [ 5.9007045, 45.5786727 ], [ 5.9007029, 45.5786656 ], [ 5.9007048, 45.5786538 ], [ 5.9007304, 45.5786513 ], [ 5.9007415, 45.578643 ], [ 5.9007376, 45.5786187 ], [ 5.9008335, 45.5786117 ], [ 5.9008363, 45.5786396 ], [ 5.9008443, 45.5786466 ], [ 5.9008776, 45.5786458 ], [ 5.9008783, 45.5786593 ], [ 5.90088, 45.5786664 ], [ 5.9008998, 45.5786776 ], [ 5.9009017, 45.5786884 ], [ 5.9009362, 45.5786866 ], [ 5.900941, 45.5787288 ], [ 5.9009469, 45.5787674 ], [ 5.9009486, 45.5787764 ], [ 5.9008795, 45.57878 ], [ 5.9008373, 45.5787819 ], [ 5.9008296, 45.5787326 ] ] ] } },
{ "type": "Feature", "properties": { "id_bien": "BAT-BI-0075", "nom": null, "type_bien": "LOG", "quartier": "BI", "adresse": "26 All Des Gdes Jorasses", "idu_parcelle": "73065000AI0713", "emprise_m2": 166.0, "nb_etages": 3, "hauteur_m": 9.9, "sdp_estimee_m2": 498.0, "usage_bdtopo": "Résidentiel", "nb_locaux": 0, "id_rnb": "F7X858P78RDW", "cleabs": "BATIMENT0000000219258679", "type_bien_libelle": "Logement" }, "geometry": { "type": "Polygon", "coordinates": [ [ [ 5.900941, 45.5787288 ], [ 5.9009362, 45.5786866 ], [ 5.9009733, 45.5786829 ], [ 5.901009, 45.578655 ], [ 5.9010202, 45.5786484 ], [ 5.9010161, 45.5786187 ], [ 5.9011299, 45.5786122 ], [ 5.9011345, 45.5786499 ], [ 5.9011404, 45.5786894 ], [ 5.901088, 45.5786935 ], [ 5.9010525, 45.578725 ], [ 5.9010582, 45.5787609 ], [ 5.9010185, 45.5787629 ], [ 5.9009469, 45.5787674 ], [ 5.900941, 45.5787288 ] ] ] } },
{ "type": "Feature", "properties": { "id_bien": "BAT-BI-0076", "nom": null, "type_bien": "LOG", "quartier": "BI", "adresse": "26 All Des Gdes Jorasses", "idu_parcelle": "73065000AI0713", "emprise_m2": 306.0, "nb_etages": 3, "hauteur_m": 8.5, "sdp_estimee_m2": 918.0, "usage_bdtopo": "Résidentiel", "nb_locaux": 0, "id_rnb": "H77KK33GK7HB", "cleabs": "BATIMENT0000000219258667", "type_bien_libelle": "Logement" }, "geometry": { "type": "Polygon", "coordinates": [ [ [ 5.9012829, 45.5787146 ], [ 5.9012833, 45.5786984 ], [ 5.9012909, 45.5786964 ], [ 5.9012946, 45.5786936 ], [ 5.9012983, 45.5786908 ], [ 5.901306, 45.5786915 ], [ 5.9013055, 45.5786816 ], [ 5.9012339, 45.5786852 ], [ 5.901228, 45.5786466 ], [ 5.9012246, 45.5786062 ], [ 5.9013525, 45.5785984 ], [ 5.9013552, 45.5786262 ], [ 5.9013719, 45.5786249 ], [ 5.9013931, 45.5786396 ], [ 5.9014226, 45.5786389 ], [ 5.9014221, 45.5786542 ], [ 5.9014301, 45.5786594 ], [ 5.9014712, 45.5786593 ], [ 5.9014762, 45.5787069 ], [ 5.9014799, 45.5787275 ], [ 5.9014389, 45.5787295 ], [ 5.9014316, 45.5787369 ], [ 5.9014352, 45.5787575 ], [ 5.901402, 45.5787602 ], [ 5.9013909, 45.5787677 ], [ 5.9013772, 45.578777 ], [ 5.9013696, 45.5787772 ], [ 5.9013748, 45.5788041 ], [ 5.9012481, 45.5788101 ], [ 5.9012454, 45.5787831 ], [ 5.9012376, 45.5787329 ], [ 5.9013105, 45.5787283 ], [ 5.9013114, 45.5787201 ], [ 5.9013025, 45.5787213 ], [ 5.901296, 45.5787197 ], [ 5.9012893, 45.5787144 ], [ 5.9012829, 45.5787146 ] ] ] } },
{ "type": "Feature", "properties": { "id_bien": "BAT-BI-0077", "nom": null, "type_bien": "REL", "quartier": "BI", "adresse": "L Eglise", "idu_parcelle": "73065000IA0039", "emprise_m2": 496.5, "nb_etages": null, "hauteur_m": 12.9, "sdp_estimee_m2": null, "usage_bdtopo": "Religieux", "nb_locaux": 0, "id_rnb": "VCCYNKKAVPBM", "cleabs": "BATIMENT0000000219250347", "type_bien_libelle": "Édifice cultuel" }, "geometry": { "type": "Polygon", "coordinates": [ [ [ 5.8845338, 45.5791069 ], [ 5.8845732, 45.5790501 ], [ 5.8845275, 45.579035 ], [ 5.8845475, 45.5790003 ], [ 5.8845383, 45.578996 ], [ 5.8846281, 45.5788729 ], [ 5.8846869, 45.5788922 ], [ 5.8846917, 45.5788875 ], [ 5.8847004, 45.5788819 ], [ 5.8847054, 45.5788782 ], [ 5.8847129, 45.5788753 ], [ 5.8847192, 45.5788724 ], [ 5.8847267, 45.5788686 ], [ 5.8847344, 45.5788684 ], [ 5.8847458, 45.5788663 ], [ 5.8847523, 45.578868 ], [ 5.8847627, 45.5788695 ], [ 5.8847718, 45.5788729 ], [ 5.8847809, 45.5788753 ], [ 5.8847889, 45.5788805 ], [ 5.8847969, 45.5788866 ], [ 5.8848011, 45.5788928 ], [ 5.8848039, 45.5788982 ], [ 5.8848057, 45.5789071 ], [ 5.8848047, 45.5789126 ], [ 5.8848037, 45.5789189 ], [ 5.8848704, 45.5789424 ], [ 5.884781, 45.5790745 ], [ 5.884721, 45.5790553 ], [ 5.8846578, 45.579147 ], [ 5.8845338, 45.5791069 ] ] ] } },
{ "type": "Feature", "properties": { "id_bien": "BAT-BI-0078", "nom": "École Élémentaire Jacques Prévert", "type_bien": "ENS", "quartier": "BI", "adresse": "200 Allée Jacques Prévert", "idu_parcelle": "73065000IA0071", "emprise_m2": 2519.1, "nb_etages": null, "hauteur_m": 5.4, "sdp_estimee_m2": null, "usage_bdtopo": "Commercial et services", "nb_locaux": 1, "id_rnb": "KWJCNBS7QM5N", "cleabs": "BATIMENT0000000219252733", "type_bien_libelle": "Enseignement et petite enfance" }, "geometry": { "type": "Polygon", "coordinates": [ [ [ 5.8859764, 45.5789167 ], [ 5.8859819, 45.5788742 ], [ 5.8860373, 45.5788548 ], [ 5.8860428, 45.5788123 ], [ 5.8860996, 45.5787946 ], [ 5.8861471, 45.5788195 ], [ 5.8861975, 45.578802 ], [ 5.8862018, 45.5787605 ], [ 5.8862585, 45.578741 ], [ 5.8862627, 45.5786985 ], [ 5.8863194, 45.5786772 ], [ 5.8863214, 45.578642 ], [ 5.8862727, 45.5786181 ], [ 5.886277, 45.5785774 ], [ 5.8863335, 45.5785543 ], [ 5.8863392, 45.5785154 ], [ 5.886396, 45.5784978 ], [ 5.8864408, 45.57852 ], [ 5.8864989, 45.5785023 ], [ 5.886545, 45.5785255 ], [ 5.8865435, 45.5785706 ], [ 5.8865949, 45.5785963 ], [ 5.8865892, 45.5786352 ], [ 5.8865364, 45.5786555 ], [ 5.886532, 45.5786943 ], [ 5.8864766, 45.5787156 ], [ 5.8864734, 45.5787526 ], [ 5.8865182, 45.5787749 ], [ 5.8865116, 45.578821 ], [ 5.8865616, 45.5788449 ], [ 5.8866132, 45.5788256 ], [ 5.8866659, 45.5788504 ], [ 5.88672, 45.578831 ], [ 5.8867701, 45.5788558 ], [ 5.8867658, 45.5788973 ], [ 5.8868146, 45.5789222 ], [ 5.8868687, 45.5789019 ], [ 5.8868706, 45.578864 ], [ 5.8869297, 45.5788418 ], [ 5.8869785, 45.5788658 ], [ 5.8869788, 45.5788721 ], [ 5.8869743, 45.5789082 ], [ 5.8870204, 45.5789323 ], [ 5.8870163, 45.5789756 ], [ 5.887065, 45.5790005 ], [ 5.8870607, 45.5790412 ], [ 5.8870067, 45.5790633 ], [ 5.8869998, 45.579104 ], [ 5.886991, 45.5791069 ], [ 5.8869482, 45.5791224 ], [ 5.8868929, 45.579095 ], [ 5.8868984, 45.5790534 ], [ 5.8868537, 45.5790321 ], [ 5.8867995, 45.5790506 ], [ 5.8867976, 45.5790894 ], [ 5.8868425, 45.5791134 ], [ 5.8868383, 45.579155 ], [ 5.8867854, 45.5791753 ], [ 5.8867785, 45.5792151 ], [ 5.886722, 45.5792382 ], [ 5.8867188, 45.5792761 ], [ 5.8867662, 45.5792992 ], [ 5.8867594, 45.5793417 ], [ 5.8867027, 45.5793612 ], [ 5.886654, 45.5793372 ], [ 5.8866622, 45.5792974 ], [ 5.8866109, 45.5792735 ], [ 5.8866176, 45.5792292 ], [ 5.8866717, 45.5792097 ], [ 5.8866772, 45.5791672 ], [ 5.8867327, 45.5791478 ], [ 5.8867372, 45.5791107 ], [ 5.8866871, 45.5790859 ], [ 5.8866885, 45.5790633 ], [ 5.88669, 45.5790435 ], [ 5.8866465, 45.5790203 ], [ 5.8866201, 45.5790318 ], [ 5.8865924, 45.5790406 ], [ 5.8865423, 45.5790148 ], [ 5.8864906, 45.5790333 ], [ 5.8864313, 45.5790033 ], [ 5.8864369, 45.5789626 ], [ 5.8863869, 45.5789395 ], [ 5.8863925, 45.5788988 ], [ 5.8863675, 45.5788878 ], [ 5.8863425, 45.5788758 ], [ 5.88632, 45.5788872 ], [ 5.8862974, 45.5788968 ], [ 5.886293, 45.5789347 ], [ 5.8862375, 45.5789533 ], [ 5.886232, 45.5789949 ], [ 5.8861791, 45.5790151 ], [ 5.8861265, 45.5789895 ], [ 5.8860709, 45.5790071 ], [ 5.8860195, 45.5789805 ], [ 5.8860225, 45.5789399 ], [ 5.8859764, 45.5789167 ] ] ] } },
{ "type": "Feature", "properties": { "id_bien": "BAT-BI-0079", "nom": null, "type_bien": "LOG", "quartier": "BI", "adresse": "62 Allée de l'Albaron", "idu_parcelle": "73065000AI0691", "emprise_m2": 337.4, "nb_etages": 3, "hauteur_m": 8.0, "sdp_estimee_m2": 1012.0, "usage_bdtopo": "Résidentiel", "nb_locaux": 0, "id_rnb": "CK5XRMWGEP91", "cleabs": "BATIMENT0000000219258670", "type_bien_libelle": "Logement" }, "geometry": { "type": "Polygon", "coordinates": [ [ [ 5.8995611, 45.5786698 ], [ 5.8995557, 45.5786645 ], [ 5.8995185, 45.5786655 ], [ 5.8995173, 45.578643 ], [ 5.8995081, 45.5786369 ], [ 5.899471, 45.5786397 ], [ 5.8994636, 45.5785723 ], [ 5.8994994, 45.5785705 ], [ 5.8995092, 45.5785603 ], [ 5.899507, 45.5785423 ], [ 5.8995377, 45.5785407 ], [ 5.8995561, 45.5785258 ], [ 5.8995702, 45.5785245 ], [ 5.8995663, 45.5784994 ], [ 5.8996955, 45.5784924 ], [ 5.8997034, 45.5785697 ], [ 5.8996318, 45.5785734 ], [ 5.8996322, 45.5785824 ], [ 5.8996399, 45.5785822 ], [ 5.8996452, 45.5785847 ], [ 5.8996492, 45.5785873 ], [ 5.8996568, 45.5785862 ], [ 5.8996577, 45.5786033 ], [ 5.8996488, 45.5786045 ], [ 5.8996464, 45.5786081 ], [ 5.8996427, 45.5786109 ], [ 5.8996325, 45.5786112 ], [ 5.8996355, 45.5786201 ], [ 5.8997084, 45.5786156 ], [ 5.8997166, 45.5786748 ], [ 5.8997204, 45.5786981 ], [ 5.8997215, 45.5787197 ], [ 5.8995987, 45.5787256 ], [ 5.8995788, 45.5787135 ], [ 5.8995783, 45.5787036 ], [ 5.8995744, 45.5786785 ], [ 5.8995611, 45.5786698 ] ] ] } },
{ "type": "Feature", "properties": { "id_bien": "BAT-BI-0080", "nom": null, "type_bien": "LOG", "quartier": "BI", "adresse": "62 Allée de l'Albaron", "idu_parcelle": "73065000AI0691", "emprise_m2": 307.3, "nb_etages": 4, "hauteur_m": 10.4, "sdp_estimee_m2": 1229.0, "usage_bdtopo": "Résidentiel", "nb_locaux": 0, "id_rnb": "GJP5DY85YQQD", "cleabs": "BATIMENT0000000219258686", "type_bien_libelle": "Logement" }, "geometry": { "type": "Polygon", "coordinates": [ [ [ 5.899921, 45.5786813 ], [ 5.8998059, 45.5786887 ], [ 5.8997893, 45.5786909 ], [ 5.8997914, 45.5786819 ], [ 5.8997925, 45.5786783 ], [ 5.8997866, 45.5786135 ], [ 5.8998633, 45.5786088 ], [ 5.8998629, 45.5786008 ], [ 5.8998513, 45.5786011 ], [ 5.8998446, 45.578594 ], [ 5.8998317, 45.5785943 ], [ 5.8998295, 45.5785755 ], [ 5.8998409, 45.5785734 ], [ 5.8998458, 45.5785688 ], [ 5.8998572, 45.5785667 ], [ 5.8998557, 45.5785613 ], [ 5.8997802, 45.578565 ], [ 5.8997708, 45.5784851 ], [ 5.8998962, 45.5784773 ], [ 5.8998982, 45.5784917 ], [ 5.8999015, 45.5785051 ], [ 5.8999105, 45.5785049 ], [ 5.8999368, 45.5785177 ], [ 5.8999676, 45.578517 ], [ 5.8999701, 45.5785403 ], [ 5.8999858, 45.5785462 ], [ 5.900019, 45.5785436 ], [ 5.9000276, 45.5786109 ], [ 5.8999881, 45.5786146 ], [ 5.8999793, 45.5786194 ], [ 5.8999845, 45.5786436 ], [ 5.8999487, 45.5786463 ], [ 5.8999262, 45.5786586 ], [ 5.8999198, 45.5786588 ], [ 5.899921, 45.5786813 ] ] ] } },
{ "type": "Feature", "properties": { "id_bien": "BAT-BI-0081", "nom": null, "type_bien": "LOG", "quartier": "BI", "adresse": "26 All Des Gdes Jorasses", "idu_parcelle": "73065000AI0713", "emprise_m2": 312.7, "nb_etages": 4, "hauteur_m": 11.6, "sdp_estimee_m2": 1251.0, "usage_bdtopo": "Résidentiel", "nb_locaux": 0, "id_rnb": "62CJ8CFRVMDQ", "cleabs": "BATIMENT0000000219258680", "type_bien_libelle": "Logement" }, "geometry": { "type": "Polygon", "coordinates": [ [ [ 5.9010161, 45.5786187 ], [ 5.9010123, 45.5785945 ], [ 5.9010008, 45.5785957 ], [ 5.900977, 45.5785828 ], [ 5.9009463, 45.5785854 ], [ 5.900944, 45.5785647 ], [ 5.9009321, 45.5785578 ], [ 5.9008937, 45.5785606 ], [ 5.9008895, 45.5785292 ], [ 5.9008837, 45.5784924 ], [ 5.9009221, 45.5784896 ], [ 5.900932, 45.5784831 ], [ 5.9009296, 45.5784624 ], [ 5.9009577, 45.5784599 ], [ 5.9009849, 45.5784393 ], [ 5.9009939, 45.5784391 ], [ 5.9009912, 45.578413 ], [ 5.9011203, 45.5784043 ], [ 5.9011284, 45.5784843 ], [ 5.9010798, 45.5784874 ], [ 5.9010529, 45.578488 ], [ 5.9010547, 45.5784988 ], [ 5.9010663, 45.5784994 ], [ 5.9010716, 45.578502 ], [ 5.9010743, 45.5785046 ], [ 5.9010807, 45.5785053 ], [ 5.9010829, 45.5785224 ], [ 5.9010701, 45.5785227 ], [ 5.9010689, 45.5785246 ], [ 5.9010652, 45.5785283 ], [ 5.9010576, 45.5785285 ], [ 5.9010581, 45.5785384 ], [ 5.9010875, 45.5785367 ], [ 5.9011387, 45.5785345 ], [ 5.901144, 45.5786118 ], [ 5.9011299, 45.5786122 ], [ 5.9010161, 45.5786187 ] ] ] } },
{ "type": "Feature", "properties": { "id_bien": "BAT-BI-0082", "nom": null, "type_bien": "LOG", "quartier": "BI", "adresse": "26 All Des Gdes Jorasses", "idu_parcelle": "73065000AI0713", "emprise_m2": 307.5, "nb_etages": 3, "hauteur_m": 7.3, "sdp_estimee_m2": 922.0, "usage_bdtopo": "Résidentiel", "nb_locaux": 0, "id_rnb": "Y1BV63FX3AGX", "cleabs": "BATIMENT0000000219258668", "type_bien_libelle": "Logement" }, "geometry": { "type": "Polygon", "coordinates": [ [ [ 5.9012246, 45.5786062 ], [ 5.9012154, 45.5785289 ], [ 5.9012384, 45.5785274 ], [ 5.9012602, 45.5785268 ], [ 5.9012871, 45.5785252 ], [ 5.9012841, 45.5785172 ], [ 5.901275, 45.5785157 ], [ 5.9012736, 45.578513 ], [ 5.9012683, 45.5785104 ], [ 5.9012595, 45.5785124 ], [ 5.9012585, 45.5784936 ], [ 5.9012661, 45.5784925 ], [ 5.9012685, 45.5784888 ], [ 5.9012749, 45.5784877 ], [ 5.9012824, 45.5784857 ], [ 5.9012806, 45.578475 ], [ 5.9012576, 45.5784764 ], [ 5.9012064, 45.5784787 ], [ 5.9011972, 45.5784014 ], [ 5.9013238, 45.5783927 ], [ 5.9013264, 45.5784188 ], [ 5.9013405, 45.5784175 ], [ 5.901367, 45.5784349 ], [ 5.9013965, 45.5784341 ], [ 5.9013976, 45.5784557 ], [ 5.9014108, 45.5784617 ], [ 5.9014478, 45.5784589 ], [ 5.9014552, 45.5785254 ], [ 5.9014219, 45.5785281 ], [ 5.9014082, 45.5785356 ], [ 5.9014094, 45.5785581 ], [ 5.9013812, 45.5785589 ], [ 5.9013615, 45.5785747 ], [ 5.90135, 45.5785759 ], [ 5.9013525, 45.5785984 ], [ 5.9012246, 45.5786062 ] ] ] } },
{ "type": "Feature", "properties": { "id_bien": "BAT-BI-0083", "nom": null, "type_bien": "AQU", "quartier": "BI", "adresse": "L Eglise", "idu_parcelle": "73065000IA0039", "emprise_m2": 19.0, "nb_etages": null, "hauteur_m": null, "sdp_estimee_m2": null, "usage_bdtopo": "Indifférencié", "nb_locaux": 0, "id_rnb": "7WJ9ZVM3HBBN", "cleabs": "BATIMENT0000000219250426", "type_bien_libelle": "À qualifier" }, "geometry": { "type": "Polygon", "coordinates": [ [ [ 5.8846642, 45.578827 ], [ 5.8846628, 45.5788009 ], [ 5.8847461, 45.5787969 ], [ 5.8847462, 45.578824 ], [ 5.8846642, 45.578827 ] ] ] } },
{ "type": "Feature", "properties": { "id_bien": "BAT-BI-0084", "nom": "Stade Mager", "type_bien": "SPO", "quartier": "BI", "adresse": "Rte De La Labiaz", "idu_parcelle": "73065000AM0424", "emprise_m2": 741.7, "nb_etages": null, "hauteur_m": 4.2, "sdp_estimee_m2": null, "usage_bdtopo": "Sportif", "nb_locaux": 1, "id_rnb": "8PFRA8YX3DBJ", "cleabs": "BATIMENT0000002276045477", "type_bien_libelle": "Sport" }, "geometry": { "type": "Polygon", "coordinates": [ [ [ 5.888466, 45.5788239 ], [ 5.8883747, 45.5789173 ], [ 5.8877426, 45.5786082 ], [ 5.8878304, 45.5785186 ], [ 5.888466, 45.5788239 ] ] ] } },
{ "type": "Feature", "properties": { "id_bien": "BAT-BI-0085", "nom": null, "type_bien": "LOG", "quartier": "BI", "adresse": "62 Allée de l'Albaron", "idu_parcelle": "73065000AI0691", "emprise_m2": 312.2, "nb_etages": 3, "hauteur_m": 8.6, "sdp_estimee_m2": 937.0, "usage_bdtopo": "Résidentiel", "nb_locaux": 0, "id_rnb": "4ZG15WEQ7XBS", "cleabs": "BATIMENT0000000219258671", "type_bien_libelle": "Logement" }, "geometry": { "type": "Polygon", "coordinates": [ [ [ 5.8995427, 45.5782927 ], [ 5.8996705, 45.578284 ], [ 5.8996799, 45.5783649 ], [ 5.8996082, 45.5783685 ], [ 5.8996087, 45.5783784 ], [ 5.8996177, 45.5783782 ], [ 5.8996204, 45.5783808 ], [ 5.8996257, 45.5783843 ], [ 5.899632, 45.5783823 ], [ 5.8996356, 45.5784021 ], [ 5.8996279, 45.5784014 ], [ 5.8996242, 45.5784051 ], [ 5.8996218, 45.5784078 ], [ 5.8996116, 45.578409 ], [ 5.8996133, 45.5784171 ], [ 5.8996875, 45.5784133 ], [ 5.8996906, 45.5784475 ], [ 5.8996955, 45.5784924 ], [ 5.8995663, 45.5784994 ], [ 5.8995626, 45.5784769 ], [ 5.8995535, 45.5784763 ], [ 5.8995281, 45.5784562 ], [ 5.8994963, 45.5784606 ], [ 5.8994938, 45.5784391 ], [ 5.8994845, 45.5784312 ], [ 5.8994462, 45.5784349 ], [ 5.8994388, 45.5783684 ], [ 5.8994733, 45.5783657 ], [ 5.8994844, 45.5783564 ], [ 5.8994783, 45.5783376 ], [ 5.899514, 45.5783331 ], [ 5.899535, 45.5783191 ], [ 5.8995454, 45.5783197 ], [ 5.8995427, 45.5782927 ] ] ] } },
{ "type": "Feature", "properties": { "id_bien": "BAT-BI-0086", "nom": "Stade Mager", "type_bien": "SPO", "quartier": "BI", "adresse": "Rte De La Labiaz", "idu_parcelle": "73065000AM0424", "emprise_m2": 211.4, "nb_etages": null, "hauteur_m": 5.1, "sdp_estimee_m2": null, "usage_bdtopo": "Sportif", "nb_locaux": 1, "id_rnb": "AC5D859746AX", "cleabs": "BATIMENT0000002275911914", "type_bien_libelle": "Sport" }, "geometry": { "type": "Polygon", "coordinates": [ [ [ 5.8891021, 45.5785715 ], [ 5.8889535, 45.5787231 ], [ 5.8888443, 45.5786709 ], [ 5.8889942, 45.5785184 ], [ 5.8891021, 45.5785715 ] ] ] } },
{ "type": "Feature", "properties": { "id_bien": "BAT-BI-0087", "nom": "Stade Mager", "type_bien": "SPO", "quartier": "BI", "adresse": "148 Rue Du Jura", "idu_parcelle": "73065000AM0441", "emprise_m2": 240.8, "nb_etages": 1, "hauteur_m": 4.1, "sdp_estimee_m2": 241.0, "usage_bdtopo": "Commercial et services", "nb_locaux": 1, "id_rnb": "SPFVCNT61SBP", "cleabs": "BATIMENT0000002008967662", "type_bien_libelle": "Sport" }, "geometry": { "type": "Polygon", "coordinates": [ [ [ 5.8910418, 45.578464 ], [ 5.8912429, 45.5786057 ], [ 5.89114, 45.578675 ], [ 5.8909452, 45.5785313 ], [ 5.8910418, 45.578464 ] ] ] } },
{ "type": "Feature", "properties": { "id_bien": "BAT-BI-0088", "nom": null, "type_bien": "LOG", "quartier": "BI", "adresse": "62 Allée de l'Albaron", "idu_parcelle": "73065000AI0691", "emprise_m2": 283.3, "nb_etages": 4, "hauteur_m": 11.8, "sdp_estimee_m2": 1133.0, "usage_bdtopo": "Résidentiel", "nb_locaux": 0, "id_rnb": "CVPMSXCAQ3Y1", "cleabs": "BATIMENT0000000219258687", "type_bien_libelle": "Logement" }, "geometry": { "type": "Polygon", "coordinates": [ [ [ 5.8998906, 45.5782973 ], [ 5.8999133, 45.5783129 ], [ 5.899944, 45.5783121 ], [ 5.8999461, 45.5783274 ], [ 5.8999634, 45.5783386 ], [ 5.8999941, 45.5783369 ], [ 5.8999981, 45.5783648 ], [ 5.9000025, 45.5784007 ], [ 5.8999692, 45.5784016 ], [ 5.899963, 45.5784053 ], [ 5.8999543, 45.5784101 ], [ 5.8999572, 45.5784172 ], [ 5.8999578, 45.5784289 ], [ 5.8999285, 45.5784324 ], [ 5.8999174, 45.5784407 ], [ 5.8999038, 45.578451 ], [ 5.8998922, 45.5784504 ], [ 5.8998962, 45.5784773 ], [ 5.8997708, 45.5784851 ], [ 5.899763, 45.5784087 ], [ 5.8997797, 45.5784083 ], [ 5.8998347, 45.5784059 ], [ 5.8998341, 45.5783942 ], [ 5.8998252, 45.5783954 ], [ 5.8998174, 45.5783929 ], [ 5.8998146, 45.5783893 ], [ 5.8998096, 45.5783913 ], [ 5.8998047, 45.5783716 ], [ 5.8998162, 45.5783704 ], [ 5.8998199, 45.5783676 ], [ 5.899821, 45.5783648 ], [ 5.89983, 45.5783646 ], [ 5.8998282, 45.5783557 ], [ 5.8997592, 45.5783601 ], [ 5.8997474, 45.5782829 ], [ 5.8997551, 45.5782818 ], [ 5.8997605, 45.5782862 ], [ 5.899771, 45.5782913 ], [ 5.899816, 45.5782938 ], [ 5.8998764, 45.5782958 ], [ 5.8998767, 45.5783003 ], [ 5.8998906, 45.5782973 ] ] ] } },
{ "type": "Feature", "properties": { "id_bien": "BAT-BI-0089", "nom": "Stade de Charrière Neuve", "type_bien": "SPO", "quartier": "BI", "adresse": "2 Rue Des Sports", "idu_parcelle": "73065000AI0668", "emprise_m2": 26.2, "nb_etages": null, "hauteur_m": 2.8, "sdp_estimee_m2": null, "usage_bdtopo": "Indifférencié", "nb_locaux": 0, "id_rnb": "KYJW63VG2VBD", "cleabs": "BATIMENT0000000219258790", "type_bien_libelle": "Sport" }, "geometry": { "type": "Polygon", "coordinates": [ [ [ 5.904316, 45.5782443 ], [ 5.9043705, 45.578232 ], [ 5.904395, 45.5782819 ], [ 5.9043457, 45.5782967 ], [ 5.904316, 45.5782443 ] ] ] } },
{ "type": "Feature", "properties": { "id_bien": "BAT-BI-0090", "nom": "Stade de Charrière Neuve", "type_bien": "SPO", "quartier": "BI", "adresse": "2 Rue Des Sports", "idu_parcelle": "73065000AI0668", "emprise_m2": 30.7, "nb_etages": null, "hauteur_m": 2.8, "sdp_estimee_m2": null, "usage_bdtopo": "Indifférencié", "nb_locaux": 0, "id_rnb": "Q3FAW7J1DRPB", "cleabs": "BATIMENT0000000219258791", "type_bien_libelle": "Sport" }, "geometry": { "type": "Polygon", "coordinates": [ [ [ 5.9043768, 45.5782301 ], [ 5.9044415, 45.5782149 ], [ 5.9044672, 45.5782647 ], [ 5.9044064, 45.5782798 ], [ 5.9043768, 45.5782301 ] ] ] } },
{ "type": "Feature", "properties": { "id_bien": "BAT-BI-0091", "nom": "Stade de Charrière Neuve", "type_bien": "SPO", "quartier": "BI", "adresse": "2 Rue Des Sports", "idu_parcelle": "73065000AI0668", "emprise_m2": 26.8, "nb_etages": null, "hauteur_m": 2.8, "sdp_estimee_m2": null, "usage_bdtopo": "Indifférencié", "nb_locaux": 0, "id_rnb": "DA6N8XDAGEV6", "cleabs": "BATIMENT0000000219258789", "type_bien_libelle": "Sport" }, "geometry": { "type": "Polygon", "coordinates": [ [ [ 5.9044667, 45.578207 ], [ 5.9045212, 45.578193 ], [ 5.9045494, 45.5782428 ], [ 5.9044937, 45.5782559 ], [ 5.9044667, 45.578207 ] ] ] } },
{ "type": "Feature", "properties": { "id_bien": "BAT-BI-0092", "nom": null, "type_bien": "AQU", "quartier": "BI", "adresse": "22 Che De Charriere-Neuve", "idu_parcelle": "73065000AI0700", "emprise_m2": 16.3, "nb_etages": null, "hauteur_m": 11.0, "sdp_estimee_m2": null, "usage_bdtopo": "Indifférencié", "nb_locaux": 0, "id_rnb": "VYDSB8PPMB63", "cleabs": "BATIMENT0000000219258690", "type_bien_libelle": "À qualifier" }, "geometry": { "type": "Polygon", "coordinates": [ [ [ 5.8998764, 45.5782958 ], [ 5.899816, 45.5782938 ], [ 5.899771, 45.5782913 ], [ 5.8997605, 45.5782862 ], [ 5.8997551, 45.5782818 ], [ 5.8998331, 45.5782762 ], [ 5.8998765, 45.5782733 ], [ 5.8998764, 45.5782958 ] ] ] } },
{ "type": "Feature", "properties": { "id_bien": "BAT-BI-0093", "nom": "Stade Mager", "type_bien": "SPO", "quartier": "BI", "adresse": "Rte De La Labiaz", "idu_parcelle": "73065000AM0424", "emprise_m2": 203.3, "nb_etages": null, "hauteur_m": 5.1, "sdp_estimee_m2": null, "usage_bdtopo": "Sportif", "nb_locaux": 1, "id_rnb": "AR2W9GDXEBKS", "cleabs": "BATIMENT0000002275911915", "type_bien_libelle": "Sport" }, "geometry": { "type": "Polygon", "coordinates": [ [ [ 5.8892799, 45.5783885 ], [ 5.8891287, 45.5785393 ], [ 5.8890247, 45.5784888 ], [ 5.8891734, 45.5783381 ], [ 5.8892799, 45.5783885 ] ] ] } },
{ "type": "Feature", "properties": { "id_bien": "BAT-BI-0094", "nom": null, "type_bien": "LOG", "quartier": "BI", "adresse": "62 Allée de l'Albaron", "idu_parcelle": "73065000AI0691", "emprise_m2": 318.5, "nb_etages": 3, "hauteur_m": 7.2, "sdp_estimee_m2": 956.0, "usage_bdtopo": "Résidentiel", "nb_locaux": 0, "id_rnb": "B4XXKRX15R3H", "cleabs": "BATIMENT0000000219258672", "type_bien_libelle": "Logement" }, "geometry": { "type": "Polygon", "coordinates": [ [ [ 5.8996705, 45.578284 ], [ 5.8995427, 45.5782927 ], [ 5.8995388, 45.5782685 ], [ 5.8995286, 45.5782688 ], [ 5.8995021, 45.5782523 ], [ 5.8994701, 45.578254 ], [ 5.8994677, 45.5782334 ], [ 5.899457, 45.5782256 ], [ 5.8994542, 45.5781959 ], [ 5.8994496, 45.5781573 ], [ 5.8994608, 45.5781516 ], [ 5.8994585, 45.5781309 ], [ 5.8994917, 45.5781273 ], [ 5.8995065, 45.5781161 ], [ 5.899502, 45.5780793 ], [ 5.8995216, 45.5780626 ], [ 5.8996407, 45.5780568 ], [ 5.8996538, 45.578161 ], [ 5.8995847, 45.5781646 ], [ 5.8995839, 45.5781727 ], [ 5.8995916, 45.5781734 ], [ 5.8995969, 45.578176 ], [ 5.8996008, 45.5781786 ], [ 5.8996059, 45.5781776 ], [ 5.8996108, 45.5781973 ], [ 5.8996005, 45.5781966 ], [ 5.8995981, 45.5781994 ], [ 5.8995944, 45.5782031 ], [ 5.8995893, 45.5782032 ], [ 5.8995885, 45.5782122 ], [ 5.8996627, 45.5782076 ], [ 5.8996705, 45.578284 ] ] ] } },
{ "type": "Feature", "properties": { "id_bien": "BAT-BI-0095", "nom": null, "type_bien": "COM", "quartier": "BI", "adresse": "22 Che De Charriere-Neuve", "idu_parcelle": "73065000AI0699", "emprise_m2": 233.0, "nb_etages": 1, "hauteur_m": 7.9, "sdp_estimee_m2": 233.0, "usage_bdtopo": "Commercial et services", "nb_locaux": 1, "id_rnb": "QTSK6ZR2N27N", "cleabs": "BATIMENT0000000219258674", "type_bien_libelle": "Commerce et marché" }, "geometry": { "type": "Polygon", "coordinates": [ [ [ 5.8997377, 45.5782201 ], [ 5.8997344, 45.5781806 ], [ 5.8997651, 45.5781789 ], [ 5.899764, 45.5781582 ], [ 5.899761, 45.5781249 ], [ 5.8997853, 45.5781234 ], [ 5.8997789, 45.578074 ], [ 5.8998326, 45.5780717 ], [ 5.8998322, 45.5780627 ], [ 5.8998899, 45.5780621 ], [ 5.8998932, 45.5781017 ], [ 5.8999224, 45.5781189 ], [ 5.8999527, 45.5781353 ], [ 5.8999557, 45.578192 ], [ 5.8999031, 45.5781933 ], [ 5.8999041, 45.5782122 ], [ 5.8998543, 45.5782153 ], [ 5.8998574, 45.5782513 ], [ 5.8998037, 45.5782545 ], [ 5.8997721, 45.57824 ], [ 5.8997697, 45.5782184 ], [ 5.8997377, 45.5782201 ] ] ] } },
{ "type": "Feature", "properties": { "id_bien": "BAT-BI-0096", "nom": null, "type_bien": "LOG", "quartier": "BI", "adresse": "22 Che De Charriere-Neuve", "idu_parcelle": "73065000AI0699", "emprise_m2": 171.8, "nb_etages": null, "hauteur_m": 3.8, "sdp_estimee_m2": null, "usage_bdtopo": "Résidentiel", "nb_locaux": 1, "id_rnb": "WPAZC9JTPSMF", "cleabs": "BATIMENT0000002328956059", "type_bien_libelle": "Logement" }, "geometry": { "type": "Polygon", "coordinates": [ [ [ 5.8997789, 45.578074 ], [ 5.8997757, 45.5780389 ], [ 5.8997885, 45.5780377 ], [ 5.8998269, 45.5780358 ], [ 5.8998494, 45.5780253 ], [ 5.8998755, 45.5780336 ], [ 5.8998884, 45.5780342 ], [ 5.900023, 45.5780307 ], [ 5.9000313, 45.57819 ], [ 5.8999557, 45.578192 ], [ 5.8999527, 45.5781353 ], [ 5.8999469, 45.5780976 ], [ 5.8998932, 45.5781017 ], [ 5.8998899, 45.5780621 ], [ 5.8998322, 45.5780627 ], [ 5.8998326, 45.5780717 ], [ 5.8997789, 45.578074 ] ] ] } },
{ "type": "Feature", "properties": { "id_bien": "BAT-BI-0097", "nom": "Stade Mager", "type_bien": "SPO", "quartier": "BI", "adresse": "Rte De La Labiaz", "idu_parcelle": "73065000AM0424", "emprise_m2": 210.5, "nb_etages": null, "hauteur_m": 4.8, "sdp_estimee_m2": null, "usage_bdtopo": "Sportif", "nb_locaux": 1, "id_rnb": "8SGEW3V75WWA", "cleabs": "BATIMENT0000002275911921", "type_bien_libelle": "Sport" }, "geometry": { "type": "Polygon", "coordinates": [ [ [ 5.889459, 45.5782055 ], [ 5.8893104, 45.578358 ], [ 5.8892036, 45.5783031 ], [ 5.889351, 45.5781524 ], [ 5.889459, 45.5782055 ] ] ] } },
{ "type": "Feature", "properties": { "id_bien": "BAT-BI-0098", "nom": null, "type_bien": "LOG", "quartier": "BI", "adresse": "22 Che De Charriere-Neuve", "idu_parcelle": "73065000AI0699", "emprise_m2": 16.3, "nb_etages": null, "hauteur_m": 2.9, "sdp_estimee_m2": null, "usage_bdtopo": "Résidentiel", "nb_locaux": 1, "id_rnb": "XGZHN56NBE4N", "cleabs": "BATIMENT0000002328956057", "type_bien_libelle": "Logement" }, "geometry": { "type": "Polygon", "coordinates": [ [ [ 5.899919, 45.5779821 ], [ 5.8998859, 45.5780099 ], [ 5.8998461, 45.5779866 ], [ 5.8998793, 45.5779588 ], [ 5.899919, 45.5779821 ] ] ] } },
{ "type": "Feature", "properties": { "id_bien": "BAT-BI-0099", "nom": "Stade Mager", "type_bien": "SPO", "quartier": "BI", "adresse": "148 Rue Du Jura", "idu_parcelle": "73065000AM0441", "emprise_m2": 357.7, "nb_etages": null, "hauteur_m": 8.6, "sdp_estimee_m2": null, "usage_bdtopo": "Indifférencié", "nb_locaux": 1, "id_rnb": "ZNSZXBV83AK2", "cleabs": "BATIMENT0000000219251867", "type_bien_libelle": "Sport" }, "geometry": { "type": "Polygon", "coordinates": [ [ [ 5.8920725, 45.5778562 ], [ 5.8922412, 45.5778429 ], [ 5.8922821, 45.5780851 ], [ 5.8921428, 45.5780959 ], [ 5.8921147, 45.5780984 ], [ 5.8920725, 45.5778562 ] ] ] } },
{ "type": "Feature", "properties": { "id_bien": "BAT-BI-0100", "nom": "Stade Mager", "type_bien": "SPO", "quartier": "BI", "adresse": "Che De La Plaine", "idu_parcelle": "73065000AL0012", "emprise_m2": 42.5, "nb_etages": null, "hauteur_m": 3.8, "sdp_estimee_m2": null, "usage_bdtopo": "Indifférencié", "nb_locaux": 0, "id_rnb": "6XS2E37RBGGN", "cleabs": "BATIMENT0000000219251932", "type_bien_libelle": "Sport" }, "geometry": { "type": "Polygon", "coordinates": [ [ [ 5.8910395, 45.5779279 ], [ 5.8911582, 45.5779654 ], [ 5.8911305, 45.5779994 ], [ 5.8910155, 45.5779609 ], [ 5.8910395, 45.5779279 ] ] ] } },
{ "type": "Feature", "properties": { "id_bien": "BAT-BI-0101", "nom": "Stade Mager", "type_bien": "SPO", "quartier": "BI", "adresse": "Che De La Plaine", "idu_parcelle": "73065000AL0245", "emprise_m2": 85.3, "nb_etages": null, "hauteur_m": 3.0, "sdp_estimee_m2": null, "usage_bdtopo": "Sportif", "nb_locaux": 0, "id_rnb": null, "cleabs": "BATIMENT0000002490052745", "type_bien_libelle": "Sport" }, "geometry": { "type": "Polygon", "coordinates": [ [ [ 5.8895004, 45.5777692 ], [ 5.889448, 45.5778219 ], [ 5.8893217, 45.5777612 ], [ 5.8893728, 45.5777085 ], [ 5.8895004, 45.5777692 ] ] ] } },
{ "type": "Feature", "properties": { "id_bien": "BAT-BI-0102", "nom": null, "type_bien": "COM", "quartier": "BI", "adresse": "505 Rte De La Labiaz", "idu_parcelle": "73065000AM0486", "emprise_m2": 154.4, "nb_etages": 1, "hauteur_m": 7.7, "sdp_estimee_m2": 154.0, "usage_bdtopo": "Commercial et services", "nb_locaux": 1, "id_rnb": "2DN5D2G7F4T2", "cleabs": "BATIMENT0000000219251961", "type_bien_libelle": "Commerce et marché" }, "geometry": { "type": "Polygon", "coordinates": [ [ [ 5.8875815, 45.5776329 ], [ 5.8876935, 45.5776409 ], [ 5.887687, 45.5776635 ], [ 5.8876806, 45.5776646 ], [ 5.887656, 45.5778076 ], [ 5.8875518, 45.5778013 ], [ 5.8875815, 45.5776329 ] ] ] } },
{ "type": "Feature", "properties": { "id_bien": "BAT-BI-0103", "nom": null, "type_bien": "AQU", "quartier": "BI", "adresse": "Rte De La Labiaz", "idu_parcelle": "73065000AM0484", "emprise_m2": 907.4, "nb_etages": null, "hauteur_m": 8.0, "sdp_estimee_m2": null, "usage_bdtopo": "Indifférencié", "nb_locaux": 0, "id_rnb": "GP5ME6WHHVQ4", "cleabs": "BATIMENT0000000219252128", "type_bien_libelle": "À qualifier" }, "geometry": { "type": "Polygon", "coordinates": [ [ [ 5.8880009, 45.5779249 ], [ 5.8882843, 45.577577 ], [ 5.888304, 45.5775855 ], [ 5.8883366, 45.5775459 ], [ 5.8883169, 45.5775374 ], [ 5.8883904, 45.5774472 ], [ 5.8885385, 45.5775065 ], [ 5.8884361, 45.5776344 ], [ 5.8884611, 45.5776454 ], [ 5.8884703, 45.5776497 ], [ 5.8883267, 45.5778255 ], [ 5.8882927, 45.577812 ], [ 5.8882662, 45.5778451 ], [ 5.888299, 45.5778596 ], [ 5.8882556, 45.5779129 ], [ 5.8882215, 45.5778994 ], [ 5.8881516, 45.5779859 ], [ 5.8880009, 45.5779249 ] ] ] } },
{ "type": "Feature", "properties": { "id_bien": "BAT-BI-0104", "nom": null, "type_bien": "AQU", "quartier": "BI", "adresse": "Rte De La Labiaz", "idu_parcelle": "73065000AM0488", "emprise_m2": 449.2, "nb_etages": null, "hauteur_m": 6.7, "sdp_estimee_m2": null, "usage_bdtopo": "Indifférencié", "nb_locaux": 0, "id_rnb": "SG9NR49A73J1", "cleabs": "BATIMENT0000000219251962", "type_bien_libelle": "À qualifier" }, "geometry": { "type": "Polygon", "coordinates": [ [ [ 5.8880989, 45.577443 ], [ 5.8880533, 45.5774298 ], [ 5.8880472, 45.5774353 ], [ 5.8880029, 45.5774221 ], [ 5.8879599, 45.5774096 ], [ 5.8879542, 45.5774224 ], [ 5.887946, 45.5774379 ], [ 5.887688, 45.5773635 ], [ 5.8877647, 45.5772335 ], [ 5.8880226, 45.5773071 ], [ 5.8880082, 45.5773273 ], [ 5.8881437, 45.5773662 ], [ 5.8880989, 45.577443 ] ] ] } },
{ "type": "Feature", "properties": { "id_bien": "BAT-BI-0105", "nom": "Stade du Mas Barral", "type_bien": "SPO", "quartier": "BI", "adresse": "2 Rue Des Sports", "idu_parcelle": "73065000AI0668", "emprise_m2": 172.4, "nb_etages": null, "hauteur_m": 4.0, "sdp_estimee_m2": null, "usage_bdtopo": "Indifférencié", "nb_locaux": 0, "id_rnb": "SZKX879EY2BS", "cleabs": "BATIMENT0000000219258469", "type_bien_libelle": "Sport" }, "geometry": { "type": "Polygon", "coordinates": [ [ [ 5.9035662, 45.5767904 ], [ 5.9034681, 45.5767551 ], [ 5.9035052, 45.5767045 ], [ 5.9035436, 45.5766531 ], [ 5.9035496, 45.5766457 ], [ 5.9035868, 45.5765961 ], [ 5.903685, 45.5766341 ], [ 5.9035662, 45.5767904 ] ] ] } },
{ "type": "Feature", "properties": { "id_bien": "BAT-BI-0106", "nom": "Stade Mager", "type_bien": "SPO", "quartier": "BI", "adresse": "Che De La Plaine", "idu_parcelle": "73065000AL0245", "emprise_m2": 205.8, "nb_etages": null, "hauteur_m": 5.3, "sdp_estimee_m2": null, "usage_bdtopo": "Sportif", "nb_locaux": 0, "id_rnb": "2X5PN2NKW6WN", "cleabs": "BATIMENT0000002276045475", "type_bien_libelle": "Sport" }, "geometry": { "type": "Polygon", "coordinates": [ [ [ 5.8893741, 45.5768723 ], [ 5.8891301, 45.5771876 ], [ 5.8890686, 45.577164 ], [ 5.8893179, 45.576853 ], [ 5.8893741, 45.5768723 ] ] ] } },
{ "type": "Feature", "properties": { "id_bien": "BAT-BI-0107", "nom": null, "type_bien": "LOG", "quartier": "BI", "adresse": "22 Av Chevaliers Tireurs", "idu_parcelle": "73065000AH0026", "emprise_m2": 52.2, "nb_etages": 1, "hauteur_m": 3.7, "sdp_estimee_m2": 52.0, "usage_bdtopo": "Résidentiel", "nb_locaux": 3, "id_rnb": "J3DSKBH1SH6D", "cleabs": "BATIMENT0000000219258483", "type_bien_libelle": "Logement" }, "geometry": { "type": "Polygon", "coordinates": [ [ [ 5.9049986, 45.5763334 ], [ 5.9050863, 45.5763186 ], [ 5.9051001, 45.5763615 ], [ 5.9051077, 45.5763838 ], [ 5.9050226, 45.5763995 ], [ 5.9049986, 45.5763334 ] ] ] } },
{ "type": "Feature", "properties": { "id_bien": "BAT-BI-0108", "nom": null, "type_bien": "AQU", "quartier": "BI", "adresse": "22 Av Chevaliers Tireurs", "idu_parcelle": "73065000AH0026", "emprise_m2": 41.2, "nb_etages": null, "hauteur_m": 3.8, "sdp_estimee_m2": null, "usage_bdtopo": "Indifférencié", "nb_locaux": 3, "id_rnb": "VB8XS17GMAM4", "cleabs": "BATIMENT0000000219258482", "type_bien_libelle": "À qualifier" }, "geometry": { "type": "Polygon", "coordinates": [ [ [ 5.9052462, 45.5763343 ], [ 5.9052325, 45.5762932 ], [ 5.9053393, 45.5762733 ], [ 5.9053531, 45.5763162 ], [ 5.9052462, 45.5763343 ] ] ] } },
{ "type": "Feature", "properties": { "id_bien": "BAT-BI-0109", "nom": null, "type_bien": "AQU", "quartier": "BI", "adresse": "22 Av Chevaliers Tireurs", "idu_parcelle": "73065000AH0026", "emprise_m2": 108.4, "nb_etages": null, "hauteur_m": 6.0, "sdp_estimee_m2": null, "usage_bdtopo": "Indifférencié", "nb_locaux": 3, "id_rnb": "CP2EKPQSCPWW", "cleabs": "BATIMENT0000000219258296", "type_bien_libelle": "À qualifier" }, "geometry": { "type": "Polygon", "coordinates": [ [ [ 5.9055622, 45.5763639 ], [ 5.905505, 45.5763744 ], [ 5.9055079, 45.5763816 ], [ 5.9054457, 45.576394 ], [ 5.9054224, 45.5763414 ], [ 5.9053856, 45.5763496 ], [ 5.9053716, 45.5763031 ], [ 5.9053794, 45.5763047 ], [ 5.9053873, 45.576309 ], [ 5.9053963, 45.5763079 ], [ 5.9055297, 45.5762837 ], [ 5.9055369, 45.5762979 ], [ 5.9055622, 45.5763639 ] ] ] } },
{ "type": "Feature", "properties": { "id_bien": "BAT-BI-0110", "nom": null, "type_bien": "LOG", "quartier": "BI", "adresse": "22 Av Chevaliers Tireurs", "idu_parcelle": "73065000AH0026", "emprise_m2": 90.9, "nb_etages": 1, "hauteur_m": 6.4, "sdp_estimee_m2": 91.0, "usage_bdtopo": "Résidentiel", "nb_locaux": 3, "id_rnb": "XAB3Y2TKH143", "cleabs": "BATIMENT0000000219258297", "type_bien_libelle": "Logement" }, "geometry": { "type": "Polygon", "coordinates": [ [ [ 5.9056905, 45.576266 ], [ 5.9058087, 45.5762449 ], [ 5.9058389, 45.5763316 ], [ 5.905778, 45.5763439 ], [ 5.9057762, 45.576335 ], [ 5.9057191, 45.5763464 ], [ 5.9056949, 45.5762776 ], [ 5.9056905, 45.576266 ] ] ] } },
{ "type": "Feature", "properties": { "id_bien": "BAT-BI-0111", "nom": null, "type_bien": "AQU", "quartier": "BI", "adresse": "22 Av Chevaliers Tireurs", "idu_parcelle": "73065000AH0026", "emprise_m2": 39.8, "nb_etages": null, "hauteur_m": 3.3, "sdp_estimee_m2": null, "usage_bdtopo": "Indifférencié", "nb_locaux": 3, "id_rnb": "8BDTHJRQVFPP", "cleabs": "BATIMENT0000000219258603", "type_bien_libelle": "À qualifier" }, "geometry": { "type": "Polygon", "coordinates": [ [ [ 5.9059616, 45.5763473 ], [ 5.9059324, 45.5762787 ], [ 5.9059932, 45.5762654 ], [ 5.9060226, 45.5763349 ], [ 5.9059616, 45.5763473 ] ] ] } },
{ "type": "Feature", "properties": { "id_bien": "BAT-BI-0112", "nom": null, "type_bien": "AQU", "quartier": "BI", "adresse": "22 Av Chevaliers Tireurs", "idu_parcelle": "73065000AH0026", "emprise_m2": 42.5, "nb_etages": null, "hauteur_m": 4.2, "sdp_estimee_m2": null, "usage_bdtopo": "Indifférencié", "nb_locaux": 3, "id_rnb": "1NXSKGDKKMGW", "cleabs": "BATIMENT0000000219258201", "type_bien_libelle": "À qualifier" }, "geometry": { "type": "Polygon", "coordinates": [ [ [ 5.9058921, 45.5762212 ], [ 5.9058758, 45.5761783 ], [ 5.9059838, 45.5761593 ], [ 5.9060001, 45.5762012 ], [ 5.9058921, 45.5762212 ] ] ] } },
{ "type": "Feature", "properties": { "id_bien": "BAT-BI-0113", "nom": null, "type_bien": "AQU", "quartier": "BI", "adresse": "22 Av Chevaliers Tireurs", "idu_parcelle": "73065000AH0026", "emprise_m2": 44.6, "nb_etages": null, "hauteur_m": 9.3, "sdp_estimee_m2": null, "usage_bdtopo": "Indifférencié", "nb_locaux": 3, "id_rnb": "85268ZJ37DTN", "cleabs": "BATIMENT0000000219258202", "type_bien_libelle": "À qualifier" }, "geometry": { "type": "Polygon", "coordinates": [ [ [ 5.9061441, 45.5761317 ], [ 5.9062254, 45.576117 ], [ 5.9062465, 45.5761768 ], [ 5.9061664, 45.5761915 ], [ 5.9061619, 45.576179 ], [ 5.9061441, 45.5761317 ] ] ] } },
{ "type": "Feature", "properties": { "id_bien": "BAT-BI-0114", "nom": null, "type_bien": "COM", "quartier": "BI", "adresse": "Av Chevaliers Tireurs", "idu_parcelle": "73065000AI0386", "emprise_m2": 129.6, "nb_etages": 1, "hauteur_m": 3.7, "sdp_estimee_m2": 130.0, "usage_bdtopo": "Commercial et services", "nb_locaux": 3, "id_rnb": "JGV3J2PBM49Z", "cleabs": "BATIMENT0000000219258221", "type_bien_libelle": "Commerce et marché" }, "geometry": { "type": "Polygon", "coordinates": [ [ [ 5.904658, 45.5761278 ], [ 5.9046696, 45.5761518 ], [ 5.9046075, 45.576167 ], [ 5.9045631, 45.5760789 ], [ 5.9046214, 45.5760648 ], [ 5.9046244, 45.5760746 ], [ 5.9047739, 45.5760383 ], [ 5.9048024, 45.5760925 ], [ 5.904658, 45.5761278 ] ] ] } },
{ "type": "Feature", "properties": { "id_bien": "BAT-BI-0115", "nom": "Chambéry - Mairie de Quartier de Bissy", "type_bien": "ADM", "quartier": "BI", "adresse": "567 Av Gal Cartier", "idu_parcelle": "73065000AK0165", "emprise_m2": 259.7, "nb_etages": null, "hauteur_m": 10.4, "sdp_estimee_m2": null, "usage_bdtopo": "Commercial et services", "nb_locaux": 9, "id_rnb": "HP6A7YPBKCDS", "cleabs": "BATIMENT0000000219252897", "type_bien_libelle": "Administration" }, "geometry": { "type": "Polygon", "coordinates": [ [ [ 5.8984563, 45.5760446 ], [ 5.8984613, 45.5760418 ], [ 5.8985698, 45.5759813 ], [ 5.898609, 45.576019 ], [ 5.8987529, 45.5761469 ], [ 5.8986381, 45.5762084 ], [ 5.8986327, 45.5762032 ], [ 5.8984563, 45.5760446 ] ] ] } },
{ "type": "Feature", "properties": { "id_bien": "BAT-BI-0116", "nom": null, "type_bien": "AQU", "quartier": "BI", "adresse": "Av Chevaliers Tireurs", "idu_parcelle": "73065000AI0386", "emprise_m2": 154.3, "nb_etages": null, "hauteur_m": 5.8, "sdp_estimee_m2": null, "usage_bdtopo": "Indifférencié", "nb_locaux": 3, "id_rnb": "HWSTS13YW9TD", "cleabs": "BATIMENT0000000219258324", "type_bien_libelle": "À qualifier" }, "geometry": { "type": "Polygon", "coordinates": [ [ [ 5.9056009, 45.5758791 ], [ 5.9056906, 45.5758533 ], [ 5.9057463, 45.5758375 ], [ 5.9058058, 45.575944 ], [ 5.9056603, 45.5759839 ], [ 5.9056009, 45.5758791 ] ] ] } },
{ "type": "Feature", "properties": { "id_bien": "BAT-BI-0117", "nom": "Collège de Bissy", "type_bien": "ENS", "quartier": "BI", "adresse": "53 Sq Des Fontanettes", "idu_parcelle": "73065000AI0705", "emprise_m2": 1275.4, "nb_etages": null, "hauteur_m": 7.6, "sdp_estimee_m2": null, "usage_bdtopo": "Sportif", "nb_locaux": 12, "id_rnb": "ZF83NW5FEMSD", "cleabs": "BATIMENT0000000219258512", "type_bien_libelle": "Enseignement et petite enfance" }, "geometry": { "type": "Polygon", "coordinates": [ [ [ 5.900049, 45.5761243 ], [ 5.9000438, 45.5761244 ], [ 5.9000233, 45.5759033 ], [ 5.900539, 45.5758774 ], [ 5.9005609, 45.5761002 ], [ 5.9005545, 45.5761004 ], [ 5.9005624, 45.5761777 ], [ 5.9004126, 45.5761843 ], [ 5.9004115, 45.5761627 ], [ 5.9001454, 45.5761777 ], [ 5.9000571, 45.5761826 ], [ 5.900049, 45.5761243 ] ] ] } },
{ "type": "Feature", "properties": { "id_bien": "BAT-BI-0118", "nom": "École Élémentaire Jean Rostand", "type_bien": "ENS", "quartier": "BI", "adresse": "567 Av Gal Cartier", "idu_parcelle": "73065000AK0165", "emprise_m2": 208.6, "nb_etages": 3, "hauteur_m": 12.8, "sdp_estimee_m2": 626.0, "usage_bdtopo": "Résidentiel", "nb_locaux": 9, "id_rnb": "35W7CQ3WYEE7", "cleabs": "BATIMENT0000000219258128", "type_bien_libelle": "Enseignement et petite enfance" }, "geometry": { "type": "Polygon", "coordinates": [ [ [ 5.8986722, 45.5759273 ], [ 5.8988057, 45.5758554 ], [ 5.8988931, 45.575809 ], [ 5.8989321, 45.575844 ], [ 5.8989697, 45.5758764 ], [ 5.898745, 45.5759957 ], [ 5.89871, 45.5759633 ], [ 5.8986722, 45.5759273 ] ] ] } },
{ "type": "Feature", "properties": { "id_bien": "BAT-BI-0119", "nom": null, "type_bien": "AQU", "quartier": "BI", "adresse": "Che De Chiron", "idu_parcelle": "73065000AK0595", "emprise_m2": 308.3, "nb_etages": null, "hauteur_m": 3.2, "sdp_estimee_m2": null, "usage_bdtopo": "Indifférencié", "nb_locaux": 0, "id_rnb": null, "cleabs": "BATIMENT0000002493164184", "type_bien_libelle": "À qualifier" }, "geometry": { "type": "Polygon", "coordinates": [ [ [ 5.8979548, 45.5758521 ], [ 5.8977493, 45.5760196 ], [ 5.8976299, 45.5759452 ], [ 5.8978329, 45.5757769 ], [ 5.8979548, 45.5758521 ] ] ] } },
{ "type": "Feature", "properties": { "id_bien": "BAT-BI-0120", "nom": "École Élémentaire Jean Rostand", "type_bien": "ENS", "quartier": "BI", "adresse": "567 Av Gal Cartier", "idu_parcelle": "73065000AK0165", "emprise_m2": 433.4, "nb_etages": null, "hauteur_m": 6.8, "sdp_estimee_m2": null, "usage_bdtopo": "Commercial et services", "nb_locaux": 9, "id_rnb": "4CB73KHPCRZZ", "cleabs": "BATIMENT0000000219252896", "type_bien_libelle": "Enseignement et petite enfance" }, "geometry": { "type": "Polygon", "coordinates": [ [ [ 5.8983358, 45.5757765 ], [ 5.8983696, 45.575809 ], [ 5.8983759, 45.575807 ], [ 5.89852, 45.5759367 ], [ 5.8985698, 45.5759813 ], [ 5.8984613, 45.5760418 ], [ 5.8982686, 45.5758656 ], [ 5.8982724, 45.5758637 ], [ 5.8982575, 45.5758488 ], [ 5.8981428, 45.5757409 ], [ 5.8982462, 45.5756824 ], [ 5.8983358, 45.5757765 ] ] ] } },
{ "type": "Feature", "properties": { "id_bien": "BAT-BI-0121", "nom": null, "type_bien": "AQU", "quartier": "BI", "adresse": "Che De Chiron", "idu_parcelle": "73065000AK1034", "emprise_m2": 339.9, "nb_etages": null, "hauteur_m": 3.5, "sdp_estimee_m2": null, "usage_bdtopo": "Indifférencié", "nb_locaux": 0, "id_rnb": null, "cleabs": "BATIMENT0000002493164185", "type_bien_libelle": "À qualifier" }, "geometry": { "type": "Polygon", "coordinates": [ [ [ 5.8977331, 45.5756848 ], [ 5.8975029, 45.575871 ], [ 5.8973848, 45.5757965 ], [ 5.8976137, 45.5756104 ], [ 5.8977331, 45.5756848 ] ] ] } },
{ "type": "Feature", "properties": { "id_bien": "BAT-BI-0122", "nom": null, "type_bien": "AQU", "quartier": "BI", "adresse": "Che De Chiron", "idu_parcelle": "73065000AK0595", "emprise_m2": 127.6, "nb_etages": null, "hauteur_m": 3.5, "sdp_estimee_m2": null, "usage_bdtopo": "Indifférencié", "nb_locaux": 0, "id_rnb": null, "cleabs": "BATIMENT0000002493164183", "type_bien_libelle": "À qualifier" }, "geometry": { "type": "Polygon", "coordinates": [ [ [ 5.8978008, 45.5757524 ], [ 5.8975928, 45.5759227 ], [ 5.897545, 45.5758906 ], [ 5.897753, 45.5757212 ], [ 5.8978008, 45.5757524 ] ] ] } },
{ "type": "Feature", "properties": { "id_bien": "BAT-BI-0123", "nom": "École Élémentaire Jean Rostand", "type_bien": "ENS", "quartier": "BI", "adresse": "567 Av Gal Cartier", "idu_parcelle": "73065000AK0165", "emprise_m2": 388.6, "nb_etages": null, "hauteur_m": 6.1, "sdp_estimee_m2": null, "usage_bdtopo": "Commercial et services", "nb_locaux": 9, "id_rnb": "34WM9SCFF453", "cleabs": "BATIMENT0000000219258130", "type_bien_libelle": "Enseignement et petite enfance" }, "geometry": { "type": "Polygon", "coordinates": [ [ [ 5.8988351, 45.5756077 ], [ 5.8989412, 45.5755518 ], [ 5.8990731, 45.5756692 ], [ 5.8991607, 45.5757489 ], [ 5.8991877, 45.57575 ], [ 5.89922, 45.5757798 ], [ 5.8992122, 45.5758026 ], [ 5.8991086, 45.5758584 ], [ 5.8990346, 45.5757918 ], [ 5.8990132, 45.5758005 ], [ 5.8989743, 45.5757663 ], [ 5.8989954, 45.5757541 ], [ 5.8988351, 45.5756077 ] ] ] } },
{ "type": "Feature", "properties": { "id_bien": "BAT-BI-0124", "nom": "École Élémentaire Jean Rostand", "type_bien": "ENS", "quartier": "BI", "adresse": "La Mairie", "idu_parcelle": "73065000AK0351", "emprise_m2": 324.1, "nb_etages": null, "hauteur_m": 10.0, "sdp_estimee_m2": null, "usage_bdtopo": "Commercial et services", "nb_locaux": 0, "id_rnb": "88T3GDDZA83D", "cleabs": "BATIMENT0000000219252534", "type_bien_libelle": "Enseignement et petite enfance" }, "geometry": { "type": "Polygon", "coordinates": [ [ [ 5.8980589, 45.5756836 ], [ 5.8979605, 45.5755924 ], [ 5.898189, 45.5754712 ], [ 5.8982456, 45.5755247 ], [ 5.8983009, 45.5755756 ], [ 5.898221, 45.5756182 ], [ 5.8980724, 45.5756968 ], [ 5.8980589, 45.5756836 ] ] ] } },
{ "type": "Feature", "properties": { "id_bien": "BAT-BI-0125", "nom": "École Élémentaire Jean Rostand", "type_bien": "ENS", "quartier": "BI", "adresse": "85 All Jean Rostand", "idu_parcelle": "73065000AK0352", "emprise_m2": 71.7, "nb_etages": null, "hauteur_m": 4.8, "sdp_estimee_m2": null, "usage_bdtopo": "Commercial et services", "nb_locaux": 0, "id_rnb": "88CTP46W4PG9", "cleabs": "BATIMENT0000000219252238", "type_bien_libelle": "Enseignement et petite enfance" }, "geometry": { "type": "Polygon", "coordinates": [ [ [ 5.8977126, 45.5754403 ], [ 5.8977603, 45.5754687 ], [ 5.8977148, 45.5755078 ], [ 5.8977784, 45.5755458 ], [ 5.8977612, 45.5755597 ], [ 5.8977228, 45.5755373 ], [ 5.8977055, 45.5755504 ], [ 5.8976261, 45.5755038 ], [ 5.8976975, 45.5754451 ], [ 5.8977028, 45.5754486 ], [ 5.8977126, 45.5754403 ] ] ] } },
{ "type": "Feature", "properties": { "id_bien": "BAT-BI-0126", "nom": "École Élémentaire Jean Rostand", "type_bien": "ENS", "quartier": "BI", "adresse": "85 All Jean Rostand", "idu_parcelle": "73065000AK0152", "emprise_m2": 102.6, "nb_etages": null, "hauteur_m": 8.5, "sdp_estimee_m2": null, "usage_bdtopo": "Indifférencié", "nb_locaux": 0, "id_rnb": null, "cleabs": "BATIMENT0000002493164182", "type_bien_libelle": "Enseignement et petite enfance" }, "geometry": { "type": "Polygon", "coordinates": [ [ [ 5.8976261, 45.5755038 ], [ 5.897605, 45.5754926 ], [ 5.8976713, 45.575435 ], [ 5.8978782, 45.5752693 ], [ 5.8980146, 45.5753514 ], [ 5.8979813, 45.5753766 ], [ 5.8979429, 45.5753532 ], [ 5.8979589, 45.5753402 ], [ 5.8979324, 45.5753246 ], [ 5.897886, 45.5752961 ], [ 5.8978688, 45.5753101 ], [ 5.8978634, 45.5753066 ], [ 5.8977368, 45.5754126 ], [ 5.8977421, 45.5754161 ], [ 5.8977126, 45.5754403 ], [ 5.8977028, 45.5754486 ], [ 5.8976975, 45.5754451 ], [ 5.8976433, 45.5754898 ], [ 5.8976261, 45.5755038 ] ] ] } },
{ "type": "Feature", "properties": { "id_bien": "BAT-BI-0127", "nom": "École Élémentaire Jean Rostand", "type_bien": "ENS", "quartier": "BI", "adresse": "85 All Jean Rostand", "idu_parcelle": "73065000AK0153", "emprise_m2": 167.5, "nb_etages": 1, "hauteur_m": 8.3, "sdp_estimee_m2": 168.0, "usage_bdtopo": "Commercial et services", "nb_locaux": 1, "id_rnb": "R3AY1BAFJNV2", "cleabs": "BATIMENT0000000219252240", "type_bien_libelle": "Enseignement et petite enfance" }, "geometry": { "type": "Polygon", "coordinates": [ [ [ 5.8977603, 45.5754687 ], [ 5.8979324, 45.5753246 ], [ 5.8979589, 45.5753402 ], [ 5.8979429, 45.5753532 ], [ 5.8979813, 45.5753766 ], [ 5.8977784, 45.5755458 ], [ 5.8977148, 45.5755078 ], [ 5.8977603, 45.5754687 ] ] ] } },
{ "type": "Feature", "properties": { "id_bien": "BAT-BI-0128", "nom": "École Élémentaire Jean Rostand", "type_bien": "ENS", "quartier": "BI", "adresse": "85 All Jean Rostand", "idu_parcelle": "73065000AK0152", "emprise_m2": 110.2, "nb_etages": null, "hauteur_m": 8.7, "sdp_estimee_m2": null, "usage_bdtopo": "Commercial et services", "nb_locaux": 0, "id_rnb": "3ZVZWGHS4PPT", "cleabs": "BATIMENT0000000219252239", "type_bien_libelle": "Enseignement et petite enfance" }, "geometry": { "type": "Polygon", "coordinates": [ [ [ 5.8977603, 45.5754687 ], [ 5.8977126, 45.5754403 ], [ 5.8977421, 45.5754161 ], [ 5.8977368, 45.5754126 ], [ 5.8978634, 45.5753066 ], [ 5.8978688, 45.5753101 ], [ 5.897886, 45.5752961 ], [ 5.8979324, 45.5753246 ], [ 5.8977603, 45.5754687 ] ] ] } },
{ "type": "Feature", "properties": { "id_bien": "BAT-BI-0129", "nom": "École Maternelle Jean Rostand", "type_bien": "ENS", "quartier": "BI", "adresse": "La Mairie", "idu_parcelle": "73065000AK0351", "emprise_m2": 1252.4, "nb_etages": null, "hauteur_m": 5.7, "sdp_estimee_m2": null, "usage_bdtopo": "Commercial et services", "nb_locaux": 0, "id_rnb": "8NY6JH8YKGWF", "cleabs": "BATIMENT0000000219252218", "type_bien_libelle": "Enseignement et petite enfance" }, "geometry": { "type": "Polygon", "coordinates": [ [ [ 5.8986076, 45.5752072 ], [ 5.898621, 45.5752195 ], [ 5.8986304, 45.5752273 ], [ 5.8987221, 45.5753124 ], [ 5.8987748, 45.5753624 ], [ 5.8985976, 45.575458 ], [ 5.8986409, 45.575501 ], [ 5.8987108, 45.5755632 ], [ 5.8985584, 45.5756419 ], [ 5.8985167, 45.5756042 ], [ 5.8984451, 45.5755367 ], [ 5.8985187, 45.575496 ], [ 5.8984663, 45.5754496 ], [ 5.8983962, 45.5753866 ], [ 5.8983759, 45.5753664 ], [ 5.8983385, 45.5753863 ], [ 5.8982913, 45.5753433 ], [ 5.8982252, 45.5752811 ], [ 5.8983698, 45.5752007 ], [ 5.8984264, 45.5752515 ], [ 5.8984951, 45.5752155 ], [ 5.8984384, 45.5751629 ], [ 5.8983806, 45.5751112 ], [ 5.8985316, 45.5750299 ], [ 5.8986677, 45.5751552 ], [ 5.8986771, 45.575164 ], [ 5.8986309, 45.5751868 ], [ 5.8986159, 45.5751953 ], [ 5.8986048, 45.5752028 ], [ 5.8986076, 45.5752072 ] ] ] } },
{ "type": "Feature", "properties": { "id_bien": "BAT-BI-0130", "nom": null, "type_bien": "AQU", "quartier": "BI", "adresse": "Rue Du Mont Outherans", "idu_parcelle": "73065000AK0542", "emprise_m2": 17.0, "nb_etages": 1, "hauteur_m": 2.8, "sdp_estimee_m2": 17.0, "usage_bdtopo": "Indifférencié", "nb_locaux": 0, "id_rnb": "SDTCW41HJGPC", "cleabs": "BATIMENT0000000219252605", "type_bien_libelle": "À qualifier" }, "geometry": { "type": "Polygon", "coordinates": [ [ [ 5.895292, 45.5729706 ], [ 5.8953275, 45.5729381 ], [ 5.8953658, 45.5729588 ], [ 5.8953328, 45.5729903 ], [ 5.895292, 45.5729706 ] ] ] } },
{ "type": "Feature", "properties": { "id_bien": "BAT-BO-0001", "nom": null, "type_bien": "AQU", "quartier": "BO", "adresse": "Rue Francois Buloz", "idu_parcelle": "73065000CO0238", "emprise_m2": 18.8, "nb_etages": null, "hauteur_m": 7.9, "sdp_estimee_m2": null, "usage_bdtopo": "Indifférencié", "nb_locaux": 0, "id_rnb": "Z13ZZ8EGE6PV", "cleabs": "BATIMENT0000000219251213", "type_bien_libelle": "À qualifier" }, "geometry": { "type": "Polygon", "coordinates": [ [ [ 5.9024742, 45.5649054 ], [ 5.9024817, 45.5648529 ], [ 5.9025229, 45.5648554 ], [ 5.9025141, 45.5649088 ], [ 5.9024742, 45.5649054 ] ] ] } },
{ "type": "Feature", "properties": { "id_bien": "BAT-BO-0002", "nom": null, "type_bien": "AQU", "quartier": "BO", "adresse": "577 Fg Mache", "idu_parcelle": "73065000CR0201", "emprise_m2": 188.6, "nb_etages": null, "hauteur_m": 6.6, "sdp_estimee_m2": null, "usage_bdtopo": "Indifférencié", "nb_locaux": 5, "id_rnb": "BVYXQY21ASCZ", "cleabs": "BATIMENT0000000219251252", "type_bien_libelle": "À qualifier" }, "geometry": { "type": "Polygon", "coordinates": [ [ [ 5.9101739, 45.5638574 ], [ 5.9101542, 45.5637741 ], [ 5.9104078, 45.5637432 ], [ 5.9104276, 45.5638265 ], [ 5.9101739, 45.5638574 ] ] ] } },
{ "type": "Feature", "properties": { "id_bien": "BAT-BO-0003", "nom": "École Élémentaire du Haut-Maché", "type_bien": "ENS", "quartier": "BO", "adresse": "577 Fg Mache", "idu_parcelle": "73065000CR0201", "emprise_m2": 158.1, "nb_etages": 1, "hauteur_m": 3.2, "sdp_estimee_m2": 158.0, "usage_bdtopo": "Résidentiel", "nb_locaux": 5, "id_rnb": "4TXFMWAC77HZ", "cleabs": "BATIMENT0000000219251258", "type_bien_libelle": "Enseignement et petite enfance" }, "geometry": { "type": "Polygon", "coordinates": [ [ [ 5.9094382, 45.5636728 ], [ 5.9094471, 45.5636708 ], [ 5.909459, 45.5637272 ], [ 5.909417, 45.5637328 ], [ 5.9094219, 45.5637534 ], [ 5.909222, 45.5637811 ], [ 5.9092038, 45.563705 ], [ 5.9094, 45.5636774 ], [ 5.9094382, 45.5636728 ] ] ] } },
{ "type": "Feature", "properties": { "id_bien": "BAT-BO-0004", "nom": "École Élémentaire du Haut-Maché", "type_bien": "ENS", "quartier": "BO", "adresse": "577 Fg Mache", "idu_parcelle": "73065000CR0201", "emprise_m2": 161.8, "nb_etages": 2, "hauteur_m": 10.6, "sdp_estimee_m2": 324.0, "usage_bdtopo": "Résidentiel", "nb_locaux": 5, "id_rnb": "XQTRQMEKNTSH", "cleabs": "BATIMENT0000000219251254", "type_bien_libelle": "Enseignement et petite enfance" }, "geometry": { "type": "Polygon", "coordinates": [ [ [ 5.909392, 45.5636478 ], [ 5.9093003, 45.5636601 ], [ 5.9092794, 45.5635796 ], [ 5.9093928, 45.5635658 ], [ 5.9095049, 45.5635512 ], [ 5.9095271, 45.5636308 ], [ 5.9094302, 45.5636433 ], [ 5.909392, 45.5636478 ] ] ] } },
{ "type": "Feature", "properties": { "id_bien": "BAT-BO-0005", "nom": null, "type_bien": "AQU", "quartier": "BO", "adresse": "Mte Saint-Sebastien", "idu_parcelle": "73065000CR0300", "emprise_m2": 27.9, "nb_etages": null, "hauteur_m": 17.9, "sdp_estimee_m2": null, "usage_bdtopo": "Indifférencié", "nb_locaux": 0, "id_rnb": "2E2VPMA88FR1", "cleabs": "BATIMENT0000000219249192", "type_bien_libelle": "À qualifier" }, "geometry": { "type": "Polygon", "coordinates": [ [ [ 5.9143471, 45.5634699 ], [ 5.9144121, 45.5634367 ], [ 5.9144497, 45.563469 ], [ 5.9144386, 45.5634765 ], [ 5.914391, 45.5634985 ], [ 5.9143471, 45.5634699 ] ] ] } },
{ "type": "Feature", "properties": { "id_bien": "BAT-BO-0006", "nom": "École Élémentaire du Haut-Maché", "type_bien": "ENS", "quartier": "BO", "adresse": "577 Fg Mache", "idu_parcelle": "73065000CR0201", "emprise_m2": 159.2, "nb_etages": null, "hauteur_m": 10.5, "sdp_estimee_m2": null, "usage_bdtopo": "Commercial et services", "nb_locaux": 5, "id_rnb": "TSTXRYF4QVYE", "cleabs": "BATIMENT0000000219251255", "type_bien_libelle": "Enseignement et petite enfance" }, "geometry": { "type": "Polygon", "coordinates": [ [ [ 5.9092519, 45.5634722 ], [ 5.9092311, 45.5633934 ], [ 5.9094554, 45.5633651 ], [ 5.9094762, 45.5634447 ], [ 5.9093641, 45.5634584 ], [ 5.9092519, 45.5634722 ] ] ] } },
{ "type": "Feature", "properties": { "id_bien": "BAT-BO-0007", "nom": "École Maternelle du Haut-Maché", "type_bien": "ENS", "quartier": "BO", "adresse": "577 Fg Mache", "idu_parcelle": "73065000CR0201", "emprise_m2": 757.3, "nb_etages": null, "hauteur_m": 4.2, "sdp_estimee_m2": null, "usage_bdtopo": "Commercial et services", "nb_locaux": 5, "id_rnb": "QCKMSW73SVZY", "cleabs": "BATIMENT0000000219251238", "type_bien_libelle": "Enseignement et petite enfance" }, "geometry": { "type": "Polygon", "coordinates": [ [ [ 5.9100509, 45.5636398 ], [ 5.9099566, 45.5632602 ], [ 5.9101757, 45.5632311 ], [ 5.9102765, 45.5636114 ], [ 5.9100509, 45.5636398 ] ] ] } },
{ "type": "Feature", "properties": { "id_bien": "BAT-BO-0008", "nom": "Groupe Scolaire le Biollay", "type_bien": "ENS", "quartier": "BO", "adresse": "21 Rue Jean Gotteland", "idu_parcelle": "73065000CP0044", "emprise_m2": 700.8, "nb_etages": null, "hauteur_m": 13.5, "sdp_estimee_m2": null, "usage_bdtopo": "Commercial et services", "nb_locaux": 10, "id_rnb": "TKKQ6QXNXG7R", "cleabs": "BATIMENT0000000219251365", "type_bien_libelle": "Enseignement et petite enfance" }, "geometry": { "type": "Polygon", "coordinates": [ [ [ 5.9028137, 45.5628394 ], [ 5.9028578, 45.5627752 ], [ 5.9029963, 45.562823 ], [ 5.9030072, 45.5628101 ], [ 5.9037125, 45.5630514 ], [ 5.9036587, 45.5631257 ], [ 5.9034601, 45.5630579 ], [ 5.9034303, 45.5630992 ], [ 5.9033858, 45.5630832 ], [ 5.9034144, 45.563042 ], [ 5.9029533, 45.5628845 ], [ 5.9029222, 45.5629276 ], [ 5.9028805, 45.5629143 ], [ 5.9029116, 45.5628711 ], [ 5.9028137, 45.5628394 ] ] ] } },
{ "type": "Feature", "properties": { "id_bien": "BAT-BO-0009", "nom": null, "type_bien": "ANX", "quartier": "BO", "adresse": "6 Mte Du Rucher", "idu_parcelle": "73065000CR0080", "emprise_m2": 42.0, "nb_etages": 1, "hauteur_m": 6.3, "sdp_estimee_m2": 42.0, "usage_bdtopo": "Annexe", "nb_locaux": 2, "id_rnb": "C2WHQAPRW1J6", "cleabs": "BATIMENT0000000219249794", "type_bien_libelle": "Annexe" }, "geometry": { "type": "Polygon", "coordinates": [ [ [ 5.914106, 45.5624705 ], [ 5.914074, 45.5623993 ], [ 5.9141376, 45.5623886 ], [ 5.9141695, 45.5624572 ], [ 5.9141581, 45.5624602 ], [ 5.914106, 45.5624705 ] ] ] } },
{ "type": "Feature", "properties": { "id_bien": "BAT-BO-0010", "nom": "Groupe Scolaire le Biollay", "type_bien": "ENS", "quartier": "BO", "adresse": "20 Rue Jean Gotteland", "idu_parcelle": "73065000CP0046", "emprise_m2": 525.8, "nb_etages": null, "hauteur_m": 17.4, "sdp_estimee_m2": null, "usage_bdtopo": "Commercial et services", "nb_locaux": 0, "id_rnb": "DR9W8TX6931J", "cleabs": "BATIMENT0000000219251326", "type_bien_libelle": "Enseignement et petite enfance" }, "geometry": { "type": "Polygon", "coordinates": [ [ [ 5.902733, 45.5626694 ], [ 5.9026336, 45.5626332 ], [ 5.9026001, 45.5626782 ], [ 5.9025582, 45.5626622 ], [ 5.9025893, 45.5626199 ], [ 5.9022261, 45.5624951 ], [ 5.9021989, 45.5625381 ], [ 5.9021545, 45.562523 ], [ 5.9021832, 45.5624827 ], [ 5.9021205, 45.5624618 ], [ 5.9021717, 45.5623865 ], [ 5.9027855, 45.5625942 ], [ 5.902733, 45.5626694 ] ] ] } },
{ "type": "Feature", "properties": { "id_bien": "BAT-BO-0011", "nom": "Groupe Scolaire le Biollay", "type_bien": "ENS", "quartier": "BO", "adresse": "21 Rue Jean Gotteland", "idu_parcelle": "73065000CP0044", "emprise_m2": 962.5, "nb_etages": null, "hauteur_m": 5.6, "sdp_estimee_m2": null, "usage_bdtopo": "Commercial et services", "nb_locaux": 10, "id_rnb": "57V8A8RYW54W", "cleabs": "BATIMENT0000000219250845", "type_bien_libelle": "Enseignement et petite enfance" }, "geometry": { "type": "Polygon", "coordinates": [ [ [ 5.9031555, 45.5623602 ], [ 5.9034332, 45.5619557 ], [ 5.9035417, 45.5619934 ], [ 5.9033461, 45.5622769 ], [ 5.9038971, 45.5624609 ], [ 5.9038436, 45.5625407 ], [ 5.9032888, 45.5623586 ], [ 5.9032388, 45.562432 ], [ 5.9031878, 45.5624143 ], [ 5.903213, 45.5623804 ], [ 5.9031555, 45.5623602 ] ] ] } },
{ "type": "Feature", "properties": { "id_bien": "BAT-BO-0012", "nom": "Groupe Scolaire le Biollay", "type_bien": "ENS", "quartier": "BO", "adresse": "21 Rue Jean Gotteland", "idu_parcelle": "73065000CP0044", "emprise_m2": 67.3, "nb_etages": null, "hauteur_m": 4.7, "sdp_estimee_m2": null, "usage_bdtopo": "Commercial et services", "nb_locaux": 10, "id_rnb": "E8QXFBBYGEK2", "cleabs": "BATIMENT0000000012712812", "type_bien_libelle": "Enseignement et petite enfance" }, "geometry": { "type": "Polygon", "coordinates": [ [ [ 5.903635, 45.5621829 ], [ 5.903558, 45.5621831 ], [ 5.903533, 45.5621459 ], [ 5.9035477, 45.5621095 ], [ 5.9036219, 45.562104 ], [ 5.9036581, 45.5621346 ], [ 5.903635, 45.5621829 ] ] ] } },
{ "type": "Feature", "properties": { "id_bien": "BAT-BO-0013", "nom": null, "type_bien": "ANX", "quartier": "BO", "adresse": "350 Che Des Vieux Capucins", "idu_parcelle": "73065000CP0006", "emprise_m2": 135.1, "nb_etages": 3, "hauteur_m": 11.0, "sdp_estimee_m2": 405.0, "usage_bdtopo": "Annexe", "nb_locaux": 8, "id_rnb": "XF4X6BSKSQK4", "cleabs": "BATIMENT0000000219250848", "type_bien_libelle": "Annexe" }, "geometry": { "type": "Polygon", "coordinates": [ [ [ 5.9005267, 45.5621317 ], [ 5.9005302, 45.5621244 ], [ 5.9006129, 45.5620871 ], [ 5.9006123, 45.5620754 ], [ 5.9006651, 45.562056 ], [ 5.9007234, 45.5621149 ], [ 5.900666, 45.5621461 ], [ 5.9006889, 45.5621671 ], [ 5.9006195, 45.562214 ], [ 5.9005267, 45.5621317 ] ] ] } },
{ "type": "Feature", "properties": { "id_bien": "BAT-BO-0014", "nom": null, "type_bien": "AQU", "quartier": "BO", "adresse": "350 Che Des Vieux Capucins", "idu_parcelle": "73065000CP0006", "emprise_m2": 22.6, "nb_etages": null, "hauteur_m": 12.1, "sdp_estimee_m2": null, "usage_bdtopo": "Indifférencié", "nb_locaux": 8, "id_rnb": "2QNABQ7MQ68G", "cleabs": "BATIMENT0000000219253082", "type_bien_libelle": "À qualifier" }, "geometry": { "type": "Polygon", "coordinates": [ [ [ 5.9006285, 45.5620182 ], [ 5.9006683, 45.5619937 ], [ 5.9007114, 45.5620332 ], [ 5.9006651, 45.562056 ], [ 5.9006285, 45.5620182 ] ] ] } },
{ "type": "Feature", "properties": { "id_bien": "BAT-BO-0015", "nom": null, "type_bien": "LOG", "quartier": "BO", "adresse": "360 Che Des Vieux Capucins", "idu_parcelle": "73065000CP0166", "emprise_m2": 134.8, "nb_etages": 3, "hauteur_m": 12.0, "sdp_estimee_m2": 404.0, "usage_bdtopo": "Résidentiel", "nb_locaux": 2, "id_rnb": "JCY5PTKEZVT3", "cleabs": "BATIMENT0000000219250849", "type_bien_libelle": "Logement" }, "geometry": { "type": "Polygon", "coordinates": [ [ [ 5.9006683, 45.5619937 ], [ 5.9006654, 45.5619875 ], [ 5.9006767, 45.5619836 ], [ 5.9006795, 45.561988 ], [ 5.900711, 45.5619764 ], [ 5.9007069, 45.5619711 ], [ 5.900727, 45.5619634 ], [ 5.9007336, 45.5619677 ], [ 5.9008674, 45.5620481 ], [ 5.9007721, 45.5620902 ], [ 5.9007234, 45.5621149 ], [ 5.9006651, 45.562056 ], [ 5.9007114, 45.5620332 ], [ 5.9006683, 45.5619937 ] ] ] } },
{ "type": "Feature", "properties": { "id_bien": "BAT-BO-0016", "nom": null, "type_bien": "LOG", "quartier": "BO", "adresse": "282 Che Du Biollay", "idu_parcelle": "73065000CP0271", "emprise_m2": 177.4, "nb_etages": null, "hauteur_m": 3.6, "sdp_estimee_m2": null, "usage_bdtopo": "Résidentiel", "nb_locaux": 0, "id_rnb": "PGGG5K1DPH8M", "cleabs": "BATIMENT0000002207451866", "type_bien_libelle": "Logement" }, "geometry": { "type": "Polygon", "coordinates": [ [ [ 5.908111, 45.5619464 ], [ 5.9080203, 45.5619533 ], [ 5.9079831, 45.5617821 ], [ 5.9081233, 45.5617659 ], [ 5.908111, 45.5619464 ] ] ] } },
{ "type": "Feature", "properties": { "id_bien": "BAT-BO-0017", "nom": null, "type_bien": "AQU", "quartier": "BO", "adresse": "202 Av Georges Clemenceau", "idu_parcelle": "73065000CP0326", "emprise_m2": 18.4, "nb_etages": null, "hauteur_m": 21.1, "sdp_estimee_m2": null, "usage_bdtopo": "Indifférencié", "nb_locaux": 0, "id_rnb": "52CN8GNBGSR4", "cleabs": "BATIMENT0000000219253159", "type_bien_libelle": "À qualifier" }, "geometry": { "type": "Polygon", "coordinates": [ [ [ 5.9051446, 45.5618844 ], [ 5.9051546, 45.5618319 ], [ 5.9051933, 45.5618354 ], [ 5.9051845, 45.5618888 ], [ 5.9051446, 45.5618844 ] ] ] } },
{ "type": "Feature", "properties": { "id_bien": "BAT-BO-0018", "nom": null, "type_bien": "COM", "quartier": "BO", "adresse": "119 Pl Rene Vair", "idu_parcelle": "73065000CP0047", "emprise_m2": 601.7, "nb_etages": 1, "hauteur_m": 8.6, "sdp_estimee_m2": 602.0, "usage_bdtopo": "Commercial et services", "nb_locaux": 2, "id_rnb": "Z3XZN7MHMB31", "cleabs": "BATIMENT0000002008968358", "type_bien_libelle": "Commerce et marché" }, "geometry": { "type": "Polygon", "coordinates": [ [ [ 5.9031901, 45.561697 ], [ 5.903067, 45.5616507 ], [ 5.9030466, 45.5616773 ], [ 5.9028177, 45.5615922 ], [ 5.9029234, 45.5614552 ], [ 5.903002, 45.5614865 ], [ 5.9030236, 45.561458 ], [ 5.9030603, 45.5614724 ], [ 5.9030675, 45.5614641 ], [ 5.9033005, 45.5615518 ], [ 5.9031901, 45.561697 ] ] ] } },
{ "type": "Feature", "properties": { "id_bien": "BAT-BO-0019", "nom": null, "type_bien": "AQU", "quartier": "BO", "adresse": "81 Pl Rene Vair", "idu_parcelle": "73065000CP0075", "emprise_m2": 204.9, "nb_etages": 1, "hauteur_m": 8.3, "sdp_estimee_m2": 205.0, "usage_bdtopo": "Indifférencié", "nb_locaux": 1, "id_rnb": "GGDYS6XKX6ZZ", "cleabs": "BATIMENT0000000219253067", "type_bien_libelle": "À qualifier" }, "geometry": { "type": "Polygon", "coordinates": [ [ [ 5.9032609, 45.5613591 ], [ 5.903428, 45.5614404 ], [ 5.9033495, 45.5615334 ], [ 5.9031727, 45.5614632 ], [ 5.9032073, 45.5614146 ], [ 5.9032609, 45.5613591 ] ] ] } },
{ "type": "Feature", "properties": { "id_bien": "BAT-BO-0020", "nom": "Gymnase du Biollay", "type_bien": "SPO", "quartier": "BO", "adresse": "Rue Oradour-Sur-Glane", "idu_parcelle": "73065000CP0203", "emprise_m2": 1185.5, "nb_etages": null, "hauteur_m": 8.4, "sdp_estimee_m2": null, "usage_bdtopo": "Sportif", "nb_locaux": 1, "id_rnb": "NNAMGRC3F4MC", "cleabs": "BATIMENT0000000219253109", "type_bien_libelle": "Sport" }, "geometry": { "type": "Polygon", "coordinates": [ [ [ 5.9036233, 45.5607109 ], [ 5.9041448, 45.5607253 ], [ 5.9041291, 45.5609879 ], [ 5.9036087, 45.5609716 ], [ 5.9036184, 45.5607894 ], [ 5.9036233, 45.5607109 ] ] ] } },
{ "type": "Feature", "properties": { "id_bien": "BAT-BO-0021", "nom": "Poste de Chambéry - le Biollay", "type_bien": "ADM", "quartier": "BO", "adresse": "169 Rue Oradour-Sur-Glane", "idu_parcelle": "73065000CP0057", "emprise_m2": 453.4, "nb_etages": 2, "hauteur_m": 5.3, "sdp_estimee_m2": 907.0, "usage_bdtopo": "Résidentiel", "nb_locaux": 1, "id_rnb": "DTEYFP7TSMTR", "cleabs": "BATIMENT0000000219253105", "type_bien_libelle": "Administration" }, "geometry": { "type": "Polygon", "coordinates": [ [ [ 5.9023521, 45.5600499 ], [ 5.9023561, 45.5599534 ], [ 5.9028969, 45.5599682 ], [ 5.9028929, 45.5600647 ], [ 5.9023521, 45.5600499 ] ] ] } },
{ "type": "Feature", "properties": { "id_bien": "BAT-BO-0022", "nom": null, "type_bien": "COM", "quartier": "BO", "adresse": "169 Rue Oradour-Sur-Glane", "idu_parcelle": "73065000CP0057", "emprise_m2": 452.5, "nb_etages": 2, "hauteur_m": 5.3, "sdp_estimee_m2": 905.0, "usage_bdtopo": "Commercial et services", "nb_locaux": 1, "id_rnb": "BKJAJB6N21HZ", "cleabs": "BATIMENT0000000219253103", "type_bien_libelle": "Commerce et marché" }, "geometry": { "type": "Polygon", "coordinates": [ [ [ 5.9023694, 45.5597422 ], [ 5.902905, 45.5597563 ], [ 5.9029011, 45.5598528 ], [ 5.9023629, 45.5598396 ], [ 5.9023694, 45.5597422 ] ] ] } },
{ "type": "Feature", "properties": { "id_bien": "BAT-BO-0023", "nom": null, "type_bien": "AQU", "quartier": "BO", "adresse": "Rue De Salins", "idu_parcelle": "73065000CP0082", "emprise_m2": 105.6, "nb_etages": null, "hauteur_m": 8.9, "sdp_estimee_m2": null, "usage_bdtopo": "Indifférencié", "nb_locaux": 0, "id_rnb": "ZVTPXDESBA8E", "cleabs": "BATIMENT0000000219253069", "type_bien_libelle": "À qualifier" }, "geometry": { "type": "Polygon", "coordinates": [ [ [ 5.9013379, 45.5596661 ], [ 5.9014377, 45.5596356 ], [ 5.9015043, 45.5597321 ], [ 5.901498, 45.5597349 ], [ 5.9015063, 45.5597464 ], [ 5.9014836, 45.5597533 ], [ 5.9014765, 45.5597409 ], [ 5.9014034, 45.5597644 ], [ 5.9013379, 45.5596661 ] ] ] } },
{ "type": "Feature", "properties": { "id_bien": "BAT-BO-0024", "nom": null, "type_bien": "COM", "quartier": "BO", "adresse": "141 Rue De Salins", "idu_parcelle": "73065000CP0349", "emprise_m2": 790.8, "nb_etages": 1, "hauteur_m": 4.2, "sdp_estimee_m2": 791.0, "usage_bdtopo": "Commercial et services", "nb_locaux": 1, "id_rnb": "JR3Q7ATNQWED", "cleabs": "BATIMENT0000000219253132", "type_bien_libelle": "Commerce et marché" }, "geometry": { "type": "Polygon", "coordinates": [ [ [ 5.9016412, 45.5598475 ], [ 5.9016469, 45.5597608 ], [ 5.9017112, 45.5597637 ], [ 5.9017349, 45.5594324 ], [ 5.9018904, 45.5594383 ], [ 5.9018944, 45.5593922 ], [ 5.901951, 45.5593943 ], [ 5.9019239, 45.5598077 ], [ 5.9017915, 45.559803 ], [ 5.9017876, 45.5598518 ], [ 5.9016412, 45.5598475 ] ] ] } },
{ "type": "Feature", "properties": { "id_bien": "BAT-BO-0025", "nom": null, "type_bien": "COM", "quartier": "BO", "adresse": "454 Rue De Salins", "idu_parcelle": "73065000CP0060", "emprise_m2": 136.1, "nb_etages": 1, "hauteur_m": 4.7, "sdp_estimee_m2": 136.0, "usage_bdtopo": "Commercial et services", "nb_locaux": 1, "id_rnb": "CHNTWSTXCHSM", "cleabs": "BATIMENT0000000219253081", "type_bien_libelle": "Commerce et marché" }, "geometry": { "type": "Polygon", "coordinates": [ [ [ 5.9016836, 45.5587462 ], [ 5.9017976, 45.5585972 ], [ 5.9018474, 45.5586158 ], [ 5.9018281, 45.5586397 ], [ 5.9018765, 45.5586574 ], [ 5.9018165, 45.5587364 ], [ 5.9017916, 45.5587271 ], [ 5.9017568, 45.5587731 ], [ 5.9016836, 45.5587462 ] ] ] } },
{ "type": "Feature", "properties": { "id_bien": "BAT-CE-0001", "nom": null, "type_bien": "COM", "quartier": "CE", "adresse": "1263 Av De La Boisse", "idu_parcelle": "73065000BY0018", "emprise_m2": 231.5, "nb_etages": 2, "hauteur_m": 8.5, "sdp_estimee_m2": 463.0, "usage_bdtopo": "Commercial et services", "nb_locaux": 1, "id_rnb": "2N1EWKYQ8AXP", "cleabs": "BATIMENT0000000219259071", "type_bien_libelle": "Commerce et marché" }, "geometry": { "type": "Polygon", "coordinates": [ [ [ 5.9115289, 45.5808889 ], [ 5.9115473, 45.5808974 ], [ 5.9115657, 45.5809059 ], [ 5.91166, 45.5809422 ], [ 5.911564, 45.5810691 ], [ 5.9114385, 45.5810237 ], [ 5.9114671, 45.5808607 ], [ 5.9115289, 45.5808889 ] ] ] } },
{ "type": "Feature", "properties": { "id_bien": "BAT-CE-0002", "nom": null, "type_bien": "LOG", "quartier": "CE", "adresse": "1029 Av De La Boisse", "idu_parcelle": "73065000BY0023", "emprise_m2": 90.9, "nb_etages": 2, "hauteur_m": 9.4, "sdp_estimee_m2": 182.0, "usage_bdtopo": "Résidentiel", "nb_locaux": 2, "id_rnb": "5BD6AJ8F6EQZ", "cleabs": "BATIMENT0000000219248812", "type_bien_libelle": "Logement" }, "geometry": { "type": "Polygon", "coordinates": [ [ [ 5.912888, 45.5791821 ], [ 5.9129977, 45.5790973 ], [ 5.9130187, 45.5790814 ], [ 5.913045, 45.5790934 ], [ 5.9130063, 45.5791385 ], [ 5.9130457, 45.5791555 ], [ 5.9129928, 45.5792236 ], [ 5.912888, 45.5791821 ] ] ] } },
{ "type": "Feature", "properties": { "id_bien": "BAT-CE-0003", "nom": null, "type_bien": "COM", "quartier": "CE", "adresse": "1015 Av De La Boisse", "idu_parcelle": "73065000BY0024", "emprise_m2": 105.7, "nb_etages": 2, "hauteur_m": 6.9, "sdp_estimee_m2": 211.0, "usage_bdtopo": "Commercial et services", "nb_locaux": 4, "id_rnb": "YKQN2PMAA66W", "cleabs": "BATIMENT0000000219248813", "type_bien_libelle": "Commerce et marché" }, "geometry": { "type": "Polygon", "coordinates": [ [ [ 5.9130187, 45.5790814 ], [ 5.9130963, 45.57902 ], [ 5.9131414, 45.5789755 ], [ 5.9132148, 45.578906 ], [ 5.9132319, 45.5789137 ], [ 5.9131862, 45.5789735 ], [ 5.9131154, 45.5790663 ], [ 5.9130937, 45.579093 ], [ 5.9130457, 45.5791555 ], [ 5.9130063, 45.5791385 ], [ 5.913045, 45.5790934 ], [ 5.9130187, 45.5790814 ] ] ] } },
{ "type": "Feature", "properties": { "id_bien": "BAT-CE-0004", "nom": null, "type_bien": "AQU", "quartier": "CE", "adresse": "Rue Docteur Vernier", "idu_parcelle": "73065000BS0117", "emprise_m2": 21.7, "nb_etages": null, "hauteur_m": 2.5, "sdp_estimee_m2": null, "usage_bdtopo": "Indifférencié", "nb_locaux": 0, "id_rnb": "BEGZCA4319JC", "cleabs": "BATIMENT0000000219248752", "type_bien_libelle": "À qualifier" }, "geometry": { "type": "Polygon", "coordinates": [ [ [ 5.9200381, 45.5763375 ], [ 5.9200115, 45.5762949 ], [ 5.920038, 45.576287 ], [ 5.9200621, 45.576281 ], [ 5.9200818, 45.5763147 ], [ 5.9200874, 45.5763245 ], [ 5.9200583, 45.5763316 ], [ 5.9200381, 45.5763375 ] ] ] } },
{ "type": "Feature", "properties": { "id_bien": "BAT-CE-0005", "nom": null, "type_bien": "TEC", "quartier": "CE", "adresse": "18 Av Chevaliers Tireurs", "idu_parcelle": "73065000BZ0349", "emprise_m2": 1029.6, "nb_etages": null, "hauteur_m": 7.6, "sdp_estimee_m2": null, "usage_bdtopo": "Industriel", "nb_locaux": 0, "id_rnb": "9M63FR89TTRB", "cleabs": "BATIMENT0000000219258152", "type_bien_libelle": "Technique et logistique" }, "geometry": { "type": "Polygon", "coordinates": [ [ [ 5.9097541, 45.5765114 ], [ 5.9097582, 45.5765158 ], [ 5.9097623, 45.5765202 ], [ 5.9097626, 45.5765265 ], [ 5.9097617, 45.5765328 ], [ 5.9097581, 45.5765383 ], [ 5.9097532, 45.5765439 ], [ 5.9097223, 45.5765645 ], [ 5.909711, 45.5765702 ], [ 5.9097035, 45.5765731 ], [ 5.9096933, 45.5765742 ], [ 5.9096829, 45.5765727 ], [ 5.9096751, 45.5765702 ], [ 5.9096589, 45.5765544 ], [ 5.9096535, 45.5765509 ], [ 5.9096498, 45.5765528 ], [ 5.9095271, 45.576611 ], [ 5.9095196, 45.5766148 ], [ 5.9093796, 45.5766617 ], [ 5.909376, 45.5766654 ], [ 5.909371, 45.5766691 ], [ 5.9093661, 45.5766728 ], [ 5.9093244, 45.5766856 ], [ 5.9093129, 45.5766859 ], [ 5.9093064, 45.5766852 ], [ 5.9092986, 45.5766827 ], [ 5.9092905, 45.5766748 ], [ 5.9091729, 45.5764643 ], [ 5.9091713, 45.576458 ], [ 5.9091698, 45.5764535 ], [ 5.9091734, 45.5764489 ], [ 5.9091784, 45.5764461 ], [ 5.9091847, 45.5764432 ], [ 5.9091961, 45.5764402 ], [ 5.9092076, 45.576439 ], [ 5.9092127, 45.5764398 ], [ 5.909218, 45.5764415 ], [ 5.9092289, 45.5764547 ], [ 5.90935, 45.5764155 ], [ 5.9094529, 45.5763705 ], [ 5.909454, 45.5763669 ], [ 5.9094511, 45.5763616 ], [ 5.9094001, 45.5763178 ], [ 5.9093972, 45.5763116 ], [ 5.9093956, 45.5763053 ], [ 5.9093952, 45.5762981 ], [ 5.9094, 45.5762926 ], [ 5.9094049, 45.576288 ], [ 5.9094236, 45.5762767 ], [ 5.9094298, 45.5762738 ], [ 5.9094401, 45.5762735 ], [ 5.9094504, 45.5762751 ], [ 5.9094584, 45.5762794 ], [ 5.9097541, 45.5765114 ] ] ] } },
{ "type": "Feature", "properties": { "id_bien": "BAT-CE-0006", "nom": null, "type_bien": "AQU", "quartier": "CE", "adresse": "18 Av Chevaliers Tireurs", "idu_parcelle": "73065000BZ0349", "emprise_m2": 63.7, "nb_etages": null, "hauteur_m": 3.2, "sdp_estimee_m2": null, "usage_bdtopo": "Indifférencié", "nb_locaux": 0, "id_rnb": null, "cleabs": "BATIMENT0000002490052831", "type_bien_libelle": "À qualifier" }, "geometry": { "type": "Polygon", "coordinates": [ [ [ 5.9089619, 45.5761589 ], [ 5.909038, 45.5761416 ], [ 5.9090785, 45.5762288 ], [ 5.9090024, 45.5762461 ], [ 5.9089619, 45.5761589 ] ] ] } },
{ "type": "Feature", "properties": { "id_bien": "BAT-CE-0007", "nom": null, "type_bien": "AQU", "quartier": "CE", "adresse": "18 Av Chevaliers Tireurs", "idu_parcelle": "73065000BZ0349", "emprise_m2": 87.3, "nb_etages": null, "hauteur_m": 5.9, "sdp_estimee_m2": null, "usage_bdtopo": "Indifférencié", "nb_locaux": 0, "id_rnb": "X26KY7V6D41S", "cleabs": "BATIMENT0000000129533265", "type_bien_libelle": "À qualifier" }, "geometry": { "type": "Polygon", "coordinates": [ [ [ 5.9095119, 45.5762726 ], [ 5.9094301, 45.5762062 ], [ 5.9095172, 45.5761535 ], [ 5.9095988, 45.5762163 ], [ 5.9095119, 45.5762726 ] ] ] } },
{ "type": "Feature", "properties": { "id_bien": "BAT-CE-0008", "nom": null, "type_bien": "AQU", "quartier": "CE", "adresse": "18 Av Chevaliers Tireurs", "idu_parcelle": "73065000BZ0349", "emprise_m2": 299.5, "nb_etages": null, "hauteur_m": 5.7, "sdp_estimee_m2": null, "usage_bdtopo": "Indifférencié", "nb_locaux": 0, "id_rnb": "4K97VQF58GK5", "cleabs": "BATIMENT0000000219258144", "type_bien_libelle": "À qualifier" }, "geometry": { "type": "Polygon", "coordinates": [ [ [ 5.9091594, 45.5759609 ], [ 5.9092076, 45.5760732 ], [ 5.9091796, 45.5760784 ], [ 5.9091826, 45.5760856 ], [ 5.9091191, 45.5760989 ], [ 5.9091148, 45.57609 ], [ 5.9090414, 45.5761081 ], [ 5.908926, 45.5761346 ], [ 5.9088766, 45.576025 ], [ 5.9091594, 45.5759609 ] ] ] } },
{ "type": "Feature", "properties": { "id_bien": "BAT-CE-0009", "nom": null, "type_bien": "COM", "quartier": "CE", "adresse": "80 Rue Francois Descotes", "idu_parcelle": "73065000BZ0031", "emprise_m2": 171.9, "nb_etages": 1, "hauteur_m": 4.1, "sdp_estimee_m2": 172.0, "usage_bdtopo": "Commercial et services", "nb_locaux": 1, "id_rnb": "XX9EEK6WXESE", "cleabs": "BATIMENT0000000219248324", "type_bien_libelle": "Commerce et marché" }, "geometry": { "type": "Polygon", "coordinates": [ [ [ 5.9125736, 45.5754472 ], [ 5.9125774, 45.5754462 ], [ 5.9127052, 45.5754609 ], [ 5.9126693, 45.5756078 ], [ 5.912579, 45.5755984 ], [ 5.9125391, 45.5755949 ], [ 5.9125736, 45.5754472 ] ] ] } },
{ "type": "Feature", "properties": { "id_bien": "BAT-CE-0010", "nom": "École Élémentaire le Stade", "type_bien": "ENS", "quartier": "CE", "adresse": "222 Av Alsace-Lorraine", "idu_parcelle": "73065000CE0001", "emprise_m2": 491.8, "nb_etages": null, "hauteur_m": 10.6, "sdp_estimee_m2": null, "usage_bdtopo": "Commercial et services", "nb_locaux": 6, "id_rnb": "MRTWPDP6H38P", "cleabs": "BATIMENT0000000219247930", "type_bien_libelle": "Enseignement et petite enfance" }, "geometry": { "type": "Polygon", "coordinates": [ [ [ 5.9114296, 45.5748947 ], [ 5.9114339, 45.5749766 ], [ 5.9113172, 45.5749769 ], [ 5.9113176, 45.5750093 ], [ 5.9112265, 45.5750099 ], [ 5.9112248, 45.5749775 ], [ 5.9109349, 45.5749787 ], [ 5.9109322, 45.5749517 ], [ 5.9107026, 45.5749523 ], [ 5.9107018, 45.5748892 ], [ 5.9107468, 45.5748899 ], [ 5.9107472, 45.5748989 ], [ 5.9111153, 45.5748956 ], [ 5.9114296, 45.5748947 ] ] ] } },
{ "type": "Feature", "properties": { "id_bien": "BAT-CE-0011", "nom": "École Maternelle le Stade", "type_bien": "ENS", "quartier": "CE", "adresse": "222 Av Alsace-Lorraine", "idu_parcelle": "73065000CE0001", "emprise_m2": 428.3, "nb_etages": null, "hauteur_m": 2.8, "sdp_estimee_m2": null, "usage_bdtopo": "Commercial et services", "nb_locaux": 6, "id_rnb": "THYXDH6F31QA", "cleabs": "BATIMENT0000000219258154", "type_bien_libelle": "Enseignement et petite enfance" }, "geometry": { "type": "Polygon", "coordinates": [ [ [ 5.9106987, 45.5747325 ], [ 5.9106958, 45.5745542 ], [ 5.9108138, 45.5745547 ], [ 5.9108136, 45.5745737 ], [ 5.9108147, 45.5746196 ], [ 5.9111495, 45.5746172 ], [ 5.911156, 45.5746189 ], [ 5.911154, 45.5747036 ], [ 5.9108987, 45.5747039 ], [ 5.9108179, 45.5747051 ], [ 5.9108185, 45.5747168 ], [ 5.910775, 45.5747179 ], [ 5.9107744, 45.5747315 ], [ 5.9106987, 45.5747325 ] ] ] } },
{ "type": "Feature", "properties": { "id_bien": "BAT-CE-0012", "nom": null, "type_bien": "LOG", "quartier": "CE", "adresse": "235 Av Alsace-Lorraine", "idu_parcelle": "73065000CD0198", "emprise_m2": 742.7, "nb_etages": null, "hauteur_m": 4.8, "sdp_estimee_m2": null, "usage_bdtopo": "Résidentiel", "nb_locaux": 0, "id_rnb": "QJC1GHV5T117", "cleabs": "BATIMENT0000002223223909", "type_bien_libelle": "Logement" }, "geometry": { "type": "Polygon", "coordinates": [ [ [ 5.9067216, 45.5748625 ], [ 5.9066797, 45.5747969 ], [ 5.9077801, 45.5744711 ], [ 5.9078208, 45.5745367 ], [ 5.9067216, 45.5748625 ] ] ] } },
{ "type": "Feature", "properties": { "id_bien": "BAT-CE-0013", "nom": "École Maternelle le Stade", "type_bien": "ENS", "quartier": "CE", "adresse": "222 Av Alsace-Lorraine", "idu_parcelle": "73065000CE0001", "emprise_m2": 340.6, "nb_etages": null, "hauteur_m": 2.8, "sdp_estimee_m2": null, "usage_bdtopo": "Commercial et services", "nb_locaux": 6, "id_rnb": "M8KV2D1TGE6C", "cleabs": "BATIMENT0000000219247932", "type_bien_libelle": "Enseignement et petite enfance" }, "geometry": { "type": "Polygon", "coordinates": [ [ [ 5.9112657, 45.5744124 ], [ 5.9112679, 45.5745754 ], [ 5.9112601, 45.5745747 ], [ 5.9112599, 45.5745954 ], [ 5.9112564, 45.5746009 ], [ 5.9112516, 45.5746074 ], [ 5.9112455, 45.5746138 ], [ 5.9112407, 45.5746194 ], [ 5.911156, 45.5746189 ], [ 5.9111495, 45.5746172 ], [ 5.9111471, 45.5745722 ], [ 5.9110534, 45.574572 ], [ 5.9110539, 45.5744106 ], [ 5.9111386, 45.5744111 ], [ 5.9111759, 45.574412 ], [ 5.9112657, 45.5744124 ] ] ] } },
{ "type": "Feature", "properties": { "id_bien": "BAT-CE-0014", "nom": null, "type_bien": "COM", "quartier": "CE", "adresse": "235 Av Alsace-Lorraine", "idu_parcelle": "73065000CD0158", "emprise_m2": 1943.6, "nb_etages": 1, "hauteur_m": 4.1, "sdp_estimee_m2": 1944.0, "usage_bdtopo": "Commercial et services", "nb_locaux": 2, "id_rnb": "78NVF8Y3XPJ6", "cleabs": "BATIMENT0000000219258289", "type_bien_libelle": "Commerce et marché" }, "geometry": { "type": "Polygon", "coordinates": [ [ [ 5.9064742, 45.5744508 ], [ 5.9066928, 45.5743866 ], [ 5.9072004, 45.5742311 ], [ 5.9072162, 45.5742622 ], [ 5.9073443, 45.5744787 ], [ 5.9073583, 45.5745018 ], [ 5.9066275, 45.5747072 ], [ 5.9064742, 45.5744508 ] ] ] } },
{ "type": "Feature", "properties": { "id_bien": "BAT-CE-0015", "nom": null, "type_bien": "AQU", "quartier": "CE", "adresse": "235 Av Alsace-Lorraine", "idu_parcelle": "73065000CD0158", "emprise_m2": 852.9, "nb_etages": 1, "hauteur_m": 5.4, "sdp_estimee_m2": 853.0, "usage_bdtopo": "Indifférencié", "nb_locaux": 2, "id_rnb": "VN383HTJZEAC", "cleabs": "BATIMENT0000000219258606", "type_bien_libelle": "À qualifier" }, "geometry": { "type": "Polygon", "coordinates": [ [ [ 5.9072162, 45.5742622 ], [ 5.9072004, 45.5742311 ], [ 5.9072676, 45.5742149 ], [ 5.9075679, 45.5741188 ], [ 5.9076276, 45.5742281 ], [ 5.9074849, 45.5742724 ], [ 5.9075134, 45.5743266 ], [ 5.9076626, 45.5742849 ], [ 5.9077173, 45.5743736 ], [ 5.9074164, 45.574458 ], [ 5.9073443, 45.5744787 ], [ 5.9072162, 45.5742622 ] ] ] } },
{ "type": "Feature", "properties": { "id_bien": "BAT-CE-0016", "nom": null, "type_bien": "SPO", "quartier": "CE", "adresse": "Av Alsace-Lorraine", "idu_parcelle": "73065000CD0201", "emprise_m2": 2483.0, "nb_etages": null, "hauteur_m": 19.4, "sdp_estimee_m2": null, "usage_bdtopo": "Sportif", "nb_locaux": 0, "id_rnb": "MZEBAYASZ7T5", "cleabs": "BATIMENT0000002329037015", "type_bien_libelle": "Sport" }, "geometry": { "type": "Polygon", "coordinates": [ [ [ 5.9093038, 45.5737504 ], [ 5.907986, 45.5741152 ], [ 5.9076444, 45.5740105 ], [ 5.9092126, 45.573578 ], [ 5.9093038, 45.5737504 ] ] ] } },
{ "type": "Feature", "properties": { "id_bien": "BAT-CE-0017", "nom": null, "type_bien": "COM", "quartier": "CE", "adresse": "488 Fg Reclus", "idu_parcelle": "73065000BS0031", "emprise_m2": 124.5, "nb_etages": 1, "hauteur_m": 7.8, "sdp_estimee_m2": 124.0, "usage_bdtopo": "Commercial et services", "nb_locaux": 1, "id_rnb": "61BKRJD55HK8/S7KDSV85MS4M", "cleabs": "BATIMENT0000000219248126", "type_bien_libelle": "Commerce et marché" }, "geometry": { "type": "Polygon", "coordinates": [ [ [ 5.922259, 45.5728547 ], [ 5.9222687, 45.5728923 ], [ 5.9221435, 45.5729271 ], [ 5.9221237, 45.5728925 ], [ 5.9220927, 45.5728401 ], [ 5.9222203, 45.5728016 ], [ 5.9222493, 45.5727928 ], [ 5.9222526, 45.5728305 ], [ 5.922259, 45.5728547 ] ] ] } },
{ "type": "Feature", "properties": { "id_bien": "BAT-CE-0018", "nom": null, "type_bien": "ANX", "quartier": "CE", "adresse": "488 Fg Reclus", "idu_parcelle": "73065000BS0029", "emprise_m2": 105.8, "nb_etages": 1, "hauteur_m": 7.0, "sdp_estimee_m2": 106.0, "usage_bdtopo": "Annexe", "nb_locaux": 1, "id_rnb": "JP1ZSFQFYBB9", "cleabs": "BATIMENT0000000219248128", "type_bien_libelle": "Annexe" }, "geometry": { "type": "Polygon", "coordinates": [ [ [ 5.922194, 45.5730096 ], [ 5.9221435, 45.5729271 ], [ 5.9222687, 45.5728923 ], [ 5.922281, 45.5729307 ], [ 5.9223026, 45.5729275 ], [ 5.92232, 45.572964 ], [ 5.9223242, 45.572972 ], [ 5.922194, 45.5730096 ] ] ] } },
{ "type": "Feature", "properties": { "id_bien": "BAT-CE-0019", "nom": null, "type_bien": "SPO", "quartier": "CE", "adresse": "1 Pl Du Stade", "idu_parcelle": "73065000CD0200", "emprise_m2": 1470.8, "nb_etages": null, "hauteur_m": 11.1, "sdp_estimee_m2": null, "usage_bdtopo": "Sportif", "nb_locaux": 1, "id_rnb": "WTWJWSBVQT6Q", "cleabs": "BATIMENT0000002329037013", "type_bien_libelle": "Sport" }, "geometry": { "type": "Polygon", "coordinates": [ [ [ 5.9087736, 45.5727901 ], [ 5.9088259, 45.5728824 ], [ 5.9072562, 45.5733123 ], [ 5.9072037, 45.5732172 ], [ 5.9087736, 45.5727901 ] ] ] } },
{ "type": "Feature", "properties": { "id_bien": "BAT-CE-0020", "nom": null, "type_bien": "AQU", "quartier": "CE", "adresse": "1 Pl Du Stade", "idu_parcelle": "73065000CD0199", "emprise_m2": 256.4, "nb_etages": null, "hauteur_m": 3.5, "sdp_estimee_m2": null, "usage_bdtopo": "Indifférencié", "nb_locaux": 1, "id_rnb": null, "cleabs": "BATIMENT0000002490052842", "type_bien_libelle": "À qualifier" }, "geometry": { "type": "Polygon", "coordinates": [ [ [ 5.9102684, 45.5727685 ], [ 5.9103274, 45.5727183 ], [ 5.9103351, 45.5727181 ], [ 5.910344, 45.5732054 ], [ 5.910285, 45.573206 ], [ 5.9102684, 45.5727685 ] ] ] } },
{ "type": "Feature", "properties": { "id_bien": "BAT-CE-0021", "nom": null, "type_bien": "AQU", "quartier": "CE", "adresse": "312 Rue Nicolas Parent", "idu_parcelle": "73065000CE0372", "emprise_m2": 182.7, "nb_etages": 1, "hauteur_m": 7.3, "sdp_estimee_m2": 183.0, "usage_bdtopo": "Indifférencié", "nb_locaux": 1, "id_rnb": "792QVCYD5SAD", "cleabs": "BATIMENT0000000219248425", "type_bien_libelle": "À qualifier" }, "geometry": { "type": "Polygon", "coordinates": [ [ [ 5.9144514, 45.5728709 ], [ 5.9145071, 45.5728082 ], [ 5.9145123, 45.5728108 ], [ 5.9145729, 45.5727425 ], [ 5.9146819, 45.5727902 ], [ 5.9146601, 45.5728142 ], [ 5.9146653, 45.5728167 ], [ 5.9145709, 45.5729237 ], [ 5.9144514, 45.5728709 ] ] ] } },
{ "type": "Feature", "properties": { "id_bien": "BAT-CE-0022", "nom": null, "type_bien": "AQU", "quartier": "CE", "adresse": "1 Pl Du Stade", "idu_parcelle": "73065000CD0199", "emprise_m2": 104.4, "nb_etages": null, "hauteur_m": 6.3, "sdp_estimee_m2": null, "usage_bdtopo": "Indifférencié", "nb_locaux": 1, "id_rnb": "PZQPNEVR7WNX", "cleabs": "BATIMENT0000002332063738", "type_bien_libelle": "À qualifier" }, "geometry": { "type": "Polygon", "coordinates": [ [ [ 5.910336, 45.5725892 ], [ 5.9102489, 45.5725924 ], [ 5.9102435, 45.5725384 ], [ 5.9101187, 45.5724822 ], [ 5.9101284, 45.5724477 ], [ 5.9103093, 45.5725196 ], [ 5.9103271, 45.5725183 ], [ 5.910336, 45.5725892 ] ] ] } },
{ "type": "Feature", "properties": { "id_bien": "BAT-CE-0023", "nom": null, "type_bien": "LOG", "quartier": "CE", "adresse": "2 Pl Du Stade", "idu_parcelle": "73065000CE0084", "emprise_m2": 407.9, "nb_etages": 7, "hauteur_m": 23.2, "sdp_estimee_m2": 2855.0, "usage_bdtopo": "Résidentiel", "nb_locaux": 1, "id_rnb": "1N6NRBJAT2Q3", "cleabs": "BATIMENT0000000219258161", "type_bien_libelle": "Logement" }, "geometry": { "type": "Polygon", "coordinates": [ [ [ 5.9110967, 45.5722199 ], [ 5.9109409, 45.5722834 ], [ 5.9109342, 45.5722773 ], [ 5.9108915, 45.5722946 ], [ 5.9108919, 45.5723027 ], [ 5.9109385, 45.5723114 ], [ 5.9109009, 45.5724016 ], [ 5.9107805, 45.5723804 ], [ 5.9107564, 45.5722386 ], [ 5.9110706, 45.5721142 ], [ 5.9110934, 45.5722056 ], [ 5.9110967, 45.5722199 ] ] ] } },
{ "type": "Feature", "properties": { "id_bien": "BAT-CE-0024", "nom": "Complexe Sportif Pierre Cot", "type_bien": "SPO", "quartier": "CE", "adresse": "247 Quai Des Allobroges", "idu_parcelle": "73065000CE0439", "emprise_m2": 1841.4, "nb_etages": 1, "hauteur_m": 11.1, "sdp_estimee_m2": 1841.0, "usage_bdtopo": "Sportif", "nb_locaux": 1, "id_rnb": "EP5CQDV4TQKM", "cleabs": "BATIMENT0000000219248309", "type_bien_libelle": "Sport" }, "geometry": { "type": "Polygon", "coordinates": [ [ [ 5.915925, 45.571837 ], [ 5.9159919, 45.571865 ], [ 5.9159944, 45.5718622 ], [ 5.9160614, 45.571892 ], [ 5.9160589, 45.5718948 ], [ 5.9160983, 45.5719118 ], [ 5.9161007, 45.5719081 ], [ 5.9161639, 45.571938 ], [ 5.9161615, 45.5719408 ], [ 5.9162336, 45.5719705 ], [ 5.9161702, 45.5720577 ], [ 5.9161427, 45.5720476 ], [ 5.9158551, 45.5724588 ], [ 5.9158864, 45.5724679 ], [ 5.9158229, 45.5725533 ], [ 5.9157613, 45.5725297 ], [ 5.9157577, 45.5725334 ], [ 5.9156898, 45.5725108 ], [ 5.9156908, 45.5725063 ], [ 5.9156399, 45.5724905 ], [ 5.9156376, 45.572495 ], [ 5.9155722, 45.5724706 ], [ 5.9155746, 45.5724669 ], [ 5.9155054, 45.5724444 ], [ 5.9155663, 45.572359 ], [ 5.9155938, 45.5723682 ], [ 5.9158992, 45.5719305 ], [ 5.9158572, 45.5719135 ], [ 5.9158415, 45.571932 ], [ 5.9157995, 45.5719141 ], [ 5.9158567, 45.5718541 ], [ 5.915887, 45.5718209 ], [ 5.915925, 45.571837 ] ] ] } },
{ "type": "Feature", "properties": { "id_bien": "BAT-CE-0025", "nom": null, "type_bien": "LOG", "quartier": "CE", "adresse": "263 Rue Nicolas Parent", "idu_parcelle": "73065000CE0141", "emprise_m2": 510.2, "nb_etages": 2, "hauteur_m": 8.1, "sdp_estimee_m2": 1020.0, "usage_bdtopo": "Résidentiel", "nb_locaux": 52, "id_rnb": "STVDDNT8N9NX", "cleabs": "BATIMENT0000000219248457", "type_bien_libelle": "Logement" }, "geometry": { "type": "Polygon", "coordinates": [ [ [ 5.9143069, 45.572052 ], [ 5.9143706, 45.5720188 ], [ 5.9146183, 45.5718979 ], [ 5.9146399, 45.5719433 ], [ 5.9145209, 45.5719969 ], [ 5.9145224, 45.5720013 ], [ 5.914486, 45.5720176 ], [ 5.9144834, 45.5720159 ], [ 5.9143957, 45.5720569 ], [ 5.9146087, 45.5722036 ], [ 5.9146297, 45.5721887 ], [ 5.9146498, 45.5722044 ], [ 5.9146287, 45.5722185 ], [ 5.9147073, 45.5722732 ], [ 5.9147207, 45.5722602 ], [ 5.9147063, 45.5722534 ], [ 5.9147209, 45.5722395 ], [ 5.9147327, 45.5722437 ], [ 5.914836, 45.5721338 ], [ 5.9148808, 45.572156 ], [ 5.9149243, 45.5721793 ], [ 5.914757, 45.5723638 ], [ 5.9145959, 45.5722535 ], [ 5.9143069, 45.572052 ] ] ] } },
{ "type": "Feature", "properties": { "id_bien": "BAT-CE-0026", "nom": null, "type_bien": "AQU", "quartier": "CE", "adresse": "263 Rue Nicolas Parent", "idu_parcelle": "73065000CE0141", "emprise_m2": 127.5, "nb_etages": null, "hauteur_m": 7.6, "sdp_estimee_m2": null, "usage_bdtopo": "Indifférencié", "nb_locaux": 52, "id_rnb": "BR8XQNF3ZV3S", "cleabs": "BATIMENT0000000219248639", "type_bien_libelle": "À qualifier" }, "geometry": { "type": "Polygon", "coordinates": [ [ [ 5.9145199, 45.5720753 ], [ 5.9146057, 45.5720235 ], [ 5.9145895, 45.5720095 ], [ 5.9146232, 45.5719906 ], [ 5.9146379, 45.5720019 ], [ 5.9146553, 45.5719916 ], [ 5.9147062, 45.5720804 ], [ 5.9146205, 45.5721358 ], [ 5.9146046, 45.5721245 ], [ 5.9145947, 45.5721328 ], [ 5.9145199, 45.5720753 ] ] ] } },
{ "type": "Feature", "properties": { "id_bien": "BAT-CE-0027", "nom": null, "type_bien": "COM", "quartier": "CE", "adresse": "59 Av De La Boisse", "idu_parcelle": "73065000CH0009", "emprise_m2": 202.7, "nb_etages": 2, "hauteur_m": 8.0, "sdp_estimee_m2": 405.0, "usage_bdtopo": "Commercial et services", "nb_locaux": 1, "id_rnb": "DTNJY5AM5NPJ", "cleabs": "BATIMENT0000000219248061", "type_bien_libelle": "Commerce et marché" }, "geometry": { "type": "Polygon", "coordinates": [ [ [ 5.9188105, 45.5716414 ], [ 5.9187475, 45.5716141 ], [ 5.9187703, 45.5715838 ], [ 5.9187739, 45.5715801 ], [ 5.9187059, 45.5715549 ], [ 5.9187275, 45.5715273 ], [ 5.9186876, 45.5715256 ], [ 5.9186761, 45.5715493 ], [ 5.918602, 45.5715314 ], [ 5.91861, 45.5715123 ], [ 5.9186905, 45.5715066 ], [ 5.918945, 45.5714666 ], [ 5.9188369, 45.5716064 ], [ 5.9188105, 45.5716414 ] ] ] } },
{ "type": "Feature", "properties": { "id_bien": "BAT-CE-0028", "nom": null, "type_bien": "LOG", "quartier": "CE", "adresse": "303 Fg Reclus", "idu_parcelle": "73065000BS0081", "emprise_m2": 194.6, "nb_etages": 4, "hauteur_m": 13.1, "sdp_estimee_m2": 778.0, "usage_bdtopo": "Résidentiel", "nb_locaux": 15, "id_rnb": "YCT7FWZB46ES", "cleabs": "BATIMENT0000000219248018", "type_bien_libelle": "Logement" }, "geometry": { "type": "Polygon", "coordinates": [ [ [ 5.9213104, 45.5714106 ], [ 5.9212944, 45.5712515 ], [ 5.9214365, 45.571246 ], [ 5.92145, 45.5714043 ], [ 5.9213104, 45.5714106 ] ] ] } },
{ "type": "Feature", "properties": { "id_bien": "BAT-CE-0029", "nom": null, "type_bien": "LOG", "quartier": "CE", "adresse": "33 Av De La Boisse", "idu_parcelle": "73065000CH0011", "emprise_m2": 149.3, "nb_etages": 4, "hauteur_m": 14.1, "sdp_estimee_m2": 597.0, "usage_bdtopo": "Résidentiel", "nb_locaux": 1, "id_rnb": "5G1WQDBQ1T3D", "cleabs": "BATIMENT0000000219248059", "type_bien_libelle": "Logement" }, "geometry": { "type": "Polygon", "coordinates": [ [ [ 5.9190025, 45.5713895 ], [ 5.9189122, 45.5713549 ], [ 5.9188782, 45.5713431 ], [ 5.9189406, 45.5712622 ], [ 5.918972, 45.571274 ], [ 5.9189961, 45.5712428 ], [ 5.9190977, 45.5712716 ], [ 5.9190675, 45.5713076 ], [ 5.9190025, 45.5713895 ] ] ] } },
{ "type": "Feature", "properties": { "id_bien": "BAT-CE-0030", "nom": null, "type_bien": "COM", "quartier": "CE", "adresse": "19 Av De La Boisse", "idu_parcelle": "73065000CH0013", "emprise_m2": 92.0, "nb_etages": 3, "hauteur_m": 13.8, "sdp_estimee_m2": 276.0, "usage_bdtopo": "Commercial et services", "nb_locaux": 1, "id_rnb": "5MEEC41APEKY", "cleabs": "BATIMENT0000000219248058", "type_bien_libelle": "Commerce et marché" }, "geometry": { "type": "Polygon", "coordinates": [ [ [ 5.9189635, 45.5712328 ], [ 5.9190113, 45.5711676 ], [ 5.919147, 45.5712091 ], [ 5.9190977, 45.5712716 ], [ 5.9189961, 45.5712428 ], [ 5.9189635, 45.5712328 ] ] ] } },
{ "type": "Feature", "properties": { "id_bien": "BAT-CE-0031", "nom": null, "type_bien": "COM", "quartier": "CE", "adresse": "13 Av De La Boisse", "idu_parcelle": "73065000CH0014", "emprise_m2": 299.9, "nb_etages": 1, "hauteur_m": 19.6, "sdp_estimee_m2": 300.0, "usage_bdtopo": "Commercial et services", "nb_locaux": 1, "id_rnb": "KGBZGESMA83A", "cleabs": "BATIMENT0000000219248057", "type_bien_libelle": "Commerce et marché" }, "geometry": { "type": "Polygon", "coordinates": [ [ [ 5.9188575, 45.5711202 ], [ 5.91891, 45.5710224 ], [ 5.9192202, 45.5711144 ], [ 5.919147, 45.5712091 ], [ 5.9190113, 45.5711676 ], [ 5.9188575, 45.5711202 ] ] ] } },
{ "type": "Feature", "properties": { "id_bien": "BAT-CE-0032", "nom": null, "type_bien": "LOG", "quartier": "CE", "adresse": "40 Av Mal Leclerc", "idu_parcelle": "73065000CH0069", "emprise_m2": 224.7, "nb_etages": 5, "hauteur_m": 18.1, "sdp_estimee_m2": 1124.0, "usage_bdtopo": "Résidentiel", "nb_locaux": 1, "id_rnb": "YV3PQ51WDT1J", "cleabs": "BATIMENT0000000219248050", "type_bien_libelle": "Logement" }, "geometry": { "type": "Polygon", "coordinates": [ [ [ 5.9185569, 45.5709181 ], [ 5.9186937, 45.5709578 ], [ 5.9187862, 45.5709851 ], [ 5.9187524, 45.5710734 ], [ 5.9187409, 45.5710998 ], [ 5.9187385, 45.5711035 ], [ 5.9186617, 45.5710811 ], [ 5.9186628, 45.5710541 ], [ 5.9186406, 45.5710465 ], [ 5.9186229, 45.5710749 ], [ 5.918585, 45.5710633 ], [ 5.9186003, 45.5710368 ], [ 5.9185521, 45.5710227 ], [ 5.9185792, 45.5709761 ], [ 5.9185323, 45.5709629 ], [ 5.9185569, 45.5709181 ] ] ] } },
{ "type": "Feature", "properties": { "id_bien": "BAT-CE-0033", "nom": null, "type_bien": "LOG", "quartier": "CE", "adresse": "Che De La Cassine", "idu_parcelle": "73065000BS0211", "emprise_m2": 230.7, "nb_etages": 3, "hauteur_m": 8.9, "sdp_estimee_m2": 692.0, "usage_bdtopo": "Résidentiel", "nb_locaux": 2, "id_rnb": "W21XTS4SN4W7", "cleabs": "BATIMENT0000000219248035", "type_bien_libelle": "Logement" }, "geometry": { "type": "Polygon", "coordinates": [ [ [ 5.9210237, 45.570644 ], [ 5.9210263, 45.5706196 ], [ 5.9211468, 45.5706174 ], [ 5.9211814, 45.5706165 ], [ 5.9211836, 45.5706353 ], [ 5.9211855, 45.5706704 ], [ 5.9211877, 45.5706884 ], [ 5.9211887, 45.5707064 ], [ 5.921196, 45.5707963 ], [ 5.9211755, 45.5707968 ], [ 5.9211536, 45.5707956 ], [ 5.9211525, 45.570774 ], [ 5.9211371, 45.5707744 ], [ 5.9210178, 45.5707748 ], [ 5.9210199, 45.5707423 ], [ 5.9210186, 45.5706441 ], [ 5.9210237, 45.570644 ] ], [ [ 5.9211366, 45.5707402 ], [ 5.9211545, 45.5707397 ], [ 5.9211528, 45.5707073 ], [ 5.9211348, 45.5707078 ], [ 5.9211366, 45.5707402 ] ] ] } },
{ "type": "Feature", "properties": { "id_bien": "BAT-CE-0034", "nom": null, "type_bien": "COM", "quartier": "CE", "adresse": "30 Rue Nicolas Parent", "idu_parcelle": "73065000CE0170", "emprise_m2": 346.5, "nb_etages": 1, "hauteur_m": 9.3, "sdp_estimee_m2": 346.0, "usage_bdtopo": "Commercial et services", "nb_locaux": 1, "id_rnb": "MKVDHM14HRTB", "cleabs": "BATIMENT0000000219247971", "type_bien_libelle": "Commerce et marché" }, "geometry": { "type": "Polygon", "coordinates": [ [ [ 5.9168274, 45.5706016 ], [ 5.9166794, 45.5707388 ], [ 5.9166467, 45.5707262 ], [ 5.9165798, 45.5706991 ], [ 5.9164671, 45.5706533 ], [ 5.9164779, 45.5706404 ], [ 5.9164998, 45.5706408 ], [ 5.9165313, 45.5706066 ], [ 5.9165215, 45.5705906 ], [ 5.9165603, 45.5705473 ], [ 5.9165772, 45.570527 ], [ 5.9168092, 45.5705958 ], [ 5.9168274, 45.5706016 ] ] ] } },
{ "type": "Feature", "properties": { "id_bien": "BAT-CE-0035", "nom": null, "type_bien": "COM", "quartier": "CE", "adresse": "200 Av Mal Leclerc", "idu_parcelle": "73065000CE0171", "emprise_m2": 469.7, "nb_etages": 4, "hauteur_m": 16.9, "sdp_estimee_m2": 1879.0, "usage_bdtopo": "Commercial et services", "nb_locaux": 2, "id_rnb": "R5EC2P982M8E", "cleabs": "BATIMENT0000000219249850", "type_bien_libelle": "Commerce et marché" }, "geometry": { "type": "Polygon", "coordinates": [ [ [ 5.9166161, 45.5704864 ], [ 5.9167091, 45.5703758 ], [ 5.9167873, 45.5704008 ], [ 5.9167864, 45.5704063 ], [ 5.9169467, 45.5704543 ], [ 5.9169503, 45.5704498 ], [ 5.9170298, 45.5704738 ], [ 5.9170288, 45.5704783 ], [ 5.9171122, 45.5705032 ], [ 5.9170434, 45.5706104 ], [ 5.9169275, 45.5705765 ], [ 5.9168858, 45.570565 ], [ 5.9168893, 45.5705586 ], [ 5.9166943, 45.5705096 ], [ 5.9166161, 45.5704864 ] ] ] } },
{ "type": "Feature", "properties": { "id_bien": "BAT-CE-0036", "nom": null, "type_bien": "LOG", "quartier": "CE", "adresse": "119 Av Comte Vert", "idu_parcelle": "73065000CE0186", "emprise_m2": 455.9, "nb_etages": 5, "hauteur_m": 18.4, "sdp_estimee_m2": 2280.0, "usage_bdtopo": "Résidentiel", "nb_locaux": 1, "id_rnb": "34CN47NECHES", "cleabs": "BATIMENT0000000219249441", "type_bien_libelle": "Logement" }, "geometry": { "type": "Polygon", "coordinates": [ [ [ 5.9142855, 45.5705955 ], [ 5.9143011, 45.5704527 ], [ 5.9143061, 45.5704508 ], [ 5.9146405, 45.5703196 ], [ 5.9147216, 45.570422 ], [ 5.9142855, 45.5705955 ] ] ] } },
{ "type": "Feature", "properties": { "id_bien": "BAT-CE-0037", "nom": null, "type_bien": "LOG", "quartier": "CE", "adresse": "60 Rue Cdt Joseph Perceval", "idu_parcelle": "73065000CH0112", "emprise_m2": 493.4, "nb_etages": 9, "hauteur_m": 31.7, "sdp_estimee_m2": 4441.0, "usage_bdtopo": "Résidentiel", "nb_locaux": 5, "id_rnb": "W4J4RPNECETC", "cleabs": "BATIMENT0000000219249311", "type_bien_libelle": "Logement" }, "geometry": { "type": "Polygon", "coordinates": [ [ [ 5.919505, 45.5698455 ], [ 5.9195442, 45.5698607 ], [ 5.9196842, 45.5699111 ], [ 5.9193843, 45.5703081 ], [ 5.9193437, 45.5702921 ], [ 5.9193449, 45.5702893 ], [ 5.9192782, 45.5702649 ], [ 5.9195565, 45.5698982 ], [ 5.9194845, 45.5698721 ], [ 5.919505, 45.5698455 ] ] ] } },
{ "type": "Feature", "properties": { "id_bien": "BAT-CE-0038", "nom": null, "type_bien": "LOG", "quartier": "CE", "adresse": "55 Pl De La Gare", "idu_parcelle": "73065000CH0026", "emprise_m2": 219.5, "nb_etages": 13, "hauteur_m": 39.6, "sdp_estimee_m2": 2854.0, "usage_bdtopo": "Résidentiel", "nb_locaux": 1, "id_rnb": "8GPR52KS8445", "cleabs": "BATIMENT0000000219249310", "type_bien_libelle": "Logement" }, "geometry": { "type": "Polygon", "coordinates": [ [ [ 5.9196427, 45.569732 ], [ 5.9197408, 45.5697681 ], [ 5.9197748, 45.5697799 ], [ 5.9197944, 45.5697875 ], [ 5.9197394, 45.5698628 ], [ 5.9196986, 45.569917 ], [ 5.9196842, 45.5699111 ], [ 5.9195442, 45.5698607 ], [ 5.9196329, 45.5697421 ], [ 5.9196427, 45.569732 ] ] ] } },
{ "type": "Feature", "properties": { "id_bien": "BAT-CE-0039", "nom": null, "type_bien": "COM", "quartier": "CE", "adresse": "55 Pl De La Gare", "idu_parcelle": "73065000CH0026", "emprise_m2": 110.0, "nb_etages": 1, "hauteur_m": 4.7, "sdp_estimee_m2": 110.0, "usage_bdtopo": "Commercial et services", "nb_locaux": 1, "id_rnb": "26THP8QB9P87", "cleabs": "BATIMENT0000000219250005", "type_bien_libelle": "Commerce et marché" }, "geometry": { "type": "Polygon", "coordinates": [ [ [ 5.9194189, 45.5698198 ], [ 5.9193535, 45.5697962 ], [ 5.9193569, 45.5697871 ], [ 5.9193942, 45.5697402 ], [ 5.91933, 45.5697148 ], [ 5.9193648, 45.5696689 ], [ 5.9194969, 45.5697177 ], [ 5.9194189, 45.5698198 ] ] ] } },
{ "type": "Feature", "properties": { "id_bien": "BAT-CE-0040", "nom": null, "type_bien": "LOG", "quartier": "CE", "adresse": "44 Av Pierre Lanfrey", "idu_parcelle": "73065000CM0042", "emprise_m2": 238.2, "nb_etages": 9, "hauteur_m": 31.2, "sdp_estimee_m2": 2144.0, "usage_bdtopo": "Résidentiel", "nb_locaux": 1, "id_rnb": "F4TAPB1NV3DM", "cleabs": "BATIMENT0000000219249411", "type_bien_libelle": "Logement" }, "geometry": { "type": "Polygon", "coordinates": [ [ [ 5.9150879, 45.5695321 ], [ 5.915208, 45.5694731 ], [ 5.9153583, 45.5696242 ], [ 5.9152382, 45.5696823 ], [ 5.9152341, 45.5696779 ], [ 5.9151746, 45.5696182 ], [ 5.9151584, 45.5696276 ], [ 5.9151339, 45.5696012 ], [ 5.9151501, 45.5695927 ], [ 5.9151366, 45.5695804 ], [ 5.9150879, 45.5695321 ] ] ] } },
{ "type": "Feature", "properties": { "id_bien": "BAT-CE-0041", "nom": "École Maternelle Jean Jaurès", "type_bien": "ENS", "quartier": "CE", "adresse": "Rue Du Bon Pasteur", "idu_parcelle": "73065000CM0231", "emprise_m2": 1398.5, "nb_etages": null, "hauteur_m": 4.7, "sdp_estimee_m2": null, "usage_bdtopo": "Commercial et services", "nb_locaux": 2, "id_rnb": "TRBRGJZVGQ64", "cleabs": "BATIMENT0000000219249336", "type_bien_libelle": "Enseignement et petite enfance" }, "geometry": { "type": "Polygon", "coordinates": [ [ [ 5.9130951, 45.5697451 ], [ 5.9130969, 45.5697306 ], [ 5.913113, 45.5696212 ], [ 5.9130395, 45.569615 ], [ 5.9130176, 45.5696128 ], [ 5.9128258, 45.5695998 ], [ 5.9128478, 45.5694812 ], [ 5.9129598, 45.5694891 ], [ 5.9129857, 45.5693226 ], [ 5.913072, 45.5693294 ], [ 5.9130793, 45.5692977 ], [ 5.9132698, 45.5693089 ], [ 5.9132638, 45.5693415 ], [ 5.9133578, 45.5693481 ], [ 5.913337, 45.5695144 ], [ 5.9131285, 45.5695009 ], [ 5.9131186, 45.5695805 ], [ 5.9134687, 45.5696029 ], [ 5.9134465, 45.5697657 ], [ 5.9130951, 45.5697451 ] ] ] } },
{ "type": "Feature", "properties": { "id_bien": "BAT-CE-0042", "nom": null, "type_bien": "LOG", "quartier": "CE", "adresse": "84 Rue Des Fleurs", "idu_parcelle": "73065000CM0229", "emprise_m2": 109.2, "nb_etages": 2, "hauteur_m": 10.9, "sdp_estimee_m2": 218.0, "usage_bdtopo": "Résidentiel", "nb_locaux": 1, "id_rnb": "267YM2WD8Z42", "cleabs": "BATIMENT0000000219249505", "type_bien_libelle": "Logement" }, "geometry": { "type": "Polygon", "coordinates": [ [ [ 5.9135181, 45.5691998 ], [ 5.913623, 45.5691466 ], [ 5.9137043, 45.5692274 ], [ 5.9136018, 45.5692787 ], [ 5.9135181, 45.5691998 ] ] ] } },
{ "type": "Feature", "properties": { "id_bien": "BAT-CE-0043", "nom": null, "type_bien": "COM", "quartier": "CE", "adresse": "76 Fg Reclus", "idu_parcelle": "73065000BR0317", "emprise_m2": 2168.8, "nb_etages": 4, "hauteur_m": 13.0, "sdp_estimee_m2": 8675.0, "usage_bdtopo": "Commercial et services", "nb_locaux": 1, "id_rnb": "WV6YPVR6K312", "cleabs": "BATIMENT0000000219249252", "type_bien_libelle": "Commerce et marché" }, "geometry": { "type": "Polygon", "coordinates": [ [ [ 5.9227254, 45.568803 ], [ 5.9231285, 45.5686375 ], [ 5.9231599, 45.568625 ], [ 5.9231955, 45.5686196 ], [ 5.9232079, 45.5686354 ], [ 5.9232355, 45.5686708 ], [ 5.9232945, 45.5687449 ], [ 5.9232986, 45.5687484 ], [ 5.9228903, 45.5689131 ], [ 5.9226729, 45.5690233 ], [ 5.9224083, 45.5691636 ], [ 5.9223147, 45.5692138 ], [ 5.9220262, 45.5693879 ], [ 5.9220209, 45.5693836 ], [ 5.9219445, 45.5693216 ], [ 5.921911, 45.5692945 ], [ 5.9218789, 45.5692692 ], [ 5.921885, 45.5692637 ], [ 5.9219148, 45.5692458 ], [ 5.921997, 45.5691977 ], [ 5.9220255, 45.5691798 ], [ 5.9221412, 45.5691101 ], [ 5.9221748, 45.5690912 ], [ 5.9223007, 45.5690213 ], [ 5.9223293, 45.5690034 ], [ 5.9224866, 45.5689218 ], [ 5.9225192, 45.5689066 ], [ 5.9227254, 45.568803 ] ] ] } },
{ "type": "Feature", "properties": { "id_bien": "BAT-CE-0044", "nom": "École Élémentaire Jean Jaurès", "type_bien": "ENS", "quartier": "CE", "adresse": "106 Rue Des Fleurs", "idu_parcelle": "73065000CM0243", "emprise_m2": 85.9, "nb_etages": 1, "hauteur_m": 6.5, "sdp_estimee_m2": 86.0, "usage_bdtopo": "Commercial et services", "nb_locaux": 1, "id_rnb": "SNHHBG3RJMER", "cleabs": "BATIMENT0000000219249855", "type_bien_libelle": "Enseignement et petite enfance" }, "geometry": { "type": "Polygon", "coordinates": [ [ [ 5.9132151, 45.5691463 ], [ 5.9132622, 45.569092 ], [ 5.9133567, 45.5691319 ], [ 5.9134014, 45.5691514 ], [ 5.9133839, 45.5691609 ], [ 5.9133681, 45.5691784 ], [ 5.9133476, 45.5692024 ], [ 5.9132151, 45.5691463 ] ] ] } },
{ "type": "Feature", "properties": { "id_bien": "BAT-CE-0045", "nom": "École Élémentaire Jean Jaurès", "type_bien": "ENS", "quartier": "CE", "adresse": "14 Av Jean Jaures", "idu_parcelle": "73065000CM0241", "emprise_m2": 323.9, "nb_etages": 4, "hauteur_m": 14.9, "sdp_estimee_m2": 1296.0, "usage_bdtopo": "Résidentiel", "nb_locaux": 1, "id_rnb": "MWWGJA8N6P6Z", "cleabs": "BATIMENT0000000219249853", "type_bien_libelle": "Enseignement et petite enfance" }, "geometry": { "type": "Polygon", "coordinates": [ [ [ 5.9131311, 45.5691107 ], [ 5.9131613, 45.5690757 ], [ 5.9131364, 45.5690646 ], [ 5.9132438, 45.5689366 ], [ 5.9133115, 45.5688582 ], [ 5.9133551, 45.568858 ], [ 5.9134404, 45.5689414 ], [ 5.9133654, 45.5689794 ], [ 5.9133541, 45.5689851 ], [ 5.9132622, 45.569092 ], [ 5.9132151, 45.5691463 ], [ 5.9131311, 45.5691107 ] ] ] } },
{ "type": "Feature", "properties": { "id_bien": "BAT-CE-0046", "nom": "Collège Louise de Savoie", "type_bien": "ENS", "quartier": "CE", "adresse": "268 Rue Marcoz", "idu_parcelle": "73065000CM0608", "emprise_m2": 27.7, "nb_etages": null, "hauteur_m": 4.3, "sdp_estimee_m2": null, "usage_bdtopo": "Commercial et services", "nb_locaux": 0, "id_rnb": "6DG4S86HYMCC", "cleabs": "BATIMENT0000000219250213", "type_bien_libelle": "Enseignement et petite enfance" }, "geometry": { "type": "Polygon", "coordinates": [ [ [ 5.9161854, 45.5687864 ], [ 5.9160912, 45.5688258 ], [ 5.9160671, 45.5688066 ], [ 5.9161596, 45.56876 ], [ 5.9161854, 45.5687864 ] ] ] } },
{ "type": "Feature", "properties": { "id_bien": "BAT-CE-0047", "nom": null, "type_bien": "ENS", "quartier": "CE", "adresse": "24 All Georges Marie Raymond", "idu_parcelle": "73065000CM0061", "emprise_m2": 621.5, "nb_etages": 1, "hauteur_m": 20.6, "sdp_estimee_m2": 622.0, "usage_bdtopo": "Commercial et services", "nb_locaux": 1, "id_rnb": "AZJM5V7QQX6V", "cleabs": "BATIMENT0000000219249539", "type_bien_libelle": "Enseignement et petite enfance" }, "geometry": { "type": "Polygon", "coordinates": [ [ [ 5.9166038, 45.5689359 ], [ 5.9165988, 45.5689378 ], [ 5.9165933, 45.5689308 ], [ 5.9165832, 45.5689346 ], [ 5.9165805, 45.568932 ], [ 5.9165893, 45.5689282 ], [ 5.9165825, 45.5689211 ], [ 5.9165709, 45.5689205 ], [ 5.9165784, 45.5689167 ], [ 5.916562, 45.5688973 ], [ 5.9165504, 45.5688967 ], [ 5.9165592, 45.5688938 ], [ 5.9165524, 45.5688859 ], [ 5.9165408, 45.5688853 ], [ 5.9165484, 45.5688824 ], [ 5.9165428, 45.5688744 ], [ 5.9165313, 45.5688738 ], [ 5.9165388, 45.5688709 ], [ 5.916532, 45.568863 ], [ 5.9165204, 45.5688624 ], [ 5.9165292, 45.5688585 ], [ 5.9165224, 45.5688515 ], [ 5.9165108, 45.5688509 ], [ 5.9165196, 45.568848 ], [ 5.9165128, 45.56884 ], [ 5.9165012, 45.5688394 ], [ 5.9165087, 45.5688357 ], [ 5.9165019, 45.5688286 ], [ 5.9164903, 45.568828 ], [ 5.9164991, 45.5688242 ], [ 5.9164923, 45.5688172 ], [ 5.9164808, 45.5688165 ], [ 5.9164895, 45.5688127 ], [ 5.9164827, 45.5688048 ], [ 5.9164711, 45.5688042 ], [ 5.9164787, 45.5688013 ], [ 5.9164718, 45.5687933 ], [ 5.9164616, 45.5687936 ], [ 5.9164691, 45.5687898 ], [ 5.9164623, 45.5687819 ], [ 5.9164507, 45.5687822 ], [ 5.9164595, 45.5687783 ], [ 5.9164431, 45.568759 ], [ 5.9164315, 45.5687584 ], [ 5.9164391, 45.5687555 ], [ 5.9164335, 45.5687475 ], [ 5.916422, 45.5687478 ], [ 5.916432, 45.568743 ], [ 5.9164252, 45.568736 ], [ 5.9164357, 45.5687393 ], [ 5.9164469, 45.5687345 ], [ 5.9164415, 45.5687293 ], [ 5.916452, 45.5687326 ], [ 5.9164633, 45.5687278 ], [ 5.9164579, 45.5687225 ], [ 5.9164683, 45.5687259 ], [ 5.9164796, 45.5687211 ], [ 5.9164741, 45.5687149 ], [ 5.9164846, 45.5687182 ], [ 5.9164959, 45.5687143 ], [ 5.9164905, 45.5687082 ], [ 5.9165009, 45.5687115 ], [ 5.9165122, 45.5687067 ], [ 5.9165068, 45.5687014 ], [ 5.9165172, 45.5687048 ], [ 5.9165285, 45.5687 ], [ 5.9165243, 45.5686938 ], [ 5.9165348, 45.568698 ], [ 5.9165611, 45.5686856 ], [ 5.916557, 45.5686803 ], [ 5.9165661, 45.5686837 ], [ 5.9165938, 45.5686721 ], [ 5.9165896, 45.5686659 ], [ 5.9166, 45.5686693 ], [ 5.9166113, 45.5686645 ], [ 5.9166059, 45.5686592 ], [ 5.9166163, 45.5686625 ], [ 5.9166276, 45.5686577 ], [ 5.9166222, 45.5686525 ], [ 5.9166327, 45.5686558 ], [ 5.916644, 45.568651 ], [ 5.9166385, 45.5686448 ], [ 5.9166489, 45.5686482 ], [ 5.9166603, 45.5686443 ], [ 5.9166548, 45.5686381 ], [ 5.9166653, 45.5686415 ], [ 5.9166766, 45.5686367 ], [ 5.9166712, 45.5686314 ], [ 5.9166816, 45.5686347 ], [ 5.9166929, 45.5686299 ], [ 5.9166874, 45.5686238 ], [ 5.9166925, 45.5686227 ], [ 5.916698, 45.5686289 ], [ 5.916708, 45.568625 ], [ 5.9167033, 45.5686324 ], [ 5.9167101, 45.5686394 ], [ 5.9167176, 45.5686365 ], [ 5.9167129, 45.5686438 ], [ 5.9167197, 45.5686518 ], [ 5.9167285, 45.5686479 ], [ 5.9167237, 45.5686553 ], [ 5.9167401, 45.5686746 ], [ 5.9167476, 45.5686709 ], [ 5.9167429, 45.5686782 ], [ 5.9167497, 45.5686861 ], [ 5.9167572, 45.5686823 ], [ 5.9167525, 45.5686897 ], [ 5.9167593, 45.5686976 ], [ 5.9167681, 45.5686938 ], [ 5.9167633, 45.5687011 ], [ 5.9167702, 45.568709 ], [ 5.9167777, 45.5687052 ], [ 5.9167729, 45.5687126 ], [ 5.9167798, 45.5687205 ], [ 5.9167873, 45.5687176 ], [ 5.9167825, 45.568724 ], [ 5.9167894, 45.568732 ], [ 5.9167982, 45.568729 ], [ 5.9167934, 45.5687364 ], [ 5.9167989, 45.5687434 ], [ 5.9168078, 45.5687405 ], [ 5.916803, 45.5687478 ], [ 5.9168098, 45.5687548 ], [ 5.9168173, 45.5687519 ], [ 5.9168126, 45.5687593 ], [ 5.9168194, 45.5687672 ], [ 5.9168282, 45.5687634 ], [ 5.9168222, 45.5687707 ], [ 5.9168399, 45.5687901 ], [ 5.9168474, 45.5687863 ], [ 5.9168426, 45.5687936 ], [ 5.9168495, 45.5688016 ], [ 5.916857, 45.5687978 ], [ 5.9168522, 45.5688051 ], [ 5.916859, 45.568813 ], [ 5.9168678, 45.5688092 ], [ 5.9168706, 45.5688127 ], [ 5.9168605, 45.5688166 ], [ 5.916866, 45.5688237 ], [ 5.9168556, 45.5688203 ], [ 5.9168443, 45.5688251 ], [ 5.9168497, 45.5688313 ], [ 5.9168393, 45.5688271 ], [ 5.916828, 45.5688319 ], [ 5.9168334, 45.568838 ], [ 5.916823, 45.5688347 ], [ 5.9168117, 45.5688395 ], [ 5.9168171, 45.5688448 ], [ 5.9168067, 45.5688414 ], [ 5.9167954, 45.5688462 ], [ 5.9168008, 45.5688524 ], [ 5.9167903, 45.5688482 ], [ 5.916779, 45.568853 ], [ 5.9167845, 45.5688591 ], [ 5.9167741, 45.5688558 ], [ 5.9167627, 45.5688597 ], [ 5.9167682, 45.5688659 ], [ 5.9167577, 45.5688625 ], [ 5.9167301, 45.5688741 ], [ 5.9167343, 45.5688803 ], [ 5.9167238, 45.568876 ], [ 5.9166975, 45.5688884 ], [ 5.9167016, 45.5688937 ], [ 5.9166912, 45.5688904 ], [ 5.9166812, 45.5688952 ], [ 5.9166853, 45.5689005 ], [ 5.9166749, 45.5688971 ], [ 5.9166649, 45.5689019 ], [ 5.916669, 45.5689081 ], [ 5.9166586, 45.5689047 ], [ 5.9166485, 45.5689086 ], [ 5.9166527, 45.5689148 ], [ 5.9166423, 45.5689115 ], [ 5.916631, 45.5689163 ], [ 5.9166364, 45.5689215 ], [ 5.916626, 45.5689182 ], [ 5.9166147, 45.568923 ], [ 5.9166201, 45.5689292 ], [ 5.9166096, 45.5689249 ], [ 5.9165983, 45.5689297 ], [ 5.9166038, 45.5689359 ] ] ] } },
{ "type": "Feature", "properties": { "id_bien": "BAT-CE-0048", "nom": "Collège Louise de Savoie", "type_bien": "ENS", "quartier": "CE", "adresse": "268 Rue Marcoz", "idu_parcelle": "73065000CM0608", "emprise_m2": 62.2, "nb_etages": null, "hauteur_m": 3.1, "sdp_estimee_m2": null, "usage_bdtopo": "Commercial et services", "nb_locaux": 0, "id_rnb": "5DG1BM8JFY7J", "cleabs": "BATIMENT0000000219250212", "type_bien_libelle": "Enseignement et petite enfance" }, "geometry": { "type": "Polygon", "coordinates": [ [ [ 5.9161929, 45.5687835 ], [ 5.9161854, 45.5687864 ], [ 5.9161596, 45.56876 ], [ 5.9161448, 45.568746 ], [ 5.9162716, 45.5686931 ], [ 5.9163084, 45.5687354 ], [ 5.9162959, 45.5687403 ], [ 5.9162808, 45.5687469 ], [ 5.9161929, 45.5687835 ] ] ] } },
{ "type": "Feature", "properties": { "id_bien": "BAT-CE-0049", "nom": null, "type_bien": "AQU", "quartier": "CE", "adresse": "37 Rue Waldeck Rousseau", "idu_parcelle": "73065000CM0064", "emprise_m2": 664.7, "nb_etages": null, "hauteur_m": 20.7, "sdp_estimee_m2": null, "usage_bdtopo": "Indifférencié", "nb_locaux": 2, "id_rnb": "ZKG7ADW459NQ", "cleabs": "BATIMENT0000000219249931", "type_bien_libelle": "À qualifier" }, "geometry": { "type": "Polygon", "coordinates": [ [ [ 5.9169983, 45.568777 ], [ 5.9169928, 45.5687699 ], [ 5.9169827, 45.5687738 ], [ 5.9168202, 45.5685861 ], [ 5.9168302, 45.5685822 ], [ 5.9168247, 45.5685751 ], [ 5.9169063, 45.5685406 ], [ 5.9169153, 45.5685422 ], [ 5.9169167, 45.568543 ], [ 5.9169443, 45.5685315 ], [ 5.9169402, 45.5685262 ], [ 5.9169728, 45.5685127 ], [ 5.9169819, 45.5685143 ], [ 5.9169819, 45.5685152 ], [ 5.9170095, 45.5685037 ], [ 5.9170054, 45.5684984 ], [ 5.917092, 45.5684619 ], [ 5.9170975, 45.5684689 ], [ 5.9171075, 45.5684642 ], [ 5.917128, 45.5684871 ], [ 5.9171245, 45.5684935 ], [ 5.9171232, 45.5684944 ], [ 5.917073, 45.5685155 ], [ 5.9170894, 45.5685349 ], [ 5.9171397, 45.5685138 ], [ 5.9171472, 45.56851 ], [ 5.9172688, 45.5686519 ], [ 5.91726, 45.5686557 ], [ 5.9172655, 45.5686628 ], [ 5.9169983, 45.568777 ] ] ] } },
{ "type": "Feature", "properties": { "id_bien": "BAT-CE-0050", "nom": null, "type_bien": "ADM", "quartier": "CE", "adresse": "2 Pl Du Palais De Justice", "idu_parcelle": "73065000CM0063", "emprise_m2": 2292.1, "nb_etages": null, "hauteur_m": 24.6, "sdp_estimee_m2": null, "usage_bdtopo": "Commercial et services", "nb_locaux": 1, "id_rnb": "XYMWADQMSAXT", "cleabs": "BATIMENT0000000219250029", "type_bien_libelle": "Administration" }, "geometry": { "type": "Polygon", "coordinates": [ [ [ 5.917938, 45.5684967 ], [ 5.9181181, 45.5684082 ], [ 5.9181208, 45.5684108 ], [ 5.918401, 45.5682747 ], [ 5.9183995, 45.5682711 ], [ 5.9185646, 45.5681903 ], [ 5.9189804, 45.5686066 ], [ 5.9190495, 45.5686751 ], [ 5.9190382, 45.5686808 ], [ 5.9188831, 45.5687569 ], [ 5.9188791, 45.5687543 ], [ 5.9185964, 45.5688914 ], [ 5.9185991, 45.568894 ], [ 5.9184228, 45.5689815 ], [ 5.917938, 45.5684967 ] ], [ [ 5.9181395, 45.568523 ], [ 5.9182451, 45.5686275 ], [ 5.9181927, 45.568655 ], [ 5.9182956, 45.5687577 ], [ 5.9183493, 45.5687311 ], [ 5.9184563, 45.5688374 ], [ 5.9185051, 45.5688135 ], [ 5.9187502, 45.5686927 ], [ 5.9187977, 45.568669 ], [ 5.9186933, 45.5685636 ], [ 5.9187984, 45.5685113 ], [ 5.9186968, 45.5684103 ], [ 5.9185931, 45.5684625 ], [ 5.9184834, 45.5683528 ], [ 5.9184346, 45.5683774 ], [ 5.9181883, 45.5684992 ], [ 5.9181395, 45.568523 ] ] ] } },
{ "type": "Feature", "properties": { "id_bien": "BAT-CE-0051", "nom": "Complexe Sportif Vaugelas", "type_bien": "SPO", "quartier": "CE", "adresse": "81 All Georges Marie Raymond", "idu_parcelle": "73065000CM0068", "emprise_m2": 1078.6, "nb_etages": null, "hauteur_m": 18.5, "sdp_estimee_m2": null, "usage_bdtopo": "Sportif", "nb_locaux": 15, "id_rnb": "91QH7ZW5QA54", "cleabs": "BATIMENT0000000219250269", "type_bien_libelle": "Sport" }, "geometry": { "type": "Polygon", "coordinates": [ [ [ 5.9164612, 45.5681998 ], [ 5.916571, 45.5681429 ], [ 5.9166986, 45.5680792 ], [ 5.9170053, 45.5683749 ], [ 5.9170529, 45.568425 ], [ 5.9168178, 45.568542 ], [ 5.91678, 45.568506 ], [ 5.9164612, 45.5681998 ] ] ] } },
{ "type": "Feature", "properties": { "id_bien": "BAT-CE-0052", "nom": "École Élémentaire Waldeck Rousseau", "type_bien": "ENS", "quartier": "CE", "adresse": "37 Rue Waldeck Rousseau", "idu_parcelle": "73065000CM0064", "emprise_m2": 273.5, "nb_etages": null, "hauteur_m": 8.4, "sdp_estimee_m2": null, "usage_bdtopo": "Commercial et services", "nb_locaux": 2, "id_rnb": "AY4CTR24Z166", "cleabs": "BATIMENT0000000219250227", "type_bien_libelle": "Enseignement et petite enfance" }, "geometry": { "type": "Polygon", "coordinates": [ [ [ 5.9172373, 45.5683707 ], [ 5.9172144, 45.5683497 ], [ 5.9173809, 45.5682705 ], [ 5.9174685, 45.5682295 ], [ 5.9176061, 45.5681629 ], [ 5.9178351, 45.5680533 ], [ 5.9178663, 45.568084 ], [ 5.9176334, 45.5681937 ], [ 5.9176468, 45.5682042 ], [ 5.9175067, 45.5682718 ], [ 5.9174516, 45.5682984 ], [ 5.9174369, 45.5682871 ], [ 5.9174021, 45.5683078 ], [ 5.9173573, 45.5683351 ], [ 5.9172858, 45.5683658 ], [ 5.9172373, 45.5683707 ] ] ] } },
{ "type": "Feature", "properties": { "id_bien": "BAT-CE-0053", "nom": "École Élémentaire Waldeck Rousseau", "type_bien": "ENS", "quartier": "CE", "adresse": "37 Rue Waldeck Rousseau", "idu_parcelle": "73065000CM0064", "emprise_m2": 1110.0, "nb_etages": null, "hauteur_m": 17.1, "sdp_estimee_m2": null, "usage_bdtopo": "Commercial et services", "nb_locaux": 2, "id_rnb": "PBHKHHS689GR", "cleabs": "BATIMENT0000000219249990", "type_bien_libelle": "Enseignement et petite enfance" }, "geometry": { "type": "Polygon", "coordinates": [ [ [ 5.9176468, 45.5682042 ], [ 5.9176631, 45.5682209 ], [ 5.9177511, 45.5683096 ], [ 5.9177599, 45.5683049 ], [ 5.9177666, 45.568311 ], [ 5.9178166, 45.5682863 ], [ 5.9179293, 45.5682329 ], [ 5.9179868, 45.5682044 ], [ 5.9178663, 45.568084 ], [ 5.9178351, 45.5680533 ], [ 5.917864, 45.5680399 ], [ 5.9179353, 45.5680057 ], [ 5.9179786, 45.5680496 ], [ 5.9181059, 45.5681769 ], [ 5.918171, 45.5681455 ], [ 5.9182386, 45.5682113 ], [ 5.9177057, 45.5684694 ], [ 5.9176506, 45.568496 ], [ 5.917568, 45.5684135 ], [ 5.9174705, 45.5683169 ], [ 5.9174516, 45.5682984 ], [ 5.9175067, 45.5682718 ], [ 5.9176468, 45.5682042 ] ] ] } },
{ "type": "Feature", "properties": { "id_bien": "BAT-CE-0054", "nom": "Musée des Beaux-Arts", "type_bien": "CUL", "quartier": "CE", "adresse": "1 Pl Du Palais De Justice", "idu_parcelle": "73065000CI0001", "emprise_m2": 823.4, "nb_etages": null, "hauteur_m": 18.2, "sdp_estimee_m2": null, "usage_bdtopo": "Indifférencié", "nb_locaux": 1, "id_rnb": "ABJXGP2JX4N4", "cleabs": "BATIMENT0000000219249303", "type_bien_libelle": "Culture et loisirs" }, "geometry": { "type": "Polygon", "coordinates": [ [ [ 5.9198737, 45.5684194 ], [ 5.9198144, 45.5683641 ], [ 5.9198169, 45.5683623 ], [ 5.9197075, 45.5682597 ], [ 5.9197051, 45.5682615 ], [ 5.9195876, 45.5681502 ], [ 5.9195901, 45.5681483 ], [ 5.919482, 45.5680457 ], [ 5.9194795, 45.5680475 ], [ 5.9194201, 45.5679914 ], [ 5.9194788, 45.5679602 ], [ 5.9194828, 45.5679637 ], [ 5.9195115, 45.5679485 ], [ 5.9195088, 45.567945 ], [ 5.9195675, 45.5679146 ], [ 5.9196269, 45.5679707 ], [ 5.9196219, 45.5679736 ], [ 5.9197339, 45.5680788 ], [ 5.9197364, 45.5680769 ], [ 5.9197485, 45.5680883 ], [ 5.9197447, 45.5680893 ], [ 5.9197677, 45.5681103 ], [ 5.9197702, 45.5681094 ], [ 5.9197836, 45.5681207 ], [ 5.9197798, 45.5681217 ], [ 5.9198014, 45.5681428 ], [ 5.9198039, 45.5681409 ], [ 5.9198173, 45.5681523 ], [ 5.9198136, 45.5681542 ], [ 5.9198338, 45.5681735 ], [ 5.9198376, 45.5681725 ], [ 5.9198498, 45.568183 ], [ 5.919846, 45.5681849 ], [ 5.919958, 45.5682901 ], [ 5.919963, 45.5682873 ], [ 5.9199833, 45.5683075 ], [ 5.9199995, 45.5683233 ], [ 5.9200211, 45.5683425 ], [ 5.9198737, 45.5684194 ] ] ] } },
{ "type": "Feature", "properties": { "id_bien": "BAT-CE-0055", "nom": null, "type_bien": "LOG", "quartier": "CE", "adresse": "23 Bd Du Musee", "idu_parcelle": "73065000CI0083", "emprise_m2": 328.1, "nb_etages": 10, "hauteur_m": 32.6, "sdp_estimee_m2": 3281.0, "usage_bdtopo": "Résidentiel", "nb_locaux": 1, "id_rnb": "JWZANKAAEZYT", "cleabs": "BATIMENT0000000219250037", "type_bien_libelle": "Logement" }, "geometry": { "type": "Polygon", "coordinates": [ [ [ 5.9202091, 45.5682836 ], [ 5.9201358, 45.5682062 ], [ 5.920256, 45.5681499 ], [ 5.9203687, 45.5680974 ], [ 5.9203862, 45.5680889 ], [ 5.9204275, 45.5680698 ], [ 5.9204426, 45.5680874 ], [ 5.9204535, 45.5681006 ], [ 5.9205204, 45.5681764 ], [ 5.9202091, 45.5682836 ] ] ] } },
{ "type": "Feature", "properties": { "id_bien": "BAT-CE-0056", "nom": null, "type_bien": "COM", "quartier": "CE", "adresse": "12 Av Des Ducs De Savoie", "idu_parcelle": "73065000BR0191", "emprise_m2": 1654.7, "nb_etages": 4, "hauteur_m": 17.3, "sdp_estimee_m2": 6619.0, "usage_bdtopo": "Commercial et services", "nb_locaux": 1, "id_rnb": "279NA52AYW4Y/9K3DR8851Q4A/DSMNFMVV6NRD/N6PM3P3NXFNG/VKDYW4MW7XYD", "cleabs": "BATIMENT0000002008967844", "type_bien_libelle": "Commerce et marché" }, "geometry": { "type": "Polygon", "coordinates": [ [ [ 5.922714, 45.5680518 ], [ 5.9230173, 45.5679159 ], [ 5.923085, 45.5678853 ], [ 5.9231932, 45.5678447 ], [ 5.9232864, 45.5678125 ], [ 5.9235785, 45.5677563 ], [ 5.9235889, 45.5677821 ], [ 5.9235434, 45.5677959 ], [ 5.923574, 45.5678167 ], [ 5.9235966, 45.5678324 ], [ 5.9235307, 45.5678719 ], [ 5.923383, 45.5679406 ], [ 5.9233329, 45.5679636 ], [ 5.9233115, 45.567947 ], [ 5.923245, 45.5679767 ], [ 5.9232575, 45.5679935 ], [ 5.9231386, 45.5680506 ], [ 5.9233101, 45.5682138 ], [ 5.9230843, 45.5683341 ], [ 5.9228393, 45.5681413 ], [ 5.922714, 45.5680518 ] ] ] } },
{ "type": "Feature", "properties": { "id_bien": "BAT-CE-0057", "nom": "Lycée Vaugelas", "type_bien": "ENS", "quartier": "CE", "adresse": "81 All Georges Marie Raymond", "idu_parcelle": "73065000CM0068", "emprise_m2": 1699.9, "nb_etages": null, "hauteur_m": 16.8, "sdp_estimee_m2": null, "usage_bdtopo": "Commercial et services", "nb_locaux": 15, "id_rnb": "V474BFZJJF2X", "cleabs": "BATIMENT0000000219250255", "type_bien_libelle": "Enseignement et petite enfance" }, "geometry": { "type": "Polygon", "coordinates": [ [ [ 5.9171085, 45.5682389 ], [ 5.9169703, 45.5680983 ], [ 5.9177037, 45.5677495 ], [ 5.9179018, 45.5679543 ], [ 5.9174586, 45.5681631 ], [ 5.9174059, 45.5681131 ], [ 5.9171897, 45.5682215 ], [ 5.9171761, 45.5682074 ], [ 5.9171085, 45.5682389 ] ] ] } },
{ "type": "Feature", "properties": { "id_bien": "BAT-CE-0058", "nom": null, "type_bien": "COM", "quartier": "CE", "adresse": "4 Pas Abbe De Mellarede", "idu_parcelle": "73065000CI0002", "emprise_m2": 124.0, "nb_etages": 6, "hauteur_m": 16.5, "sdp_estimee_m2": 744.0, "usage_bdtopo": "Commercial et services", "nb_locaux": 2, "id_rnb": "FQ52C657ZWPA", "cleabs": "BATIMENT0000000219249314", "type_bien_libelle": "Commerce et marché" }, "geometry": { "type": "Polygon", "coordinates": [ [ [ 5.9193739, 45.5679422 ], [ 5.919305, 45.5678755 ], [ 5.9194436, 45.5678043 ], [ 5.9195174, 45.5678654 ], [ 5.9193739, 45.5679422 ] ] ] } },
{ "type": "Feature", "properties": { "id_bien": "BAT-CE-0059", "nom": "Lycée Vaugelas", "type_bien": "ENS", "quartier": "CE", "adresse": "81 All Georges Marie Raymond", "idu_parcelle": "73065000CM0068", "emprise_m2": 165.8, "nb_etages": 3, "hauteur_m": 5.0, "sdp_estimee_m2": 497.0, "usage_bdtopo": "Résidentiel", "nb_locaux": 15, "id_rnb": "6SHNEJTC13QF", "cleabs": "BATIMENT0000000219249982", "type_bien_libelle": "Enseignement et petite enfance" }, "geometry": { "type": "Polygon", "coordinates": [ [ [ 5.9180714, 45.5679345 ], [ 5.9180292, 45.5678897 ], [ 5.9183125, 45.567739 ], [ 5.9183584, 45.567782 ], [ 5.9182947, 45.5678152 ], [ 5.9182635, 45.5678313 ], [ 5.9182174, 45.5678569 ], [ 5.9180714, 45.5679345 ] ] ] } },
{ "type": "Feature", "properties": { "id_bien": "BAT-CE-0060", "nom": "Office de Tourisme de Chambéry", "type_bien": "CUL", "quartier": "CE", "adresse": "5 Pl Du Palais De Justice", "idu_parcelle": "73065000CM0066", "emprise_m2": 156.7, "nb_etages": 1, "hauteur_m": 10.0, "sdp_estimee_m2": 157.0, "usage_bdtopo": "Commercial et services", "nb_locaux": 1, "id_rnb": "4SX1HPRPB4E6", "cleabs": "BATIMENT0000000219249991", "type_bien_libelle": "Culture et loisirs" }, "geometry": { "type": "Polygon", "coordinates": [ [ [ 5.9188477, 45.5677179 ], [ 5.9189568, 45.5678169 ], [ 5.9188408, 45.5678803 ], [ 5.9187357, 45.5677839 ], [ 5.9188477, 45.5677179 ] ] ] } },
{ "type": "Feature", "properties": { "id_bien": "BAT-CE-0061", "nom": null, "type_bien": "LOG", "quartier": "CE", "adresse": "5 Pl Du Palais De Justice", "idu_parcelle": "73065000CI0003", "emprise_m2": 141.4, "nb_etages": 5, "hauteur_m": 16.8, "sdp_estimee_m2": 707.0, "usage_bdtopo": "Résidentiel", "nb_locaux": 1, "id_rnb": "8815TT1ZVFR8", "cleabs": "BATIMENT0000000219249315", "type_bien_libelle": "Logement" }, "geometry": { "type": "Polygon", "coordinates": [ [ [ 5.919305, 45.5678755 ], [ 5.9192442, 45.5678167 ], [ 5.9192466, 45.5677896 ], [ 5.9193457, 45.5677221 ], [ 5.9194436, 45.5678043 ], [ 5.919305, 45.5678755 ] ] ] } },
{ "type": "Feature", "properties": { "id_bien": "BAT-CE-0062", "nom": null, "type_bien": "COM", "quartier": "CE", "adresse": "19 Bd De La Colonne", "idu_parcelle": "73065000CI0008", "emprise_m2": 886.0, "nb_etages": 1, "hauteur_m": 20.5, "sdp_estimee_m2": 886.0, "usage_bdtopo": "Commercial et services", "nb_locaux": 1, "id_rnb": "MEXASGMZWT5J", "cleabs": "BATIMENT0000000219249957", "type_bien_libelle": "Commerce et marché" }, "geometry": { "type": "Polygon", "coordinates": [ [ [ 5.9210167, 45.5679058 ], [ 5.9209655, 45.567908 ], [ 5.9208965, 45.5678647 ], [ 5.9208049, 45.5678067 ], [ 5.9208031, 45.5677717 ], [ 5.921121, 45.5675228 ], [ 5.9213334, 45.5676597 ], [ 5.9210167, 45.5679058 ] ] ] } },
{ "type": "Feature", "properties": { "id_bien": "BAT-CE-0063", "nom": "Lycée Vaugelas", "type_bien": "ENS", "quartier": "CE", "adresse": "81 All Georges Marie Raymond", "idu_parcelle": "73065000CM0068", "emprise_m2": 38.6, "nb_etages": null, "hauteur_m": 10.8, "sdp_estimee_m2": null, "usage_bdtopo": "Commercial et services", "nb_locaux": 15, "id_rnb": null, "cleabs": "BATIMENT0000002493164697", "type_bien_libelle": "Enseignement et petite enfance" }, "geometry": { "type": "Polygon", "coordinates": [ [ [ 5.9182564, 45.5677693 ], [ 5.9181996, 45.5677141 ], [ 5.9182548, 45.5676901 ], [ 5.9183125, 45.567739 ], [ 5.9182564, 45.5677693 ] ] ] } },
{ "type": "Feature", "properties": { "id_bien": "BAT-CE-0064", "nom": null, "type_bien": "AQU", "quartier": "CE", "adresse": "65 Rue De La Reveriaz", "idu_parcelle": "73065000CM0204", "emprise_m2": 137.2, "nb_etages": null, "hauteur_m": 4.3, "sdp_estimee_m2": null, "usage_bdtopo": "Indifférencié", "nb_locaux": 1, "id_rnb": null, "cleabs": "BATIMENT0000002489962470", "type_bien_libelle": "À qualifier" }, "geometry": { "type": "Polygon", "coordinates": [ [ [ 5.9105051, 45.5678677 ], [ 5.9104432, 45.5678377 ], [ 5.9106099, 45.5676649 ], [ 5.910673, 45.5676948 ], [ 5.9105051, 45.5678677 ] ] ] } },
{ "type": "Feature", "properties": { "id_bien": "BAT-CE-0065", "nom": "Lycée Vaugelas", "type_bien": "ENS", "quartier": "CE", "adresse": "81 All Georges Marie Raymond", "idu_parcelle": "73065000CM0068", "emprise_m2": 4464.6, "nb_etages": null, "hauteur_m": 19.2, "sdp_estimee_m2": null, "usage_bdtopo": "Commercial et services", "nb_locaux": 15, "id_rnb": "BYG1E2Q9C648", "cleabs": "BATIMENT0000000219250270", "type_bien_libelle": "Enseignement et petite enfance" }, "geometry": { "type": "Polygon", "coordinates": [ [ [ 5.9162887, 45.5680439 ], [ 5.9162115, 45.5679666 ], [ 5.9163189, 45.5678854 ], [ 5.9163242, 45.5678898 ], [ 5.916906, 45.5674629 ], [ 5.9169019, 45.5674585 ], [ 5.9169945, 45.5673894 ], [ 5.9170025, 45.5673937 ], [ 5.9174384, 45.5670715 ], [ 5.917433, 45.5670671 ], [ 5.9175269, 45.5669989 ], [ 5.9175961, 45.5670458 ], [ 5.9176009, 45.5670394 ], [ 5.9176447, 45.567068 ], [ 5.917636, 45.5670727 ], [ 5.9177079, 45.5671222 ], [ 5.9177416, 45.5671529 ], [ 5.9178376, 45.5672468 ], [ 5.9178565, 45.5672643 ], [ 5.9179829, 45.5672052 ], [ 5.9182232, 45.5670908 ], [ 5.9183262, 45.5671953 ], [ 5.9180661, 45.5673219 ], [ 5.9181149, 45.5673729 ], [ 5.9181803, 45.5674442 ], [ 5.9182292, 45.5674961 ], [ 5.9184984, 45.5673702 ], [ 5.9186001, 45.5674757 ], [ 5.9179315, 45.5677877 ], [ 5.9179127, 45.5677963 ], [ 5.9178122, 45.5676908 ], [ 5.9180789, 45.5675667 ], [ 5.9180326, 45.5675156 ], [ 5.9179525, 45.5675538 ], [ 5.9178818, 45.5674772 ], [ 5.9179594, 45.56744 ], [ 5.9179145, 45.5673925 ], [ 5.9176491, 45.5675175 ], [ 5.9175447, 45.5674103 ], [ 5.9175636, 45.5674026 ], [ 5.9177189, 45.5673319 ], [ 5.9176527, 45.5672435 ], [ 5.9176153, 45.5671922 ], [ 5.9175408, 45.5671409 ], [ 5.9164084, 45.5679777 ], [ 5.9164062, 45.567985 ], [ 5.916571, 45.5681429 ], [ 5.9164612, 45.5681998 ], [ 5.916295, 45.568041 ], [ 5.9162887, 45.5680439 ] ] ] } },
{ "type": "Feature", "properties": { "id_bien": "BAT-CE-0066", "nom": "Église Notre-Dame", "type_bien": "REL", "quartier": "CE", "adresse": "Rue Saint - Antoine", "idu_parcelle": "73065000CI0007", "emprise_m2": 978.8, "nb_etages": null, "hauteur_m": 10.8, "sdp_estimee_m2": null, "usage_bdtopo": "Religieux", "nb_locaux": 0, "id_rnb": "C41BC17KJAEK", "cleabs": "BATIMENT0000000219249927", "type_bien_libelle": "Édifice cultuel" }, "geometry": { "type": "Polygon", "coordinates": [ [ [ 5.9206818, 45.5677334 ], [ 5.9206153, 45.56769 ], [ 5.9205529, 45.5676502 ], [ 5.9204866, 45.5676078 ], [ 5.9204977, 45.5675994 ], [ 5.9205029, 45.567601 ], [ 5.9207063, 45.5674444 ], [ 5.9207036, 45.5674417 ], [ 5.9207217, 45.5674196 ], [ 5.9207408, 45.5673921 ], [ 5.9207446, 45.567392 ], [ 5.9207491, 45.5673802 ], [ 5.9208131, 45.5673281 ], [ 5.9208734, 45.5672805 ], [ 5.920896, 45.5672953 ], [ 5.9209543, 45.5673307 ], [ 5.9209596, 45.5673342 ], [ 5.9209572, 45.5673369 ], [ 5.9210834, 45.5674174 ], [ 5.9206901, 45.5677214 ], [ 5.9206941, 45.5677231 ], [ 5.9206818, 45.5677334 ] ] ] } },
{ "type": "Feature", "properties": { "id_bien": "BAT-CE-0067", "nom": null, "type_bien": "COM", "quartier": "CE", "adresse": "4 Rue Notre Dame", "idu_parcelle": "73065000CI0009", "emprise_m2": 543.5, "nb_etages": 6, "hauteur_m": 23.3, "sdp_estimee_m2": 3261.0, "usage_bdtopo": "Commercial et services", "nb_locaux": 1, "id_rnb": "W5HPFT6B2BQX", "cleabs": "BATIMENT0000000219249958", "type_bien_libelle": "Commerce et marché" }, "geometry": { "type": "Polygon", "coordinates": [ [ [ 5.9215541, 45.5674881 ], [ 5.9213334, 45.5676597 ], [ 5.921121, 45.5675228 ], [ 5.9213391, 45.5673522 ], [ 5.9215541, 45.5674881 ] ], [ [ 5.9214343, 45.5674552 ], [ 5.9213984, 45.5674318 ], [ 5.9213935, 45.5674364 ], [ 5.9214041, 45.5674424 ], [ 5.9213745, 45.5674649 ], [ 5.9213639, 45.5674588 ], [ 5.9213466, 45.5674719 ], [ 5.9213825, 45.5674953 ], [ 5.9214343, 45.5674552 ] ], [ [ 5.921268, 45.5675866 ], [ 5.9213012, 45.5675587 ], [ 5.921288, 45.5675518 ], [ 5.9212756, 45.5675602 ], [ 5.9212676, 45.567555 ], [ 5.9212787, 45.5675457 ], [ 5.9212641, 45.5675362 ], [ 5.9212308, 45.5675623 ], [ 5.921268, 45.5675866 ] ] ] } },
{ "type": "Feature", "properties": { "id_bien": "BAT-CE-0068", "nom": null, "type_bien": "COM", "quartier": "CE", "adresse": "77 Rue Ambroise Croizat", "idu_parcelle": "73065000CM0162", "emprise_m2": 1249.3, "nb_etages": 1, "hauteur_m": 16.9, "sdp_estimee_m2": 1249.0, "usage_bdtopo": "Commercial et services", "nb_locaux": 3, "id_rnb": "MCVVQPH56QF7", "cleabs": "BATIMENT0000000219248894", "type_bien_libelle": "Commerce et marché" }, "geometry": { "type": "Polygon", "coordinates": [ [ [ 5.9106433, 45.5679344 ], [ 5.9106775, 45.5679019 ], [ 5.9106419, 45.5678839 ], [ 5.9107214, 45.5678107 ], [ 5.9107569, 45.5678269 ], [ 5.9108157, 45.5677731 ], [ 5.9108329, 45.5677582 ], [ 5.911078, 45.5678816 ], [ 5.9114777, 45.5675054 ], [ 5.9115186, 45.567526 ], [ 5.9115296, 45.5675158 ], [ 5.9116213, 45.5675279 ], [ 5.9116145, 45.5675442 ], [ 5.9115924, 45.5675637 ], [ 5.9116095, 45.5675723 ], [ 5.91159, 45.5675908 ], [ 5.9111754, 45.5679773 ], [ 5.9111438, 45.5679628 ], [ 5.9111303, 45.5679749 ], [ 5.9110619, 45.5679415 ], [ 5.9110166, 45.5679832 ], [ 5.9109204, 45.5679353 ], [ 5.9108702, 45.5679807 ], [ 5.9106433, 45.5679344 ] ] ] } },
{ "type": "Feature", "properties": { "id_bien": "BAT-CE-0069", "nom": "Lycée Vaugelas", "type_bien": "ENS", "quartier": "CE", "adresse": "81 All Georges Marie Raymond", "idu_parcelle": "73065000CM0068", "emprise_m2": 200.0, "nb_etages": null, "hauteur_m": 6.7, "sdp_estimee_m2": null, "usage_bdtopo": "Commercial et services", "nb_locaux": 15, "id_rnb": "H4688M659HY5", "cleabs": "BATIMENT0000000295067895", "type_bien_libelle": "Enseignement et petite enfance" }, "geometry": { "type": "Polygon", "coordinates": [ [ [ 5.9179525, 45.5675538 ], [ 5.9177474, 45.5676537 ], [ 5.9176777, 45.5675717 ], [ 5.9178818, 45.5674772 ], [ 5.9179525, 45.5675538 ] ] ] } },
{ "type": "Feature", "properties": { "id_bien": "BAT-CE-0070", "nom": null, "type_bien": "COM", "quartier": "CE", "adresse": "11 Rue Jean-Pierre Veyrat", "idu_parcelle": "73065000CI0078", "emprise_m2": 497.6, "nb_etages": 5, "hauteur_m": 16.7, "sdp_estimee_m2": 2488.0, "usage_bdtopo": "Commercial et services", "nb_locaux": 1, "id_rnb": "MCPKVFSR64FG", "cleabs": "BATIMENT0000000219249841", "type_bien_libelle": "Commerce et marché" }, "geometry": { "type": "Polygon", "coordinates": [ [ [ 5.919155, 45.5677064 ], [ 5.9191177, 45.5677055 ], [ 5.9189503, 45.5675468 ], [ 5.918922, 45.5675205 ], [ 5.9188801, 45.567481 ], [ 5.9188639, 45.5674652 ], [ 5.9188369, 45.5674398 ], [ 5.9188274, 45.5674301 ], [ 5.9188004, 45.5674047 ], [ 5.9187936, 45.5673986 ], [ 5.9188082, 45.567382 ], [ 5.9188288, 45.5673598 ], [ 5.9188337, 45.5673543 ], [ 5.9188555, 45.5673303 ], [ 5.9188688, 45.5673155 ], [ 5.9188795, 45.5673242 ], [ 5.9189051, 45.567347 ], [ 5.9190707, 45.5674941 ], [ 5.9192002, 45.567616 ], [ 5.9192015, 45.5676159 ], [ 5.9192405, 45.5676492 ], [ 5.919155, 45.5677064 ] ] ] } },
{ "type": "Feature", "properties": { "id_bien": "BAT-CE-0071", "nom": null, "type_bien": "AQU", "quartier": "CE", "adresse": "65 Rue De La Reveriaz", "idu_parcelle": "73065000CM0204", "emprise_m2": 217.5, "nb_etages": 1, "hauteur_m": 6.8, "sdp_estimee_m2": 218.0, "usage_bdtopo": "Indifférencié", "nb_locaux": 1, "id_rnb": "C6X233K26JM4", "cleabs": "BATIMENT0000000219248896", "type_bien_libelle": "À qualifier" }, "geometry": { "type": "Polygon", "coordinates": [ [ [ 5.9108237, 45.5677062 ], [ 5.9107381, 45.5676634 ], [ 5.910908, 45.5675031 ], [ 5.9109964, 45.5675495 ], [ 5.9110095, 45.5675554 ], [ 5.9108409, 45.5677148 ], [ 5.9108237, 45.5677062 ] ] ] } },
{ "type": "Feature", "properties": { "id_bien": "BAT-CE-0072", "nom": null, "type_bien": "LOG", "quartier": "CE", "adresse": "6 Pl De Geneve", "idu_parcelle": "73065000CI0077", "emprise_m2": 1727.7, "nb_etages": 8, "hauteur_m": 24.6, "sdp_estimee_m2": 13822.0, "usage_bdtopo": "Résidentiel", "nb_locaux": 2, "id_rnb": "V96H84M5CDGM", "cleabs": "BATIMENT0000000219249941", "type_bien_libelle": "Logement" }, "geometry": { "type": "Polygon", "coordinates": [ [ [ 5.9194903, 45.5674724 ], [ 5.9193678, 45.5675575 ], [ 5.9193566, 45.5675651 ], [ 5.9193491, 45.5675679 ], [ 5.9193428, 45.5675699 ], [ 5.9193363, 45.5675692 ], [ 5.9193298, 45.5675666 ], [ 5.9193257, 45.5675632 ], [ 5.9192746, 45.5675167 ], [ 5.9192721, 45.5675186 ], [ 5.9192464, 45.567494 ], [ 5.9192476, 45.5674922 ], [ 5.9191546, 45.5674081 ], [ 5.9191129, 45.5673704 ], [ 5.9190145, 45.5672802 ], [ 5.9190776, 45.567211 ], [ 5.9190749, 45.5672092 ], [ 5.9190943, 45.5671871 ], [ 5.9190981, 45.5671879 ], [ 5.9191418, 45.567139 ], [ 5.9192121, 45.5670615 ], [ 5.9192095, 45.5670607 ], [ 5.9192288, 45.5670376 ], [ 5.9192327, 45.5670384 ], [ 5.9192581, 45.5670098 ], [ 5.9193566, 45.5670046 ], [ 5.9196909, 45.5672626 ], [ 5.9196959, 45.5673319 ], [ 5.9196822, 45.5673403 ], [ 5.9196836, 45.5673421 ], [ 5.919685, 45.5673439 ], [ 5.9196552, 45.5673636 ], [ 5.9196526, 45.5673618 ], [ 5.9195188, 45.5674536 ], [ 5.9195215, 45.5674553 ], [ 5.919493, 45.567475 ], [ 5.9194903, 45.5674724 ] ], [ [ 5.9193783, 45.5674167 ], [ 5.9192901, 45.5673487 ], [ 5.9193756, 45.5672924 ], [ 5.9193155, 45.5672462 ], [ 5.9192527, 45.5671983 ], [ 5.9192065, 45.5672482 ], [ 5.9191726, 45.567286 ], [ 5.9192077, 45.5673184 ], [ 5.9192264, 45.5673342 ], [ 5.9192465, 45.5673498 ], [ 5.9193241, 45.56741 ], [ 5.9193547, 45.5674317 ], [ 5.9193783, 45.5674167 ] ] ] } },
{ "type": "Feature", "properties": { "id_bien": "BAT-CE-0073", "nom": null, "type_bien": "COM", "quartier": "CE", "adresse": "1 Av General De Gaulle", "idu_parcelle": "73065000CI0005", "emprise_m2": 854.5, "nb_etages": 9, "hauteur_m": 4.2, "sdp_estimee_m2": 7690.0, "usage_bdtopo": "Commercial et services", "nb_locaux": 6, "id_rnb": "KCEZ8VQ88EKY", "cleabs": "BATIMENT0000000219249259", "type_bien_libelle": "Commerce et marché" }, "geometry": { "type": "Polygon", "coordinates": [ [ [ 5.9205507, 45.5674367 ], [ 5.9204444, 45.5673683 ], [ 5.9204429, 45.5673143 ], [ 5.9206087, 45.5671739 ], [ 5.9206654, 45.5671301 ], [ 5.9208411, 45.5670074 ], [ 5.9209283, 45.567007 ], [ 5.9210278, 45.5670702 ], [ 5.9206727, 45.5673425 ], [ 5.9205507, 45.5674367 ] ] ] } },
{ "type": "Feature", "properties": { "id_bien": "BAT-CE-0074", "nom": null, "type_bien": "LOG", "quartier": "CE", "adresse": "1 Av General De Gaulle", "idu_parcelle": "73065000CI0005", "emprise_m2": 1341.0, "nb_etages": 9, "hauteur_m": 23.2, "sdp_estimee_m2": 12069.0, "usage_bdtopo": "Résidentiel", "nb_locaux": 6, "id_rnb": "1FVARP6863J5", "cleabs": "BATIMENT0000000219249260", "type_bien_libelle": "Logement" }, "geometry": { "type": "Polygon", "coordinates": [ [ [ 5.9204041, 45.5675514 ], [ 5.9202409, 45.5674258 ], [ 5.9202385, 45.5674286 ], [ 5.9202024, 45.5674007 ], [ 5.9202048, 45.5673979 ], [ 5.9201512, 45.5673552 ], [ 5.9201549, 45.5672785 ], [ 5.9202167, 45.5672345 ], [ 5.9202141, 45.5672328 ], [ 5.9202524, 45.5672048 ], [ 5.920255, 45.5672065 ], [ 5.9202564, 45.5672074 ], [ 5.9204272, 45.5670894 ], [ 5.9204258, 45.5670876 ], [ 5.9204245, 45.5670868 ], [ 5.9204653, 45.5670587 ], [ 5.9204667, 45.5670595 ], [ 5.9204693, 45.5670613 ], [ 5.9206389, 45.5669433 ], [ 5.9206362, 45.5669416 ], [ 5.9206362, 45.5669407 ], [ 5.9206745, 45.5669145 ], [ 5.9206759, 45.5669153 ], [ 5.9206785, 45.5669161 ], [ 5.9207738, 45.5668506 ], [ 5.9210048, 45.5668518 ], [ 5.9210408, 45.566877 ], [ 5.9210445, 45.5668751 ], [ 5.9210832, 45.5669029 ], [ 5.9210819, 45.5669039 ], [ 5.9210808, 45.5669057 ], [ 5.921158, 45.5669605 ], [ 5.9211647, 45.5669657 ], [ 5.9211611, 45.5669694 ], [ 5.9210734, 45.5670338 ], [ 5.9210709, 45.5670357 ], [ 5.9209789, 45.5669696 ], [ 5.9209777, 45.5669706 ], [ 5.9209662, 45.5669709 ], [ 5.9209381, 45.56695 ], [ 5.9209392, 45.5669454 ], [ 5.9208326, 45.5669437 ], [ 5.9207868, 45.5669755 ], [ 5.9207934, 45.5669799 ], [ 5.9207538, 45.5670061 ], [ 5.9207485, 45.5670026 ], [ 5.9205727, 45.5671243 ], [ 5.920578, 45.5671278 ], [ 5.9205384, 45.5671541 ], [ 5.9205344, 45.5671515 ], [ 5.9203771, 45.5672592 ], [ 5.9203824, 45.5672627 ], [ 5.920344, 45.5672889 ], [ 5.9203387, 45.5672854 ], [ 5.9203189, 45.5672995 ], [ 5.9203048, 45.5672989 ], [ 5.9202899, 45.5673083 ], [ 5.9202885, 45.56733 ], [ 5.9202992, 45.5673378 ], [ 5.9203185, 45.5673391 ], [ 5.9204978, 45.5674795 ], [ 5.9204965, 45.5674805 ], [ 5.9204979, 45.5674822 ], [ 5.920456, 45.5675139 ], [ 5.9204546, 45.5675131 ], [ 5.9204041, 45.5675514 ] ] ] } },
{ "type": "Feature", "properties": { "id_bien": "BAT-CE-0075", "nom": "Chapelle Vaugelas", "type_bien": "REL", "quartier": "CE", "adresse": "81 All Georges Marie Raymond", "idu_parcelle": "73065000CM0068", "emprise_m2": 496.2, "nb_etages": null, "hauteur_m": 15.6, "sdp_estimee_m2": null, "usage_bdtopo": "Religieux", "nb_locaux": 15, "id_rnb": "CZFGEADYSS3W", "cleabs": "BATIMENT0000000219250268", "type_bien_libelle": "Édifice cultuel" }, "geometry": { "type": "Polygon", "coordinates": [ [ [ 5.9177079, 45.5671222 ], [ 5.9177166, 45.5671166 ], [ 5.9178942, 45.5669813 ], [ 5.9179168, 45.5669969 ], [ 5.9179256, 45.5669931 ], [ 5.9179493, 45.5669799 ], [ 5.9179593, 45.5669751 ], [ 5.9179589, 45.566967 ], [ 5.9179635, 45.5669588 ], [ 5.917976, 45.5669521 ], [ 5.917972, 45.5669477 ], [ 5.9179868, 45.5669365 ], [ 5.918, 45.5669443 ], [ 5.9179951, 45.566948 ], [ 5.9180096, 45.5669567 ], [ 5.9180136, 45.5669593 ], [ 5.9180198, 45.5669546 ], [ 5.9181091, 45.5670189 ], [ 5.9181015, 45.567021 ], [ 5.9181085, 45.5670307 ], [ 5.9181148, 45.5670296 ], [ 5.9181295, 45.5670401 ], [ 5.9181208, 45.5670457 ], [ 5.9181394, 45.5670578 ], [ 5.9181222, 45.5670727 ], [ 5.9181423, 45.5670884 ], [ 5.9181189, 45.5671079 ], [ 5.9180564, 45.5670654 ], [ 5.9180996, 45.5670327 ], [ 5.9180929, 45.5670284 ], [ 5.9180398, 45.5670667 ], [ 5.9180491, 45.5670728 ], [ 5.9180417, 45.5670784 ], [ 5.9180696, 45.5670966 ], [ 5.91809, 45.5670951 ], [ 5.918088, 45.5671042 ], [ 5.9180624, 45.5671067 ], [ 5.9179835, 45.5671664 ], [ 5.9179867, 45.5671798 ], [ 5.9179753, 45.5671819 ], [ 5.9179485, 45.5671853 ], [ 5.9179101, 45.567162 ], [ 5.9178718, 45.56719 ], [ 5.9178824, 45.5671969 ], [ 5.9178725, 45.5672035 ], [ 5.9178619, 45.5671966 ], [ 5.9178507, 45.5672032 ], [ 5.9178414, 45.5671962 ], [ 5.9178525, 45.5671878 ], [ 5.9177652, 45.5671387 ], [ 5.9177416, 45.5671529 ], [ 5.9177079, 45.5671222 ] ] ] } },
{ "type": "Feature", "properties": { "id_bien": "BAT-CE-0076", "nom": null, "type_bien": "ANX", "quartier": "CE", "adresse": "109 Rue Des Ecoles", "idu_parcelle": "73065000CM0105", "emprise_m2": 62.0, "nb_etages": 1, "hauteur_m": 2.5, "sdp_estimee_m2": 62.0, "usage_bdtopo": "Annexe", "nb_locaux": 2, "id_rnb": "HC9VWRNE8RJ5", "cleabs": "BATIMENT0000000219250070", "type_bien_libelle": "Annexe" }, "geometry": { "type": "Polygon", "coordinates": [ [ [ 5.9153462, 45.567124 ], [ 5.9152786, 45.5670582 ], [ 5.9153511, 45.5670221 ], [ 5.9154174, 45.5670879 ], [ 5.9153462, 45.567124 ] ] ] } },
{ "type": "Feature", "properties": { "id_bien": "BAT-CE-0077", "nom": null, "type_bien": "LOG", "quartier": "CE", "adresse": "3 Rue Favre", "idu_parcelle": "73065000CI0065", "emprise_m2": 1691.0, "nb_etages": 8, "hauteur_m": 24.6, "sdp_estimee_m2": 13528.0, "usage_bdtopo": "Résidentiel", "nb_locaux": 1, "id_rnb": "AZWPVY3TQJJZ", "cleabs": "BATIMENT0000000219249271", "type_bien_libelle": "Logement" }, "geometry": { "type": "Polygon", "coordinates": [ [ [ 5.9199603, 45.5671403 ], [ 5.9198666, 45.5671391 ], [ 5.9197409, 45.5670423 ], [ 5.9194735, 45.5668366 ], [ 5.9194647, 45.5667675 ], [ 5.9194999, 45.5667287 ], [ 5.919496, 45.566727 ], [ 5.9195153, 45.5667049 ], [ 5.9195192, 45.5667066 ], [ 5.9196161, 45.5665968 ], [ 5.9196134, 45.5665951 ], [ 5.9196354, 45.5665729 ], [ 5.9196706, 45.566536 ], [ 5.919714, 45.566506 ], [ 5.919761, 45.5664741 ], [ 5.9198597, 45.5665446 ], [ 5.919778, 45.5666016 ], [ 5.9196218, 45.5667778 ], [ 5.9196231, 45.566803 ], [ 5.9197569, 45.5669077 ], [ 5.919768, 45.5668993 ], [ 5.9197719, 45.5668992 ], [ 5.9197757, 45.5668991 ], [ 5.9197796, 45.5669008 ], [ 5.9197823, 45.5669025 ], [ 5.9197824, 45.5669052 ], [ 5.91978, 45.566908 ], [ 5.9197689, 45.5669164 ], [ 5.9199, 45.5670184 ], [ 5.9199358, 45.5670165 ], [ 5.9202206, 45.5668208 ], [ 5.9202281, 45.5668161 ], [ 5.9202367, 45.5668105 ], [ 5.9202614, 45.5667927 ], [ 5.9202689, 45.566788 ], [ 5.9202763, 45.5667824 ], [ 5.9203333, 45.5667449 ], [ 5.9202813, 45.5667075 ], [ 5.9202733, 45.5667014 ], [ 5.9203736, 45.5666321 ], [ 5.9205336, 45.5667469 ], [ 5.9204419, 45.5668088 ], [ 5.9204446, 45.5668114 ], [ 5.9204186, 45.5668292 ], [ 5.920416, 45.5668275 ], [ 5.9203751, 45.5668556 ], [ 5.9203765, 45.5668573 ], [ 5.9203703, 45.5668611 ], [ 5.9203676, 45.5668603 ], [ 5.9203615, 45.5668649 ], [ 5.9203367, 45.5668818 ], [ 5.9203268, 45.5668884 ], [ 5.9203294, 45.5668892 ], [ 5.9203232, 45.5668939 ], [ 5.9203206, 45.5668921 ], [ 5.9202228, 45.5669604 ], [ 5.9202242, 45.5669622 ], [ 5.9201956, 45.5669801 ], [ 5.9200284, 45.5670925 ], [ 5.9200311, 45.5670952 ], [ 5.9200025, 45.5671139 ], [ 5.9199999, 45.5671122 ], [ 5.9199603, 45.5671403 ] ] ] } },
{ "type": "Feature", "properties": { "id_bien": "BAT-CE-0078", "nom": null, "type_bien": "LOG", "quartier": "CE", "adresse": "3 Rue Favre", "idu_parcelle": "73065000CI0065", "emprise_m2": 669.2, "nb_etages": 8, "hauteur_m": 4.2, "sdp_estimee_m2": 5354.0, "usage_bdtopo": "Résidentiel", "nb_locaux": 1, "id_rnb": "FRMPHAYAZPC3", "cleabs": "BATIMENT0000000219249304", "type_bien_libelle": "Logement" }, "geometry": { "type": "Polygon", "coordinates": [ [ [ 5.9200087, 45.5668894 ], [ 5.9200047, 45.5668859 ], [ 5.9199994, 45.5668833 ], [ 5.9199727, 45.5668642 ], [ 5.9198861, 45.566925 ], [ 5.919743, 45.5668134 ], [ 5.919806, 45.5667442 ], [ 5.9197727, 45.5667207 ], [ 5.91977, 45.5667181 ], [ 5.9197582, 45.566713 ], [ 5.9198309, 45.5666318 ], [ 5.9198427, 45.566636 ], [ 5.9198699, 45.5666173 ], [ 5.9198779, 45.5666225 ], [ 5.9199188, 45.5665953 ], [ 5.9200268, 45.5666736 ], [ 5.9200256, 45.5666754 ], [ 5.9201616, 45.5667728 ], [ 5.9201245, 45.5667981 ], [ 5.9201312, 45.5668033 ], [ 5.9200087, 45.5668894 ] ] ] } },
{ "type": "Feature", "properties": { "id_bien": "BAT-CE-0079", "nom": null, "type_bien": "COM", "quartier": "CE", "adresse": "2 Av General De Gaulle", "idu_parcelle": "73065000CI0012", "emprise_m2": 1054.2, "nb_etages": 2, "hauteur_m": 6.4, "sdp_estimee_m2": 2108.0, "usage_bdtopo": "Commercial et services", "nb_locaux": 2, "id_rnb": "4HHXTTCC6HXE", "cleabs": "BATIMENT0000000219249001", "type_bien_libelle": "Commerce et marché" }, "geometry": { "type": "Polygon", "coordinates": [ [ [ 5.9218592, 45.5668755 ], [ 5.9217834, 45.5668244 ], [ 5.9217003, 45.5668797 ], [ 5.9213897, 45.5666571 ], [ 5.9213797, 45.5666627 ], [ 5.9213651, 45.5666532 ], [ 5.9213655, 45.5666117 ], [ 5.9214319, 45.5666073 ], [ 5.921434, 45.5665983 ], [ 5.9214376, 45.5665927 ], [ 5.9214397, 45.5665846 ], [ 5.9214447, 45.5665809 ], [ 5.9215377, 45.5665199 ], [ 5.9215778, 45.5665504 ], [ 5.9216228, 45.5665771 ], [ 5.9216294, 45.5665806 ], [ 5.9216907, 45.5666006 ], [ 5.9217465, 45.5666127 ], [ 5.9219744, 45.5666527 ], [ 5.9219475, 45.5667255 ], [ 5.9219452, 45.5667318 ], [ 5.9219364, 45.5667582 ], [ 5.9219558, 45.5667613 ], [ 5.9219478, 45.5668048 ], [ 5.9219525, 45.5668695 ], [ 5.9218592, 45.5668755 ] ] ] } },
{ "type": "Feature", "properties": { "id_bien": "BAT-CE-0080", "nom": null, "type_bien": "LOG", "quartier": "CE", "adresse": "167 Rue Paul Bert", "idu_parcelle": "73065000CM0101", "emprise_m2": 1085.6, "nb_etages": null, "hauteur_m": 9.4, "sdp_estimee_m2": null, "usage_bdtopo": "Résidentiel", "nb_locaux": 0, "id_rnb": "KHEWD3QHZV9M", "cleabs": "BATIMENT0000000219250047", "type_bien_libelle": "Logement" }, "geometry": { "type": "Polygon", "coordinates": [ [ [ 5.9161501, 45.5669455 ], [ 5.9159474, 45.5670679 ], [ 5.9158722, 45.5670022 ], [ 5.9159828, 45.5669354 ], [ 5.9159907, 45.5669136 ], [ 5.9158939, 45.5668052 ], [ 5.9158789, 45.5668137 ], [ 5.9157566, 45.5666826 ], [ 5.9157717, 45.5666768 ], [ 5.9156637, 45.5665508 ], [ 5.9157626, 45.566505 ], [ 5.915847, 45.5665965 ], [ 5.9158851, 45.5666379 ], [ 5.9159055, 45.5666608 ], [ 5.9160633, 45.5668315 ], [ 5.9164148, 45.5666124 ], [ 5.916484, 45.5666827 ], [ 5.9163522, 45.5667627 ], [ 5.9163938, 45.5667977 ], [ 5.9163055, 45.5668513 ], [ 5.9162639, 45.5668163 ], [ 5.9161471, 45.5668879 ], [ 5.9161247, 45.566902 ], [ 5.9161493, 45.5669293 ], [ 5.9161501, 45.5669455 ] ] ] } },
{ "type": "Feature", "properties": { "id_bien": "BAT-CE-0081", "nom": null, "type_bien": "LOG", "quartier": "CE", "adresse": "2 Av General De Gaulle", "idu_parcelle": "73065000CI0012", "emprise_m2": 1019.5, "nb_etages": 8, "hauteur_m": 26.8, "sdp_estimee_m2": 8156.0, "usage_bdtopo": "Résidentiel", "nb_locaux": 2, "id_rnb": "8H5HZDJJ438F", "cleabs": "BATIMENT0000000219248995", "type_bien_libelle": "Logement" }, "geometry": { "type": "Polygon", "coordinates": [ [ [ 5.9215863, 45.5669556 ], [ 5.921497, 45.5668922 ], [ 5.9214958, 45.5668931 ], [ 5.9214932, 45.5668941 ], [ 5.9214666, 45.5668758 ], [ 5.9214679, 45.5668749 ], [ 5.9214703, 45.566873 ], [ 5.9213824, 45.5668104 ], [ 5.9213799, 45.5668123 ], [ 5.9213786, 45.5668124 ], [ 5.9213506, 45.5667924 ], [ 5.9213518, 45.5667914 ], [ 5.9213531, 45.5667905 ], [ 5.9212197, 45.5666939 ], [ 5.9212188, 45.5666282 ], [ 5.9212162, 45.5666273 ], [ 5.9212174, 45.5666012 ], [ 5.9212199, 45.5666011 ], [ 5.9212203, 45.5665344 ], [ 5.9214185, 45.5664013 ], [ 5.9214346, 45.5663901 ], [ 5.9214693, 45.5663676 ], [ 5.9214867, 45.5663554 ], [ 5.9214916, 45.5663526 ], [ 5.9215833, 45.5662898 ], [ 5.9216697, 45.5663227 ], [ 5.921659, 45.5663383 ], [ 5.921687, 45.5663592 ], [ 5.9216897, 45.5663627 ], [ 5.921598, 45.5664237 ], [ 5.9215906, 45.5664284 ], [ 5.9215707, 45.5664415 ], [ 5.9215348, 45.5664659 ], [ 5.92152, 45.5664762 ], [ 5.9215125, 45.56648 ], [ 5.9213662, 45.5665775 ], [ 5.9213655, 45.5666117 ], [ 5.9213651, 45.5666532 ], [ 5.9213797, 45.5666627 ], [ 5.9216904, 45.5668862 ], [ 5.9215863, 45.5669556 ] ] ] } },
{ "type": "Feature", "properties": { "id_bien": "BAT-CE-0082", "nom": "les Halles", "type_bien": "COM", "quartier": "CE", "adresse": "5012 Les Halles", "idu_parcelle": "73065000CI0121", "emprise_m2": 4039.3, "nb_etages": 1, "hauteur_m": 21.6, "sdp_estimee_m2": 4039.0, "usage_bdtopo": "Commercial et services", "nb_locaux": 1, "id_rnb": "NPBHWZ92NE37", "cleabs": "BATIMENT0000000354818519", "type_bien_libelle": "Commerce et marché" }, "geometry": { "type": "Polygon", "coordinates": [ [ [ 5.9186188, 45.5667588 ], [ 5.9185447, 45.5667391 ], [ 5.9185241, 45.5667613 ], [ 5.9180642, 45.5662623 ], [ 5.9181383, 45.5661838 ], [ 5.9185077, 45.5662319 ], [ 5.9189486, 45.5662961 ], [ 5.9189047, 45.5663396 ], [ 5.9189795, 45.5663719 ], [ 5.9189989, 45.5663507 ], [ 5.9192129, 45.5664433 ], [ 5.9192298, 45.566424 ], [ 5.9192496, 45.566409 ], [ 5.9192699, 45.5664049 ], [ 5.9192918, 45.566407 ], [ 5.919305, 45.5664148 ], [ 5.9193118, 45.5664209 ], [ 5.919315, 45.5664335 ], [ 5.9193058, 45.5664535 ], [ 5.9188951, 45.5669138 ], [ 5.9188754, 45.5669297 ], [ 5.9188473, 45.5669313 ], [ 5.9188251, 45.5669238 ], [ 5.9188101, 45.5669079 ], [ 5.9188117, 45.566889 ], [ 5.9188394, 45.5668549 ], [ 5.9186188, 45.5667588 ] ] ] } },
{ "type": "Feature", "properties": { "id_bien": "BAT-CE-0083", "nom": null, "type_bien": "COM", "quartier": "CE", "adresse": "5012 Les Halles", "idu_parcelle": "73065000CI0121", "emprise_m2": 1156.2, "nb_etages": 1, "hauteur_m": 4.6, "sdp_estimee_m2": 1156.0, "usage_bdtopo": "Commercial et services", "nb_locaux": 1, "id_rnb": "FWCK75RJY1ED", "cleabs": "BATIMENT0000000219249317", "type_bien_libelle": "Commerce et marché" }, "geometry": { "type": "Polygon", "coordinates": [ [ [ 5.9186188, 45.5667588 ], [ 5.9188394, 45.5668549 ], [ 5.9188117, 45.566889 ], [ 5.9188101, 45.5669079 ], [ 5.9188251, 45.5669238 ], [ 5.9188473, 45.5669313 ], [ 5.9188754, 45.5669297 ], [ 5.9188951, 45.5669138 ], [ 5.9193058, 45.5664535 ], [ 5.919315, 45.5664335 ], [ 5.9193118, 45.5664209 ], [ 5.919305, 45.5664148 ], [ 5.9192918, 45.566407 ], [ 5.9192699, 45.5664049 ], [ 5.9192496, 45.566409 ], [ 5.9192298, 45.566424 ], [ 5.9192129, 45.5664433 ], [ 5.9189989, 45.5663507 ], [ 5.9190094, 45.5663062 ], [ 5.9193275, 45.5663538 ], [ 5.9193704, 45.5663653 ], [ 5.9193962, 45.5663917 ], [ 5.9194078, 45.5664166 ], [ 5.9194102, 45.5664391 ], [ 5.9194074, 45.5664581 ], [ 5.9193885, 45.5664901 ], [ 5.9189378, 45.5669929 ], [ 5.9189067, 45.5670127 ], [ 5.9188802, 45.5670196 ], [ 5.9188637, 45.5670237 ], [ 5.9188407, 45.5670261 ], [ 5.9188164, 45.5670258 ], [ 5.9187709, 45.5670162 ], [ 5.9187499, 45.5670059 ], [ 5.9185636, 45.5668062 ], [ 5.9186188, 45.5667588 ] ] ] } },
{ "type": "Feature", "properties": { "id_bien": "BAT-CE-0084", "nom": "Poste de Chambéry - Hôtel de Ville", "type_bien": "ADM", "quartier": "CE", "adresse": "11 Pl De L Hotel De Ville", "idu_parcelle": "73065000CI0064", "emprise_m2": 835.9, "nb_etages": 8, "hauteur_m": 24.6, "sdp_estimee_m2": 6687.0, "usage_bdtopo": "Résidentiel", "nb_locaux": 1, "id_rnb": "3BJV7NFPYZT9", "cleabs": "BATIMENT0000000219249270", "type_bien_libelle": "Administration" }, "geometry": { "type": "Polygon", "coordinates": [ [ [ 5.9202256, 45.5667459 ], [ 5.9199017, 45.5665146 ], [ 5.9198943, 45.5665193 ], [ 5.9198881, 45.566524 ], [ 5.9198646, 45.5665408 ], [ 5.9198597, 45.5665446 ], [ 5.919761, 45.5664741 ], [ 5.9197635, 45.5664723 ], [ 5.9197895, 45.5664545 ], [ 5.9197957, 45.5664498 ], [ 5.9199233, 45.5663645 ], [ 5.9199989, 45.5663634 ], [ 5.9203736, 45.5666321 ], [ 5.9202733, 45.5667014 ], [ 5.9202813, 45.5667075 ], [ 5.9202256, 45.5667459 ] ] ] } },
{ "type": "Feature", "properties": { "id_bien": "BAT-CE-0085", "nom": null, "type_bien": "COM", "quartier": "CE", "adresse": "49 Rue Vieille Monnaie", "idu_parcelle": "73065000CI0114", "emprise_m2": 196.7, "nb_etages": 6, "hauteur_m": 5.9, "sdp_estimee_m2": 1180.0, "usage_bdtopo": "Commercial et services", "nb_locaux": 1, "id_rnb": "24RQV63DCDKF", "cleabs": "BATIMENT0000000219249003", "type_bien_libelle": "Commerce et marché" }, "geometry": { "type": "Polygon", "coordinates": [ [ [ 5.9220311, 45.5665602 ], [ 5.9218616, 45.5665322 ], [ 5.9218628, 45.5665312 ], [ 5.9218654, 45.5665312 ], [ 5.9218887, 45.566463 ], [ 5.921934, 45.5664699 ], [ 5.9220158, 45.5663912 ], [ 5.9221199, 45.5664434 ], [ 5.9220479, 45.5665138 ], [ 5.9220311, 45.5665602 ] ] ] } },
{ "type": "Feature", "properties": { "id_bien": "BAT-CE-0086", "nom": "Banque de France, Succursale de Chambéry", "type_bien": "ADM", "quartier": "CE", "adresse": "447 Av Du Covet", "idu_parcelle": "73065000CM0615", "emprise_m2": 1276.4, "nb_etages": 3, "hauteur_m": 8.9, "sdp_estimee_m2": 3829.0, "usage_bdtopo": "Commercial et services", "nb_locaux": 15, "id_rnb": "TWSRFA33BJSN", "cleabs": "BATIMENT0000000219249423", "type_bien_libelle": "Administration" }, "geometry": { "type": "Polygon", "coordinates": [ [ [ 5.9140888, 45.5667061 ], [ 5.9141216, 45.566671 ], [ 5.9140979, 45.5666608 ], [ 5.9142737, 45.5664652 ], [ 5.9142979, 45.5664384 ], [ 5.9143773, 45.5664364 ], [ 5.914378, 45.5664237 ], [ 5.9143911, 45.5664288 ], [ 5.9144311, 45.5663845 ], [ 5.9144653, 45.5664008 ], [ 5.9144791, 45.566468 ], [ 5.9145395, 45.5664944 ], [ 5.914608, 45.56648 ], [ 5.9146829, 45.566515 ], [ 5.9146924, 45.5665481 ], [ 5.9145943, 45.5666587 ], [ 5.914512, 45.5667528 ], [ 5.9144943, 45.5667568 ], [ 5.9144628, 45.5667937 ], [ 5.9143677, 45.5668133 ], [ 5.9143361, 45.5667988 ], [ 5.9143238, 45.566809 ], [ 5.914203, 45.5667563 ], [ 5.9140888, 45.5667061 ] ] ] } },
{ "type": "Feature", "properties": { "id_bien": "BAT-CE-0087", "nom": "Mairie de Chambéry", "type_bien": "ADM", "quartier": "CE", "adresse": "19 Pl De L Hotel De Ville", "idu_parcelle": "73065000CI0029", "emprise_m2": 833.9, "nb_etages": null, "hauteur_m": 17.8, "sdp_estimee_m2": null, "usage_bdtopo": "Commercial et services", "nb_locaux": 2, "id_rnb": "D8EF4BMMMPAZ", "cleabs": "BATIMENT0000000219249938", "type_bien_libelle": "Administration" }, "geometry": { "type": "Polygon", "coordinates": [ [ [ 5.9206815, 45.5666566 ], [ 5.9206029, 45.5666018 ], [ 5.9206041, 45.5666 ], [ 5.9204841, 45.5665139 ], [ 5.9204815, 45.566514 ], [ 5.9204055, 45.5664592 ], [ 5.9204675, 45.566417 ], [ 5.9204724, 45.5664133 ], [ 5.9204749, 45.5664123 ], [ 5.9204922, 45.5664245 ], [ 5.9205343, 45.5663955 ], [ 5.9205355, 45.5663945 ], [ 5.9205429, 45.5663889 ], [ 5.9205455, 45.5663898 ], [ 5.920569, 45.5663729 ], [ 5.9205677, 45.5663721 ], [ 5.9205752, 45.5663674 ], [ 5.9205764, 45.5663673 ], [ 5.9206198, 45.5663374 ], [ 5.9206012, 45.5663252 ], [ 5.9206036, 45.5663234 ], [ 5.9206086, 45.5663197 ], [ 5.9206643, 45.5662822 ], [ 5.9206705, 45.5662775 ], [ 5.9207465, 45.5663323 ], [ 5.9207453, 45.5663332 ], [ 5.9208666, 45.5664202 ], [ 5.9208692, 45.5664201 ], [ 5.9209452, 45.5664749 ], [ 5.9208709, 45.5665264 ], [ 5.9208549, 45.5665151 ], [ 5.9208215, 45.5665376 ], [ 5.920819, 45.5665395 ], [ 5.9208091, 45.566546 ], [ 5.9207844, 45.5665638 ], [ 5.9207757, 45.5665694 ], [ 5.9207732, 45.5665713 ], [ 5.9207397, 45.5665938 ], [ 5.9207557, 45.5666051 ], [ 5.9206815, 45.5666566 ] ] ] } },
{ "type": "Feature", "properties": { "id_bien": "BAT-CE-0088", "nom": null, "type_bien": "LOG", "quartier": "CE", "adresse": "49 Rue Vieille Monnaie", "idu_parcelle": "73065000CI0114", "emprise_m2": 784.2, "nb_etages": 6, "hauteur_m": 19.3, "sdp_estimee_m2": 4705.0, "usage_bdtopo": "Résidentiel", "nb_locaux": 1, "id_rnb": "VMRQ6BFYNRFA", "cleabs": "BATIMENT0000000219248996", "type_bien_libelle": "Logement" }, "geometry": { "type": "Polygon", "coordinates": [ [ [ 5.9224285, 45.5666274 ], [ 5.9221347, 45.5665782 ], [ 5.9221471, 45.5665455 ], [ 5.9222058, 45.5664899 ], [ 5.922385, 45.5665807 ], [ 5.9224083, 45.5665594 ], [ 5.9223476, 45.5665285 ], [ 5.9223415, 45.5665341 ], [ 5.9223191, 45.566523 ], [ 5.9223142, 45.5665267 ], [ 5.9222535, 45.5664949 ], [ 5.9222584, 45.5664912 ], [ 5.922236, 45.5664792 ], [ 5.9222409, 45.5664746 ], [ 5.9222316, 45.5664694 ], [ 5.922229, 45.5664676 ], [ 5.9222092, 45.5664573 ], [ 5.9222079, 45.5664583 ], [ 5.9221935, 45.5664514 ], [ 5.9221946, 45.5664496 ], [ 5.9221762, 45.5664411 ], [ 5.922175, 45.566442 ], [ 5.9221605, 45.5664343 ], [ 5.9221617, 45.5664325 ], [ 5.9221406, 45.5664231 ], [ 5.9221393, 45.5664213 ], [ 5.9221288, 45.5664171 ], [ 5.9221226, 45.5664218 ], [ 5.9221028, 45.5664106 ], [ 5.9220991, 45.5664134 ], [ 5.9220372, 45.5663825 ], [ 5.9220409, 45.5663797 ], [ 5.9220184, 45.5663677 ], [ 5.9220233, 45.5663631 ], [ 5.9219336, 45.5663158 ], [ 5.9219348, 45.5663149 ], [ 5.9219242, 45.5663089 ], [ 5.9219941, 45.5662232 ], [ 5.9222183, 45.5663382 ], [ 5.9222196, 45.5663381 ], [ 5.9222235, 45.5663398 ], [ 5.9222274, 45.5663415 ], [ 5.9222263, 45.5663434 ], [ 5.922246, 45.5663537 ], [ 5.9222472, 45.5663518 ], [ 5.9222617, 45.5663587 ], [ 5.9222592, 45.5663605 ], [ 5.9222764, 45.5663691 ], [ 5.9222789, 45.5663681 ], [ 5.9222947, 45.5663758 ], [ 5.9222935, 45.5663777 ], [ 5.9223093, 45.5663863 ], [ 5.9223131, 45.5663853 ], [ 5.9223158, 45.566387 ], [ 5.9223223, 45.5663895 ], [ 5.9223199, 45.5663914 ], [ 5.9225441, 45.5665072 ], [ 5.9225453, 45.5665063 ], [ 5.9225479, 45.5665071 ], [ 5.9224663, 45.5665894 ], [ 5.9224553, 45.5665996 ], [ 5.9224566, 45.5665996 ], [ 5.9224285, 45.5666274 ] ] ] } },
{ "type": "Feature", "properties": { "id_bien": "BAT-CE-0089", "nom": null, "type_bien": "AQU", "quartier": "CE", "adresse": "116 Av Des Bernardines", "idu_parcelle": "73065000CM0097", "emprise_m2": 102.7, "nb_etages": null, "hauteur_m": 4.2, "sdp_estimee_m2": null, "usage_bdtopo": "Indifférencié", "nb_locaux": 3, "id_rnb": "XV5YKXBWEJSE", "cleabs": "BATIMENT0000000219250041", "type_bien_libelle": "À qualifier" }, "geometry": { "type": "Polygon", "coordinates": [ [ [ 5.9156637, 45.5665508 ], [ 5.9155397, 45.566609 ], [ 5.9155043, 45.5665702 ], [ 5.9156646, 45.5664958 ], [ 5.9156687, 45.5664993 ], [ 5.9157301, 45.5664716 ], [ 5.9157327, 45.5664733 ], [ 5.9157626, 45.566505 ], [ 5.9156637, 45.5665508 ] ] ] } },
{ "type": "Feature", "properties": { "id_bien": "BAT-CE-0090", "nom": null, "type_bien": "CUL", "quartier": "CE", "adresse": "5 Bd Du Theatre", "idu_parcelle": "73065000BO0140", "emprise_m2": 610.8, "nb_etages": 5, "hauteur_m": 19.0, "sdp_estimee_m2": 3054.0, "usage_bdtopo": "Résidentiel", "nb_locaux": 1, "id_rnb": "Z1VXDSW88GBD", "cleabs": "BATIMENT0000000219250002", "type_bien_libelle": "Culture et loisirs" }, "geometry": { "type": "Polygon", "coordinates": [ [ [ 5.9226988, 45.5661076 ], [ 5.9229176, 45.5661956 ], [ 5.9230002, 45.5662295 ], [ 5.9229965, 45.5662314 ], [ 5.9229022, 45.5663411 ], [ 5.9228841, 45.5663623 ], [ 5.922844, 45.5664057 ], [ 5.9227895, 45.5664666 ], [ 5.9227884, 45.5664693 ], [ 5.9227805, 45.566465 ], [ 5.9226987, 45.566423 ], [ 5.9225617, 45.5663545 ], [ 5.9226415, 45.5662623 ], [ 5.9226573, 45.56627 ], [ 5.9227465, 45.5663082 ], [ 5.9227502, 45.5663045 ], [ 5.9227684, 45.5662851 ], [ 5.9228046, 45.5662418 ], [ 5.9227168, 45.5662063 ], [ 5.9227277, 45.5661952 ], [ 5.9226557, 45.5661673 ], [ 5.9226988, 45.5661076 ] ] ] } },
{ "type": "Feature", "properties": { "id_bien": "BAT-CE-0091", "nom": null, "type_bien": "ANX", "quartier": "CE", "adresse": "116 Av Des Bernardines", "idu_parcelle": "73065000CM0097", "emprise_m2": 140.1, "nb_etages": 1, "hauteur_m": 7.8, "sdp_estimee_m2": 140.0, "usage_bdtopo": "Annexe", "nb_locaux": 3, "id_rnb": "4DN54SSXJFVN", "cleabs": "BATIMENT0000000219250040", "type_bien_libelle": "Annexe" }, "geometry": { "type": "Polygon", "coordinates": [ [ [ 5.9154972, 45.5664596 ], [ 5.9156258, 45.5663436 ], [ 5.9156668, 45.5663669 ], [ 5.9156879, 45.566378 ], [ 5.9157712, 45.5664236 ], [ 5.9157871, 45.5664332 ], [ 5.9157327, 45.5664733 ], [ 5.9157301, 45.5664716 ], [ 5.9156475, 45.5664142 ], [ 5.9156188, 45.5664294 ], [ 5.9155918, 45.5664535 ], [ 5.9155733, 45.5664423 ], [ 5.9155229, 45.5664842 ], [ 5.9154899, 45.5664661 ], [ 5.9154972, 45.5664596 ] ] ] } },
{ "type": "Feature", "properties": { "id_bien": "BAT-CE-0092", "nom": null, "type_bien": "LOG", "quartier": "CE", "adresse": "1 Rue De L Herberie", "idu_parcelle": "73065000CI0112", "emprise_m2": 120.5, "nb_etages": 5, "hauteur_m": 14.8, "sdp_estimee_m2": 602.0, "usage_bdtopo": "Résidentiel", "nb_locaux": 1, "id_rnb": "ZKYQ1SJ5EDDP", "cleabs": "BATIMENT0000000219249969", "type_bien_libelle": "Logement" }, "geometry": { "type": "Polygon", "coordinates": [ [ [ 5.9196955, 45.5662289 ], [ 5.9196979, 45.5662018 ], [ 5.9196985, 45.5661883 ], [ 5.9196983, 45.5661838 ], [ 5.9196995, 45.5661595 ], [ 5.9196995, 45.5661577 ], [ 5.9197251, 45.5661579 ], [ 5.9197521, 45.5661581 ], [ 5.9197988, 45.5661686 ], [ 5.9198065, 45.5661693 ], [ 5.9198026, 45.5661919 ], [ 5.9197994, 45.5662046 ], [ 5.9198355, 45.5662082 ], [ 5.9198375, 45.5661973 ], [ 5.9198362, 45.5661965 ], [ 5.9198361, 45.5661937 ], [ 5.9199496, 45.5662052 ], [ 5.9199455, 45.5662251 ], [ 5.9199457, 45.5662296 ], [ 5.9199099, 45.5662567 ], [ 5.9199049, 45.5662586 ], [ 5.9199069, 45.5662487 ], [ 5.9198309, 45.5662416 ], [ 5.9196955, 45.5662289 ] ] ] } },
{ "type": "Feature", "properties": { "id_bien": "BAT-CE-0093", "nom": null, "type_bien": "AQU", "quartier": "CE", "adresse": "1 Rue Victor Hugo", "idu_parcelle": "73065000BP0112", "emprise_m2": 946.6, "nb_etages": null, "hauteur_m": 11.9, "sdp_estimee_m2": null, "usage_bdtopo": "Indifférencié", "nb_locaux": 0, "id_rnb": "NRWJZV46444H", "cleabs": "BATIMENT0000000334734664", "type_bien_libelle": "À qualifier" }, "geometry": { "type": "Polygon", "coordinates": [ [ [ 5.9254131, 45.5661028 ], [ 5.9254118, 45.5661028 ], [ 5.9253008, 45.5660904 ], [ 5.9253058, 45.5660632 ], [ 5.925218, 45.566052 ], [ 5.9251749, 45.5662324 ], [ 5.9251476, 45.5662511 ], [ 5.9248179, 45.5662021 ], [ 5.92482, 45.566193 ], [ 5.9248252, 45.5661694 ], [ 5.9248364, 45.5661628 ], [ 5.9249247, 45.566183 ], [ 5.9249542, 45.5660868 ], [ 5.9248157, 45.5660624 ], [ 5.9248317, 45.566026 ], [ 5.9248413, 45.5659888 ], [ 5.92484, 45.5659645 ], [ 5.9248318, 45.5659548 ], [ 5.9250972, 45.5660001 ], [ 5.9251226, 45.5659707 ], [ 5.9250901, 45.5659634 ], [ 5.9250148, 45.5659464 ], [ 5.9250226, 45.5659228 ], [ 5.9251002, 45.5659361 ], [ 5.925139, 45.5659423 ], [ 5.9252103, 45.5659558 ], [ 5.9254309, 45.5660023 ], [ 5.9254131, 45.5661028 ] ] ] } },
{ "type": "Feature", "properties": { "id_bien": "BAT-CE-0094", "nom": null, "type_bien": "LOG", "quartier": "CE", "adresse": "19 Rue De La Grenette", "idu_parcelle": "73065000CL0076", "emprise_m2": 113.6, "nb_etages": 4, "hauteur_m": 14.3, "sdp_estimee_m2": 454.0, "usage_bdtopo": "Résidentiel", "nb_locaux": 1, "id_rnb": "BXVB4A129D18", "cleabs": "BATIMENT0000000219249473", "type_bien_libelle": "Logement" }, "geometry": { "type": "Polygon", "coordinates": [ [ [ 5.9169159, 45.5662615 ], [ 5.9168652, 45.5661997 ], [ 5.9170196, 45.5661353 ], [ 5.9170619, 45.5661829 ], [ 5.9170755, 45.566197 ], [ 5.9169159, 45.5662615 ] ] ] } },
{ "type": "Feature", "properties": { "id_bien": "BAT-CE-0095", "nom": null, "type_bien": "LOG", "quartier": "CE", "adresse": "19 Rue Paul Bert", "idu_parcelle": "73065000CL0078", "emprise_m2": 288.6, "nb_etages": 7, "hauteur_m": 22.3, "sdp_estimee_m2": 2020.0, "usage_bdtopo": "Résidentiel", "nb_locaux": 1, "id_rnb": "ZGDZ9RZ2HYN3", "cleabs": "BATIMENT0000000219249469", "type_bien_libelle": "Logement" }, "geometry": { "type": "Polygon", "coordinates": [ [ [ 5.9172201, 45.5660445 ], [ 5.9172239, 45.5660426 ], [ 5.9172914, 45.5660832 ], [ 5.9173405, 45.5661144 ], [ 5.9173135, 45.5661367 ], [ 5.9173294, 45.5661462 ], [ 5.9173048, 45.5661667 ], [ 5.9173167, 45.5661736 ], [ 5.9173094, 45.5661801 ], [ 5.9172677, 45.5662172 ], [ 5.9172558, 45.5662103 ], [ 5.9172337, 45.5662298 ], [ 5.9172153, 45.5662204 ], [ 5.9171489, 45.5662762 ], [ 5.9170755, 45.566197 ], [ 5.9170619, 45.5661829 ], [ 5.9172201, 45.5660445 ] ] ] } },
{ "type": "Feature", "properties": { "id_bien": "BAT-CE-0096", "nom": null, "type_bien": "COM", "quartier": "CE", "adresse": "10 Pl De L Hotel De Ville", "idu_parcelle": "73065000CI0119", "emprise_m2": 197.8, "nb_etages": 1, "hauteur_m": 14.8, "sdp_estimee_m2": 198.0, "usage_bdtopo": "Commercial et services", "nb_locaux": 1, "id_rnb": "3EQ9G32FGNMT", "cleabs": "BATIMENT0000000219249966", "type_bien_libelle": "Commerce et marché" }, "geometry": { "type": "Polygon", "coordinates": [ [ [ 5.9200778, 45.566228 ], [ 5.920019, 45.5661602 ], [ 5.9199922, 45.5661627 ], [ 5.9199628, 45.5661643 ], [ 5.9199517, 45.5661718 ], [ 5.9199566, 45.566096 ], [ 5.9199564, 45.5660924 ], [ 5.9199888, 45.566097 ], [ 5.919998, 45.5660769 ], [ 5.9199954, 45.5660761 ], [ 5.9199993, 45.5660543 ], [ 5.9201142, 45.5660676 ], [ 5.9201271, 45.5660681 ], [ 5.9201628, 45.5660897 ], [ 5.9201595, 45.5660988 ], [ 5.9201794, 45.5661127 ], [ 5.920172, 45.5661183 ], [ 5.9201761, 45.5661218 ], [ 5.9201069, 45.5661723 ], [ 5.9201337, 45.566195 ], [ 5.9200778, 45.566228 ] ] ] } },
{ "type": "Feature", "properties": { "id_bien": "BAT-CE-0097", "nom": null, "type_bien": "REL", "quartier": "CE", "adresse": "1 Rue Victor Hugo", "idu_parcelle": "73065000BP0112", "emprise_m2": 302.4, "nb_etages": null, "hauteur_m": 11.9, "sdp_estimee_m2": null, "usage_bdtopo": "Religieux", "nb_locaux": 0, "id_rnb": "S2XMHS9V1BWX", "cleabs": "BATIMENT0000000354745905", "type_bien_libelle": "Édifice cultuel" }, "geometry": { "type": "Polygon", "coordinates": [ [ [ 5.9246066, 45.5661607 ], [ 5.9246142, 45.5661344 ], [ 5.9246528, 45.5661361 ], [ 5.9247053, 45.5659635 ], [ 5.9247361, 45.5659402 ], [ 5.9247649, 45.5659268 ], [ 5.9248076, 45.5659329 ], [ 5.9248318, 45.5659548 ], [ 5.92484, 45.5659645 ], [ 5.9248413, 45.5659888 ], [ 5.9248317, 45.566026 ], [ 5.9248157, 45.5660624 ], [ 5.9247842, 45.5661462 ], [ 5.9247888, 45.5661605 ], [ 5.9248252, 45.5661694 ], [ 5.92482, 45.566193 ], [ 5.9247216, 45.5661757 ], [ 5.9246802, 45.5661687 ], [ 5.9246066, 45.5661607 ] ] ] } },
{ "type": "Feature", "properties": { "id_bien": "BAT-CE-0098", "nom": null, "type_bien": "LOG", "quartier": "CE", "adresse": "456 Av Du Covet", "idu_parcelle": "73065000CL0353", "emprise_m2": 269.4, "nb_etages": 10, "hauteur_m": 29.1, "sdp_estimee_m2": 2694.0, "usage_bdtopo": "Résidentiel", "nb_locaux": 1, "id_rnb": "D2EG5EB1AQNQ", "cleabs": "BATIMENT0000000219249491", "type_bien_libelle": "Logement" }, "geometry": { "type": "Polygon", "coordinates": [ [ [ 5.9150124, 45.5662667 ], [ 5.9148669, 45.5662074 ], [ 5.9148328, 45.5661939 ], [ 5.914846, 45.5661764 ], [ 5.9149308, 45.5660796 ], [ 5.9149583, 45.5660906 ], [ 5.9149728, 45.566074 ], [ 5.9151131, 45.5661316 ], [ 5.9151236, 45.5661359 ], [ 5.9150124, 45.5662667 ] ] ] } },
{ "type": "Feature", "properties": { "id_bien": "BAT-CE-0099", "nom": "Chambéry - Mairie de Quartier du Centre", "type_bien": "ADM", "quartier": "CE", "adresse": "54 Rue De La Grenette", "idu_parcelle": "73065000CM0089", "emprise_m2": 309.5, "nb_etages": 2, "hauteur_m": 10.1, "sdp_estimee_m2": 619.0, "usage_bdtopo": "Commercial et services", "nb_locaux": 2, "id_rnb": "A98D4XA1DR1D", "cleabs": "BATIMENT0000000219249366", "type_bien_libelle": "Administration" }, "geometry": { "type": "Polygon", "coordinates": [ [ [ 5.9164356, 45.5660316 ], [ 5.916585, 45.56597 ], [ 5.9167342, 45.5661481 ], [ 5.9165848, 45.5662088 ], [ 5.9164356, 45.5660316 ] ] ] } },
{ "type": "Feature", "properties": { "id_bien": "BAT-CE-0100", "nom": null, "type_bien": "LOG", "quartier": "CE", "adresse": "15 Rue Bonivard", "idu_parcelle": "73065000CK0021", "emprise_m2": 234.9, "nb_etages": 3, "hauteur_m": 10.4, "sdp_estimee_m2": 705.0, "usage_bdtopo": "Résidentiel", "nb_locaux": 1, "id_rnb": "2QBZWAD3J59B", "cleabs": "BATIMENT0000000219249065", "type_bien_libelle": "Logement" }, "geometry": { "type": "Polygon", "coordinates": [ [ [ 5.918515, 45.5661506 ], [ 5.9185353, 45.5660978 ], [ 5.9185997, 45.5659312 ], [ 5.9186946, 45.5659558 ], [ 5.9186937, 45.5659639 ], [ 5.9186388, 45.5660906 ], [ 5.9186531, 45.5660929 ], [ 5.9186542, 45.5660893 ], [ 5.9187008, 45.5660971 ], [ 5.9186952, 45.5661135 ], [ 5.9186913, 45.5661127 ], [ 5.9186874, 45.5661119 ], [ 5.9186848, 45.566111 ], [ 5.918681, 45.5661111 ], [ 5.9186771, 45.5661103 ], [ 5.9186732, 45.5661095 ], [ 5.9186693, 45.5661087 ], [ 5.9186672, 45.5661178 ], [ 5.9186711, 45.5661186 ], [ 5.9186749, 45.5661185 ], [ 5.9186788, 45.5661193 ], [ 5.9186814, 45.5661201 ], [ 5.918684, 45.56612 ], [ 5.9186879, 45.5661209 ], [ 5.9186918, 45.5661216 ], [ 5.9186729, 45.5661771 ], [ 5.918515, 45.5661506 ] ] ] } },
{ "type": "Feature", "properties": { "id_bien": "BAT-CE-0101", "nom": null, "type_bien": "LOG", "quartier": "CE", "adresse": "105 Rue D Italie", "idu_parcelle": "73065000BP0042", "emprise_m2": 232.1, "nb_etages": 5, "hauteur_m": 14.7, "sdp_estimee_m2": 1160.0, "usage_bdtopo": "Résidentiel", "nb_locaux": 1, "id_rnb": "ZND8Z2W3BXP9", "cleabs": "BATIMENT0000000219254308", "type_bien_libelle": "Logement" }, "geometry": { "type": "Polygon", "coordinates": [ [ [ 5.9253919, 45.5657501 ], [ 5.9254606, 45.5658114 ], [ 5.9254619, 45.5658122 ], [ 5.9254699, 45.5658192 ], [ 5.9253945, 45.5658969 ], [ 5.9253505, 45.5659377 ], [ 5.9253421, 45.5659496 ], [ 5.9253278, 45.5659446 ], [ 5.9252953, 45.5659364 ], [ 5.9252614, 45.5659274 ], [ 5.9252602, 45.5659292 ], [ 5.9252511, 45.5659268 ], [ 5.9252523, 45.5659249 ], [ 5.925234, 45.5659191 ], [ 5.9251977, 45.5659119 ], [ 5.9252912, 45.5658122 ], [ 5.9253919, 45.5657501 ] ] ] } },
{ "type": "Feature", "properties": { "id_bien": "BAT-CE-0102", "nom": null, "type_bien": "LOG", "quartier": "CE", "adresse": "69 Rue De La Grenette", "idu_parcelle": "73065000CL0069", "emprise_m2": 126.0, "nb_etages": 4, "hauteur_m": 10.8, "sdp_estimee_m2": 504.0, "usage_bdtopo": "Résidentiel", "nb_locaux": 1, "id_rnb": "RYFPCTWPX84R", "cleabs": "BATIMENT0000000219249454", "type_bien_libelle": "Logement" }, "geometry": { "type": "Polygon", "coordinates": [ [ [ 5.9167624, 45.5660735 ], [ 5.9166034, 45.5658803 ], [ 5.9166548, 45.5658583 ], [ 5.9167011, 45.5659093 ], [ 5.9167257, 45.5659375 ], [ 5.91682, 45.5660468 ], [ 5.9167624, 45.5660735 ] ] ] } },
{ "type": "Feature", "properties": { "id_bien": "BAT-CE-0103", "nom": null, "type_bien": "AQU", "quartier": "CE", "adresse": "Rue Saint - Real", "idu_parcelle": "73065000BO0007", "emprise_m2": 15.7, "nb_etages": null, "hauteur_m": 11.2, "sdp_estimee_m2": null, "usage_bdtopo": "Indifférencié", "nb_locaux": 8, "id_rnb": "MFWBEGN4B21C", "cleabs": "BATIMENT0000000219249281", "type_bien_libelle": "À qualifier" }, "geometry": { "type": "Polygon", "coordinates": [ [ [ 5.922162, 45.5658296 ], [ 5.9221681, 45.5658484 ], [ 5.9221617, 45.5658495 ], [ 5.9221425, 45.5658743 ], [ 5.9220953, 45.5658548 ], [ 5.9221135, 45.5658345 ], [ 5.9221252, 45.5658387 ], [ 5.922162, 45.5658296 ] ] ] } },
{ "type": "Feature", "properties": { "id_bien": "BAT-CE-0104", "nom": "Mosquée Cheikh Abass", "type_bien": "REL", "quartier": "CE", "adresse": "73 Rue D Italie", "idu_parcelle": "73065000BP0100", "emprise_m2": 252.0, "nb_etages": 3, "hauteur_m": 13.2, "sdp_estimee_m2": 756.0, "usage_bdtopo": "Religieux", "nb_locaux": 1, "id_rnb": "FMPMTQ772QAF/FSRCS61PMHZY", "cleabs": "BATIMENT0000000219254311", "type_bien_libelle": "Édifice cultuel" }, "geometry": { "type": "Polygon", "coordinates": [ [ [ 5.9248767, 45.5658581 ], [ 5.9249536, 45.5656867 ], [ 5.9250096, 45.5657006 ], [ 5.9249817, 45.5657554 ], [ 5.9249908, 45.5657578 ], [ 5.9250753, 45.565779 ], [ 5.9250779, 45.5657799 ], [ 5.9250722, 45.5657945 ], [ 5.9251319, 45.5658064 ], [ 5.9251017, 45.5658676 ], [ 5.9250917, 45.5658967 ], [ 5.9250879, 45.5658968 ], [ 5.924932, 45.5658837 ], [ 5.9249353, 45.5658737 ], [ 5.9248767, 45.5658581 ] ] ] } },
{ "type": "Feature", "properties": { "id_bien": "BAT-CE-0105", "nom": null, "type_bien": "LOG", "quartier": "CE", "adresse": "3 Rue De Lans", "idu_parcelle": "73065000CI0081", "emprise_m2": 353.8, "nb_etages": 5, "hauteur_m": 14.5, "sdp_estimee_m2": 1769.0, "usage_bdtopo": "Résidentiel", "nb_locaux": 1, "id_rnb": "4F8GPA36ZSP8", "cleabs": "BATIMENT0000000219250123", "type_bien_libelle": "Logement" }, "geometry": { "type": "Polygon", "coordinates": [ [ [ 5.9204378, 45.5659763 ], [ 5.9204275, 45.5659747 ], [ 5.9203878, 45.5659523 ], [ 5.920294, 45.5659016 ], [ 5.9202754, 45.565912 ], [ 5.9202436, 45.5658939 ], [ 5.9202382, 45.5658886 ], [ 5.9202713, 45.565859 ], [ 5.9202712, 45.5658581 ], [ 5.9202737, 45.5658562 ], [ 5.9202762, 45.5658543 ], [ 5.9202786, 45.5658524 ], [ 5.9202811, 45.5658506 ], [ 5.9202823, 45.5658496 ], [ 5.9202848, 45.5658478 ], [ 5.9202873, 45.5658459 ], [ 5.9202897, 45.5658441 ], [ 5.9202909, 45.5658422 ], [ 5.9203082, 45.5658291 ], [ 5.9203069, 45.5658283 ], [ 5.920334, 45.5658069 ], [ 5.9203604, 45.5658224 ], [ 5.9203802, 45.5658075 ], [ 5.920335, 45.5657771 ], [ 5.9203741, 45.56574 ], [ 5.9204125, 45.5657643 ], [ 5.920542, 45.5658348 ], [ 5.9205395, 45.5658367 ], [ 5.9206106, 45.5658952 ], [ 5.9206055, 45.5658971 ], [ 5.9205717, 45.5659124 ], [ 5.9205667, 45.5659152 ], [ 5.9205072, 45.5658573 ], [ 5.9204822, 45.5658688 ], [ 5.9205491, 45.565922 ], [ 5.9205354, 45.5659287 ], [ 5.9204797, 45.5659436 ], [ 5.9204895, 45.5659587 ], [ 5.9204706, 45.5659655 ], [ 5.9204378, 45.5659763 ] ] ] } },
{ "type": "Feature", "properties": { "id_bien": "BAT-CE-0106", "nom": null, "type_bien": "AQU", "quartier": "CE", "adresse": "1 Rue De Lans", "idu_parcelle": "73065000CI0043", "emprise_m2": 100.4, "nb_etages": null, "hauteur_m": 11.8, "sdp_estimee_m2": null, "usage_bdtopo": "Indifférencié", "nb_locaux": 0, "id_rnb": "3Q7822G25ACQ", "cleabs": "BATIMENT0000000219250113", "type_bien_libelle": "À qualifier" }, "geometry": { "type": "Polygon", "coordinates": [ [ [ 5.9206178, 45.5659094 ], [ 5.9206055, 45.5658971 ], [ 5.9206106, 45.5658952 ], [ 5.9205395, 45.5658367 ], [ 5.920542, 45.5658348 ], [ 5.9205678, 45.5658143 ], [ 5.9206111, 45.5657825 ], [ 5.9207281, 45.5658858 ], [ 5.9206989, 45.565892 ], [ 5.9206178, 45.5659094 ] ] ] } },
{ "type": "Feature", "properties": { "id_bien": "BAT-CE-0107", "nom": null, "type_bien": "LOG", "quartier": "CE", "adresse": "5 Pl De L Hotel De Ville", "idu_parcelle": "73065000CI0110", "emprise_m2": 239.8, "nb_etages": 5, "hauteur_m": 19.5, "sdp_estimee_m2": 1199.0, "usage_bdtopo": "Résidentiel", "nb_locaux": 1, "id_rnb": "AFBCZ8EQMBGP", "cleabs": "BATIMENT0000000219250116", "type_bien_libelle": "Logement" }, "geometry": { "type": "Polygon", "coordinates": [ [ [ 5.9209091, 45.5658144 ], [ 5.9208621, 45.5657742 ], [ 5.9208945, 45.5657571 ], [ 5.9209442, 45.5658 ], [ 5.9209456, 45.5658009 ], [ 5.9209649, 45.5658265 ], [ 5.9209994, 45.5658734 ], [ 5.9210306, 45.5659302 ], [ 5.9210241, 45.5659286 ], [ 5.9210417, 45.5659687 ], [ 5.9209701, 45.5659498 ], [ 5.9209248, 45.5659906 ], [ 5.920903, 45.5659903 ], [ 5.920895, 45.5659851 ], [ 5.9208777, 45.5659738 ], [ 5.9208565, 45.56596 ], [ 5.9208588, 45.5659563 ], [ 5.9208256, 45.5659346 ], [ 5.9208228, 45.5659302 ], [ 5.9208189, 45.5659285 ], [ 5.9208111, 45.5659035 ], [ 5.9208455, 45.5658981 ], [ 5.9208581, 45.5658933 ], [ 5.9208225, 45.5658518 ], [ 5.9208602, 45.5658364 ], [ 5.9209091, 45.5658144 ] ] ] } },
{ "type": "Feature", "properties": { "id_bien": "BAT-CE-0108", "nom": null, "type_bien": "LOG", "quartier": "CE", "adresse": "Rue Saint - Real", "idu_parcelle": "73065000BO0007", "emprise_m2": 164.2, "nb_etages": 3, "hauteur_m": 11.0, "sdp_estimee_m2": 493.0, "usage_bdtopo": "Résidentiel", "nb_locaux": 8, "id_rnb": "A17S453HFPPW", "cleabs": "BATIMENT0000000219249283", "type_bien_libelle": "Logement" }, "geometry": { "type": "Polygon", "coordinates": [ [ [ 5.9221855, 45.5657398 ], [ 5.9221998, 45.5657439 ], [ 5.9222597, 45.5657613 ], [ 5.9222453, 45.5657806 ], [ 5.922451, 45.5658365 ], [ 5.9224101, 45.5658889 ], [ 5.9223798, 45.5658969 ], [ 5.9222357, 45.5658412 ], [ 5.922233, 45.5658395 ], [ 5.9222291, 45.5658387 ], [ 5.9222265, 45.5658379 ], [ 5.9222226, 45.5658362 ], [ 5.92222, 45.5658353 ], [ 5.9222161, 45.5658336 ], [ 5.9222088, 45.5658419 ], [ 5.922193, 45.5658351 ], [ 5.9221901, 45.565828 ], [ 5.9221705, 45.5658204 ], [ 5.9221909, 45.5657946 ], [ 5.922187, 45.5657686 ], [ 5.9221726, 45.5657627 ], [ 5.9221855, 45.5657398 ] ] ] } },
{ "type": "Feature", "properties": { "id_bien": "BAT-CE-0109", "nom": null, "type_bien": "AQU", "quartier": "CE", "adresse": "Rue Ducis", "idu_parcelle": "73065000BO0023", "emprise_m2": 19.0, "nb_etages": 1, "hauteur_m": 4.1, "sdp_estimee_m2": 19.0, "usage_bdtopo": "Indifférencié", "nb_locaux": 0, "id_rnb": "VPBJYCFAVKNY", "cleabs": "BATIMENT0000000219249135", "type_bien_libelle": "À qualifier" }, "geometry": { "type": "Polygon", "coordinates": [ [ [ 5.9234532, 45.5656474 ], [ 5.9235135, 45.5656719 ], [ 5.9234893, 45.5656987 ], [ 5.9234446, 45.56568 ], [ 5.9234289, 45.5656741 ], [ 5.9234532, 45.5656474 ] ] ] } },
{ "type": "Feature", "properties": { "id_bien": "BAT-CE-0110", "nom": null, "type_bien": "LOG", "quartier": "CE", "adresse": "81 Rue D Italie", "idu_parcelle": "73065000BP0091", "emprise_m2": 251.2, "nb_etages": 3, "hauteur_m": 12.2, "sdp_estimee_m2": 754.0, "usage_bdtopo": "Résidentiel", "nb_locaux": 1, "id_rnb": "J5XPJS7K6YZ5", "cleabs": "BATIMENT0000000219254314", "type_bien_libelle": "Logement" }, "geometry": { "type": "Polygon", "coordinates": [ [ [ 5.9251319, 45.5658064 ], [ 5.9250722, 45.5657945 ], [ 5.9250779, 45.5657799 ], [ 5.9250753, 45.565779 ], [ 5.9251224, 45.5656751 ], [ 5.9250572, 45.5656561 ], [ 5.9250468, 45.5656536 ], [ 5.924979, 45.5656329 ], [ 5.9249869, 45.5656119 ], [ 5.9250125, 45.5655617 ], [ 5.9250676, 45.5655855 ], [ 5.9250724, 45.5655782 ], [ 5.9251037, 45.5655882 ], [ 5.9251347, 45.5655432 ], [ 5.9251736, 45.5655756 ], [ 5.9251816, 45.5655825 ], [ 5.9252354, 45.565628 ], [ 5.9252279, 45.5656327 ], [ 5.9252162, 45.5656546 ], [ 5.9251897, 45.565686 ], [ 5.9251457, 45.5657772 ], [ 5.9251376, 45.5657936 ], [ 5.9251319, 45.5658064 ] ] ] } },
{ "type": "Feature", "properties": { "id_bien": "BAT-CE-0111", "nom": null, "type_bien": "LOG", "quartier": "CE", "adresse": "394 Av Du Covet", "idu_parcelle": "73065000CL0355", "emprise_m2": 215.7, "nb_etages": 13, "hauteur_m": 37.5, "sdp_estimee_m2": 2804.0, "usage_bdtopo": "Résidentiel", "nb_locaux": 2, "id_rnb": "RVWSSTE3Z8AM", "cleabs": "BATIMENT0000000219249487", "type_bien_libelle": "Logement" }, "geometry": { "type": "Polygon", "coordinates": [ [ [ 5.914184, 45.5658097 ], [ 5.9142287, 45.5657554 ], [ 5.9142359, 45.5657471 ], [ 5.9142661, 45.5657112 ], [ 5.9144537, 45.5657901 ], [ 5.9143703, 45.5658878 ], [ 5.914184, 45.5658097 ] ] ] } },
{ "type": "Feature", "properties": { "id_bien": "BAT-CE-0112", "nom": null, "type_bien": "LOG", "quartier": "CE", "adresse": "222 Pl Saint-Leger", "idu_parcelle": "73065000CI0113", "emprise_m2": 431.8, "nb_etages": 5, "hauteur_m": 17.6, "sdp_estimee_m2": 2159.0, "usage_bdtopo": "Résidentiel", "nb_locaux": 2, "id_rnb": "4NF2PGRSMCN9", "cleabs": "BATIMENT0000000219250117", "type_bien_libelle": "Logement" }, "geometry": { "type": "Polygon", "coordinates": [ [ [ 5.9203436, 45.565721 ], [ 5.9202769, 45.5656732 ], [ 5.9200275, 45.5655175 ], [ 5.9200422, 45.5655045 ], [ 5.9201073, 45.5654487 ], [ 5.9202915, 45.565562 ], [ 5.9203142, 45.5655776 ], [ 5.9204777, 45.565686 ], [ 5.920474, 45.5656888 ], [ 5.9204926, 45.5657009 ], [ 5.9205099, 45.5657122 ], [ 5.9205684, 45.565753 ], [ 5.9205306, 45.56579 ], [ 5.9205678, 45.5658143 ], [ 5.920542, 45.5658348 ], [ 5.9204125, 45.5657643 ], [ 5.9204567, 45.5657262 ], [ 5.9203903, 45.5656837 ], [ 5.9203632, 45.5657052 ], [ 5.9203436, 45.565721 ] ], [ [ 5.9201919, 45.5655943 ], [ 5.920229, 45.5656167 ], [ 5.9202572, 45.5655926 ], [ 5.9202718, 45.5656012 ], [ 5.9202743, 45.5655994 ], [ 5.9202755, 45.5655975 ], [ 5.9202804, 45.5655938 ], [ 5.920284, 45.5655892 ], [ 5.9202865, 45.5655873 ], [ 5.9202838, 45.5655856 ], [ 5.9202785, 45.5655821 ], [ 5.9202732, 45.5655787 ], [ 5.9202705, 45.5655769 ], [ 5.9202679, 45.5655752 ], [ 5.9202652, 45.5655735 ], [ 5.9202626, 45.5655717 ], [ 5.9202599, 45.5655709 ], [ 5.9202573, 45.5655692 ], [ 5.9202374, 45.5655571 ], [ 5.9201919, 45.5655943 ] ] ] } },
{ "type": "Feature", "properties": { "id_bien": "BAT-CE-0113", "nom": "Musée Savoisien", "type_bien": "CUL", "quartier": "CE", "adresse": "1 Sq Fcois De Lannoy De Bissy", "idu_parcelle": "73065000BO0021", "emprise_m2": 805.1, "nb_etages": 1, "hauteur_m": 13.2, "sdp_estimee_m2": 805.0, "usage_bdtopo": "Commercial et services", "nb_locaux": 1, "id_rnb": "5SCDFS74XZRG", "cleabs": "BATIMENT0000000219249139", "type_bien_libelle": "Culture et loisirs" }, "geometry": { "type": "Polygon", "coordinates": [ [ [ 5.9224888, 45.5654102 ], [ 5.922498, 45.5654136 ], [ 5.9228089, 45.5655686 ], [ 5.9229759, 45.5654021 ], [ 5.9230825, 45.5654543 ], [ 5.9230905, 45.5654594 ], [ 5.923071, 45.5654798 ], [ 5.9230454, 45.5655048 ], [ 5.9229599, 45.5655854 ], [ 5.9230165, 45.5656137 ], [ 5.9229871, 45.5656406 ], [ 5.9230279, 45.5656593 ], [ 5.9230548, 45.5656334 ], [ 5.9231537, 45.5656858 ], [ 5.9230548, 45.5657794 ], [ 5.9228501, 45.5656685 ], [ 5.9225047, 45.5654927 ], [ 5.9224547, 45.5655418 ], [ 5.922394, 45.5655109 ], [ 5.9223822, 45.5655049 ], [ 5.9224463, 45.5654564 ], [ 5.9224424, 45.5654538 ], [ 5.9224558, 45.5654417 ], [ 5.9224888, 45.5654102 ] ] ] } },
{ "type": "Feature", "properties": { "id_bien": "BAT-CE-0114", "nom": null, "type_bien": "LOG", "quartier": "CE", "adresse": "124 Rue Juiverie", "idu_parcelle": "73065000CK0297", "emprise_m2": 290.5, "nb_etages": 4, "hauteur_m": 15.8, "sdp_estimee_m2": 1162.0, "usage_bdtopo": "Résidentiel", "nb_locaux": 20, "id_rnb": "76ZH8H38C8DH", "cleabs": "BATIMENT0000000219249032", "type_bien_libelle": "Logement" }, "geometry": { "type": "Polygon", "coordinates": [ [ [ 5.9180218, 45.565702 ], [ 5.9180856, 45.565622 ], [ 5.9180138, 45.5655986 ], [ 5.9180438, 45.5655591 ], [ 5.9180412, 45.5655574 ], [ 5.9181077, 45.5654817 ], [ 5.9181113, 45.5654771 ], [ 5.9181308, 45.5654802 ], [ 5.918176, 45.5654872 ], [ 5.9181942, 45.5654903 ], [ 5.9182317, 45.5654965 ], [ 5.9182589, 45.5655012 ], [ 5.9182059, 45.5655666 ], [ 5.9182348, 45.5655802 ], [ 5.9182144, 45.565606 ], [ 5.9181803, 45.5655925 ], [ 5.9181597, 45.5656155 ], [ 5.9181834, 45.5656266 ], [ 5.9181336, 45.5656802 ], [ 5.9181505, 45.5656852 ], [ 5.9181073, 45.5657422 ], [ 5.9180496, 45.5657409 ], [ 5.9180457, 45.565741 ], [ 5.9180467, 45.5657347 ], [ 5.9180532, 45.5657129 ], [ 5.9180218, 45.565702 ] ] ] } },
{ "type": "Feature", "properties": { "id_bien": "BAT-CE-0115", "nom": "Centre d'Interprétation de l'Architecture et du Patrimoine - Hôtel de Cordon", "type_bien": "ADM", "quartier": "CE", "adresse": "71 Rue Saint - Real", "idu_parcelle": "73065000BO0091", "emprise_m2": 706.2, "nb_etages": 5, "hauteur_m": 18.5, "sdp_estimee_m2": 3531.0, "usage_bdtopo": "Résidentiel", "nb_locaux": 1, "id_rnb": "3TM5MTDXQY5E", "cleabs": "BATIMENT0000000219250153", "type_bien_libelle": "Administration" }, "geometry": { "type": "Polygon", "coordinates": [ [ [ 5.9215133, 45.5653752 ], [ 5.9215439, 45.5653969 ], [ 5.9215266, 45.56541 ], [ 5.9216555, 45.5654932 ], [ 5.9216579, 45.5654913 ], [ 5.9217373, 45.5655361 ], [ 5.9218609, 45.5655698 ], [ 5.921861, 45.5655716 ], [ 5.9218675, 45.5655741 ], [ 5.921851, 45.5656007 ], [ 5.9217441, 45.5655683 ], [ 5.9216887, 45.5656122 ], [ 5.9217006, 45.5656191 ], [ 5.9217038, 45.5656316 ], [ 5.9217381, 45.5656496 ], [ 5.9218694, 45.5656813 ], [ 5.9218658, 45.5656877 ], [ 5.9218459, 45.5657225 ], [ 5.9218364, 45.5657381 ], [ 5.9218177, 45.5657728 ], [ 5.9218117, 45.5657811 ], [ 5.9217596, 45.5657644 ], [ 5.9217584, 45.5657662 ], [ 5.9217337, 45.5657615 ], [ 5.9217316, 45.5657687 ], [ 5.9217043, 45.5657631 ], [ 5.921456, 45.5655542 ], [ 5.9214278, 45.5655315 ], [ 5.9213442, 45.5654769 ], [ 5.9213452, 45.5654733 ], [ 5.9213451, 45.5654715 ], [ 5.9213685, 45.5654529 ], [ 5.9213724, 45.5654537 ], [ 5.9213751, 45.5654563 ], [ 5.9213963, 45.5654693 ], [ 5.9214012, 45.5654646 ], [ 5.921405, 45.5654627 ], [ 5.9214074, 45.56546 ], [ 5.9214099, 45.5654581 ], [ 5.9214136, 45.5654553 ], [ 5.9214185, 45.5654507 ], [ 5.9214222, 45.5654488 ], [ 5.9214247, 45.5654469 ], [ 5.9214308, 45.5654422 ], [ 5.9214333, 45.5654395 ], [ 5.9214357, 45.5654376 ], [ 5.9214394, 45.5654348 ], [ 5.921496, 45.5653892 ], [ 5.9215133, 45.5653752 ] ] ] } },
{ "type": "Feature", "properties": { "id_bien": "BAT-CE-0116", "nom": "Théâtre Charles Dullin", "type_bien": "CUL", "quartier": "CE", "adresse": "Pl Du Theatre", "idu_parcelle": "73065000BO0028", "emprise_m2": 1599.7, "nb_etages": 1, "hauteur_m": 17.7, "sdp_estimee_m2": 1600.0, "usage_bdtopo": "Commercial et services", "nb_locaux": 2, "id_rnb": "VTFG138MY4KN", "cleabs": "BATIMENT0000000219253899", "type_bien_libelle": "Culture et loisirs" }, "geometry": { "type": "Polygon", "coordinates": [ [ [ 5.9241123, 45.5650093 ], [ 5.9241241, 45.5650144 ], [ 5.9241252, 45.5650117 ], [ 5.9242864, 45.565076 ], [ 5.9243336, 45.5650955 ], [ 5.9243312, 45.5650974 ], [ 5.924343, 45.5651025 ], [ 5.9242972, 45.5651595 ], [ 5.9242091, 45.5652636 ], [ 5.9242078, 45.5652637 ], [ 5.9242052, 45.5652637 ], [ 5.924204, 45.5652647 ], [ 5.9242015, 45.5652656 ], [ 5.9241991, 45.5652693 ], [ 5.9241979, 45.5652711 ], [ 5.9242006, 45.5652738 ], [ 5.9242007, 45.5652756 ], [ 5.9240657, 45.5654395 ], [ 5.9239042, 45.5656365 ], [ 5.9238924, 45.5656323 ], [ 5.923878, 45.5656507 ], [ 5.9238407, 45.5656967 ], [ 5.923627, 45.5656104 ], [ 5.9236632, 45.5655662 ], [ 5.9236658, 45.565567 ], [ 5.9236802, 45.5655495 ], [ 5.9236658, 45.5655436 ], [ 5.9236887, 45.565516 ], [ 5.9240629, 45.565071 ], [ 5.9241052, 45.5650203 ], [ 5.9241038, 45.5650195 ], [ 5.9241123, 45.5650093 ] ] ] } },
{ "type": "Feature", "properties": { "id_bien": "BAT-CE-0117", "nom": null, "type_bien": "LOG", "quartier": "CE", "adresse": "1 Rue De La Tresorerie", "idu_parcelle": "73065000CK0198", "emprise_m2": 297.6, "nb_etages": 3, "hauteur_m": 12.5, "sdp_estimee_m2": 893.0, "usage_bdtopo": "Résidentiel", "nb_locaux": 1, "id_rnb": "4J6FQE9H2F2T", "cleabs": "BATIMENT0000000219249449", "type_bien_libelle": "Logement" }, "geometry": { "type": "Polygon", "coordinates": [ [ [ 5.9178332, 45.5655294 ], [ 5.9177336, 45.5653932 ], [ 5.9179063, 45.5653103 ], [ 5.9179419, 45.5653284 ], [ 5.9179658, 45.565343 ], [ 5.9179768, 45.5653329 ], [ 5.9179965, 45.5653413 ], [ 5.9180494, 45.565349 ], [ 5.9180187, 45.565375 ], [ 5.9179503, 45.5654146 ], [ 5.9179813, 45.5654427 ], [ 5.91798, 45.5654427 ], [ 5.9179801, 45.5654445 ], [ 5.9179216, 45.5654785 ], [ 5.917923, 45.5654811 ], [ 5.9178856, 45.5655028 ], [ 5.917883, 45.5655011 ], [ 5.9178743, 45.5655067 ], [ 5.9178757, 45.5655085 ], [ 5.9178595, 45.5655188 ], [ 5.9178556, 45.5655162 ], [ 5.9178332, 45.5655294 ] ] ] } },
{ "type": "Feature", "properties": { "id_bien": "BAT-CE-0118", "nom": null, "type_bien": "LOG", "quartier": "CE", "adresse": "14 Rue Basse Du Chateau", "idu_parcelle": "73065000CK0054", "emprise_m2": 81.9, "nb_etages": 5, "hauteur_m": 16.1, "sdp_estimee_m2": 410.0, "usage_bdtopo": "Résidentiel", "nb_locaux": 7, "id_rnb": "YX1YJ7FNEVDY", "cleabs": "BATIMENT0000000219249085", "type_bien_libelle": "Logement" }, "geometry": { "type": "Polygon", "coordinates": [ [ [ 5.9197069, 45.5653969 ], [ 5.919711, 45.5653536 ], [ 5.9197907, 45.5653569 ], [ 5.9198743, 45.565362 ], [ 5.9199257, 45.5653624 ], [ 5.9199245, 45.5653651 ], [ 5.9199126, 45.565406 ], [ 5.9199115, 45.5654096 ], [ 5.9197313, 45.5653981 ], [ 5.9197069, 45.5653969 ] ] ] } },
{ "type": "Feature", "properties": { "id_bien": "BAT-CE-0119", "nom": null, "type_bien": "LOG", "quartier": "CE", "adresse": "15 Rue De Boigne", "idu_parcelle": "73065000BO0083", "emprise_m2": 397.4, "nb_etages": 5, "hauteur_m": 18.2, "sdp_estimee_m2": 1987.0, "usage_bdtopo": "Résidentiel", "nb_locaux": 1, "id_rnb": "NQZX43QYRFBB", "cleabs": "BATIMENT0000000219250140", "type_bien_libelle": "Logement" }, "geometry": { "type": "Polygon", "coordinates": [ [ [ 5.9208593, 45.5652589 ], [ 5.9208865, 45.5652401 ], [ 5.9209662, 45.5652912 ], [ 5.920982, 45.5652998 ], [ 5.921043, 45.565337 ], [ 5.9211174, 45.5653855 ], [ 5.9210338, 45.5654544 ], [ 5.9210482, 45.5654594 ], [ 5.9210008, 45.5655093 ], [ 5.9208834, 45.5654484 ], [ 5.9208729, 45.5654441 ], [ 5.9208465, 45.5654304 ], [ 5.9208333, 45.5654235 ], [ 5.9208096, 45.5654106 ], [ 5.9207924, 45.5654012 ], [ 5.9206855, 45.5653454 ], [ 5.9207333, 45.5653018 ], [ 5.9207399, 45.5653052 ], [ 5.9207448, 45.5653024 ], [ 5.9208069, 45.5653359 ], [ 5.9208081, 45.565335 ], [ 5.9208191, 45.5653248 ], [ 5.9208301, 45.5653137 ], [ 5.9208167, 45.5653032 ], [ 5.9208593, 45.5652589 ] ], [ [ 5.920988, 45.5653636 ], [ 5.9209023, 45.5653199 ], [ 5.920868, 45.5653514 ], [ 5.9208558, 45.5653626 ], [ 5.9208822, 45.5653763 ], [ 5.9209349, 45.5654038 ], [ 5.9209652, 45.5654192 ], [ 5.9210144, 45.5653783 ], [ 5.920988, 45.5653636 ] ] ] } },
{ "type": "Feature", "properties": { "id_bien": "BAT-CE-0120", "nom": "Musée Savoisien", "type_bien": "CUL", "quartier": "CE", "adresse": "1 Sq Fcois De Lannoy De Bissy", "idu_parcelle": "73065000BO0021", "emprise_m2": 273.8, "nb_etages": null, "hauteur_m": 14.2, "sdp_estimee_m2": null, "usage_bdtopo": "Indifférencié", "nb_locaux": 1, "id_rnb": "964SS7Q13VHR", "cleabs": "BATIMENT0000000219249142", "type_bien_libelle": "Culture et loisirs" }, "geometry": { "type": "Polygon", "coordinates": [ [ [ 5.9224352, 45.5652206 ], [ 5.9225166, 45.5652563 ], [ 5.9225618, 45.5652137 ], [ 5.922613, 45.5652358 ], [ 5.9226155, 45.5652339 ], [ 5.9226589, 45.5652553 ], [ 5.9225955, 45.5653173 ], [ 5.9225035, 45.5652747 ], [ 5.9224655, 45.565309 ], [ 5.9225576, 45.5653535 ], [ 5.922498, 45.5654136 ], [ 5.9224888, 45.5654102 ], [ 5.9224961, 45.5654028 ], [ 5.9224566, 45.565384 ], [ 5.9224286, 45.5654118 ], [ 5.9223799, 45.5653887 ], [ 5.9223823, 45.565386 ], [ 5.9223586, 45.565374 ], [ 5.9223839, 45.5653436 ], [ 5.9223299, 45.565317 ], [ 5.9223997, 45.565253 ], [ 5.9224023, 45.5652539 ], [ 5.9224352, 45.5652206 ] ] ] } },
{ "type": "Feature", "properties": { "id_bien": "BAT-CE-0121", "nom": null, "type_bien": "LOG", "quartier": "CE", "adresse": "13 Rue De Boigne", "idu_parcelle": "73065000BO0086", "emprise_m2": 332.2, "nb_etages": 5, "hauteur_m": 13.7, "sdp_estimee_m2": 1661.0, "usage_bdtopo": "Résidentiel", "nb_locaux": 1, "id_rnb": "JDJ6FZZF9JBA", "cleabs": "BATIMENT0000000219250154", "type_bien_libelle": "Logement" }, "geometry": { "type": "Polygon", "coordinates": [ [ [ 5.921252, 45.5652135 ], [ 5.9212547, 45.5652152 ], [ 5.9212535, 45.5652171 ], [ 5.9213351, 45.5652816 ], [ 5.9213277, 45.5652863 ], [ 5.9213744, 45.5653212 ], [ 5.9213769, 45.5653202 ], [ 5.9213983, 45.565335 ], [ 5.9213945, 45.5653377 ], [ 5.9213512, 45.5653677 ], [ 5.9213552, 45.5653694 ], [ 5.9213579, 45.5653729 ], [ 5.921358, 45.5653738 ], [ 5.9213581, 45.5653765 ], [ 5.9213582, 45.5653792 ], [ 5.9213584, 45.5653819 ], [ 5.9213585, 45.5653846 ], [ 5.9213561, 45.5653874 ], [ 5.9213525, 45.5653911 ], [ 5.9213488, 45.5653939 ], [ 5.9213475, 45.5653948 ], [ 5.9213437, 45.5653958 ], [ 5.9213412, 45.5653968 ], [ 5.9213374, 45.5653969 ], [ 5.9213348, 45.565397 ], [ 5.921331, 45.5653971 ], [ 5.9213296, 45.5653962 ], [ 5.9213257, 45.5653945 ], [ 5.9213219, 45.5653946 ], [ 5.9213023, 45.5654122 ], [ 5.9212913, 45.5654224 ], [ 5.9212826, 45.5654281 ], [ 5.9212429, 45.5654066 ], [ 5.921222, 45.5654224 ], [ 5.9211784, 45.5653992 ], [ 5.9211858, 45.5653927 ], [ 5.921088, 45.5653385 ], [ 5.9210589, 45.5653212 ], [ 5.9210972, 45.5652941 ], [ 5.9211734, 45.5652561 ], [ 5.921252, 45.5652135 ] ] ] } },
{ "type": "Feature", "properties": { "id_bien": "BAT-CE-0122", "nom": null, "type_bien": "AQU", "quartier": "CE", "adresse": "23 Pl Metropole", "idu_parcelle": "73065000BO0020", "emprise_m2": 44.7, "nb_etages": null, "hauteur_m": 13.2, "sdp_estimee_m2": null, "usage_bdtopo": "Indifférencié", "nb_locaux": 0, "id_rnb": "J6Y2JE7KDJ1S", "cleabs": "BATIMENT0000000219249143", "type_bien_libelle": "À qualifier" }, "geometry": { "type": "Polygon", "coordinates": [ [ [ 5.9224352, 45.5652206 ], [ 5.9224765, 45.5651772 ], [ 5.9225421, 45.5652052 ], [ 5.9225579, 45.565212 ], [ 5.9225618, 45.5652137 ], [ 5.9225166, 45.5652563 ], [ 5.9224352, 45.5652206 ] ] ] } },
{ "type": "Feature", "properties": { "id_bien": "BAT-CE-0123", "nom": "Cathédrale Saint-François de Sales", "type_bien": "REL", "quartier": "CE", "adresse": "Pl Metropole", "idu_parcelle": "73065000BO0022", "emprise_m2": 2582.8, "nb_etages": null, "hauteur_m": 10.1, "sdp_estimee_m2": null, "usage_bdtopo": "Religieux", "nb_locaux": 0, "id_rnb": "ZQEEJGS59B6H", "cleabs": "BATIMENT0000000219249136", "type_bien_libelle": "Édifice cultuel" }, "geometry": { "type": "Polygon", "coordinates": [ [ [ 5.9230634, 45.565042 ], [ 5.9230678, 45.5650293 ], [ 5.9230833, 45.5650307 ], [ 5.9230801, 45.5650443 ], [ 5.9231091, 45.5650589 ], [ 5.923128, 45.5650512 ], [ 5.9231361, 45.56506 ], [ 5.9231174, 45.5650686 ], [ 5.9231251, 45.5650936 ], [ 5.9231621, 45.5650908 ], [ 5.9231678, 45.5650763 ], [ 5.9231807, 45.5650786 ], [ 5.9231778, 45.5650949 ], [ 5.923204, 45.565106 ], [ 5.9232215, 45.5650983 ], [ 5.923231, 45.565108 ], [ 5.923211, 45.5651166 ], [ 5.9232175, 45.5651426 ], [ 5.9232531, 45.565138 ], [ 5.9232576, 45.5651244 ], [ 5.9232718, 45.5651267 ], [ 5.9232661, 45.5651413 ], [ 5.9232963, 45.565154 ], [ 5.9233126, 45.5651464 ], [ 5.9233221, 45.5651561 ], [ 5.9233045, 45.5651628 ], [ 5.9233111, 45.5651906 ], [ 5.9233519, 45.5651868 ], [ 5.9233602, 45.565174 ], [ 5.9233733, 45.5651782 ], [ 5.9233663, 45.565191 ], [ 5.9233914, 45.5652047 ], [ 5.9234115, 45.5651979 ], [ 5.9234185, 45.5652076 ], [ 5.9233996, 45.5652144 ], [ 5.923406, 45.5652395 ], [ 5.9234367, 45.5652378 ], [ 5.9234425, 45.565225 ], [ 5.9234581, 45.5652291 ], [ 5.9234523, 45.565241 ], [ 5.9234801, 45.5652574 ], [ 5.923495, 45.5652489 ], [ 5.9235058, 45.5652576 ], [ 5.9234895, 45.5652661 ], [ 5.9234921, 45.5652895 ], [ 5.9235128, 45.5652935 ], [ 5.9235046, 45.5653081 ], [ 5.9235309, 45.5653218 ], [ 5.9235459, 45.5653124 ], [ 5.9235566, 45.5653212 ], [ 5.9235417, 45.5653315 ], [ 5.9235482, 45.5653574 ], [ 5.923565, 45.5653588 ], [ 5.9235618, 45.5653706 ], [ 5.9235437, 45.5653684 ], [ 5.9235254, 45.5653878 ], [ 5.9235337, 45.5653984 ], [ 5.9235174, 45.5654051 ], [ 5.9235187, 45.5654294 ], [ 5.9235394, 45.5654334 ], [ 5.9235348, 45.5654425 ], [ 5.9235179, 45.5654393 ], [ 5.9234971, 45.5654579 ], [ 5.9235068, 45.565472 ], [ 5.9234929, 45.5654769 ], [ 5.9234846, 45.5654645 ], [ 5.9234515, 45.5654699 ], [ 5.9234607, 45.5654985 ], [ 5.9234918, 45.565504 ], [ 5.9234884, 45.5655122 ], [ 5.9234768, 45.5655116 ], [ 5.9233673, 45.565527 ], [ 5.9233214, 45.5655327 ], [ 5.9232827, 45.565577 ], [ 5.9232005, 45.5655512 ], [ 5.9231898, 45.5655677 ], [ 5.9231208, 45.5655479 ], [ 5.9231349, 45.5655241 ], [ 5.9231323, 45.5655232 ], [ 5.9231297, 45.5655224 ], [ 5.9231246, 45.5655216 ], [ 5.9231232, 45.5655199 ], [ 5.9231205, 45.5655181 ], [ 5.9231179, 45.5655164 ], [ 5.9231165, 45.5655137 ], [ 5.923115, 45.5655102 ], [ 5.9231148, 45.5655075 ], [ 5.923116, 45.5655047 ], [ 5.9231171, 45.565502 ], [ 5.9231196, 45.5655001 ], [ 5.9231208, 45.5654983 ], [ 5.9231232, 45.5654964 ], [ 5.9231258, 45.5654955 ], [ 5.9231283, 45.5654945 ], [ 5.9231333, 45.5654935 ], [ 5.9231372, 45.5654934 ], [ 5.9231397, 45.5654933 ], [ 5.9231391, 45.5654807 ], [ 5.9231022, 45.5654618 ], [ 5.923099, 45.5654511 ], [ 5.9230966, 45.565453 ], [ 5.9230905, 45.5654594 ], [ 5.9230825, 45.5654543 ], [ 5.9229759, 45.5654021 ], [ 5.9229918, 45.5653872 ], [ 5.9229941, 45.5653836 ], [ 5.9229783, 45.5653759 ], [ 5.9229793, 45.5653704 ], [ 5.9229867, 45.5653639 ], [ 5.9226979, 45.5652165 ], [ 5.9226148, 45.5651727 ], [ 5.9226074, 45.5651783 ], [ 5.9225956, 45.5651732 ], [ 5.9225917, 45.5651715 ], [ 5.922599, 45.565165 ], [ 5.9225858, 45.5651581 ], [ 5.9225956, 45.5651479 ], [ 5.9226074, 45.5651539 ], [ 5.9226171, 45.5651438 ], [ 5.9226066, 45.5651377 ], [ 5.9226163, 45.5651276 ], [ 5.9226295, 45.5651344 ], [ 5.9226599, 45.5651021 ], [ 5.9226493, 45.565097 ], [ 5.9226603, 45.5650859 ], [ 5.9226709, 45.5650919 ], [ 5.9227453, 45.5650188 ], [ 5.922736, 45.5650127 ], [ 5.9227457, 45.5650026 ], [ 5.9227575, 45.5650076 ], [ 5.9227904, 45.5649744 ], [ 5.9227798, 45.5649692 ], [ 5.9227896, 45.5649591 ], [ 5.922808, 45.5649685 ], [ 5.9228251, 45.5649509 ], [ 5.9228183, 45.5649439 ], [ 5.922827, 45.5649383 ], [ 5.9228296, 45.56494 ], [ 5.9228417, 45.5649496 ], [ 5.9228799, 45.564945 ], [ 5.9228831, 45.5649323 ], [ 5.9228973, 45.5649337 ], [ 5.9228942, 45.5649491 ], [ 5.9229232, 45.5649637 ], [ 5.9229383, 45.564957 ], [ 5.922949, 45.5649657 ], [ 5.9229314, 45.5649734 ], [ 5.9229378, 45.5649975 ], [ 5.9229723, 45.5649931 ], [ 5.9229767, 45.5649803 ], [ 5.9229897, 45.5649836 ], [ 5.9229853, 45.5649981 ], [ 5.9230169, 45.5650126 ], [ 5.9230331, 45.5650041 ], [ 5.9230425, 45.5650119 ], [ 5.9230251, 45.5650214 ], [ 5.9230289, 45.5650465 ], [ 5.9230634, 45.565042 ] ] ] } },
{ "type": "Feature", "properties": { "id_bien": "BAT-CE-0124", "nom": null, "type_bien": "LOG", "quartier": "CE", "adresse": "5 Pl Metropole", "idu_parcelle": "73065000BO0018", "emprise_m2": 151.9, "nb_etages": 3, "hauteur_m": 12.4, "sdp_estimee_m2": 456.0, "usage_bdtopo": "Résidentiel", "nb_locaux": 1, "id_rnb": "A5P31GZ6FN95", "cleabs": "BATIMENT0000000219249148", "type_bien_libelle": "Logement" }, "geometry": { "type": "Polygon", "coordinates": [ [ [ 5.9223818, 45.5651337 ], [ 5.9223376, 45.5651952 ], [ 5.9223888, 45.5652164 ], [ 5.9223417, 45.5652717 ], [ 5.9222982, 45.5652512 ], [ 5.9223018, 45.5652448 ], [ 5.922208, 45.5652184 ], [ 5.9222823, 45.5650939 ], [ 5.9223818, 45.5651337 ] ] ] } },
{ "type": "Feature", "properties": { "id_bien": "BAT-CE-0125", "nom": null, "type_bien": "COM", "quartier": "CE", "adresse": "20 Rue D Italie", "idu_parcelle": "73065000BN0052", "emprise_m2": 141.8, "nb_etages": 1, "hauteur_m": 8.9, "sdp_estimee_m2": 142.0, "usage_bdtopo": "Commercial et services", "nb_locaux": 1, "id_rnb": "4SY6EW958HPF", "cleabs": "BATIMENT0000000219254796", "type_bien_libelle": "Commerce et marché" }, "geometry": { "type": "Polygon", "coordinates": [ [ [ 5.9249107, 45.5650426 ], [ 5.9249313, 45.5650682 ], [ 5.9250178, 45.5650308 ], [ 5.9249935, 45.565008 ], [ 5.9250938, 45.5649631 ], [ 5.925124, 45.565001 ], [ 5.9251268, 45.5650046 ], [ 5.9250314, 45.5650449 ], [ 5.9249988, 45.5650593 ], [ 5.9249711, 45.565069 ], [ 5.9247544, 45.5651684 ], [ 5.9247172, 45.565145 ], [ 5.9248707, 45.5650626 ], [ 5.9248995, 45.5650501 ], [ 5.9248969, 45.5650484 ], [ 5.9249107, 45.5650426 ] ] ] } },
{ "type": "Feature", "properties": { "id_bien": "BAT-CE-0126", "nom": null, "type_bien": "LOG", "quartier": "CE", "adresse": "112 Pl Saint-Leger", "idu_parcelle": "73065000BO0072", "emprise_m2": 262.4, "nb_etages": 6, "hauteur_m": 18.9, "sdp_estimee_m2": 1574.0, "usage_bdtopo": "Résidentiel", "nb_locaux": 1, "id_rnb": "TFDEKVP6J9AT", "cleabs": "BATIMENT0000000219250158", "type_bien_libelle": "Logement" }, "geometry": { "type": "Polygon", "coordinates": [ [ [ 5.9212227, 45.5649746 ], [ 5.9213648, 45.5650907 ], [ 5.9213425, 45.5651048 ], [ 5.9213546, 45.5651144 ], [ 5.9213273, 45.5651322 ], [ 5.92135, 45.5651497 ], [ 5.9213727, 45.5651662 ], [ 5.921369, 45.565169 ], [ 5.9213612, 45.5651674 ], [ 5.9212967, 45.5652087 ], [ 5.921278, 45.5651948 ], [ 5.9212419, 45.5651678 ], [ 5.9212407, 45.5651687 ], [ 5.9212328, 45.5651644 ], [ 5.9212352, 45.5651626 ], [ 5.9212231, 45.5651521 ], [ 5.9212219, 45.565153 ], [ 5.9212152, 45.5651487 ], [ 5.9212177, 45.5651468 ], [ 5.9212057, 45.5651372 ], [ 5.9212019, 45.5651391 ], [ 5.9211952, 45.565133 ], [ 5.9211976, 45.5651302 ], [ 5.9211118, 45.5650604 ], [ 5.9211651, 45.5650247 ], [ 5.9211569, 45.5650159 ], [ 5.9212227, 45.5649746 ] ] ] } },
{ "type": "Feature", "properties": { "id_bien": "BAT-CE-0127", "nom": null, "type_bien": "COM", "quartier": "CE", "adresse": "6 Rue Metropole", "idu_parcelle": "73065000BO0067", "emprise_m2": 38.4, "nb_etages": 1, "hauteur_m": 5.6, "sdp_estimee_m2": 38.0, "usage_bdtopo": "Commercial et services", "nb_locaux": 1, "id_rnb": "7SGE9X85SCWX", "cleabs": "BATIMENT0000000219250163", "type_bien_libelle": "Commerce et marché" }, "geometry": { "type": "Polygon", "coordinates": [ [ [ 5.9215358, 45.5650971 ], [ 5.9215372, 45.5650989 ], [ 5.921581, 45.5651275 ], [ 5.9215299, 45.5651792 ], [ 5.9215287, 45.565182 ], [ 5.9214821, 45.5651489 ], [ 5.9214753, 45.5651419 ], [ 5.9215358, 45.5650971 ] ] ] } },
{ "type": "Feature", "properties": { "id_bien": "BAT-CE-0128", "nom": null, "type_bien": "AQU", "quartier": "CE", "adresse": "20 Rue D Italie", "idu_parcelle": "73065000BN0052", "emprise_m2": 24.4, "nb_etages": null, "hauteur_m": 5.6, "sdp_estimee_m2": null, "usage_bdtopo": "Indifférencié", "nb_locaux": 1, "id_rnb": "59EBC5ZEQ8E1", "cleabs": "BATIMENT0000000219254795", "type_bien_libelle": "À qualifier" }, "geometry": { "type": "Polygon", "coordinates": [ [ [ 5.9249559, 45.5650234 ], [ 5.9249585, 45.5650252 ], [ 5.9249935, 45.565008 ], [ 5.9250178, 45.5650308 ], [ 5.9249313, 45.5650682 ], [ 5.9249107, 45.5650426 ], [ 5.9249559, 45.5650234 ] ] ] } },
{ "type": "Feature", "properties": { "id_bien": "BAT-CE-0129", "nom": null, "type_bien": "COM", "quartier": "CE", "adresse": "16 Rue Denfert-Rochereau", "idu_parcelle": "73065000BN0047", "emprise_m2": 227.5, "nb_etages": 4, "hauteur_m": 13.1, "sdp_estimee_m2": 910.0, "usage_bdtopo": "Commercial et services", "nb_locaux": 2, "id_rnb": "F8SBM79CWC8V", "cleabs": "BATIMENT0000000219254833", "type_bien_libelle": "Commerce et marché" }, "geometry": { "type": "Polygon", "coordinates": [ [ [ 5.9245694, 45.5647505 ], [ 5.9246721, 45.5647749 ], [ 5.9246465, 45.5648242 ], [ 5.9246106, 45.5648991 ], [ 5.9245739, 45.5649559 ], [ 5.9245431, 45.5650053 ], [ 5.9245352, 45.565002 ], [ 5.9245339, 45.5650011 ], [ 5.924475, 45.5649783 ], [ 5.9244685, 45.5649767 ], [ 5.9244534, 45.564959 ], [ 5.9244495, 45.5649564 ], [ 5.9244518, 45.5649519 ], [ 5.9244755, 45.5649161 ], [ 5.9244779, 45.5649124 ], [ 5.9245147, 45.5648565 ], [ 5.9245467, 45.5648061 ], [ 5.9245491, 45.5648033 ], [ 5.9245523, 45.5647897 ], [ 5.9245648, 45.5647606 ], [ 5.924567, 45.5647533 ], [ 5.9245694, 45.5647505 ] ] ] } },
{ "type": "Feature", "properties": { "id_bien": "BAT-CE-0130", "nom": null, "type_bien": "LOG", "quartier": "CE", "adresse": "41 Rue Du Larith", "idu_parcelle": "73065000BN0049", "emprise_m2": 150.5, "nb_etages": 4, "hauteur_m": 12.3, "sdp_estimee_m2": 602.0, "usage_bdtopo": "Résidentiel", "nb_locaux": 1, "id_rnb": "A646MMZJHNBT", "cleabs": "BATIMENT0000000219254790", "type_bien_libelle": "Logement" }, "geometry": { "type": "Polygon", "coordinates": [ [ [ 5.9247061, 45.5647875 ], [ 5.9247192, 45.5647926 ], [ 5.9247336, 45.5647976 ], [ 5.9248279, 45.5648348 ], [ 5.9248423, 45.5648399 ], [ 5.9248853, 45.5648541 ], [ 5.9248842, 45.5648568 ], [ 5.9249535, 45.564882 ], [ 5.9248907, 45.5649314 ], [ 5.9248042, 45.5648967 ], [ 5.9248018, 45.5648995 ], [ 5.9247848, 45.5648936 ], [ 5.9246854, 45.5648575 ], [ 5.9246724, 45.5648533 ], [ 5.9247061, 45.5647875 ] ] ] } },
{ "type": "Feature", "properties": { "id_bien": "BAT-CE-0131", "nom": null, "type_bien": "AQU", "quartier": "CE", "adresse": "88 Rue Croix D Or", "idu_parcelle": "73065000BO0035", "emprise_m2": 26.9, "nb_etages": null, "hauteur_m": 15.7, "sdp_estimee_m2": null, "usage_bdtopo": "Indifférencié", "nb_locaux": 1, "id_rnb": "A33QTFTBZ87Z", "cleabs": "BATIMENT0000000219249112", "type_bien_libelle": "À qualifier" }, "geometry": { "type": "Polygon", "coordinates": [ [ [ 5.9229237, 45.5647042 ], [ 5.9228319, 45.5648372 ], [ 5.9228163, 45.5648331 ], [ 5.9228085, 45.5648315 ], [ 5.922908, 45.5646992 ], [ 5.922912, 45.5647009 ], [ 5.9229237, 45.5647042 ] ] ] } },
{ "type": "Feature", "properties": { "id_bien": "BAT-CE-0132", "nom": null, "type_bien": "COM", "quartier": "CE", "adresse": "Rue Denfert-Rochereau", "idu_parcelle": "73065000BN0039", "emprise_m2": 380.0, "nb_etages": 4, "hauteur_m": 14.0, "sdp_estimee_m2": 1520.0, "usage_bdtopo": "Commercial et services", "nb_locaux": 1, "id_rnb": "XTK7NHK8JNRK", "cleabs": "BATIMENT0000000219253938", "type_bien_libelle": "Commerce et marché" }, "geometry": { "type": "Polygon", "coordinates": [ [ [ 5.9243775, 45.5645645 ], [ 5.9244994, 45.5645893 ], [ 5.9244994, 45.5645911 ], [ 5.9244869, 45.5646211 ], [ 5.9244801, 45.5646375 ], [ 5.9244619, 45.5646822 ], [ 5.9244439, 45.5647304 ], [ 5.9244281, 45.5647704 ], [ 5.9244202, 45.5647914 ], [ 5.9244157, 45.5648023 ], [ 5.9244121, 45.5648078 ], [ 5.9243934, 45.5648425 ], [ 5.924377, 45.5648709 ], [ 5.9243558, 45.5649075 ], [ 5.9243477, 45.5649248 ], [ 5.9243359, 45.5649188 ], [ 5.9242386, 45.5648754 ], [ 5.9242294, 45.5648711 ], [ 5.9242924, 45.5647758 ], [ 5.9243106, 45.5647312 ], [ 5.9243775, 45.5645645 ] ] ] } },
{ "type": "Feature", "properties": { "id_bien": "BAT-CE-0133", "nom": null, "type_bien": "COM", "quartier": "CE", "adresse": "47 Rue Du Larith", "idu_parcelle": "73065000BN0083", "emprise_m2": 149.2, "nb_etages": 3, "hauteur_m": 8.9, "sdp_estimee_m2": 448.0, "usage_bdtopo": "Commercial et services", "nb_locaux": 1, "id_rnb": "865XN948K4SQ", "cleabs": "BATIMENT0000000219254784", "type_bien_libelle": "Commerce et marché" }, "geometry": { "type": "Polygon", "coordinates": [ [ [ 5.925174, 45.5647808 ], [ 5.9251481, 45.5648013 ], [ 5.9251432, 45.564805 ], [ 5.9250146, 45.5647516 ], [ 5.9250099, 45.564758 ], [ 5.9249393, 45.5647337 ], [ 5.924921, 45.564727 ], [ 5.9248883, 45.5647161 ], [ 5.9248871, 45.564717 ], [ 5.9247786, 45.5646784 ], [ 5.9247617, 45.5646735 ], [ 5.924786, 45.5646251 ], [ 5.9249721, 45.5646995 ], [ 5.925174, 45.5647808 ] ] ] } },
{ "type": "Feature", "properties": { "id_bien": "BAT-CE-0134", "nom": null, "type_bien": "LOG", "quartier": "CE", "adresse": "110 Rue Croix D Or", "idu_parcelle": "73065000BO0037", "emprise_m2": 741.7, "nb_etages": 6, "hauteur_m": 20.8, "sdp_estimee_m2": 4450.0, "usage_bdtopo": "Résidentiel", "nb_locaux": 2, "id_rnb": "B149GKGY2RYE", "cleabs": "BATIMENT0000000219249110", "type_bien_libelle": "Logement" }, "geometry": { "type": "Polygon", "coordinates": [ [ [ 5.9226608, 45.5646083 ], [ 5.9227851, 45.5644843 ], [ 5.9227916, 45.5644868 ], [ 5.9228751, 45.5645135 ], [ 5.9228777, 45.5645143 ], [ 5.9228804, 45.5645152 ], [ 5.9229091, 45.5645243 ], [ 5.9229182, 45.5645268 ], [ 5.9230068, 45.5645542 ], [ 5.9230147, 45.5645567 ], [ 5.9229393, 45.5646605 ], [ 5.9229172, 45.5646539 ], [ 5.9228871, 45.5646916 ], [ 5.922908, 45.5646992 ], [ 5.9228085, 45.5648315 ], [ 5.9227736, 45.5648757 ], [ 5.9226266, 45.564811 ], [ 5.9226029, 45.5648008 ], [ 5.9225032, 45.5647584 ], [ 5.922494, 45.5647541 ], [ 5.9225816, 45.5646887 ], [ 5.9226378, 45.564635 ], [ 5.9226608, 45.5646083 ] ], [ [ 5.9226867, 45.5646626 ], [ 5.9227184, 45.5646789 ], [ 5.9227461, 45.5646935 ], [ 5.9228198, 45.5647303 ], [ 5.922874, 45.5646622 ], [ 5.9228081, 45.5646297 ], [ 5.9227805, 45.564616 ], [ 5.922749, 45.5646024 ], [ 5.9226867, 45.5646626 ] ] ] } },
{ "type": "Feature", "properties": { "id_bien": "BAT-CE-0135", "nom": null, "type_bien": "LOG", "quartier": "CE", "adresse": "88 Rue Croix D Or", "idu_parcelle": "73065000BO0035", "emprise_m2": 330.3, "nb_etages": 5, "hauteur_m": 15.9, "sdp_estimee_m2": 1652.0, "usage_bdtopo": "Résidentiel", "nb_locaux": 1, "id_rnb": "7TQ9R77K173E", "cleabs": "BATIMENT0000000219249113", "type_bien_libelle": "Logement" }, "geometry": { "type": "Polygon", "coordinates": [ [ [ 5.9229699, 45.5647048 ], [ 5.9229537, 45.564689 ], [ 5.9229667, 45.5646697 ], [ 5.9229563, 45.5646664 ], [ 5.9230356, 45.5645634 ], [ 5.923089, 45.56458 ], [ 5.9231033, 45.5645842 ], [ 5.9231581, 45.5646007 ], [ 5.9230861, 45.5646945 ], [ 5.9230632, 45.5647231 ], [ 5.9229816, 45.5648297 ], [ 5.9229626, 45.5648581 ], [ 5.9229176, 45.5648566 ], [ 5.9229034, 45.5648561 ], [ 5.9228813, 45.5648503 ], [ 5.9228358, 45.564838 ], [ 5.9228319, 45.5648372 ], [ 5.9229237, 45.5647042 ], [ 5.9229616, 45.5647176 ], [ 5.9229699, 45.5647048 ] ], [ [ 5.9229723, 45.5647498 ], [ 5.9230038, 45.5647643 ], [ 5.9230268, 45.5647375 ], [ 5.9229927, 45.5647231 ], [ 5.9229723, 45.5647498 ] ] ] } },
{ "type": "Feature", "properties": { "id_bien": "BAT-CE-0136", "nom": null, "type_bien": "LOG", "quartier": "CE", "adresse": "129 Pl Saint-Leger", "idu_parcelle": "73065000CK0196", "emprise_m2": 268.2, "nb_etages": 6, "hauteur_m": 17.0, "sdp_estimee_m2": 1609.0, "usage_bdtopo": "Résidentiel", "nb_locaux": 2, "id_rnb": "6NMD9419T54G", "cleabs": "BATIMENT0000000219249156", "type_bien_libelle": "Logement" }, "geometry": { "type": "Polygon", "coordinates": [ [ [ 5.9206228, 45.5647874 ], [ 5.9204956, 45.5647114 ], [ 5.9204665, 45.5646942 ], [ 5.9204209, 45.5647305 ], [ 5.9203469, 45.5646892 ], [ 5.9203482, 45.5646882 ], [ 5.920358, 45.5646799 ], [ 5.9203604, 45.564678 ], [ 5.9203629, 45.5646761 ], [ 5.9203654, 45.5646743 ], [ 5.9203679, 45.5646724 ], [ 5.9203703, 45.5646705 ], [ 5.920385, 45.5646575 ], [ 5.9203479, 45.5646342 ], [ 5.9203426, 45.5646316 ], [ 5.9203635, 45.5646139 ], [ 5.9203782, 45.5646018 ], [ 5.9203197, 45.5645619 ], [ 5.920317, 45.5645593 ], [ 5.9203131, 45.5645576 ], [ 5.9203474, 45.564527 ], [ 5.920399, 45.5645572 ], [ 5.9204189, 45.5645702 ], [ 5.9204909, 45.5646215 ], [ 5.9204502, 45.5646522 ], [ 5.920486, 45.5646747 ], [ 5.9205266, 45.5646422 ], [ 5.9206817, 45.5647363 ], [ 5.9206411, 45.5647707 ], [ 5.9206252, 45.5647856 ], [ 5.9206228, 45.5647874 ] ] ] } },
{ "type": "Feature", "properties": { "id_bien": "BAT-CE-0137", "nom": null, "type_bien": "LOG", "quartier": "CE", "adresse": "24 Pl Saint-Leger", "idu_parcelle": "73065000BO0049", "emprise_m2": 215.8, "nb_etages": 5, "hauteur_m": 14.6, "sdp_estimee_m2": 1079.0, "usage_bdtopo": "Résidentiel", "nb_locaux": 1, "id_rnb": "DA8E1B5N58NF", "cleabs": "BATIMENT0000000219249117", "type_bien_libelle": "Logement" }, "geometry": { "type": "Polygon", "coordinates": [ [ [ 5.9220685, 45.5645669 ], [ 5.9221607, 45.5646132 ], [ 5.9221685, 45.5646157 ], [ 5.9221765, 45.56462 ], [ 5.9221884, 45.5646269 ], [ 5.9221963, 45.5646321 ], [ 5.9222161, 45.5646424 ], [ 5.9222425, 45.5646552 ], [ 5.9222543, 45.5646612 ], [ 5.9222688, 45.564668 ], [ 5.9222833, 45.5646749 ], [ 5.9223228, 45.5646946 ], [ 5.9223267, 45.5646963 ], [ 5.9222685, 45.56476 ], [ 5.9222646, 45.5647583 ], [ 5.9222238, 45.5647386 ], [ 5.9221856, 45.5647198 ], [ 5.9221753, 45.5647191 ], [ 5.9220078, 45.5646334 ], [ 5.922037, 45.564602 ], [ 5.9220331, 45.5646012 ], [ 5.9220685, 45.5645669 ] ] ] } },
{ "type": "Feature", "properties": { "id_bien": "BAT-CE-0138", "nom": null, "type_bien": "AQU", "quartier": "CE", "adresse": "88 Rue Croix D Or", "idu_parcelle": "73065000BO0035", "emprise_m2": 21.2, "nb_etages": null, "hauteur_m": 16.9, "sdp_estimee_m2": null, "usage_bdtopo": "Indifférencié", "nb_locaux": 1, "id_rnb": "WCR75R5KFQXF", "cleabs": "BATIMENT0000000219249116", "type_bien_libelle": "À qualifier" }, "geometry": { "type": "Polygon", "coordinates": [ [ [ 5.9230147, 45.5645567 ], [ 5.9230356, 45.5645634 ], [ 5.9229563, 45.5646664 ], [ 5.9229393, 45.5646605 ], [ 5.9230147, 45.5645567 ] ] ] } },
{ "type": "Feature", "properties": { "id_bien": "BAT-CE-0139", "nom": null, "type_bien": "LOG", "quartier": "CE", "adresse": "107 Pl Saint-Leger", "idu_parcelle": "73065000CK0089", "emprise_m2": 134.2, "nb_etages": 5, "hauteur_m": 18.5, "sdp_estimee_m2": 671.0, "usage_bdtopo": "Résidentiel", "nb_locaux": 1, "id_rnb": "2KSX5CWWS829", "cleabs": "BATIMENT0000000219249166", "type_bien_libelle": "Logement" }, "geometry": { "type": "Polygon", "coordinates": [ [ [ 5.9207879, 45.5646336 ], [ 5.9206412, 45.5645292 ], [ 5.920692, 45.5644946 ], [ 5.9207107, 45.5645085 ], [ 5.920748, 45.564485 ], [ 5.9207948, 45.5645216 ], [ 5.9208537, 45.5645688 ], [ 5.9208577, 45.5645714 ], [ 5.9208528, 45.5645751 ], [ 5.9207964, 45.5646261 ], [ 5.9207879, 45.5646336 ] ] ] } },
{ "type": "Feature", "properties": { "id_bien": "BAT-CE-0140", "nom": null, "type_bien": "LOG", "quartier": "CE", "adresse": "6 Rue Denfert-Rochereau", "idu_parcelle": "73065000BN0043", "emprise_m2": 137.7, "nb_etages": 4, "hauteur_m": 14.7, "sdp_estimee_m2": 551.0, "usage_bdtopo": "Résidentiel", "nb_locaux": 1, "id_rnb": "XXZZRW74GWZC", "cleabs": "BATIMENT0000000219254830", "type_bien_libelle": "Logement" }, "geometry": { "type": "Polygon", "coordinates": [ [ [ 5.9246856, 45.5644475 ], [ 5.9248129, 45.5644775 ], [ 5.9247575, 45.5645943 ], [ 5.9246392, 45.5645658 ], [ 5.924654, 45.5645303 ], [ 5.9246856, 45.5644475 ] ] ] } },
{ "type": "Feature", "properties": { "id_bien": "BAT-CE-0141", "nom": "Église Saint-Pierre de Maché", "type_bien": "REL", "quartier": "CE", "adresse": "2 Che De L Esplanade", "idu_parcelle": "73065000CL0089", "emprise_m2": 804.8, "nb_etages": null, "hauteur_m": 16.2, "sdp_estimee_m2": null, "usage_bdtopo": "Religieux", "nb_locaux": 0, "id_rnb": "8RN54N4F125Y", "cleabs": "BATIMENT0000000219249806", "type_bien_libelle": "Édifice cultuel" }, "geometry": { "type": "Polygon", "coordinates": [ [ [ 5.9154906, 45.5647486 ], [ 5.9154138, 45.5647506 ], [ 5.9150284, 45.5647651 ], [ 5.9150286, 45.5647687 ], [ 5.9150004, 45.5647694 ], [ 5.9149959, 45.5647083 ], [ 5.9150048, 45.5647071 ], [ 5.9150045, 45.5647008 ], [ 5.9150084, 45.5647016 ], [ 5.9150082, 45.5646971 ], [ 5.9150039, 45.5646405 ], [ 5.9150037, 45.564636 ], [ 5.9149998, 45.5646361 ], [ 5.9149996, 45.5646325 ], [ 5.9149919, 45.5646327 ], [ 5.9149874, 45.5645706 ], [ 5.9150002, 45.5645703 ], [ 5.9150143, 45.5645699 ], [ 5.9150158, 45.5645744 ], [ 5.9151259, 45.5645706 ], [ 5.9152169, 45.5645674 ], [ 5.9152809, 45.5645657 ], [ 5.9152886, 45.5645655 ], [ 5.9154768, 45.5645579 ], [ 5.9154878, 45.5646946 ], [ 5.9154906, 45.5647486 ] ] ] } },
{ "type": "Feature", "properties": { "id_bien": "BAT-CE-0142", "nom": null, "type_bien": "LOG", "quartier": "CE", "adresse": "131 Pl Saint-Leger", "idu_parcelle": "73065000CK0165", "emprise_m2": 80.0, "nb_etages": 4, "hauteur_m": 15.4, "sdp_estimee_m2": 320.0, "usage_bdtopo": "Résidentiel", "nb_locaux": 1, "id_rnb": "49BWBP4Z2XQT", "cleabs": "BATIMENT0000000219249153", "type_bien_libelle": "Logement" }, "geometry": { "type": "Polygon", "coordinates": [ [ [ 5.9203131, 45.5645576 ], [ 5.9202774, 45.5645387 ], [ 5.920185, 45.5644897 ], [ 5.9201393, 45.5644738 ], [ 5.9201525, 45.5644554 ], [ 5.9201992, 45.5644659 ], [ 5.9202076, 45.5644558 ], [ 5.9201801, 45.5644439 ], [ 5.9201935, 45.5644318 ], [ 5.9202186, 45.5644456 ], [ 5.9203247, 45.5645104 ], [ 5.9203498, 45.5645251 ], [ 5.9203474, 45.564527 ], [ 5.9203131, 45.5645576 ] ] ] } },
{ "type": "Feature", "properties": { "id_bien": "BAT-CE-0143", "nom": null, "type_bien": "LOG", "quartier": "CE", "adresse": "117 Pl Saint-Leger", "idu_parcelle": "73065000CK0085", "emprise_m2": 61.1, "nb_etages": 5, "hauteur_m": 17.8, "sdp_estimee_m2": 306.0, "usage_bdtopo": "Résidentiel", "nb_locaux": 1, "id_rnb": "JGATPHNNFEK4", "cleabs": "BATIMENT0000000219249151", "type_bien_libelle": "Logement" }, "geometry": { "type": "Polygon", "coordinates": [ [ [ 5.9203247, 45.5645104 ], [ 5.9202186, 45.5644456 ], [ 5.9201935, 45.5644318 ], [ 5.9201843, 45.5644276 ], [ 5.9202099, 45.5644008 ], [ 5.9202927, 45.5644383 ], [ 5.9203628, 45.5644788 ], [ 5.9203247, 45.5645104 ] ] ] } },
{ "type": "Feature", "properties": { "id_bien": "BAT-CE-0144", "nom": null, "type_bien": "LOG", "quartier": "CE", "adresse": "1 Rue Denfert-Rochereau", "idu_parcelle": "73065000BN0095", "emprise_m2": 295.8, "nb_etages": 4, "hauteur_m": 13.6, "sdp_estimee_m2": 1183.0, "usage_bdtopo": "Résidentiel", "nb_locaux": 1, "id_rnb": "W6NGT3JN7728", "cleabs": "BATIMENT0000000219253934", "type_bien_libelle": "Logement" }, "geometry": { "type": "Polygon", "coordinates": [ [ [ 5.9245193, 45.5641896 ], [ 5.9245349, 45.5641937 ], [ 5.9245779, 45.5642052 ], [ 5.9245961, 45.5642101 ], [ 5.9246468, 45.5642232 ], [ 5.9246507, 45.5642249 ], [ 5.9245793, 45.5644016 ], [ 5.924568, 45.5644316 ], [ 5.9245646, 45.5644398 ], [ 5.9245544, 45.5644653 ], [ 5.9245532, 45.5644671 ], [ 5.9245467, 45.5644655 ], [ 5.9245479, 45.5644637 ], [ 5.9244274, 45.5644407 ], [ 5.9244669, 45.5643378 ], [ 5.9245121, 45.5642222 ], [ 5.9245056, 45.5642206 ], [ 5.9245193, 45.5641896 ] ] ] } },
{ "type": "Feature", "properties": { "id_bien": "BAT-CE-0145", "nom": null, "type_bien": "LOG", "quartier": "CE", "adresse": "28 Pas Henry Murger", "idu_parcelle": "73065000CK0094", "emprise_m2": 228.6, "nb_etages": 5, "hauteur_m": 19.8, "sdp_estimee_m2": 1143.0, "usage_bdtopo": "Résidentiel", "nb_locaux": 19, "id_rnb": "82E99GBMZ8D8", "cleabs": "BATIMENT0000000219249158", "type_bien_libelle": "Logement" }, "geometry": { "type": "Polygon", "coordinates": [ [ [ 5.9201843, 45.5644276 ], [ 5.9201567, 45.5644139 ], [ 5.9201474, 45.5644087 ], [ 5.9201449, 45.5644097 ], [ 5.9199831, 45.5643328 ], [ 5.9199752, 45.5643294 ], [ 5.9198866, 45.5643038 ], [ 5.9198889, 45.5642992 ], [ 5.91989, 45.5642955 ], [ 5.9198921, 45.5642856 ], [ 5.9198941, 45.5642747 ], [ 5.9198973, 45.5642638 ], [ 5.9199017, 45.5642493 ], [ 5.9199147, 45.5642535 ], [ 5.919908, 45.5642717 ], [ 5.919917, 45.5642714 ], [ 5.9199862, 45.5642949 ], [ 5.9199933, 45.5642839 ], [ 5.9200076, 45.5642619 ], [ 5.9200218, 45.5642399 ], [ 5.9200836, 45.5642689 ], [ 5.9200848, 45.5642671 ], [ 5.9202151, 45.5643295 ], [ 5.9201878, 45.5643716 ], [ 5.9201757, 45.5643854 ], [ 5.9202099, 45.5644008 ], [ 5.9201843, 45.5644276 ] ] ] } },
{ "type": "Feature", "properties": { "id_bien": "BAT-CE-0146", "nom": null, "type_bien": "AQU", "quartier": "CE", "adresse": "57 Pl Saint-Leger", "idu_parcelle": "73065000CK0206", "emprise_m2": 27.0, "nb_etages": null, "hauteur_m": 16.3, "sdp_estimee_m2": null, "usage_bdtopo": "Indifférencié", "nb_locaux": 1, "id_rnb": "VFHSKETVKEV9", "cleabs": "BATIMENT0000000219249672", "type_bien_libelle": "À qualifier" }, "geometry": { "type": "Polygon", "coordinates": [ [ [ 5.9212319, 45.5643445 ], [ 5.9211244, 45.5642527 ], [ 5.921147, 45.5642431 ], [ 5.9212517, 45.5643313 ], [ 5.9212319, 45.5643445 ] ] ] } },
{ "type": "Feature", "properties": { "id_bien": "BAT-CE-0147", "nom": null, "type_bien": "LOG", "quartier": "CE", "adresse": "22 Pas Henry Murger", "idu_parcelle": "73065000CK0282", "emprise_m2": 42.4, "nb_etages": 2, "hauteur_m": 10.7, "sdp_estimee_m2": 85.0, "usage_bdtopo": "Résidentiel", "nb_locaux": 3, "id_rnb": "SMQS8QM6N8YD", "cleabs": "BATIMENT0000000219249179", "type_bien_libelle": "Logement" }, "geometry": { "type": "Polygon", "coordinates": [ [ [ 5.9199909, 45.5642136 ], [ 5.9200119, 45.564223 ], [ 5.9200277, 45.5642298 ], [ 5.9200218, 45.5642399 ], [ 5.9200076, 45.5642619 ], [ 5.9199932, 45.5642568 ], [ 5.9199827, 45.5642526 ], [ 5.9199658, 45.5642476 ], [ 5.9199356, 45.5642358 ], [ 5.9199107, 45.5642256 ], [ 5.9198924, 45.564218 ], [ 5.9199188, 45.564184 ], [ 5.9199909, 45.5642136 ] ] ] } },
{ "type": "Feature", "properties": { "id_bien": "BAT-CE-0148", "nom": null, "type_bien": "LOG", "quartier": "CE", "adresse": "10 Rue Porte-Reine", "idu_parcelle": "73065000CK0194", "emprise_m2": 339.3, "nb_etages": 5, "hauteur_m": 15.1, "sdp_estimee_m2": 1696.0, "usage_bdtopo": "Résidentiel", "nb_locaux": 1, "id_rnb": "JRFS4FBEBHNK", "cleabs": "BATIMENT0000000219249165", "type_bien_libelle": "Logement" }, "geometry": { "type": "Polygon", "coordinates": [ [ [ 5.9200848, 45.5642671 ], [ 5.9200836, 45.5642689 ], [ 5.9200218, 45.5642399 ], [ 5.9200277, 45.5642298 ], [ 5.9200119, 45.564223 ], [ 5.9199909, 45.5642136 ], [ 5.9199188, 45.564184 ], [ 5.9199501, 45.5641453 ], [ 5.9199382, 45.5641393 ], [ 5.9199092, 45.5641247 ], [ 5.9198987, 45.5641196 ], [ 5.9198961, 45.5641179 ], [ 5.9199339, 45.5640808 ], [ 5.9202799, 45.5642449 ], [ 5.9202944, 45.5642517 ], [ 5.9202882, 45.5642573 ], [ 5.9202627, 45.5642832 ], [ 5.9202443, 45.5642999 ], [ 5.9203024, 45.5643308 ], [ 5.9203036, 45.5643299 ], [ 5.9203102, 45.5643324 ], [ 5.9202736, 45.5643685 ], [ 5.920267, 45.564365 ], [ 5.9202151, 45.5643295 ], [ 5.9200848, 45.5642671 ] ], [ [ 5.920099, 45.5642451 ], [ 5.920104, 45.5642413 ], [ 5.920121, 45.5642247 ], [ 5.9201259, 45.5642191 ], [ 5.920076, 45.5641979 ], [ 5.9200724, 45.5642025 ], [ 5.9200626, 45.5642118 ], [ 5.9200823, 45.5642203 ], [ 5.9200859, 45.5642391 ], [ 5.920099, 45.5642451 ] ] ] } },
{ "type": "Feature", "properties": { "id_bien": "BAT-CE-0149", "nom": null, "type_bien": "LOG", "quartier": "CE", "adresse": "57 Pl Saint-Leger", "idu_parcelle": "73065000CK0206", "emprise_m2": 209.4, "nb_etages": 5, "hauteur_m": 12.5, "sdp_estimee_m2": 1047.0, "usage_bdtopo": "Résidentiel", "nb_locaux": 1, "id_rnb": "C27FNW6SZ1MD", "cleabs": "BATIMENT0000000219249697", "type_bien_libelle": "Logement" }, "geometry": { "type": "Polygon", "coordinates": [ [ [ 5.9212517, 45.5643313 ], [ 5.921147, 45.5642431 ], [ 5.9210531, 45.5641644 ], [ 5.9210892, 45.5641436 ], [ 5.9210959, 45.5641498 ], [ 5.9211534, 45.5641212 ], [ 5.9211602, 45.5641283 ], [ 5.921194, 45.5641607 ], [ 5.9212028, 45.5641578 ], [ 5.9212042, 45.5641596 ], [ 5.9212083, 45.564164 ], [ 5.9212165, 45.5641746 ], [ 5.921238, 45.5641929 ], [ 5.9212355, 45.5641948 ], [ 5.9212503, 45.564207 ], [ 5.9212515, 45.5642061 ], [ 5.9213401, 45.5642795 ], [ 5.921279, 45.5643126 ], [ 5.9212517, 45.5643313 ] ] ] } },
{ "type": "Feature", "properties": { "id_bien": "BAT-CE-0150", "nom": null, "type_bien": "LOG", "quartier": "CE", "adresse": "4 Pl Saint-Leger", "idu_parcelle": "73065000BO0042", "emprise_m2": 285.5, "nb_etages": 5, "hauteur_m": 15.4, "sdp_estimee_m2": 1428.0, "usage_bdtopo": "Résidentiel", "nb_locaux": 1, "id_rnb": "854GF2QMF9XG", "cleabs": "BATIMENT0000000219249099", "type_bien_libelle": "Logement" }, "geometry": { "type": "Polygon", "coordinates": [ [ [ 5.921874, 45.5641395 ], [ 5.9218802, 45.5641348 ], [ 5.9219246, 45.5641012 ], [ 5.9219259, 45.5641003 ], [ 5.9219511, 45.5640933 ], [ 5.9220173, 45.5641069 ], [ 5.9220677, 45.5641137 ], [ 5.9220983, 45.5641345 ], [ 5.9222191, 45.5642125 ], [ 5.9222218, 45.5642151 ], [ 5.9221463, 45.5642675 ], [ 5.9221796, 45.5642901 ], [ 5.92213, 45.5643229 ], [ 5.922118, 45.5643142 ], [ 5.9220764, 45.5642793 ], [ 5.9221073, 45.5642568 ], [ 5.9220604, 45.5642193 ], [ 5.9220376, 45.5642253 ], [ 5.9220109, 45.5642044 ], [ 5.9219949, 45.5642183 ], [ 5.9219671, 45.5642019 ], [ 5.9219485, 45.5641889 ], [ 5.921874, 45.5641395 ] ] ] } },
{ "type": "Feature", "properties": { "id_bien": "BAT-CE-0151", "nom": null, "type_bien": "LOG", "quartier": "CE", "adresse": "169 Rue Croix D Or", "idu_parcelle": "73065000BN0187", "emprise_m2": 229.9, "nb_etages": 5, "hauteur_m": 17.2, "sdp_estimee_m2": 1150.0, "usage_bdtopo": "Résidentiel", "nb_locaux": 1, "id_rnb": "KGEQFBHVGB9Z", "cleabs": "BATIMENT0000000219248967", "type_bien_libelle": "Logement" }, "geometry": { "type": "Polygon", "coordinates": [ [ [ 5.9224684, 45.5640744 ], [ 5.9225264, 45.5641027 ], [ 5.9224075, 45.564258 ], [ 5.9223824, 45.5642443 ], [ 5.9223415, 45.5642219 ], [ 5.9223336, 45.5642176 ], [ 5.922298, 45.5642005 ], [ 5.9222887, 45.5641944 ], [ 5.9222528, 45.5641701 ], [ 5.9223748, 45.5640742 ], [ 5.9224404, 45.5641031 ], [ 5.9224684, 45.5640744 ] ] ] } },
{ "type": "Feature", "properties": { "id_bien": "BAT-CE-0152", "nom": null, "type_bien": "LOG", "quartier": "CE", "adresse": "Rue Croix D Or", "idu_parcelle": "73065000BN0019", "emprise_m2": 76.9, "nb_etages": 3, "hauteur_m": 15.4, "sdp_estimee_m2": 231.0, "usage_bdtopo": "Résidentiel", "nb_locaux": 1, "id_rnb": "5SKAVCVHT957", "cleabs": "BATIMENT0000000219248955", "type_bien_libelle": "Logement" }, "geometry": { "type": "Polygon", "coordinates": [ [ [ 5.9230149, 45.5641233 ], [ 5.9230534, 45.5641475 ], [ 5.923056, 45.5641493 ], [ 5.9231008, 45.5641715 ], [ 5.923072, 45.5642326 ], [ 5.9230252, 45.5642212 ], [ 5.9230136, 45.5642441 ], [ 5.923011, 45.5642432 ], [ 5.922998, 45.56424 ], [ 5.9229681, 45.5642335 ], [ 5.9230149, 45.5641233 ] ] ] } },
{ "type": "Feature", "properties": { "id_bien": "BAT-CE-0153", "nom": null, "type_bien": "LOG", "quartier": "CE", "adresse": "41 Pl Saint-Leger", "idu_parcelle": "73065000CK0287", "emprise_m2": 295.9, "nb_etages": 4, "hauteur_m": 15.3, "sdp_estimee_m2": 1184.0, "usage_bdtopo": "Résidentiel", "nb_locaux": 1, "id_rnb": "WXF2ZD2Y1QFB", "cleabs": "BATIMENT0000000219249676", "type_bien_libelle": "Logement" }, "geometry": { "type": "Polygon", "coordinates": [ [ [ 5.9214119, 45.5639875 ], [ 5.9214105, 45.5639848 ], [ 5.9213983, 45.5639716 ], [ 5.9214723, 45.5639399 ], [ 5.9214899, 45.5639575 ], [ 5.9215212, 45.5639918 ], [ 5.9214835, 45.5640072 ], [ 5.9214985, 45.564024 ], [ 5.9214973, 45.5640258 ], [ 5.9216003, 45.5641295 ], [ 5.9215678, 45.5641456 ], [ 5.9215627, 45.5641475 ], [ 5.9215417, 45.5641616 ], [ 5.9215366, 45.5641626 ], [ 5.9214631, 45.5642042 ], [ 5.9214457, 45.5642146 ], [ 5.9213478, 45.5641351 ], [ 5.9214027, 45.5641049 ], [ 5.9213958, 45.5640951 ], [ 5.9213498, 45.5640504 ], [ 5.9214072, 45.56402 ], [ 5.9214058, 45.5640174 ], [ 5.9214283, 45.5640069 ], [ 5.9214119, 45.5639875 ] ], [ [ 5.9214521, 45.5640693 ], [ 5.9214284, 45.5640807 ], [ 5.9214393, 45.5640931 ], [ 5.9214458, 45.5640956 ], [ 5.9214633, 45.5641114 ], [ 5.9214821, 45.5641019 ], [ 5.9214521, 45.5640693 ] ] ] } },
{ "type": "Feature", "properties": { "id_bien": "BAT-CE-0154", "nom": null, "type_bien": "COM", "quartier": "CE", "adresse": "169 Rue Croix D Or", "idu_parcelle": "73065000BN0187", "emprise_m2": 26.9, "nb_etages": 5, "hauteur_m": 8.8, "sdp_estimee_m2": 134.0, "usage_bdtopo": "Commercial et services", "nb_locaux": 1, "id_rnb": "CCTHRZ3WKAS9", "cleabs": "BATIMENT0000000219248976", "type_bien_libelle": "Commerce et marché" }, "geometry": { "type": "Polygon", "coordinates": [ [ [ 5.9225449, 45.5640175 ], [ 5.9225882, 45.5640353 ], [ 5.922546, 45.5640859 ], [ 5.922498, 45.564052 ], [ 5.9225449, 45.5640175 ] ] ] } },
{ "type": "Feature", "properties": { "id_bien": "BAT-CE-0155", "nom": null, "type_bien": "LOG", "quartier": "CE", "adresse": "183 Rue Croix D Or", "idu_parcelle": "73065000BN0002", "emprise_m2": 306.6, "nb_etages": 5, "hauteur_m": 15.1, "sdp_estimee_m2": 1533.0, "usage_bdtopo": "Résidentiel", "nb_locaux": 1, "id_rnb": "MTVA541Q13PH", "cleabs": "BATIMENT0000000219248964", "type_bien_libelle": "Logement" }, "geometry": { "type": "Polygon", "coordinates": [ [ [ 5.9222988, 45.5639473 ], [ 5.9223971, 45.5638654 ], [ 5.9224123, 45.5638371 ], [ 5.9224279, 45.5638421 ], [ 5.9224304, 45.5638393 ], [ 5.9224617, 45.5638493 ], [ 5.9224786, 45.5638543 ], [ 5.9225491, 45.5638777 ], [ 5.9224512, 45.5639415 ], [ 5.9224551, 45.5639432 ], [ 5.9224364, 45.5639545 ], [ 5.9224338, 45.5639537 ], [ 5.9223432, 45.5640119 ], [ 5.9223185, 45.5640288 ], [ 5.9221849, 45.5641233 ], [ 5.9221569, 45.5641033 ], [ 5.9221476, 45.5640972 ], [ 5.9221449, 45.5640946 ], [ 5.9221103, 45.5640711 ], [ 5.9221049, 45.5640659 ], [ 5.9222775, 45.5639578 ], [ 5.9222799, 45.5639541 ], [ 5.9222836, 45.5639504 ], [ 5.9222886, 45.5639484 ], [ 5.9222937, 45.5639474 ], [ 5.9222988, 45.5639473 ] ], [ [ 5.9223164, 45.5639648 ], [ 5.9223153, 45.5639676 ], [ 5.9223116, 45.5639713 ], [ 5.9223066, 45.5639741 ], [ 5.9223003, 45.5639752 ], [ 5.9222952, 45.5639762 ], [ 5.9222874, 45.5639746 ], [ 5.9222626, 45.5639906 ], [ 5.9222826, 45.5640054 ], [ 5.9222907, 45.5640124 ], [ 5.9223318, 45.5639897 ], [ 5.9223359, 45.563995 ], [ 5.9223471, 45.5639875 ], [ 5.9223404, 45.5639823 ], [ 5.9223311, 45.5639753 ], [ 5.922319, 45.5639666 ], [ 5.9223164, 45.5639648 ] ] ] } },
{ "type": "Feature", "properties": { "id_bien": "BAT-CE-0156", "nom": null, "type_bien": "LOG", "quartier": "CE", "adresse": "27 Pl Saint-Leger", "idu_parcelle": "73065000CK0202", "emprise_m2": 45.8, "nb_etages": 3, "hauteur_m": 11.7, "sdp_estimee_m2": 137.0, "usage_bdtopo": "Résidentiel", "nb_locaux": 1, "id_rnb": "RQT3SWS24XYY", "cleabs": "BATIMENT0000000219249675", "type_bien_libelle": "Logement" }, "geometry": { "type": "Polygon", "coordinates": [ [ [ 5.921326, 45.5638915 ], [ 5.9213233, 45.5638879 ], [ 5.9213258, 45.5638861 ], [ 5.9213187, 45.5638736 ], [ 5.9213059, 45.5638506 ], [ 5.9213045, 45.563847 ], [ 5.9213003, 45.5638408 ], [ 5.9213002, 45.563839 ], [ 5.921296, 45.5638319 ], [ 5.9212933, 45.5638293 ], [ 5.9212918, 45.5638266 ], [ 5.9212904, 45.5638239 ], [ 5.921289, 45.5638213 ], [ 5.9212847, 45.5638133 ], [ 5.9212833, 45.5638115 ], [ 5.9212819, 45.5638088 ], [ 5.9213021, 45.5638029 ], [ 5.9213202, 45.5638295 ], [ 5.9213429, 45.5638217 ], [ 5.9213667, 45.563812 ], [ 5.9213722, 45.5638182 ], [ 5.9213887, 45.5638394 ], [ 5.9214039, 45.5638597 ], [ 5.921326, 45.5638915 ] ] ] } },
{ "type": "Feature", "properties": { "id_bien": "BAT-CE-0157", "nom": null, "type_bien": "LOG", "quartier": "CE", "adresse": "32 Pl Monge", "idu_parcelle": "73065000CK0208", "emprise_m2": 109.7, "nb_etages": 4, "hauteur_m": 15.8, "sdp_estimee_m2": 439.0, "usage_bdtopo": "Résidentiel", "nb_locaux": 1, "id_rnb": "XD488HB69284", "cleabs": "BATIMENT0000000219249695", "type_bien_libelle": "Logement" }, "geometry": { "type": "Polygon", "coordinates": [ [ [ 5.9213519, 45.5637259 ], [ 5.9213175, 45.5636556 ], [ 5.9213136, 45.5636548 ], [ 5.921317, 45.5636223 ], [ 5.9213301, 45.5635553 ], [ 5.9213649, 45.5635589 ], [ 5.9214075, 45.5635632 ], [ 5.9214114, 45.5635631 ], [ 5.9214001, 45.5636661 ], [ 5.9214111, 45.5637036 ], [ 5.9214061, 45.5637065 ], [ 5.921373, 45.5637118 ], [ 5.9213761, 45.5637217 ], [ 5.9213723, 45.5637218 ], [ 5.9213519, 45.5637259 ] ] ] } },
{ "type": "Feature", "properties": { "id_bien": "BAT-CE-0158", "nom": null, "type_bien": "LOG", "quartier": "CE", "adresse": "30 Pl Monge", "idu_parcelle": "73065000CK0239", "emprise_m2": 125.7, "nb_etages": 5, "hauteur_m": 15.9, "sdp_estimee_m2": 628.0, "usage_bdtopo": "Résidentiel", "nb_locaux": 1, "id_rnb": "BHG952QE2MNW/F7SSKEDQV1C3", "cleabs": "BATIMENT0000000219249703", "type_bien_libelle": "Logement" }, "geometry": { "type": "Polygon", "coordinates": [ [ [ 5.9214335, 45.5638139 ], [ 5.9214322, 45.5638121 ], [ 5.9214307, 45.5638086 ], [ 5.9214221, 45.5637917 ], [ 5.921412, 45.5637937 ], [ 5.9214019, 45.5637733 ], [ 5.9214298, 45.5637671 ], [ 5.9214192, 45.5637368 ], [ 5.9214061, 45.5637065 ], [ 5.9214111, 45.5637036 ], [ 5.9214001, 45.5636661 ], [ 5.9214114, 45.5635631 ], [ 5.921459, 45.5635663 ], [ 5.9214517, 45.5636233 ], [ 5.9214512, 45.5636611 ], [ 5.9214594, 45.5636961 ], [ 5.9215056, 45.563794 ], [ 5.9215125, 45.5638037 ], [ 5.9214505, 45.5638189 ], [ 5.9214462, 45.5638109 ], [ 5.9214437, 45.5638118 ], [ 5.9214399, 45.5638119 ], [ 5.9214373, 45.5638129 ], [ 5.9214335, 45.5638139 ] ] ] } },
{ "type": "Feature", "properties": { "id_bien": "BAT-CE-0159", "nom": null, "type_bien": "COM", "quartier": "CE", "adresse": "28 Pl Monge", "idu_parcelle": "73065000CK0131", "emprise_m2": 50.8, "nb_etages": 1, "hauteur_m": 7.6, "sdp_estimee_m2": 51.0, "usage_bdtopo": "Commercial et services", "nb_locaux": 2, "id_rnb": "JZH8M54XQRTY", "cleabs": "BATIMENT0000000219249696", "type_bien_libelle": "Commerce et marché" }, "geometry": { "type": "Polygon", "coordinates": [ [ [ 5.9217406, 45.5636518 ], [ 5.9216375, 45.5636185 ], [ 5.9216386, 45.5636157 ], [ 5.921589, 45.5635981 ], [ 5.9215901, 45.5635963 ], [ 5.9215942, 45.5635754 ], [ 5.9216637, 45.5635808 ], [ 5.9217101, 45.563585 ], [ 5.9217171, 45.5635957 ], [ 5.9217346, 45.5636349 ], [ 5.9217406, 45.5636518 ] ] ] } },
{ "type": "Feature", "properties": { "id_bien": "BAT-CE-0160", "nom": null, "type_bien": "LOG", "quartier": "CE", "adresse": "26 Pas Sebastien Charlety", "idu_parcelle": "73065000CK0278", "emprise_m2": 261.8, "nb_etages": 3, "hauteur_m": 7.6, "sdp_estimee_m2": 785.0, "usage_bdtopo": "Résidentiel", "nb_locaux": 1, "id_rnb": "XE1KPJMW4JED", "cleabs": "BATIMENT0000000219249661", "type_bien_libelle": "Logement" }, "geometry": { "type": "Polygon", "coordinates": [ [ [ 5.9204282, 45.5636742 ], [ 5.9203851, 45.5636366 ], [ 5.9204152, 45.5636232 ], [ 5.9204124, 45.5636188 ], [ 5.9206588, 45.5635223 ], [ 5.9207007, 45.5635644 ], [ 5.9207442, 45.5636102 ], [ 5.9205756, 45.5636722 ], [ 5.9205644, 45.5636554 ], [ 5.9205292, 45.563668 ], [ 5.920459, 45.5637005 ], [ 5.9204282, 45.5636742 ] ] ] } },
{ "type": "Feature", "properties": { "id_bien": "BAT-CV-0001", "nom": null, "type_bien": "AQU", "quartier": "CV", "adresse": "Bessy", "idu_parcelle": "73065000KA0209", "emprise_m2": 76.9, "nb_etages": null, "hauteur_m": 2.4, "sdp_estimee_m2": null, "usage_bdtopo": "Indifférencié", "nb_locaux": 0, "id_rnb": "DCBNXNW9EMHZ", "cleabs": "BATIMENT0000000334735164", "type_bien_libelle": "À qualifier" }, "geometry": { "type": "Polygon", "coordinates": [ [ [ 5.8901972, 45.6149506 ], [ 5.8902019, 45.6150163 ], [ 5.8900533, 45.6150237 ], [ 5.8900436, 45.6149843 ], [ 5.8900794, 45.6149816 ], [ 5.8900783, 45.6149618 ], [ 5.8901972, 45.6149506 ] ] ] } },
{ "type": "Feature", "properties": { "id_bien": "BAT-CV-0002", "nom": null, "type_bien": "AQU", "quartier": "CV", "adresse": "Champ Plat", "idu_parcelle": "73065000KB0086", "emprise_m2": 265.4, "nb_etages": null, "hauteur_m": 4.4, "sdp_estimee_m2": null, "usage_bdtopo": "Indifférencié", "nb_locaux": 0, "id_rnb": "635TSHWVJTV3", "cleabs": "BATIMENT0000000334734783", "type_bien_libelle": "À qualifier" }, "geometry": { "type": "Polygon", "coordinates": [ [ [ 5.8951577, 45.6147879 ], [ 5.8951717, 45.6150074 ], [ 5.8950347, 45.6150136 ], [ 5.8950191, 45.6147897 ], [ 5.8951577, 45.6147879 ] ] ] } },
{ "type": "Feature", "properties": { "id_bien": "BAT-CV-0003", "nom": null, "type_bien": "AQU", "quartier": "CV", "adresse": "Che Des Vernatiaux", "idu_parcelle": "73065000KB0087", "emprise_m2": 37.9, "nb_etages": null, "hauteur_m": 3.6, "sdp_estimee_m2": null, "usage_bdtopo": "Indifférencié", "nb_locaux": 1, "id_rnb": "ZXQ41H2C2AXF", "cleabs": "BATIMENT0000000334734309", "type_bien_libelle": "À qualifier" }, "geometry": { "type": "Polygon", "coordinates": [ [ [ 5.8952603, 45.6147609 ], [ 5.8951846, 45.6147629 ], [ 5.8951778, 45.6147063 ], [ 5.8952534, 45.6147025 ], [ 5.8952603, 45.6147609 ] ] ] } },
{ "type": "Feature", "properties": { "id_bien": "BAT-CV-0004", "nom": null, "type_bien": "AQU", "quartier": "CV", "adresse": "Cote Bardon", "idu_parcelle": "73065000KC0133", "emprise_m2": 20.4, "nb_etages": null, "hauteur_m": 8.6, "sdp_estimee_m2": null, "usage_bdtopo": "Indifférencié", "nb_locaux": 0, "id_rnb": "MJR7YAAT3N8V", "cleabs": "BATIMENT0000000219259892", "type_bien_libelle": "À qualifier" }, "geometry": { "type": "Polygon", "coordinates": [ [ [ 5.8964255, 45.6084386 ], [ 5.8964219, 45.6084423 ], [ 5.8964182, 45.608446 ], [ 5.8964146, 45.6084497 ], [ 5.8964096, 45.6084526 ], [ 5.8964033, 45.6084545 ], [ 5.8963956, 45.6084547 ], [ 5.8963917, 45.6084539 ], [ 5.8963865, 45.6084532 ], [ 5.8963813, 45.6084515 ], [ 5.8963773, 45.6084489 ], [ 5.896372, 45.6084463 ], [ 5.8963693, 45.6084428 ], [ 5.8963678, 45.6084401 ], [ 5.896369, 45.6084374 ], [ 5.8963699, 45.6084302 ], [ 5.8963555, 45.6084242 ], [ 5.8963475, 45.608419 ], [ 5.896371, 45.6084022 ], [ 5.8963923, 45.6084161 ], [ 5.8963962, 45.6084169 ], [ 5.8963999, 45.608415 ], [ 5.8964037, 45.608414 ], [ 5.8964102, 45.6084147 ], [ 5.8964154, 45.6084173 ], [ 5.8964195, 45.6084217 ], [ 5.8964236, 45.6084261 ], [ 5.896425, 45.6084287 ], [ 5.8964265, 45.6084332 ], [ 5.8964267, 45.6084359 ], [ 5.8964255, 45.6084386 ] ] ] } },
{ "type": "Feature", "properties": { "id_bien": "BAT-CV-0005", "nom": null, "type_bien": "AQU", "quartier": "CV", "adresse": "1372 Rue Du Bois De Candie", "idu_parcelle": "73065000KC0189", "emprise_m2": 21.7, "nb_etages": null, "hauteur_m": 3.2, "sdp_estimee_m2": null, "usage_bdtopo": "Indifférencié", "nb_locaux": 0, "id_rnb": "ZSSH2DNVMMVD", "cleabs": "BATIMENT0000002328956037", "type_bien_libelle": "À qualifier" }, "geometry": { "type": "Polygon", "coordinates": [ [ [ 5.8963882, 45.6074547 ], [ 5.8963754, 45.607455 ], [ 5.8963727, 45.6074028 ], [ 5.89642, 45.6073998 ], [ 5.8964228, 45.6074529 ], [ 5.8963882, 45.6074547 ] ] ] } },
{ "type": "Feature", "properties": { "id_bien": "BAT-CV-0006", "nom": null, "type_bien": "AQU", "quartier": "CV", "adresse": "Puttigny Dessus", "idu_parcelle": "73065000LA0060", "emprise_m2": 42.5, "nb_etages": null, "hauteur_m": 4.6, "sdp_estimee_m2": null, "usage_bdtopo": "Indifférencié", "nb_locaux": 0, "id_rnb": "MK981RFMWN9D", "cleabs": "BATIMENT0000000219260017", "type_bien_libelle": "À qualifier" }, "geometry": { "type": "Polygon", "coordinates": [ [ [ 5.9091272, 45.6065185 ], [ 5.90903, 45.6065012 ], [ 5.9090455, 45.6064531 ], [ 5.9091428, 45.6064722 ], [ 5.9091363, 45.6064949 ], [ 5.9091272, 45.6065185 ] ] ] } },
{ "type": "Feature", "properties": { "id_bien": "BAT-CV-0007", "nom": null, "type_bien": "AQU", "quartier": "CV", "adresse": "2874 Av Des Landiers", "idu_parcelle": "73065000KI0002", "emprise_m2": 15.2, "nb_etages": null, "hauteur_m": 2.8, "sdp_estimee_m2": null, "usage_bdtopo": "Indifférencié", "nb_locaux": 0, "id_rnb": "ZQJTKMGRRPB4", "cleabs": "BATIMENT0000000219259664", "type_bien_libelle": "À qualifier" }, "geometry": { "type": "Polygon", "coordinates": [ [ [ 5.8919409, 45.6065663 ], [ 5.8919179, 45.606593 ], [ 5.8918694, 45.6065744 ], [ 5.8918937, 45.6065468 ], [ 5.8919147, 45.6065552 ], [ 5.8919409, 45.6065663 ] ] ] } },
{ "type": "Feature", "properties": { "id_bien": "BAT-CV-0008", "nom": null, "type_bien": "AQU", "quartier": "CV", "adresse": "2874 Av Des Landiers", "idu_parcelle": "73065000KI0002", "emprise_m2": 16.0, "nb_etages": null, "hauteur_m": 2.5, "sdp_estimee_m2": null, "usage_bdtopo": "Indifférencié", "nb_locaux": 0, "id_rnb": "EY6WV3SZJ5JS", "cleabs": "BATIMENT0000000219259663", "type_bien_libelle": "À qualifier" }, "geometry": { "type": "Polygon", "coordinates": [ [ [ 5.891995, 45.6064964 ], [ 5.8919854, 45.6065084 ], [ 5.8919721, 45.6065249 ], [ 5.8919237, 45.6065072 ], [ 5.8919478, 45.6064769 ], [ 5.891995, 45.6064964 ] ] ] } },
{ "type": "Feature", "properties": { "id_bien": "BAT-CV-0009", "nom": null, "type_bien": "AQU", "quartier": "CV", "adresse": "Puttigny Dessous", "idu_parcelle": "73065000LE0197", "emprise_m2": 22.4, "nb_etages": null, "hauteur_m": 3.8, "sdp_estimee_m2": null, "usage_bdtopo": "Indifférencié", "nb_locaux": 0, "id_rnb": "RQAPY7S22Z9B", "cleabs": "BATIMENT0000000219260434", "type_bien_libelle": "À qualifier" }, "geometry": { "type": "Polygon", "coordinates": [ [ [ 5.9082279, 45.6021778 ], [ 5.9082364, 45.6021443 ], [ 5.9083101, 45.6021541 ], [ 5.9083042, 45.6021876 ], [ 5.9082279, 45.6021778 ] ] ] } },
{ "type": "Feature", "properties": { "id_bien": "BAT-CV-0010", "nom": null, "type_bien": "AQU", "quartier": "CV", "adresse": "290 Rue Du Goleron", "idu_parcelle": "73065000MA0059", "emprise_m2": 67.8, "nb_etages": null, "hauteur_m": null, "sdp_estimee_m2": null, "usage_bdtopo": "Indifférencié", "nb_locaux": 0, "id_rnb": "GJGAE2G2T2BB", "cleabs": "BATIMENT0000000219260459", "type_bien_libelle": "À qualifier" }, "geometry": { "type": "Polygon", "coordinates": [ [ [ 5.9067726, 45.5995681 ], [ 5.9066648, 45.5995186 ], [ 5.9067122, 45.5994678 ], [ 5.90682, 45.5995173 ], [ 5.9067726, 45.5995681 ] ] ] } },
{ "type": "Feature", "properties": { "id_bien": "BAT-CV-0011", "nom": null, "type_bien": "ANX", "quartier": "CV", "adresse": "187 Rue Commandant Bulle", "idu_parcelle": "73065000MB0384", "emprise_m2": 183.3, "nb_etages": 1, "hauteur_m": 3.7, "sdp_estimee_m2": 183.0, "usage_bdtopo": "Annexe", "nb_locaux": 1, "id_rnb": "JVW73REH1S2A", "cleabs": "BATIMENT0000000295068028", "type_bien_libelle": "Annexe" }, "geometry": { "type": "Polygon", "coordinates": [ [ [ 5.9038851, 45.5972548 ], [ 5.9035259, 45.5971352 ], [ 5.9035606, 45.5970866 ], [ 5.903916, 45.5972071 ], [ 5.9038851, 45.5972548 ] ] ] } },
{ "type": "Feature", "properties": { "id_bien": "BAT-CV-0012", "nom": null, "type_bien": "LOG", "quartier": "CV", "adresse": "187 Rue Commandant Bulle", "idu_parcelle": "73065000MB0384", "emprise_m2": 491.3, "nb_etages": 3, "hauteur_m": 8.2, "sdp_estimee_m2": 1474.0, "usage_bdtopo": "Résidentiel", "nb_locaux": 1, "id_rnb": "CCYTAR7RBEWE", "cleabs": "BATIMENT0000000295068242", "type_bien_libelle": "Logement" }, "geometry": { "type": "Polygon", "coordinates": [ [ [ 5.9038602, 45.5971455 ], [ 5.9036035, 45.5970485 ], [ 5.9036164, 45.5970266 ], [ 5.9035785, 45.5970131 ], [ 5.9035725, 45.5970214 ], [ 5.9034405, 45.5969752 ], [ 5.9035174, 45.5968759 ], [ 5.9036876, 45.5969391 ], [ 5.9036995, 45.5969217 ], [ 5.9037817, 45.5969475 ], [ 5.9037566, 45.5969824 ], [ 5.9039357, 45.5970435 ], [ 5.9038602, 45.5971455 ] ] ] } },
{ "type": "Feature", "properties": { "id_bien": "BAT-CV-0013", "nom": null, "type_bien": "LOG", "quartier": "CV", "adresse": "187 Rue Commandant Bulle", "idu_parcelle": "73065000MB0384", "emprise_m2": 442.1, "nb_etages": 3, "hauteur_m": 8.7, "sdp_estimee_m2": 1326.0, "usage_bdtopo": "Résidentiel", "nb_locaux": 1, "id_rnb": "7YMJSZYQQSFM", "cleabs": "BATIMENT0000000295067919", "type_bien_libelle": "Logement" }, "geometry": { "type": "Polygon", "coordinates": [ [ [ 5.9039982, 45.5972077 ], [ 5.9039925, 45.5970997 ], [ 5.904197, 45.5970818 ], [ 5.904179, 45.5970571 ], [ 5.9043529, 45.5969706 ], [ 5.9044406, 45.5970521 ], [ 5.9042821, 45.5971382 ], [ 5.9042858, 45.5971841 ], [ 5.9039982, 45.5972077 ] ] ] } },
{ "type": "Feature", "properties": { "id_bien": "BAT-CV-0014", "nom": null, "type_bien": "AQU", "quartier": "CV", "adresse": "187 Rue Commandant Bulle", "idu_parcelle": "73065000MB0384", "emprise_m2": 97.5, "nb_etages": null, "hauteur_m": 3.0, "sdp_estimee_m2": null, "usage_bdtopo": "Indifférencié", "nb_locaux": 1, "id_rnb": "W8XF9QFZRM1N", "cleabs": "BATIMENT0000002203240371", "type_bien_libelle": "À qualifier" }, "geometry": { "type": "Polygon", "coordinates": [ [ [ 5.9045526, 45.5971069 ], [ 5.904504, 45.5970622 ], [ 5.9046651, 45.596976 ], [ 5.9047123, 45.5970199 ], [ 5.9045526, 45.5971069 ] ] ] } },
{ "type": "Feature", "properties": { "id_bien": "BAT-CV-0015", "nom": null, "type_bien": "LOG", "quartier": "CV", "adresse": "187 Rue Commandant Bulle", "idu_parcelle": "73065000MB0384", "emprise_m2": 198.2, "nb_etages": 3, "hauteur_m": 6.6, "sdp_estimee_m2": 595.0, "usage_bdtopo": "Résidentiel", "nb_locaux": 1, "id_rnb": "YBVGA84W8X45", "cleabs": "BATIMENT0000000295068210", "type_bien_libelle": "Logement" }, "geometry": { "type": "Polygon", "coordinates": [ [ [ 5.9033479, 45.5969713 ], [ 5.9032278, 45.5969095 ], [ 5.903348, 45.5967785 ], [ 5.9034649, 45.5968286 ], [ 5.9033479, 45.5969713 ] ] ] } },
{ "type": "Feature", "properties": { "id_bien": "BAT-CV-0016", "nom": null, "type_bien": "LOG", "quartier": "CV", "adresse": "187 Rue Commandant Bulle", "idu_parcelle": "73065000MB0384", "emprise_m2": 477.1, "nb_etages": 3, "hauteur_m": 8.6, "sdp_estimee_m2": 1431.0, "usage_bdtopo": "Résidentiel", "nb_locaux": 1, "id_rnb": "Q1XNEKE2V4T9", "cleabs": "BATIMENT0000000295067918", "type_bien_libelle": "Logement" }, "geometry": { "type": "Polygon", "coordinates": [ [ [ 5.9044864, 45.5969464 ], [ 5.9043401, 45.5968979 ], [ 5.9044207, 45.5967715 ], [ 5.9043879, 45.5967579 ], [ 5.9044209, 45.5967021 ], [ 5.9044378, 45.5967062 ], [ 5.9045241, 45.5965886 ], [ 5.9046585, 45.5966302 ], [ 5.9045751, 45.5967531 ], [ 5.9046025, 45.5967614 ], [ 5.9044864, 45.5969464 ] ] ] } },
{ "type": "Feature", "properties": { "id_bien": "BAT-CV-0017", "nom": null, "type_bien": "AQU", "quartier": "CV", "adresse": "27 Rue De Roberty", "idu_parcelle": "73065000MB0041", "emprise_m2": 203.6, "nb_etages": null, "hauteur_m": 6.1, "sdp_estimee_m2": null, "usage_bdtopo": "Indifférencié", "nb_locaux": 1, "id_rnb": "6MAC411XCQES", "cleabs": "BATIMENT0000000219250562", "type_bien_libelle": "À qualifier" }, "geometry": { "type": "Polygon", "coordinates": [ [ [ 5.9034514, 45.596473 ], [ 5.9031877, 45.5963888 ], [ 5.9032388, 45.5963109 ], [ 5.9033837, 45.5963577 ], [ 5.9033792, 45.5963686 ], [ 5.903502, 45.5964105 ], [ 5.9034514, 45.596473 ] ] ] } },
{ "type": "Feature", "properties": { "id_bien": "BAT-CV-0018", "nom": null, "type_bien": "AQU", "quartier": "CV", "adresse": "27 Rue De Roberty", "idu_parcelle": "73065000MB0041", "emprise_m2": 50.2, "nb_etages": null, "hauteur_m": 6.3, "sdp_estimee_m2": null, "usage_bdtopo": "Indifférencié", "nb_locaux": 1, "id_rnb": null, "cleabs": "BATIMENT0000002493162925", "type_bien_libelle": "À qualifier" }, "geometry": { "type": "Polygon", "coordinates": [ [ [ 5.903502, 45.5964105 ], [ 5.9033792, 45.5963686 ], [ 5.9033837, 45.5963577 ], [ 5.9032388, 45.5963109 ], [ 5.9032495, 45.5962944 ], [ 5.9035164, 45.5963903 ], [ 5.903502, 45.5964105 ] ] ] } },
{ "type": "Feature", "properties": { "id_bien": "BAT-CV-0019", "nom": "École Maternelle de Chambéry-le-Vieux", "type_bien": "ENS", "quartier": "CV", "adresse": "Le Bourg", "idu_parcelle": "73065000MB0040", "emprise_m2": 636.3, "nb_etages": null, "hauteur_m": 6.9, "sdp_estimee_m2": null, "usage_bdtopo": "Commercial et services", "nb_locaux": 0, "id_rnb": "7VAZBGYGTAPW", "cleabs": "BATIMENT0000000219250585", "type_bien_libelle": "Enseignement et petite enfance" }, "geometry": { "type": "Polygon", "coordinates": [ [ [ 5.9036607, 45.5956909 ], [ 5.9036363, 45.5957888 ], [ 5.9036621, 45.5957909 ], [ 5.9036802, 45.5957931 ], [ 5.9036578, 45.5958811 ], [ 5.9035389, 45.5958653 ], [ 5.9035282, 45.5959061 ], [ 5.903545, 45.5959084 ], [ 5.9035365, 45.5959419 ], [ 5.9035688, 45.5959465 ], [ 5.9035506, 45.5960145 ], [ 5.9033567, 45.5959889 ], [ 5.9033384, 45.596056 ], [ 5.9032143, 45.5960394 ], [ 5.9032581, 45.5958716 ], [ 5.9034494, 45.5958964 ], [ 5.9034568, 45.5958656 ], [ 5.90346, 45.5958538 ], [ 5.9034804, 45.5957784 ], [ 5.9035192, 45.5957829 ], [ 5.9035212, 45.595772 ], [ 5.9035431, 45.5956759 ], [ 5.9036607, 45.5956909 ] ] ] } },
{ "type": "Feature", "properties": { "id_bien": "BAT-CV-0020", "nom": "École Élémentaire de Chambéry-le-Vieux", "type_bien": "ENS", "quartier": "CV", "adresse": "1 Pl Paul Vachez", "idu_parcelle": "73065000MB0037", "emprise_m2": 211.8, "nb_etages": null, "hauteur_m": 5.5, "sdp_estimee_m2": null, "usage_bdtopo": "Commercial et services", "nb_locaux": 3, "id_rnb": "6TZA5V84253Y", "cleabs": "BATIMENT0000000219250581", "type_bien_libelle": "Enseignement et petite enfance" }, "geometry": { "type": "Polygon", "coordinates": [ [ [ 5.9035093, 45.5956678 ], [ 5.9035346, 45.5955878 ], [ 5.9036148, 45.5955993 ], [ 5.9036392, 45.5955248 ], [ 5.9036468, 45.5955002 ], [ 5.9036689, 45.5955042 ], [ 5.903752, 45.5955218 ], [ 5.9037058, 45.5956447 ], [ 5.9036993, 45.595644 ], [ 5.9036747, 45.5956392 ], [ 5.9036607, 45.5956909 ], [ 5.9035431, 45.5956759 ], [ 5.9035443, 45.5956732 ], [ 5.9035093, 45.5956678 ] ] ] } },
{ "type": "Feature", "properties": { "id_bien": "BAT-CV-0021", "nom": "Maison de Quartier Paul Battal", "type_bien": "CUL", "quartier": "CV", "adresse": "47 Rue Commandant Bulle", "idu_parcelle": "73065000MB0039", "emprise_m2": 453.1, "nb_etages": null, "hauteur_m": 7.1, "sdp_estimee_m2": null, "usage_bdtopo": "Commercial et services", "nb_locaux": 0, "id_rnb": "9SRS375ZDN34", "cleabs": "BATIMENT0000000219250607", "type_bien_libelle": "Culture et loisirs" }, "geometry": { "type": "Polygon", "coordinates": [ [ [ 5.902985, 45.5955822 ], [ 5.9030043, 45.5955339 ], [ 5.9030712, 45.5955124 ], [ 5.9031299, 45.5953829 ], [ 5.9031662, 45.595391 ], [ 5.9032202, 45.5953671 ], [ 5.903228, 45.5953696 ], [ 5.9033085, 45.5953864 ], [ 5.9032923, 45.5954202 ], [ 5.9031821, 45.595669 ], [ 5.9031093, 45.5956529 ], [ 5.9031198, 45.595631 ], [ 5.9030874, 45.5956255 ], [ 5.9030483, 45.5956391 ], [ 5.9029976, 45.5956278 ], [ 5.9030135, 45.5955869 ], [ 5.902985, 45.5955822 ] ] ] } },
{ "type": "Feature", "properties": { "id_bien": "BAT-CV-0022", "nom": null, "type_bien": "LOG", "quartier": "CV", "adresse": "325 Rue Du Bourg", "idu_parcelle": "73065000MB0029", "emprise_m2": 62.5, "nb_etages": 2, "hauteur_m": 6.3, "sdp_estimee_m2": 125.0, "usage_bdtopo": "Résidentiel", "nb_locaux": 1, "id_rnb": "5GSD95GBVN3P", "cleabs": "BATIMENT0000000219250520", "type_bien_libelle": "Logement" }, "geometry": { "type": "Polygon", "coordinates": [ [ [ 5.9024849, 45.5953951 ], [ 5.9025081, 45.5953233 ], [ 5.9026025, 45.5953371 ], [ 5.9025794, 45.5954107 ], [ 5.9024849, 45.5953951 ] ] ] } },
{ "type": "Feature", "properties": { "id_bien": "BAT-CV-0023", "nom": "Chambéry - Mairie de Quartier de Chambéry le Vieux", "type_bien": "ADM", "quartier": "CV", "adresse": "1 Pl Paul Vachez", "idu_parcelle": "73065000MB0037", "emprise_m2": 207.3, "nb_etages": null, "hauteur_m": 8.6, "sdp_estimee_m2": null, "usage_bdtopo": "Commercial et services", "nb_locaux": 3, "id_rnb": "VB2GHXA4Y5PK", "cleabs": "BATIMENT0000000219250454", "type_bien_libelle": "Administration" }, "geometry": { "type": "Polygon", "coordinates": [ [ [ 5.9035829, 45.595382 ], [ 5.903615, 45.5952109 ], [ 5.9037491, 45.5952219 ], [ 5.9037379, 45.595278 ], [ 5.9037508, 45.5952795 ], [ 5.9037398, 45.5953383 ], [ 5.9037256, 45.5953369 ], [ 5.9037144, 45.5953931 ], [ 5.9035829, 45.595382 ] ] ] } },
{ "type": "Feature", "properties": { "id_bien": "BAT-CV-0024", "nom": null, "type_bien": "AQU", "quartier": "CV", "adresse": "Le Bourg", "idu_parcelle": "73065000MB0188", "emprise_m2": 353.6, "nb_etages": null, "hauteur_m": 6.9, "sdp_estimee_m2": null, "usage_bdtopo": "Indifférencié", "nb_locaux": 0, "id_rnb": "FV9BK2WWNA6E", "cleabs": "BATIMENT0000000219250452", "type_bien_libelle": "À qualifier" }, "geometry": { "type": "Polygon", "coordinates": [ [ [ 5.9034804, 45.5951414 ], [ 5.9035103, 45.5951478 ], [ 5.9034795, 45.5952216 ], [ 5.9035853, 45.5952324 ], [ 5.9035703, 45.5953139 ], [ 5.9034646, 45.595304 ], [ 5.9033941, 45.595331 ], [ 5.9033815, 45.595335 ], [ 5.9032412, 45.5953035 ], [ 5.9032881, 45.595195 ], [ 5.903375, 45.5952117 ], [ 5.9034116, 45.5951251 ], [ 5.9034804, 45.5951414 ] ] ] } },
{ "type": "Feature", "properties": { "id_bien": "BAT-CV-0025", "nom": null, "type_bien": "REL", "quartier": "CV", "adresse": "5 Pl Paul Vachez", "idu_parcelle": "73065000MB0036", "emprise_m2": 94.5, "nb_etages": null, "hauteur_m": 5.4, "sdp_estimee_m2": null, "usage_bdtopo": "Religieux", "nb_locaux": 0, "id_rnb": "ZPAH2A45QD2P", "cleabs": "BATIMENT0000000219250547", "type_bien_libelle": "Édifice cultuel" }, "geometry": { "type": "Polygon", "coordinates": [ [ [ 5.904183, 45.5951737 ], [ 5.904213, 45.5951837 ], [ 5.904358, 45.5952314 ], [ 5.9043156, 45.595255 ], [ 5.9042769, 45.5952758 ], [ 5.9041463, 45.5952332 ], [ 5.904183, 45.5951737 ] ] ] } },
{ "type": "Feature", "properties": { "id_bien": "BAT-CV-0026", "nom": null, "type_bien": "LOG", "quartier": "CV", "adresse": "5 Pl Paul Vachez", "idu_parcelle": "73065000MB0035", "emprise_m2": 160.6, "nb_etages": 2, "hauteur_m": 9.0, "sdp_estimee_m2": 321.0, "usage_bdtopo": "Résidentiel", "nb_locaux": 2, "id_rnb": "3FK4847P7RMY", "cleabs": "BATIMENT0000000219250511", "type_bien_libelle": "Logement" }, "geometry": { "type": "Polygon", "coordinates": [ [ [ 5.9040812, 45.5950943 ], [ 5.9041389, 45.5949937 ], [ 5.9042981, 45.5950437 ], [ 5.9042327, 45.5951427 ], [ 5.9040812, 45.5950943 ] ] ] } },
{ "type": "Feature", "properties": { "id_bien": "BAT-CV-0027", "nom": null, "type_bien": "LOG", "quartier": "CV", "adresse": "1 Pl Paul Vachez", "idu_parcelle": "73065000MB0037", "emprise_m2": 35.8, "nb_etages": 2, "hauteur_m": 3.4, "sdp_estimee_m2": 72.0, "usage_bdtopo": "Résidentiel", "nb_locaux": 3, "id_rnb": "YXN4MHHSPE14", "cleabs": "BATIMENT0000000219250618", "type_bien_libelle": "Logement" }, "geometry": { "type": "Polygon", "coordinates": [ [ [ 5.9035231, 45.5950484 ], [ 5.9035438, 45.5950037 ], [ 5.9035841, 45.5950126 ], [ 5.9036398, 45.5950724 ], [ 5.9036323, 45.5950762 ], [ 5.9035231, 45.5950484 ] ] ] } },
{ "type": "Feature", "properties": { "id_bien": "BAT-CV-0028", "nom": null, "type_bien": "REL", "quartier": "CV", "adresse": "Pl Paul Vachez", "idu_parcelle": "73065000MB0033", "emprise_m2": 425.9, "nb_etages": null, "hauteur_m": 9.4, "sdp_estimee_m2": null, "usage_bdtopo": "Religieux", "nb_locaux": 0, "id_rnb": "PZ8NTS7PP8S9", "cleabs": "BATIMENT0000000219250620", "type_bien_libelle": "Édifice cultuel" }, "geometry": { "type": "Polygon", "coordinates": [ [ [ 5.9038803, 45.5950328 ], [ 5.9037642, 45.5949971 ], [ 5.9038553, 45.5948479 ], [ 5.9038175, 45.5948371 ], [ 5.903847, 45.5947886 ], [ 5.9038899, 45.5947983 ], [ 5.9039041, 45.5947763 ], [ 5.9039149, 45.5947607 ], [ 5.9039235, 45.5947542 ], [ 5.903936, 45.5947485 ], [ 5.9039512, 45.5947436 ], [ 5.903969, 45.5947404 ], [ 5.9039841, 45.5947112 ], [ 5.9040363, 45.594726 ], [ 5.90402, 45.5947589 ], [ 5.904028, 45.594765 ], [ 5.9040337, 45.5947748 ], [ 5.9040354, 45.5947828 ], [ 5.9040811, 45.594797 ], [ 5.9040614, 45.5948389 ], [ 5.9040902, 45.594849 ], [ 5.9040701, 45.594882 ], [ 5.9040376, 45.5948738 ], [ 5.904021, 45.5948994 ], [ 5.9039793, 45.5948888 ], [ 5.9038895, 45.5950362 ], [ 5.9038803, 45.5950328 ] ] ] } },
{ "type": "Feature", "properties": { "id_bien": "BAT-CV-0029", "nom": null, "type_bien": "AQU", "quartier": "CV", "adresse": "La Balme", "idu_parcelle": "73065000MD0020", "emprise_m2": 30.0, "nb_etages": null, "hauteur_m": 3.6, "sdp_estimee_m2": null, "usage_bdtopo": "Indifférencié", "nb_locaux": 0, "id_rnb": "A795WRR1YCBH", "cleabs": "BATIMENT0000000219250744", "type_bien_libelle": "À qualifier" }, "geometry": { "type": "Polygon", "coordinates": [ [ [ 5.9086011, 45.5894322 ], [ 5.9086164, 45.58943 ], [ 5.9086306, 45.5894314 ], [ 5.9086437, 45.5894356 ], [ 5.9086519, 45.5894462 ], [ 5.9086551, 45.5894578 ], [ 5.9086516, 45.5894642 ], [ 5.9086481, 45.5894706 ], [ 5.9086419, 45.5894762 ], [ 5.9086344, 45.5894791 ], [ 5.9086216, 45.5894803 ], [ 5.90861, 45.5894797 ], [ 5.9086009, 45.5894773 ], [ 5.9085917, 45.589473 ], [ 5.9085848, 45.5894632 ], [ 5.9085817, 45.5894525 ], [ 5.9085593, 45.5894414 ], [ 5.9085814, 45.5894219 ], [ 5.9086011, 45.5894322 ] ] ] } },
{ "type": "Feature", "properties": { "id_bien": "BAT-CV-0030", "nom": null, "type_bien": "AQU", "quartier": "CV", "adresse": "169 Rue Des Arves", "idu_parcelle": "73065000MD0079", "emprise_m2": 543.9, "nb_etages": null, "hauteur_m": 6.6, "sdp_estimee_m2": null, "usage_bdtopo": "Indifférencié", "nb_locaux": 0, "id_rnb": "N7TQY2EKZ38R", "cleabs": "BATIMENT0000000219258920", "type_bien_libelle": "À qualifier" }, "geometry": { "type": "Polygon", "coordinates": [ [ [ 5.9063274, 45.5887557 ], [ 5.9062934, 45.5887431 ], [ 5.9062056, 45.5887102 ], [ 5.9062117, 45.5887037 ], [ 5.9062078, 45.588702 ], [ 5.9062648, 45.5886393 ], [ 5.9062885, 45.5886504 ], [ 5.9063481, 45.5885867 ], [ 5.9063219, 45.5885774 ], [ 5.9065672, 45.5883125 ], [ 5.9066776, 45.588361 ], [ 5.9066521, 45.5883896 ], [ 5.9066626, 45.5883938 ], [ 5.9066468, 45.5884095 ], [ 5.9066375, 45.5884044 ], [ 5.9065989, 45.5884513 ], [ 5.906616, 45.588459 ], [ 5.9065771, 45.5885006 ], [ 5.9065587, 45.588492 ], [ 5.9064799, 45.5885806 ], [ 5.9064957, 45.5885883 ], [ 5.9064702, 45.5886151 ], [ 5.906453, 45.5886065 ], [ 5.9063815, 45.5886867 ], [ 5.9063843, 45.5886912 ], [ 5.9063274, 45.5887557 ] ] ] } },
{ "type": "Feature", "properties": { "id_bien": "BAT-HC-0001", "nom": "École Maternelle la Grenouillère", "type_bien": "ENS", "quartier": "HC", "adresse": "Rue Du Bertillet", "idu_parcelle": "73065000MA0003", "emprise_m2": 727.4, "nb_etages": null, "hauteur_m": 1.6, "sdp_estimee_m2": null, "usage_bdtopo": "Commercial et services", "nb_locaux": 0, "id_rnb": "PRHA1DTV8MWB", "cleabs": "BATIMENT0000000219264384", "type_bien_libelle": "Enseignement et petite enfance" }, "geometry": { "type": "Polygon", "coordinates": [ [ [ 5.9135151, 45.6004136 ], [ 5.9136422, 45.6001688 ], [ 5.9136682, 45.6001762 ], [ 5.9139443, 45.6002502 ], [ 5.9139885, 45.6002616 ], [ 5.9138576, 45.6005065 ], [ 5.913536, 45.6004194 ], [ 5.9135151, 45.6004136 ] ], [ [ 5.9136432, 45.6003589 ], [ 5.9137682, 45.6003917 ], [ 5.9138149, 45.6003049 ], [ 5.91369, 45.600273 ], [ 5.9136432, 45.6003589 ] ] ] } },
{ "type": "Feature", "properties": { "id_bien": "BAT-HC-0002", "nom": null, "type_bien": "COM", "quartier": "HC", "adresse": "152 Rue Du Larzac", "idu_parcelle": "73065000AP0277", "emprise_m2": 253.9, "nb_etages": 1, "hauteur_m": 7.7, "sdp_estimee_m2": 254.0, "usage_bdtopo": "Commercial et services", "nb_locaux": 1, "id_rnb": "DCYQR99NPCXK", "cleabs": "BATIMENT0000000219263964", "type_bien_libelle": "Commerce et marché" }, "geometry": { "type": "Polygon", "coordinates": [ [ [ 5.917043, 45.5992498 ], [ 5.9169848, 45.5993631 ], [ 5.9167533, 45.599306 ], [ 5.9168103, 45.5991946 ], [ 5.9169806, 45.5992352 ], [ 5.917043, 45.5992498 ] ] ] } },
{ "type": "Feature", "properties": { "id_bien": "BAT-HC-0003", "nom": null, "type_bien": "COM", "quartier": "HC", "adresse": "572 Rue Du Pre De L Ane", "idu_parcelle": "73065000AO0185", "emprise_m2": 1421.4, "nb_etages": 1, "hauteur_m": 4.0, "sdp_estimee_m2": 1421.0, "usage_bdtopo": "Commercial et services", "nb_locaux": 1, "id_rnb": "VRTQJ3JQX2WV", "cleabs": "BATIMENT0000000219263685", "type_bien_libelle": "Commerce et marché" }, "geometry": { "type": "Polygon", "coordinates": [ [ [ 5.9149235, 45.5985145 ], [ 5.9146748, 45.5984462 ], [ 5.9146057, 45.5984272 ], [ 5.9145797, 45.5984198 ], [ 5.9146637, 45.5982608 ], [ 5.9146663, 45.5982617 ], [ 5.9146924, 45.5982691 ], [ 5.9148749, 45.5983211 ], [ 5.9148877, 45.5982974 ], [ 5.9149228, 45.5982316 ], [ 5.9149591, 45.5981649 ], [ 5.9149977, 45.5980936 ], [ 5.9150234, 45.598047 ], [ 5.9150444, 45.5980068 ], [ 5.915069, 45.5979611 ], [ 5.9150924, 45.5979181 ], [ 5.915117, 45.5978724 ], [ 5.9151439, 45.597824 ], [ 5.915165, 45.5977847 ], [ 5.9149813, 45.5977336 ], [ 5.9149579, 45.5977279 ], [ 5.9149553, 45.5977271 ], [ 5.9149821, 45.5976759 ], [ 5.9150068, 45.5976825 ], [ 5.9150095, 45.5976833 ], [ 5.9153235, 45.5977734 ], [ 5.9152779, 45.5978574 ], [ 5.9152523, 45.5979068 ], [ 5.9152277, 45.5979516 ], [ 5.9152031, 45.5979964 ], [ 5.9151786, 45.5980429 ], [ 5.9151563, 45.5980841 ], [ 5.9151317, 45.5981289 ], [ 5.915092, 45.5982029 ], [ 5.9150569, 45.5982687 ], [ 5.9150206, 45.5983345 ], [ 5.9150089, 45.5983555 ], [ 5.9149235, 45.5985145 ] ] ] } },
{ "type": "Feature", "properties": { "id_bien": "BAT-HC-0004", "nom": null, "type_bien": "AQU", "quartier": "HC", "adresse": "La Combe", "idu_parcelle": "73065000MA0047", "emprise_m2": 272.0, "nb_etages": null, "hauteur_m": 3.9, "sdp_estimee_m2": null, "usage_bdtopo": "Indifférencié", "nb_locaux": 1, "id_rnb": "HEJPZFAC1PKB", "cleabs": "BATIMENT0000000219260380", "type_bien_libelle": "À qualifier" }, "geometry": { "type": "Polygon", "coordinates": [ [ [ 5.908602, 45.5982016 ], [ 5.9084518, 45.5980306 ], [ 5.9085848, 45.5979731 ], [ 5.908735, 45.5981449 ], [ 5.908602, 45.5982016 ] ] ] } },
{ "type": "Feature", "properties": { "id_bien": "BAT-HC-0005", "nom": null, "type_bien": "AQU", "quartier": "HC", "adresse": "Rue Des Combes", "idu_parcelle": "73065000AO0235", "emprise_m2": 274.2, "nb_etages": null, "hauteur_m": 6.2, "sdp_estimee_m2": null, "usage_bdtopo": "Indifférencié", "nb_locaux": 0, "id_rnb": "J4AYMCC9AMAE", "cleabs": "BATIMENT0000000219263535", "type_bien_libelle": "À qualifier" }, "geometry": { "type": "Polygon", "coordinates": [ [ [ 5.9144247, 45.5980111 ], [ 5.9142775, 45.5979708 ], [ 5.9143221, 45.5978912 ], [ 5.9143117, 45.5978888 ], [ 5.9143281, 45.5978595 ], [ 5.9143374, 45.5978638 ], [ 5.9143843, 45.5977797 ], [ 5.9144064, 45.5977854 ], [ 5.9144157, 45.5977681 ], [ 5.9144249, 45.5977705 ], [ 5.9144168, 45.597787 ], [ 5.9144701, 45.5978018 ], [ 5.9144657, 45.5978145 ], [ 5.9145191, 45.5978294 ], [ 5.9144247, 45.5980111 ] ] ] } },
{ "type": "Feature", "properties": { "id_bien": "BAT-HC-0006", "nom": null, "type_bien": "AQU", "quartier": "HC", "adresse": "507 Rue Du Pre De L Ane", "idu_parcelle": "73065000AO0085", "emprise_m2": 17.1, "nb_etages": null, "hauteur_m": 3.4, "sdp_estimee_m2": null, "usage_bdtopo": "Indifférencié", "nb_locaux": 1, "id_rnb": "WQ719JPR6TVT", "cleabs": "BATIMENT0000000219263534", "type_bien_libelle": "À qualifier" }, "geometry": { "type": "Polygon", "coordinates": [ [ [ 5.9144064, 45.5977854 ], [ 5.9143843, 45.5977797 ], [ 5.9143948, 45.5977596 ], [ 5.9144346, 45.5976874 ], [ 5.9144464, 45.5976916 ], [ 5.9144299, 45.5977199 ], [ 5.9144391, 45.5977242 ], [ 5.9144157, 45.5977681 ], [ 5.9144064, 45.5977854 ] ] ] } },
{ "type": "Feature", "properties": { "id_bien": "BAT-HC-0007", "nom": "Gymnase des Combes", "type_bien": "SPO", "quartier": "HC", "adresse": "507 Rue Du Pre De L Ane", "idu_parcelle": "73065000AO0085", "emprise_m2": 945.0, "nb_etages": null, "hauteur_m": 14.9, "sdp_estimee_m2": null, "usage_bdtopo": "Sportif", "nb_locaux": 1, "id_rnb": "P8RBATSYHDK3", "cleabs": "BATIMENT0000000219263532", "type_bien_libelle": "Sport" }, "geometry": { "type": "Polygon", "coordinates": [ [ [ 5.9143948, 45.5977596 ], [ 5.9140836, 45.5976767 ], [ 5.9142485, 45.5973705 ], [ 5.9145597, 45.5974535 ], [ 5.9144567, 45.5976444 ], [ 5.9144346, 45.5976874 ], [ 5.9143948, 45.5977596 ] ] ] } },
{ "type": "Feature", "properties": { "id_bien": "BAT-HC-0008", "nom": null, "type_bien": "SPO", "quartier": "HC", "adresse": "La Combe", "idu_parcelle": "73065000MA0047", "emprise_m2": 206.3, "nb_etages": null, "hauteur_m": 9.8, "sdp_estimee_m2": null, "usage_bdtopo": "Sportif", "nb_locaux": 1, "id_rnb": "74GARP1HVGKN", "cleabs": "BATIMENT0000000012667094", "type_bien_libelle": "Sport" }, "geometry": { "type": "Polygon", "coordinates": [ [ [ 5.9093015, 45.5974193 ], [ 5.9089276, 45.5975831 ], [ 5.9088907, 45.597539 ], [ 5.9092655, 45.5973689 ], [ 5.9093015, 45.5974193 ] ] ] } },
{ "type": "Feature", "properties": { "id_bien": "BAT-HC-0009", "nom": null, "type_bien": "AQU", "quartier": "HC", "adresse": "Grand Champ", "idu_parcelle": "73065000AP0077", "emprise_m2": 175.1, "nb_etages": null, "hauteur_m": 6.6, "sdp_estimee_m2": null, "usage_bdtopo": "Indifférencié", "nb_locaux": 0, "id_rnb": "594C66JN7PGB", "cleabs": "BATIMENT0000000219263455", "type_bien_libelle": "À qualifier" }, "geometry": { "type": "Polygon", "coordinates": [ [ [ 5.9185902, 45.597138 ], [ 5.9185785, 45.5971843 ], [ 5.9185657, 45.5972333 ], [ 5.9183577, 45.5972072 ], [ 5.918381, 45.5971146 ], [ 5.9185902, 45.597138 ] ] ] } },
{ "type": "Feature", "properties": { "id_bien": "BAT-HC-0010", "nom": "École Maternelle les Châtaigniers", "type_bien": "ENS", "quartier": "HC", "adresse": "Rue Jean Paul Sartre", "idu_parcelle": "73065000AP0332", "emprise_m2": 21.3, "nb_etages": null, "hauteur_m": 4.7, "sdp_estimee_m2": null, "usage_bdtopo": "Commercial et services", "nb_locaux": 0, "id_rnb": "7QS98Q1QCTDS", "cleabs": "BATIMENT0000000219263702", "type_bien_libelle": "Enseignement et petite enfance" }, "geometry": { "type": "Polygon", "coordinates": [ [ [ 5.9198926, 45.5970078 ], [ 5.9198622, 45.5971122 ], [ 5.9198389, 45.5971092 ], [ 5.9198707, 45.5970048 ], [ 5.9198926, 45.5970078 ] ] ] } },
{ "type": "Feature", "properties": { "id_bien": "BAT-HC-0011", "nom": null, "type_bien": "AQU", "quartier": "HC", "adresse": "292 Rue Jean Paul Sartre", "idu_parcelle": "73065000AP0424", "emprise_m2": 584.9, "nb_etages": null, "hauteur_m": 10.4, "sdp_estimee_m2": null, "usage_bdtopo": "Indifférencié", "nb_locaux": 0, "id_rnb": "SXAW3Z3JEZFE", "cleabs": "BATIMENT0000000219263687", "type_bien_libelle": "À qualifier" }, "geometry": { "type": "Polygon", "coordinates": [ [ [ 5.9197731, 45.5971506 ], [ 5.9197163, 45.5971448 ], [ 5.9197142, 45.597153 ], [ 5.9196664, 45.5971471 ], [ 5.9196684, 45.597138 ], [ 5.9196246, 45.5971337 ], [ 5.9196224, 45.597141 ], [ 5.9195862, 45.5971365 ], [ 5.9195883, 45.5971275 ], [ 5.9193842, 45.597103 ], [ 5.9193833, 45.5971093 ], [ 5.9193484, 45.5971057 ], [ 5.9193506, 45.5970985 ], [ 5.9191581, 45.5970746 ], [ 5.9191067, 45.5970246 ], [ 5.9190967, 45.5970294 ], [ 5.9190736, 45.5970066 ], [ 5.9190837, 45.5970018 ], [ 5.9190349, 45.5969526 ], [ 5.9190482, 45.5968892 ], [ 5.9190534, 45.5968899 ], [ 5.9191542, 45.5969035 ], [ 5.9191514, 45.5969234 ], [ 5.9192395, 45.5970122 ], [ 5.9193364, 45.5970232 ], [ 5.9193383, 45.5970114 ], [ 5.9193809, 45.5970166 ], [ 5.9193777, 45.5970275 ], [ 5.9194088, 45.597033 ], [ 5.9194107, 45.5970203 ], [ 5.9194507, 45.5970256 ], [ 5.9194475, 45.5970374 ], [ 5.9195766, 45.5970521 ], [ 5.9195787, 45.5970421 ], [ 5.9196225, 45.5970464 ], [ 5.9196194, 45.5970591 ], [ 5.9196864, 45.5970654 ], [ 5.9196903, 45.5970419 ], [ 5.91976, 45.5970491 ], [ 5.9197537, 45.5970754 ], [ 5.9197924, 45.5970798 ], [ 5.9197731, 45.5971506 ] ] ] } },
{ "type": "Feature", "properties": { "id_bien": "BAT-HC-0012", "nom": null, "type_bien": "ANX", "quartier": "HC", "adresse": "292 Rue Jean Paul Sartre", "idu_parcelle": "73065000AP0424", "emprise_m2": 37.0, "nb_etages": 1, "hauteur_m": 2.9, "sdp_estimee_m2": 37.0, "usage_bdtopo": "Annexe", "nb_locaux": 0, "id_rnb": "1F321BRC4TRV", "cleabs": "BATIMENT0000000219263901", "type_bien_libelle": "Annexe" }, "geometry": { "type": "Polygon", "coordinates": [ [ [ 5.9194881, 45.597003 ], [ 5.9194403, 45.5969979 ], [ 5.9194518, 45.596949 ], [ 5.9195009, 45.5969549 ], [ 5.9195371, 45.5969594 ], [ 5.9195256, 45.5970083 ], [ 5.9194881, 45.597003 ] ] ] } },
{ "type": "Feature", "properties": { "id_bien": "BAT-HC-0013", "nom": null, "type_bien": "LOG", "quartier": "HC", "adresse": "292 Rue Jean Paul Sartre", "idu_parcelle": "73065000AP0425", "emprise_m2": 44.1, "nb_etages": 1, "hauteur_m": 3.4, "sdp_estimee_m2": 44.0, "usage_bdtopo": "Résidentiel", "nb_locaux": 0, "id_rnb": "5WT3CMHWANNX", "cleabs": "BATIMENT0000000219263686", "type_bien_libelle": "Logement" }, "geometry": { "type": "Polygon", "coordinates": [ [ [ 5.9197762, 45.5969901 ], [ 5.9197644, 45.5970355 ], [ 5.9196586, 45.5970247 ], [ 5.9196702, 45.5969766 ], [ 5.9197762, 45.5969901 ] ] ] } },
{ "type": "Feature", "properties": { "id_bien": "BAT-HC-0014", "nom": "École Maternelle les Châtaigniers", "type_bien": "ENS", "quartier": "HC", "adresse": "Grand Champ", "idu_parcelle": "73065000AP0414", "emprise_m2": 472.0, "nb_etages": null, "hauteur_m": 4.0, "sdp_estimee_m2": null, "usage_bdtopo": "Commercial et services", "nb_locaux": 0, "id_rnb": "35FAMWRGFBCR", "cleabs": "BATIMENT0000000219263703", "type_bien_libelle": "Enseignement et petite enfance" }, "geometry": { "type": "Polygon", "coordinates": [ [ [ 5.9198926, 45.5970078 ], [ 5.9200671, 45.5970294 ], [ 5.9200745, 45.5970004 ], [ 5.9200926, 45.5970017 ], [ 5.9201001, 45.5969745 ], [ 5.920082, 45.5969722 ], [ 5.9200967, 45.5969106 ], [ 5.9201278, 45.5969152 ], [ 5.9201322, 45.5969007 ], [ 5.9202459, 45.5969157 ], [ 5.9202416, 45.5969321 ], [ 5.9202275, 45.5969315 ], [ 5.9202013, 45.5970431 ], [ 5.9201522, 45.5970371 ], [ 5.9201345, 45.5971151 ], [ 5.9201927, 45.5971235 ], [ 5.9201777, 45.5971797 ], [ 5.9199579, 45.5971503 ], [ 5.9199611, 45.5971376 ], [ 5.919881, 45.5971289 ], [ 5.9198842, 45.5971153 ], [ 5.9198622, 45.5971122 ], [ 5.9198926, 45.5970078 ] ] ] } },
{ "type": "Feature", "properties": { "id_bien": "BAT-HC-0015", "nom": "École Maternelle les Châtaigniers", "type_bien": "ENS", "quartier": "HC", "adresse": "292 Rue Jean Paul Sartre", "idu_parcelle": "73065000AP0424", "emprise_m2": 105.4, "nb_etages": null, "hauteur_m": 3.6, "sdp_estimee_m2": null, "usage_bdtopo": "Annexe", "nb_locaux": 0, "id_rnb": "1YSCJHF942ER", "cleabs": "BATIMENT0000000219263893", "type_bien_libelle": "Enseignement et petite enfance" }, "geometry": { "type": "Polygon", "coordinates": [ [ [ 5.9198583, 45.5968925 ], [ 5.9198997, 45.5968986 ], [ 5.9198881, 45.5969458 ], [ 5.9198454, 45.5969405 ], [ 5.9198054, 45.5969362 ], [ 5.9197654, 45.5969309 ], [ 5.9197253, 45.5969266 ], [ 5.919684, 45.5969213 ], [ 5.9196452, 45.5969169 ], [ 5.9196567, 45.5968671 ], [ 5.9196968, 45.5968723 ], [ 5.9197381, 45.5968776 ], [ 5.9197782, 45.5968828 ], [ 5.9198183, 45.5968881 ], [ 5.9198583, 45.5968925 ] ] ] } },
{ "type": "Feature", "properties": { "id_bien": "BAT-HC-0016", "nom": null, "type_bien": "AQU", "quartier": "HC", "adresse": "547 Rue Du Grand Champ", "idu_parcelle": "73065000AP0410", "emprise_m2": 121.5, "nb_etages": null, "hauteur_m": 8.6, "sdp_estimee_m2": null, "usage_bdtopo": "Indifférencié", "nb_locaux": 0, "id_rnb": "BJH87BPGNJ7A", "cleabs": "BATIMENT0000000219263706", "type_bien_libelle": "À qualifier" }, "geometry": { "type": "Polygon", "coordinates": [ [ [ 5.9205475, 45.5968421 ], [ 5.9205332, 45.5968867 ], [ 5.9205463, 45.5968926 ], [ 5.9205397, 45.5969126 ], [ 5.9205218, 45.5969149 ], [ 5.9205108, 45.5969494 ], [ 5.9204048, 45.5969359 ], [ 5.9204182, 45.5968968 ], [ 5.9203846, 45.5968923 ], [ 5.9203976, 45.5968478 ], [ 5.9204338, 45.5968523 ], [ 5.9204427, 45.5968259 ], [ 5.9205475, 45.5968421 ] ] ] } },
{ "type": "Feature", "properties": { "id_bien": "BAT-HC-0017", "nom": null, "type_bien": "ANX", "quartier": "HC", "adresse": "292 Rue Jean Paul Sartre", "idu_parcelle": "73065000AP0424", "emprise_m2": 36.8, "nb_etages": 1, "hauteur_m": 3.0, "sdp_estimee_m2": 37.0, "usage_bdtopo": "Annexe", "nb_locaux": 0, "id_rnb": "MXJQMYEKZQBQ", "cleabs": "BATIMENT0000000219263902", "type_bien_libelle": "Annexe" }, "geometry": { "type": "Polygon", "coordinates": [ [ [ 5.9195121, 45.5968996 ], [ 5.9194682, 45.5968945 ], [ 5.9194772, 45.5968465 ], [ 5.9195237, 45.5968516 ], [ 5.9195637, 45.596856 ], [ 5.9195522, 45.5969058 ], [ 5.9195121, 45.5968996 ] ] ] } },
{ "type": "Feature", "properties": { "id_bien": "BAT-HC-0018", "nom": "École Maternelle les Châtaigniers", "type_bien": "ENS", "quartier": "HC", "adresse": "Grand Champ", "idu_parcelle": "73065000AP0412", "emprise_m2": 132.5, "nb_etages": null, "hauteur_m": 2.9, "sdp_estimee_m2": null, "usage_bdtopo": "Commercial et services", "nb_locaux": 0, "id_rnb": "PEAJQK2P55H6", "cleabs": "BATIMENT0000000219263704", "type_bien_libelle": "Enseignement et petite enfance" }, "geometry": { "type": "Polygon", "coordinates": [ [ [ 5.9202459, 45.5969157 ], [ 5.9201322, 45.5969007 ], [ 5.9201353, 45.596888 ], [ 5.9201185, 45.5968857 ], [ 5.9201296, 45.5968287 ], [ 5.9201477, 45.5968309 ], [ 5.9201577, 45.5967766 ], [ 5.9202661, 45.5967873 ], [ 5.9202526, 45.5968489 ], [ 5.9202604, 45.5968505 ], [ 5.9202459, 45.5969157 ] ] ] } },
{ "type": "Feature", "properties": { "id_bien": "BAT-HC-0019", "nom": null, "type_bien": "ANX", "quartier": "HC", "adresse": "547 Rue Du Grand Champ", "idu_parcelle": "73065000AP0410", "emprise_m2": 42.9, "nb_etages": 1, "hauteur_m": 3.1, "sdp_estimee_m2": 43.0, "usage_bdtopo": "Annexe", "nb_locaux": 0, "id_rnb": "6YZCDWYD79YM", "cleabs": "BATIMENT0000000219263913", "type_bien_libelle": "Annexe" }, "geometry": { "type": "Polygon", "coordinates": [ [ [ 5.9204016, 45.5968252 ], [ 5.9203354, 45.5968125 ], [ 5.9203626, 45.5967442 ], [ 5.9203678, 45.5967441 ], [ 5.9203795, 45.5967465 ], [ 5.9204301, 45.5967578 ], [ 5.9204016, 45.5968252 ] ] ] } },
{ "type": "Feature", "properties": { "id_bien": "BAT-HC-0020", "nom": null, "type_bien": "ANX", "quartier": "HC", "adresse": "547 Rue Du Grand Champ", "idu_parcelle": "73065000AP0410", "emprise_m2": 27.5, "nb_etages": 1, "hauteur_m": 3.4, "sdp_estimee_m2": 28.0, "usage_bdtopo": "Annexe", "nb_locaux": 0, "id_rnb": "3XGZ64DDRP2E", "cleabs": "BATIMENT0000000219263910", "type_bien_libelle": "Annexe" }, "geometry": { "type": "Polygon", "coordinates": [ [ [ 5.9205616, 45.5967922 ], [ 5.9205538, 45.5968149 ], [ 5.9204878, 45.5968058 ], [ 5.9204956, 45.5967822 ], [ 5.9204998, 45.5967659 ], [ 5.9205716, 45.596764 ], [ 5.9205616, 45.5967922 ] ] ] } },
{ "type": "Feature", "properties": { "id_bien": "BAT-HC-0021", "nom": null, "type_bien": "AQU", "quartier": "HC", "adresse": "292 Rue Jean Paul Sartre", "idu_parcelle": "73065000AP0426", "emprise_m2": 657.3, "nb_etages": null, "hauteur_m": 8.3, "sdp_estimee_m2": null, "usage_bdtopo": "Indifférencié", "nb_locaux": 0, "id_rnb": "AVWPZFQ2J86Q", "cleabs": "BATIMENT0000000219263691", "type_bien_libelle": "À qualifier" }, "geometry": { "type": "Polygon", "coordinates": [ [ [ 5.9194457, 45.5966139 ], [ 5.9194643, 45.5966017 ], [ 5.9194764, 45.5966122 ], [ 5.9195039, 45.5965971 ], [ 5.9194956, 45.5965865 ], [ 5.9195519, 45.5965589 ], [ 5.9195795, 45.5965465 ], [ 5.9195826, 45.596532 ], [ 5.9196847, 45.5965446 ], [ 5.9196796, 45.59657 ], [ 5.9196616, 45.5965687 ], [ 5.9196562, 45.5965895 ], [ 5.9196731, 45.5965927 ], [ 5.9196648, 45.5966308 ], [ 5.9196564, 45.5966409 ], [ 5.9196499, 45.5966402 ], [ 5.9196386, 45.596645 ], [ 5.9196337, 45.5966496 ], [ 5.9196442, 45.5966529 ], [ 5.9196508, 45.5966573 ], [ 5.9196524, 45.5966635 ], [ 5.919649, 45.5966708 ], [ 5.9196415, 45.5966764 ], [ 5.9196327, 45.5966785 ], [ 5.9196223, 45.5966769 ], [ 5.9196143, 45.5966708 ], [ 5.9195935, 45.596666 ], [ 5.9195786, 45.5966753 ], [ 5.9195653, 45.5966658 ], [ 5.9195392, 45.5966818 ], [ 5.9195473, 45.5966906 ], [ 5.9194786, 45.5967257 ], [ 5.9194691, 45.5967169 ], [ 5.9194442, 45.5967311 ], [ 5.9194524, 45.5967399 ], [ 5.9194299, 45.5967522 ], [ 5.9194367, 45.5967592 ], [ 5.9194422, 45.5967663 ], [ 5.91944, 45.5967727 ], [ 5.9194377, 45.5967781 ], [ 5.9194302, 45.5967819 ], [ 5.9194213, 45.596784 ], [ 5.919411, 45.5967824 ], [ 5.9193991, 45.5967764 ], [ 5.9193811, 45.5967751 ], [ 5.9193673, 45.5967827 ], [ 5.9193579, 45.5967739 ], [ 5.9193279, 45.5967891 ], [ 5.9193374, 45.5967988 ], [ 5.9192711, 45.5968329 ], [ 5.9192604, 45.5968242 ], [ 5.9192342, 45.5968384 ], [ 5.9192411, 45.5968472 ], [ 5.9192299, 45.5968547 ], [ 5.9192271, 45.5968746 ], [ 5.9192302, 45.5968835 ], [ 5.9192153, 45.5968938 ], [ 5.9192024, 45.5968924 ], [ 5.9191874, 45.5968765 ], [ 5.9191687, 45.5968869 ], [ 5.919165, 45.5968888 ], [ 5.9191559, 45.5968873 ], [ 5.9190564, 45.5968745 ], [ 5.9190595, 45.59686 ], [ 5.9190737, 45.5968624 ], [ 5.9190814, 45.5968369 ], [ 5.9190645, 45.5968338 ], [ 5.9190742, 45.5967984 ], [ 5.9191255, 45.5967718 ], [ 5.9191504, 45.5967586 ], [ 5.9191598, 45.5967664 ], [ 5.9191859, 45.5967504 ], [ 5.9191791, 45.5967434 ], [ 5.9192479, 45.5967092 ], [ 5.9192572, 45.5967152 ], [ 5.9192599, 45.5967161 ], [ 5.9192835, 45.5967019 ], [ 5.919278, 45.5966949 ], [ 5.9193604, 45.5966513 ], [ 5.9193685, 45.5966592 ], [ 5.9193972, 45.596644 ], [ 5.9193905, 45.596637 ], [ 5.919438, 45.5966132 ], [ 5.9194457, 45.5966139 ] ] ] } },
{ "type": "Feature", "properties": { "id_bien": "BAT-HC-0022", "nom": null, "type_bien": "AQU", "quartier": "HC", "adresse": "Rue Du Pre De L Ane", "idu_parcelle": "73065000AO0240", "emprise_m2": 975.3, "nb_etages": null, "hauteur_m": 7.0, "sdp_estimee_m2": null, "usage_bdtopo": "Indifférencié", "nb_locaux": 0, "id_rnb": "BEKAGAJYRPFB", "cleabs": "BATIMENT0000000219263512", "type_bien_libelle": "À qualifier" }, "geometry": { "type": "Polygon", "coordinates": [ [ [ 5.914748, 45.5968376 ], [ 5.9148882, 45.5965745 ], [ 5.9152631, 45.5966738 ], [ 5.9151217, 45.596937 ], [ 5.914748, 45.5968376 ] ] ] } },
{ "type": "Feature", "properties": { "id_bien": "BAT-HC-0023", "nom": "Église Sainte-Claire et Saint-François d'Assise", "type_bien": "REL", "quartier": "HC", "adresse": "Les Combes", "idu_parcelle": "73065000AO0051", "emprise_m2": 763.0, "nb_etages": null, "hauteur_m": 5.2, "sdp_estimee_m2": null, "usage_bdtopo": "Religieux", "nb_locaux": 0, "id_rnb": "WK72PE99GACN", "cleabs": "BATIMENT0000000219263494", "type_bien_libelle": "Édifice cultuel" }, "geometry": { "type": "Polygon", "coordinates": [ [ [ 5.9159171, 45.5967109 ], [ 5.9159302, 45.5967151 ], [ 5.9158507, 45.5968631 ], [ 5.9158351, 45.5968599 ], [ 5.9158169, 45.5968559 ], [ 5.9157831, 45.5969207 ], [ 5.9154304, 45.596828 ], [ 5.9154667, 45.5967613 ], [ 5.9156451, 45.5968099 ], [ 5.9157245, 45.5966609 ], [ 5.9155448, 45.5966115 ], [ 5.9155811, 45.5965457 ], [ 5.91593, 45.5966394 ], [ 5.9158963, 45.5967051 ], [ 5.9159171, 45.5967109 ] ] ] } },
{ "type": "Feature", "properties": { "id_bien": "BAT-HC-0024", "nom": "Lycée Louis Armand", "type_bien": "ENS", "quartier": "HC", "adresse": "292 Rue Jean Paul Sartre", "idu_parcelle": "73065000AP0426", "emprise_m2": 219.2, "nb_etages": null, "hauteur_m": 9.4, "sdp_estimee_m2": null, "usage_bdtopo": "Commercial et services", "nb_locaux": 0, "id_rnb": "EN8S9186HHQW", "cleabs": "BATIMENT0000000219263846", "type_bien_libelle": "Enseignement et petite enfance" }, "geometry": { "type": "Polygon", "coordinates": [ [ [ 5.9178461, 45.5966077 ], [ 5.9182156, 45.5966549 ], [ 5.9181986, 45.5967211 ], [ 5.917829, 45.5966739 ], [ 5.9178461, 45.5966077 ] ] ] } },
{ "type": "Feature", "properties": { "id_bien": "BAT-HC-0025", "nom": null, "type_bien": "REL", "quartier": "HC", "adresse": "Les Combes", "idu_parcelle": "73065000AO0051", "emprise_m2": 115.2, "nb_etages": null, "hauteur_m": 3.6, "sdp_estimee_m2": null, "usage_bdtopo": "Religieux", "nb_locaux": 0, "id_rnb": null, "cleabs": "BATIMENT0000002493165122", "type_bien_libelle": "Édifice cultuel" }, "geometry": { "type": "Polygon", "coordinates": [ [ [ 5.9155448, 45.5966115 ], [ 5.9157245, 45.5966609 ], [ 5.9156451, 45.5968099 ], [ 5.9154667, 45.5967613 ], [ 5.9154794, 45.5967349 ], [ 5.9156251, 45.5967707 ], [ 5.9156812, 45.5966666 ], [ 5.9155367, 45.5966289 ], [ 5.9155448, 45.5966115 ] ] ] } },
{ "type": "Feature", "properties": { "id_bien": "BAT-HC-0026", "nom": "Lycée Louis Armand", "type_bien": "ENS", "quartier": "HC", "adresse": "292 Rue Jean Paul Sartre", "idu_parcelle": "73065000AP0426", "emprise_m2": 1044.6, "nb_etages": null, "hauteur_m": 9.6, "sdp_estimee_m2": null, "usage_bdtopo": "Commercial et services", "nb_locaux": 0, "id_rnb": "5KA4X3QG1YP8", "cleabs": "BATIMENT0000000219263835", "type_bien_libelle": "Enseignement et petite enfance" }, "geometry": { "type": "Polygon", "coordinates": [ [ [ 5.9184005, 45.5966789 ], [ 5.9182156, 45.5966549 ], [ 5.9178461, 45.5966077 ], [ 5.9176677, 45.5965853 ], [ 5.917702, 45.5964555 ], [ 5.917609, 45.5964453 ], [ 5.9176236, 45.5963801 ], [ 5.9178962, 45.5964154 ], [ 5.9178816, 45.5964788 ], [ 5.9179747, 45.5964917 ], [ 5.9179564, 45.5965589 ], [ 5.9181385, 45.5965803 ], [ 5.918157, 45.5965167 ], [ 5.9182512, 45.596526 ], [ 5.9182658, 45.5964625 ], [ 5.9185373, 45.5964978 ], [ 5.9185213, 45.5965604 ], [ 5.9184335, 45.5965501 ], [ 5.9184005, 45.5966789 ] ] ] } },
{ "type": "Feature", "properties": { "id_bien": "BAT-HC-0027", "nom": "Lycée Louis Armand", "type_bien": "ENS", "quartier": "HC", "adresse": "La Croix Rouge Dessus", "idu_parcelle": "73065000AX0296", "emprise_m2": 1225.6, "nb_etages": 4, "hauteur_m": 9.1, "sdp_estimee_m2": 4902.0, "usage_bdtopo": "Résidentiel", "nb_locaux": 16, "id_rnb": "9667E5D9RZ9S", "cleabs": "BATIMENT0000000219263845", "type_bien_libelle": "Enseignement et petite enfance" }, "geometry": { "type": "Polygon", "coordinates": [ [ [ 5.9200568, 45.5965918 ], [ 5.9200608, 45.59657 ], [ 5.9200799, 45.5965668 ], [ 5.9200892, 45.5965242 ], [ 5.9200747, 45.5965174 ], [ 5.9200829, 45.5964775 ], [ 5.9201007, 45.5964753 ], [ 5.9201085, 45.5964525 ], [ 5.9201538, 45.5964595 ], [ 5.9201562, 45.5964549 ], [ 5.9201755, 45.5964571 ], [ 5.920186, 45.5964118 ], [ 5.9202063, 45.5964086 ], [ 5.920217, 45.5963668 ], [ 5.9201999, 45.5963591 ], [ 5.920208, 45.5963184 ], [ 5.9202296, 45.5963142 ], [ 5.9202336, 45.5962934 ], [ 5.9203151, 45.5963039 ], [ 5.9203245, 45.5962631 ], [ 5.9203297, 45.5962404 ], [ 5.9203152, 45.5962327 ], [ 5.9203271, 45.596191 ], [ 5.9203436, 45.5961887 ], [ 5.9203542, 45.5961452 ], [ 5.9203396, 45.5961357 ], [ 5.9203438, 45.5961184 ], [ 5.9203477, 45.5960958 ], [ 5.9203309, 45.5960926 ], [ 5.9203319, 45.5960872 ], [ 5.9202853, 45.5960812 ], [ 5.9202894, 45.5960604 ], [ 5.9202789, 45.5960561 ], [ 5.9202761, 45.5960526 ], [ 5.9202907, 45.5959873 ], [ 5.9202816, 45.5959858 ], [ 5.9202881, 45.5959631 ], [ 5.920314, 45.5959669 ], [ 5.9203256, 45.5959189 ], [ 5.9203605, 45.5959234 ], [ 5.9203663, 45.5959367 ], [ 5.9203987, 45.5959422 ], [ 5.9203953, 45.5959522 ], [ 5.9204018, 45.5959529 ], [ 5.9204078, 45.5959212 ], [ 5.9204099, 45.5959113 ], [ 5.9204383, 45.595915 ], [ 5.9204289, 45.5959558 ], [ 5.9205142, 45.5959662 ], [ 5.9205088, 45.5959862 ], [ 5.9205246, 45.5959939 ], [ 5.920514, 45.5960356 ], [ 5.9204949, 45.5960388 ], [ 5.9204856, 45.5960823 ], [ 5.9205002, 45.59609 ], [ 5.9204894, 45.59613 ], [ 5.9205101, 45.5961321 ], [ 5.9205091, 45.5961385 ], [ 5.9205518, 45.5961446 ], [ 5.9205466, 45.5961663 ], [ 5.9205636, 45.596174 ], [ 5.9205518, 45.5962167 ], [ 5.9205315, 45.5962217 ], [ 5.9205244, 45.596257 ], [ 5.9205402, 45.5962656 ], [ 5.9205339, 45.596291 ], [ 5.9204511, 45.5962796 ], [ 5.9204417, 45.5963195 ], [ 5.9204353, 45.596344 ], [ 5.9204161, 45.5963463 ], [ 5.9204068, 45.596388 ], [ 5.9204225, 45.5963948 ], [ 5.9204132, 45.5964365 ], [ 5.9203929, 45.5964406 ], [ 5.9203888, 45.5964606 ], [ 5.9203449, 45.5964554 ], [ 5.9203387, 45.5964853 ], [ 5.920313, 45.5964833 ], [ 5.9203078, 45.5965077 ], [ 5.9202899, 45.5965091 ], [ 5.920284, 45.5965426 ], [ 5.9202971, 45.5965477 ], [ 5.9202833, 45.596603 ], [ 5.9202668, 45.5966052 ], [ 5.9202649, 45.5966188 ], [ 5.9201834, 45.5966074 ], [ 5.9201728, 45.5966491 ], [ 5.9201392, 45.5966455 ], [ 5.9201486, 45.5966038 ], [ 5.9200568, 45.5965918 ] ] ] } },
{ "type": "Feature", "properties": { "id_bien": "BAT-HC-0028", "nom": "Lycée Louis Armand", "type_bien": "ENS", "quartier": "HC", "adresse": "321 Rue Du Grand Champ", "idu_parcelle": "73065000AX0128", "emprise_m2": 628.1, "nb_etages": null, "hauteur_m": 12.6, "sdp_estimee_m2": null, "usage_bdtopo": "Commercial et services", "nb_locaux": 0, "id_rnb": "N5H9KCQG2VT2", "cleabs": "BATIMENT0000000219263844", "type_bien_libelle": "Enseignement et petite enfance" }, "geometry": { "type": "Polygon", "coordinates": [ [ [ 5.9196079, 45.5964277 ], [ 5.9195769, 45.596424 ], [ 5.9195888, 45.5963813 ], [ 5.9195024, 45.5963746 ], [ 5.9195076, 45.5963519 ], [ 5.9194918, 45.5963442 ], [ 5.9194991, 45.5963116 ], [ 5.9195181, 45.5963066 ], [ 5.919531, 45.5962594 ], [ 5.9195152, 45.5962517 ], [ 5.9195193, 45.5962326 ], [ 5.9194935, 45.5962297 ], [ 5.9195008, 45.5961971 ], [ 5.9194582, 45.5961928 ], [ 5.9194635, 45.596171 ], [ 5.9194503, 45.5961642 ], [ 5.9194583, 45.5961225 ], [ 5.9194774, 45.5961193 ], [ 5.9194949, 45.5960377 ], [ 5.9195673, 45.5960467 ], [ 5.9195653, 45.5960584 ], [ 5.9195744, 45.59606 ], [ 5.9195815, 45.5960229 ], [ 5.9195837, 45.5960165 ], [ 5.9196186, 45.596021 ], [ 5.9196155, 45.5960364 ], [ 5.9196814, 45.5960437 ], [ 5.9196753, 45.5960745 ], [ 5.9196895, 45.5960759 ], [ 5.9196852, 45.5960923 ], [ 5.9196999, 45.5961027 ], [ 5.9196881, 45.5961463 ], [ 5.919669, 45.5961504 ], [ 5.9196595, 45.5961894 ], [ 5.9196767, 45.5961979 ], [ 5.9196725, 45.5962161 ], [ 5.9196675, 45.5962423 ], [ 5.9196882, 45.5962454 ], [ 5.9196871, 45.5962499 ], [ 5.9197336, 45.596255 ], [ 5.9197283, 45.5962768 ], [ 5.9197428, 45.5962845 ], [ 5.9197309, 45.5963263 ], [ 5.9197144, 45.5963294 ], [ 5.919705, 45.5963702 ], [ 5.9197194, 45.5963761 ], [ 5.9197129, 45.5963988 ], [ 5.9196199, 45.5963868 ], [ 5.9196079, 45.5964277 ] ] ] } },
{ "type": "Feature", "properties": { "id_bien": "BAT-HC-0029", "nom": null, "type_bien": "AQU", "quartier": "HC", "adresse": "1220 Rte De Saint - Saturnin", "idu_parcelle": "73065000AT0018", "emprise_m2": 21.7, "nb_etages": null, "hauteur_m": 1.3, "sdp_estimee_m2": null, "usage_bdtopo": "Indifférencié", "nb_locaux": 0, "id_rnb": "5JPGE1JCJQG4", "cleabs": "BATIMENT0000000219263918", "type_bien_libelle": "À qualifier" }, "geometry": { "type": "Polygon", "coordinates": [ [ [ 5.9250308, 45.5960588 ], [ 5.9251111, 45.5960477 ], [ 5.9251251, 45.5960455 ], [ 5.9251303, 45.5960715 ], [ 5.9250717, 45.5960793 ], [ 5.9250334, 45.5960839 ], [ 5.9250308, 45.5960588 ] ] ] } },
{ "type": "Feature", "properties": { "id_bien": "BAT-HC-0030", "nom": "Lycée Louis Armand", "type_bien": "ENS", "quartier": "HC", "adresse": "321 Rue Du Grand Champ", "idu_parcelle": "73065000AX0128", "emprise_m2": 201.2, "nb_etages": null, "hauteur_m": 9.3, "sdp_estimee_m2": null, "usage_bdtopo": "Commercial et services", "nb_locaux": 0, "id_rnb": "BT4JY2E8ZT9W", "cleabs": "BATIMENT0000000219263836", "type_bien_libelle": "Enseignement et petite enfance" }, "geometry": { "type": "Polygon", "coordinates": [ [ [ 5.917794, 45.5962045 ], [ 5.9178047, 45.5961627 ], [ 5.9177828, 45.5961381 ], [ 5.9175594, 45.5961123 ], [ 5.917575, 45.5960425 ], [ 5.9178617, 45.5960756 ], [ 5.917842, 45.5960915 ], [ 5.917807, 45.5961104 ], [ 5.917833, 45.5961413 ], [ 5.9178705, 45.5961466 ], [ 5.9178573, 45.5962118 ], [ 5.917794, 45.5962045 ] ] ] } },
{ "type": "Feature", "properties": { "id_bien": "BAT-HC-0031", "nom": "Lycée Louis Armand", "type_bien": "ENS", "quartier": "HC", "adresse": "321 Rue Du Grand Champ", "idu_parcelle": "73065000AX0128", "emprise_m2": 2774.4, "nb_etages": null, "hauteur_m": 9.7, "sdp_estimee_m2": null, "usage_bdtopo": "Commercial et services", "nb_locaux": 0, "id_rnb": "R61GK5B5TACC", "cleabs": "BATIMENT0000000219263834", "type_bien_libelle": "Enseignement et petite enfance" }, "geometry": { "type": "Polygon", "coordinates": [ [ [ 5.9178962, 45.5964154 ], [ 5.9176236, 45.5963801 ], [ 5.9176459, 45.5963173 ], [ 5.9177339, 45.5963295 ], [ 5.9177682, 45.5962015 ], [ 5.917794, 45.5962045 ], [ 5.9178573, 45.5962118 ], [ 5.9178705, 45.5961466 ], [ 5.9181497, 45.5961826 ], [ 5.9181791, 45.5960593 ], [ 5.9180875, 45.5960491 ], [ 5.9181376, 45.5958558 ], [ 5.9183197, 45.5958772 ], [ 5.9183323, 45.5958237 ], [ 5.9185119, 45.5958452 ], [ 5.9184822, 45.595964 ], [ 5.9183918, 45.5959538 ], [ 5.9183811, 45.5959946 ], [ 5.9183759, 45.5960181 ], [ 5.9187491, 45.5960607 ], [ 5.9186242, 45.5961757 ], [ 5.9184345, 45.5961554 ], [ 5.9184052, 45.5962814 ], [ 5.9185913, 45.5963054 ], [ 5.9186686, 45.5963836 ], [ 5.9186527, 45.596448 ], [ 5.9185597, 45.596436 ], [ 5.9185373, 45.5964978 ], [ 5.9182658, 45.5964625 ], [ 5.9182869, 45.5963998 ], [ 5.9181991, 45.5963904 ], [ 5.9182149, 45.5963233 ], [ 5.9180224, 45.5963003 ], [ 5.9180091, 45.5963656 ], [ 5.9179174, 45.5963535 ], [ 5.9178962, 45.5964154 ] ] ] } },
{ "type": "Feature", "properties": { "id_bien": "BAT-HC-0032", "nom": "Lycée Louis Armand", "type_bien": "ENS", "quartier": "HC", "adresse": "321 Rue Du Grand Champ", "idu_parcelle": "73065000AX0128", "emprise_m2": 1014.0, "nb_etages": null, "hauteur_m": 9.6, "sdp_estimee_m2": null, "usage_bdtopo": "Commercial et services", "nb_locaux": 0, "id_rnb": "1GJCRDY7EHJ5", "cleabs": "BATIMENT0000000219263837", "type_bien_libelle": "Enseignement et petite enfance" }, "geometry": { "type": "Polygon", "coordinates": [ [ [ 5.9187491, 45.5960607 ], [ 5.9187544, 45.596039 ], [ 5.9187629, 45.5960054 ], [ 5.918765, 45.5959972 ], [ 5.9188568, 45.5960084 ], [ 5.9188727, 45.5959449 ], [ 5.9190496, 45.5959664 ], [ 5.9189702, 45.5962857 ], [ 5.9187958, 45.5962641 ], [ 5.9187629, 45.5963947 ], [ 5.9186686, 45.5963836 ], [ 5.9185913, 45.5963054 ], [ 5.9186242, 45.5961757 ], [ 5.9187491, 45.5960607 ] ] ] } },
{ "type": "Feature", "properties": { "id_bien": "BAT-HC-0033", "nom": "Lycée Louis Armand", "type_bien": "ENS", "quartier": "HC", "adresse": "321 Rue Du Grand Champ", "idu_parcelle": "73065000AX0128", "emprise_m2": 152.2, "nb_etages": null, "hauteur_m": 10.0, "sdp_estimee_m2": null, "usage_bdtopo": "Commercial et services", "nb_locaux": 0, "id_rnb": "7KFK45JPETZW", "cleabs": "BATIMENT0000000219263925", "type_bien_libelle": "Enseignement et petite enfance" }, "geometry": { "type": "Polygon", "coordinates": [ [ [ 5.9183811, 45.5959946 ], [ 5.9183918, 45.5959538 ], [ 5.9184822, 45.595964 ], [ 5.9185092, 45.595966 ], [ 5.9185094, 45.5959696 ], [ 5.9185868, 45.5959757 ], [ 5.9185941, 45.5959449 ], [ 5.9186638, 45.5959521 ], [ 5.9186646, 45.5959917 ], [ 5.9187629, 45.5960054 ], [ 5.9187544, 45.596039 ], [ 5.9183811, 45.5959946 ] ] ] } },
{ "type": "Feature", "properties": { "id_bien": "BAT-HC-0034", "nom": "Lycée Louis Armand", "type_bien": "ENS", "quartier": "HC", "adresse": "321 Rue Du Grand Champ", "idu_parcelle": "73065000AX0128", "emprise_m2": 132.6, "nb_etages": null, "hauteur_m": 9.4, "sdp_estimee_m2": null, "usage_bdtopo": "Commercial et services", "nb_locaux": 0, "id_rnb": "EC7GZY4J48SM", "cleabs": "BATIMENT0000000219263922", "type_bien_libelle": "Enseignement et petite enfance" }, "geometry": { "type": "Polygon", "coordinates": [ [ [ 5.9192312, 45.5959779 ], [ 5.9192376, 45.5959769 ], [ 5.9192451, 45.5959731 ], [ 5.9192526, 45.5959693 ], [ 5.9192574, 45.5959637 ], [ 5.919261, 45.5959591 ], [ 5.9192621, 45.5959546 ], [ 5.9192618, 45.5959492 ], [ 5.9192601, 45.5959402 ], [ 5.9192987, 45.5959194 ], [ 5.91933, 45.5959033 ], [ 5.9193625, 45.5959349 ], [ 5.919435, 45.5958996 ], [ 5.9194746, 45.5958707 ], [ 5.919438, 45.5960041 ], [ 5.9192312, 45.5959779 ] ] ] } },
{ "type": "Feature", "properties": { "id_bien": "BAT-HC-0035", "nom": "Lycée Louis Armand", "type_bien": "ENS", "quartier": "HC", "adresse": "La Croix Rouge Dessus", "idu_parcelle": "73065000AX0296", "emprise_m2": 600.9, "nb_etages": null, "hauteur_m": 9.8, "sdp_estimee_m2": null, "usage_bdtopo": "Commercial et services", "nb_locaux": 16, "id_rnb": "MFM17SXPJ7E7", "cleabs": "BATIMENT0000000219263839", "type_bien_libelle": "Enseignement et petite enfance" }, "geometry": { "type": "Polygon", "coordinates": [ [ [ 5.9196997, 45.5959775 ], [ 5.9196455, 45.5959708 ], [ 5.9196475, 45.5959617 ], [ 5.9196495, 45.5959508 ], [ 5.9196857, 45.5959544 ], [ 5.9197179, 45.5959581 ], [ 5.9197302, 45.5958983 ], [ 5.9197676, 45.5959027 ], [ 5.9197736, 45.5958936 ], [ 5.9198356, 45.595901 ], [ 5.91984, 45.5959107 ], [ 5.9199019, 45.5959182 ], [ 5.9199078, 45.5959081 ], [ 5.919935, 45.5959119 ], [ 5.9199724, 45.5959163 ], [ 5.9199768, 45.5959018 ], [ 5.9199832, 45.5959016 ], [ 5.9199894, 45.5958717 ], [ 5.9200241, 45.5958735 ], [ 5.9200313, 45.5958634 ], [ 5.9200623, 45.5958671 ], [ 5.920092, 45.5958709 ], [ 5.9200965, 45.5958843 ], [ 5.9201546, 45.59589 ], [ 5.920163, 45.5958789 ], [ 5.920194, 45.5958826 ], [ 5.9201888, 45.5959062 ], [ 5.9201783, 45.5959488 ], [ 5.920239, 45.5959571 ], [ 5.9202325, 45.5959799 ], [ 5.920173, 45.5959715 ], [ 5.9201593, 45.5960277 ], [ 5.9201271, 45.5960249 ], [ 5.92012, 45.5960359 ], [ 5.9200592, 45.5960285 ], [ 5.9200561, 45.5960178 ], [ 5.9199953, 45.5960094 ], [ 5.9199895, 45.5960204 ], [ 5.9199585, 45.5960176 ], [ 5.9199568, 45.5960339 ], [ 5.9199065, 45.596028 ], [ 5.9199002, 45.5960552 ], [ 5.9198667, 45.5960524 ], [ 5.9198608, 45.5960634 ], [ 5.9198014, 45.5960559 ], [ 5.9197996, 45.5960461 ], [ 5.9197375, 45.5960369 ], [ 5.9197, 45.5960315 ], [ 5.9196612, 45.5960262 ], [ 5.9196678, 45.5960044 ], [ 5.9196689, 45.5960026 ], [ 5.9196857, 45.5960049 ], [ 5.9196879, 45.5959967 ], [ 5.9196922, 45.5959822 ], [ 5.9197039, 45.5959837 ], [ 5.9197155, 45.5959843 ], [ 5.9197165, 45.5959788 ], [ 5.9196997, 45.5959775 ] ] ] } },
{ "type": "Feature", "properties": { "id_bien": "BAT-HC-0036", "nom": "Lycée Louis Armand", "type_bien": "ENS", "quartier": "HC", "adresse": "La Croix Rouge Dessus", "idu_parcelle": "73065000AX0296", "emprise_m2": 196.9, "nb_etages": null, "hauteur_m": 3.6, "sdp_estimee_m2": null, "usage_bdtopo": "Commercial et services", "nb_locaux": 16, "id_rnb": "NCZT33F56NPB", "cleabs": "BATIMENT0000000219263926", "type_bien_libelle": "Enseignement et petite enfance" }, "geometry": { "type": "Polygon", "coordinates": [ [ [ 5.9201783, 45.5959488 ], [ 5.9201888, 45.5959062 ], [ 5.920194, 45.5958826 ], [ 5.9201975, 45.5958762 ], [ 5.9202368, 45.5958428 ], [ 5.9202772, 45.5958282 ], [ 5.9203311, 45.5958295 ], [ 5.9203835, 45.5958489 ], [ 5.9204032, 45.5958826 ], [ 5.9204099, 45.5959113 ], [ 5.9204078, 45.5959212 ], [ 5.9204018, 45.5959529 ], [ 5.9203953, 45.5959522 ], [ 5.9203987, 45.5959422 ], [ 5.9203663, 45.5959367 ], [ 5.9203605, 45.5959234 ], [ 5.9203256, 45.5959189 ], [ 5.920314, 45.5959669 ], [ 5.9202881, 45.5959631 ], [ 5.920239, 45.5959571 ], [ 5.9201783, 45.5959488 ] ] ] } },
{ "type": "Feature", "properties": { "id_bien": "BAT-HC-0037", "nom": "Lycée Louis Armand", "type_bien": "ENS", "quartier": "HC", "adresse": "321 Rue Du Grand Champ", "idu_parcelle": "73065000AX0128", "emprise_m2": 101.2, "nb_etages": null, "hauteur_m": 7.8, "sdp_estimee_m2": null, "usage_bdtopo": "Indifférencié", "nb_locaux": 0, "id_rnb": null, "cleabs": "BATIMENT0000002493164735", "type_bien_libelle": "Enseignement et petite enfance" }, "geometry": { "type": "Polygon", "coordinates": [ [ [ 5.9181498, 45.5957942 ], [ 5.9183344, 45.5958147 ], [ 5.9183323, 45.5958237 ], [ 5.9183313, 45.5958283 ], [ 5.9183197, 45.5958772 ], [ 5.9181376, 45.5958558 ], [ 5.9181498, 45.5957942 ] ] ] } },
{ "type": "Feature", "properties": { "id_bien": "BAT-HC-0038", "nom": "Lycée Louis Armand", "type_bien": "ENS", "quartier": "HC", "adresse": "La Croix Rouge Dessus", "idu_parcelle": "73065000AX0296", "emprise_m2": 643.7, "nb_etages": null, "hauteur_m": 10.1, "sdp_estimee_m2": null, "usage_bdtopo": "Commercial et services", "nb_locaux": 16, "id_rnb": "3TJX9P6TXM62/XE9DCTHD1HYP", "cleabs": "BATIMENT0000000219263832", "type_bien_libelle": "Enseignement et petite enfance" }, "geometry": { "type": "Polygon", "coordinates": [ [ [ 5.9181003, 45.5956351 ], [ 5.9180823, 45.5957077 ], [ 5.9180526, 45.5957039 ], [ 5.9180193, 45.5958508 ], [ 5.9177351, 45.5958176 ], [ 5.9177667, 45.5956852 ], [ 5.9176737, 45.595675 ], [ 5.9176935, 45.595588 ], [ 5.9181003, 45.5956351 ] ] ] } },
{ "type": "Feature", "properties": { "id_bien": "BAT-HC-0039", "nom": "Lycée Louis Armand", "type_bien": "ENS", "quartier": "HC", "adresse": "La Croix Rouge Dessus", "idu_parcelle": "73065000AX0296", "emprise_m2": 2152.1, "nb_etages": null, "hauteur_m": 9.8, "sdp_estimee_m2": null, "usage_bdtopo": "Commercial et services", "nb_locaux": 16, "id_rnb": "5WNNX23CYE2C/HGC4VYTZZGAT", "cleabs": "BATIMENT0000000219263838", "type_bien_libelle": "Enseignement et petite enfance" }, "geometry": { "type": "Polygon", "coordinates": [ [ [ 5.9192121, 45.5953233 ], [ 5.9192225, 45.5952762 ], [ 5.9192522, 45.5952799 ], [ 5.9192627, 45.5952346 ], [ 5.9193427, 45.5952424 ], [ 5.9193398, 45.5952614 ], [ 5.9194329, 45.5952734 ], [ 5.9193995, 45.595396 ], [ 5.9192886, 45.5958241 ], [ 5.9192844, 45.5958423 ], [ 5.9193593, 45.5958502 ], [ 5.9193623, 45.5958348 ], [ 5.9194798, 45.5958471 ], [ 5.9194746, 45.5958707 ], [ 5.919435, 45.5958996 ], [ 5.9193625, 45.5959349 ], [ 5.91933, 45.5959033 ], [ 5.9192987, 45.5959194 ], [ 5.9192601, 45.5959402 ], [ 5.9192618, 45.5959492 ], [ 5.9192621, 45.5959546 ], [ 5.919261, 45.5959591 ], [ 5.9192574, 45.5959637 ], [ 5.9192526, 45.5959693 ], [ 5.9192451, 45.5959731 ], [ 5.9192376, 45.5959769 ], [ 5.9192312, 45.5959779 ], [ 5.9191912, 45.5959727 ], [ 5.9190517, 45.5959565 ], [ 5.9190496, 45.5959664 ], [ 5.9188727, 45.5959449 ], [ 5.918878, 45.5959249 ], [ 5.9188684, 45.5959135 ], [ 5.9188609, 45.5959164 ], [ 5.9188521, 45.5959193 ], [ 5.9188432, 45.5959213 ], [ 5.9188342, 45.5959224 ], [ 5.918833, 45.5959225 ], [ 5.9188256, 45.5959524 ], [ 5.9187326, 45.5959413 ], [ 5.9187388, 45.5959141 ], [ 5.9187309, 45.5959107 ], [ 5.9187231, 45.5959073 ], [ 5.9187164, 45.595903 ], [ 5.9187085, 45.5958987 ], [ 5.9187018, 45.5958934 ], [ 5.9186951, 45.5958882 ], [ 5.9186897, 45.5958829 ], [ 5.9186843, 45.5958777 ], [ 5.9186801, 45.5958715 ], [ 5.9186759, 45.5958653 ], [ 5.918673, 45.5958591 ], [ 5.9186701, 45.5958528 ], [ 5.9186672, 45.5958457 ], [ 5.9186656, 45.5958394 ], [ 5.9186652, 45.5958322 ], [ 5.9186649, 45.5958259 ], [ 5.9186658, 45.5958187 ], [ 5.9186667, 45.5958123 ], [ 5.918669, 45.595806 ], [ 5.9186711, 45.5957987 ], [ 5.9186746, 45.5957923 ], [ 5.9186782, 45.5957868 ], [ 5.918683, 45.5957804 ], [ 5.9186878, 45.5957749 ], [ 5.918694, 45.5957693 ], [ 5.9187001, 45.5957637 ], [ 5.9187063, 45.5957591 ], [ 5.9187137, 45.5957544 ], [ 5.9187162, 45.5957525 ], [ 5.9187238, 45.5957496 ], [ 5.9187325, 45.5957458 ], [ 5.9187401, 45.5957429 ], [ 5.918749, 45.5957408 ], [ 5.9187566, 45.5957388 ], [ 5.9187654, 45.5957368 ], [ 5.9187743, 45.5957357 ], [ 5.9187846, 45.5957354 ], [ 5.9187936, 45.5957352 ], [ 5.9188026, 45.5957349 ], [ 5.9188116, 45.5957356 ], [ 5.9188206, 45.5957363 ], [ 5.9188297, 45.5957378 ], [ 5.9188375, 45.5957403 ], [ 5.9188466, 45.5957419 ], [ 5.9188544, 45.5957453 ], [ 5.9188623, 45.5957478 ], [ 5.9188702, 45.5957521 ], [ 5.9188781, 45.5957555 ], [ 5.9188847, 45.5957598 ], [ 5.9188914, 45.5957642 ], [ 5.9188968, 45.5957694 ], [ 5.9189022, 45.5957747 ], [ 5.9189076, 45.59578 ], [ 5.9189077, 45.5957809 ], [ 5.9189298, 45.5956893 ], [ 5.9190202, 45.5956995 ], [ 5.9191119, 45.5957107 ], [ 5.9191477, 45.5955611 ], [ 5.9191908, 45.5953806 ], [ 5.9192044, 45.5953226 ], [ 5.9192121, 45.5953233 ] ] ] } },
{ "type": "Feature", "properties": { "id_bien": "BAT-HC-0040", "nom": "Lycée Louis Armand", "type_bien": "ENS", "quartier": "HC", "adresse": "La Croix Rouge Dessus", "idu_parcelle": "73065000AX0296", "emprise_m2": 71.0, "nb_etages": null, "hauteur_m": 8.7, "sdp_estimee_m2": null, "usage_bdtopo": "Commercial et services", "nb_locaux": 16, "id_rnb": "HMVE5FRV5SZN", "cleabs": "BATIMENT0000000219263923", "type_bien_libelle": "Enseignement et petite enfance" }, "geometry": { "type": "Polygon", "coordinates": [ [ [ 5.9191477, 45.5955611 ], [ 5.9191026, 45.5955586 ], [ 5.9191481, 45.5953745 ], [ 5.9191908, 45.5953806 ], [ 5.9191477, 45.5955611 ] ] ] } },
{ "type": "Feature", "properties": { "id_bien": "BAT-HC-0041", "nom": "Lycée Louis Armand", "type_bien": "ENS", "quartier": "HC", "adresse": "La Croix Rouge Dessus", "idu_parcelle": "73065000AX0296", "emprise_m2": 275.1, "nb_etages": null, "hauteur_m": 8.6, "sdp_estimee_m2": null, "usage_bdtopo": "Commercial et services", "nb_locaux": 16, "id_rnb": "4RZN65B3PYMH", "cleabs": "BATIMENT0000000295067928", "type_bien_libelle": "Enseignement et petite enfance" }, "geometry": { "type": "Polygon", "coordinates": [ [ [ 5.9181768, 45.5954052 ], [ 5.9181878, 45.5952724 ], [ 5.9181986, 45.5952109 ], [ 5.9182477, 45.5952159 ], [ 5.9182329, 45.5952767 ], [ 5.9183673, 45.595293 ], [ 5.9183514, 45.5953583 ], [ 5.9184419, 45.5953695 ], [ 5.918426, 45.5954338 ], [ 5.9181768, 45.5954052 ] ] ] } },
{ "type": "Feature", "properties": { "id_bien": "BAT-HC-0042", "nom": "Lycée Louis Armand", "type_bien": "ENS", "quartier": "HC", "adresse": "La Croix Rouge Dessus", "idu_parcelle": "73065000AX0296", "emprise_m2": 74.8, "nb_etages": null, "hauteur_m": 5.4, "sdp_estimee_m2": null, "usage_bdtopo": "Commercial et services", "nb_locaux": 16, "id_rnb": "ZE1S7EH5VGSF", "cleabs": "BATIMENT0000000219263833", "type_bien_libelle": "Enseignement et petite enfance" }, "geometry": { "type": "Polygon", "coordinates": [ [ [ 5.9182329, 45.5952767 ], [ 5.9182477, 45.5952159 ], [ 5.9182476, 45.5952141 ], [ 5.9183819, 45.5952304 ], [ 5.9183673, 45.595293 ], [ 5.9182329, 45.5952767 ] ] ] } },
{ "type": "Feature", "properties": { "id_bien": "BAT-HC-0043", "nom": "Lycée Louis Armand", "type_bien": "ENS", "quartier": "HC", "adresse": "La Croix Rouge Dessus", "idu_parcelle": "73065000AX0296", "emprise_m2": 6706.2, "nb_etages": null, "hauteur_m": 8.1, "sdp_estimee_m2": null, "usage_bdtopo": "Commercial et services", "nb_locaux": 16, "id_rnb": "SKE51GJX1WF2", "cleabs": "BATIMENT0000000219263829", "type_bien_libelle": "Enseignement et petite enfance" }, "geometry": { "type": "Polygon", "coordinates": [ [ [ 5.9179312, 45.5955683 ], [ 5.9179742, 45.5953852 ], [ 5.9179753, 45.5953816 ], [ 5.9181768, 45.5954052 ], [ 5.918426, 45.5954338 ], [ 5.9184419, 45.5953695 ], [ 5.9183514, 45.5953583 ], [ 5.9183673, 45.595293 ], [ 5.9183819, 45.5952304 ], [ 5.9182476, 45.5952141 ], [ 5.9182477, 45.5952159 ], [ 5.9181986, 45.5952109 ], [ 5.9181878, 45.5952724 ], [ 5.9179165, 45.5952398 ], [ 5.9179469, 45.5951111 ], [ 5.9180399, 45.5951213 ], [ 5.9181157, 45.5948057 ], [ 5.9183004, 45.5948271 ], [ 5.9183869, 45.5948383 ], [ 5.9184149, 45.5947106 ], [ 5.9188709, 45.5947654 ], [ 5.9188086, 45.5950211 ], [ 5.9191715, 45.5950631 ], [ 5.9191484, 45.5951601 ], [ 5.9190946, 45.5953822 ], [ 5.9187317, 45.5953394 ], [ 5.9187487, 45.5952732 ], [ 5.9186558, 45.5952639 ], [ 5.9186082, 45.5954561 ], [ 5.9188316, 45.5954819 ], [ 5.9187876, 45.5956713 ], [ 5.9185603, 45.5956448 ], [ 5.9185119, 45.5958452 ], [ 5.9183323, 45.5958237 ], [ 5.918349, 45.5957503 ], [ 5.9180803, 45.5957185 ], [ 5.9180823, 45.5957077 ], [ 5.9181003, 45.5956351 ], [ 5.9181107, 45.5955889 ], [ 5.9179312, 45.5955683 ] ] ] } },
{ "type": "Feature", "properties": { "id_bien": "BAT-HC-0044", "nom": null, "type_bien": "AQU", "quartier": "HC", "adresse": "La Croix Rouge Dessus", "idu_parcelle": "73065000AX0180", "emprise_m2": 21.3, "nb_etages": null, "hauteur_m": 3.9, "sdp_estimee_m2": null, "usage_bdtopo": "Indifférencié", "nb_locaux": 0, "id_rnb": "P6746Q4NP7ZF", "cleabs": "BATIMENT0000000219263890", "type_bien_libelle": "À qualifier" }, "geometry": { "type": "Polygon", "coordinates": [ [ [ 5.9209787, 45.5952089 ], [ 5.9209637, 45.5951445 ], [ 5.9210007, 45.5951399 ], [ 5.9210157, 45.5952044 ], [ 5.9209787, 45.5952089 ] ] ] } },
{ "type": "Feature", "properties": { "id_bien": "BAT-HC-0045", "nom": "Lycée Louis Armand", "type_bien": "ENS", "quartier": "HC", "adresse": "La Croix Rouge Dessus", "idu_parcelle": "73065000AX0296", "emprise_m2": 97.4, "nb_etages": 1, "hauteur_m": 7.5, "sdp_estimee_m2": 97.0, "usage_bdtopo": "Résidentiel", "nb_locaux": 16, "id_rnb": "3812W5KZ6BVE", "cleabs": "BATIMENT0000000295068234", "type_bien_libelle": "Enseignement et petite enfance" }, "geometry": { "type": "Polygon", "coordinates": [ [ [ 5.9184149, 45.5947106 ], [ 5.9183869, 45.5948383 ], [ 5.9183004, 45.5948271 ], [ 5.9183308, 45.5946992 ], [ 5.9184149, 45.5947106 ] ] ] } },
{ "type": "Feature", "properties": { "id_bien": "BAT-HC-0046", "nom": "Lycée Louis Armand", "type_bien": "ENS", "quartier": "HC", "adresse": "La Croix Rouge Dessus", "idu_parcelle": "73065000AX0296", "emprise_m2": 210.7, "nb_etages": null, "hauteur_m": 4.6, "sdp_estimee_m2": null, "usage_bdtopo": "Commercial et services", "nb_locaux": 16, "id_rnb": "35DD1S9P1AKV", "cleabs": "BATIMENT0000000219263828", "type_bien_libelle": "Enseignement et petite enfance" }, "geometry": { "type": "Polygon", "coordinates": [ [ [ 5.9181157, 45.5948057 ], [ 5.9181474, 45.5946769 ], [ 5.9183308, 45.5946992 ], [ 5.9183004, 45.5948271 ], [ 5.9181157, 45.5948057 ] ] ] } },
{ "type": "Feature", "properties": { "id_bien": "BAT-HC-0047", "nom": "École Élémentaire Pré de l'Âne", "type_bien": "ENS", "quartier": "HC", "adresse": "Les Combes", "idu_parcelle": "73065000AO0053", "emprise_m2": 551.0, "nb_etages": null, "hauteur_m": 3.8, "sdp_estimee_m2": null, "usage_bdtopo": "Commercial et services", "nb_locaux": 0, "id_rnb": "9VQPARHZZS49", "cleabs": "BATIMENT0000000219263713", "type_bien_libelle": "Enseignement et petite enfance" }, "geometry": { "type": "Polygon", "coordinates": [ [ [ 5.9152235, 45.5949934 ], [ 5.9151194, 45.5949664 ], [ 5.9154002, 45.5944238 ], [ 5.9155018, 45.5944527 ], [ 5.9152235, 45.5949934 ] ] ] } },
{ "type": "Feature", "properties": { "id_bien": "BAT-HC-0048", "nom": "Lycée Louis Armand", "type_bien": "ENS", "quartier": "HC", "adresse": "La Croix Rouge Dessus", "idu_parcelle": "73065000AX0296", "emprise_m2": 683.6, "nb_etages": null, "hauteur_m": 7.3, "sdp_estimee_m2": null, "usage_bdtopo": "Commercial et services", "nb_locaux": 16, "id_rnb": "41GYFC8G2QWK", "cleabs": "BATIMENT0000000295067921", "type_bien_libelle": "Enseignement et petite enfance" }, "geometry": { "type": "Polygon", "coordinates": [ [ [ 5.9184921, 45.594349 ], [ 5.9184287, 45.5946327 ], [ 5.9181524, 45.5946011 ], [ 5.9182261, 45.594319 ], [ 5.9184921, 45.594349 ] ] ] } },
{ "type": "Feature", "properties": { "id_bien": "BAT-HC-0049", "nom": null, "type_bien": "AQU", "quartier": "HC", "adresse": "Rue Des Combes", "idu_parcelle": "73065000AO0157", "emprise_m2": 240.2, "nb_etages": null, "hauteur_m": 8.3, "sdp_estimee_m2": null, "usage_bdtopo": "Indifférencié", "nb_locaux": 0, "id_rnb": "BASQVZ1JHXGN", "cleabs": "BATIMENT0000000219263701", "type_bien_libelle": "À qualifier" }, "geometry": { "type": "Polygon", "coordinates": [ [ [ 5.9144299, 45.594449 ], [ 5.9143577, 45.594468 ], [ 5.9143538, 45.5944663 ], [ 5.9143309, 45.5944714 ], [ 5.914331, 45.5944732 ], [ 5.9142845, 45.5945158 ], [ 5.9142755, 45.5945161 ], [ 5.9142714, 45.5945351 ], [ 5.9142791, 45.5945358 ], [ 5.9142665, 45.5945884 ], [ 5.9141877, 45.5945796 ], [ 5.9142015, 45.5945252 ], [ 5.9142079, 45.594525 ], [ 5.9142133, 45.5945051 ], [ 5.9142017, 45.5945036 ], [ 5.9141773, 45.5944555 ], [ 5.9141822, 45.59445 ], [ 5.9141611, 45.5944397 ], [ 5.9141562, 45.5944435 ], [ 5.9140992, 45.5944098 ], [ 5.9141496, 45.594367 ], [ 5.9142092, 45.5944015 ], [ 5.914203, 45.5944071 ], [ 5.9142202, 45.5944166 ], [ 5.9142291, 45.5944136 ], [ 5.9143065, 45.5944215 ], [ 5.9143092, 45.5944251 ], [ 5.9143308, 45.59442 ], [ 5.9143293, 45.5944164 ], [ 5.9144028, 45.5943974 ], [ 5.9144114, 45.5944152 ], [ 5.9144199, 45.5944303 ], [ 5.9144299, 45.594449 ] ] ] } },
{ "type": "Feature", "properties": { "id_bien": "BAT-HC-0050", "nom": "École Élémentaire Pré de l'Âne", "type_bien": "ENS", "quartier": "HC", "adresse": "Les Combes", "idu_parcelle": "73065000AO0053", "emprise_m2": 673.1, "nb_etages": null, "hauteur_m": 5.3, "sdp_estimee_m2": null, "usage_bdtopo": "Commercial et services", "nb_locaux": 0, "id_rnb": "TRGCD7QF74Y2", "cleabs": "BATIMENT0000000219263714", "type_bien_libelle": "Enseignement et petite enfance" }, "geometry": { "type": "Polygon", "coordinates": [ [ [ 5.9159732, 45.5946784 ], [ 5.9155763, 45.594576 ], [ 5.9157764, 45.5942068 ], [ 5.9158843, 45.5942338 ], [ 5.9157421, 45.5945069 ], [ 5.9160221, 45.5945843 ], [ 5.9159732, 45.5946784 ] ] ] } },
{ "type": "Feature", "properties": { "id_bien": "BAT-HC-0051", "nom": "École Élémentaire Pré de l'Âne", "type_bien": "ENS", "quartier": "HC", "adresse": "Les Combes", "idu_parcelle": "73065000AO0053", "emprise_m2": 79.4, "nb_etages": null, "hauteur_m": 5.3, "sdp_estimee_m2": null, "usage_bdtopo": "Indifférencié", "nb_locaux": 0, "id_rnb": null, "cleabs": "BATIMENT0000002493164991", "type_bien_libelle": "Enseignement et petite enfance" }, "geometry": { "type": "Polygon", "coordinates": [ [ [ 5.9158843, 45.5942338 ], [ 5.9157764, 45.5942068 ], [ 5.9158122, 45.594132 ], [ 5.9159242, 45.5941615 ], [ 5.9158843, 45.5942338 ] ] ] } },
{ "type": "Feature", "properties": { "id_bien": "BAT-HC-0052", "nom": null, "type_bien": "AQU", "quartier": "HC", "adresse": "La Croix Rouge Dessus", "idu_parcelle": "73065000AX0296", "emprise_m2": 196.7, "nb_etages": null, "hauteur_m": 2.0, "sdp_estimee_m2": null, "usage_bdtopo": "Indifférencié", "nb_locaux": 16, "id_rnb": "3QNXAC4KMQAW", "cleabs": "BATIMENT0000000219263604", "type_bien_libelle": "À qualifier" }, "geometry": { "type": "Polygon", "coordinates": [ [ [ 5.9202984, 45.5940156 ], [ 5.9202434, 45.5941161 ], [ 5.9200468, 45.5940626 ], [ 5.9201031, 45.5939621 ], [ 5.9202984, 45.5940156 ] ] ] } },
{ "type": "Feature", "properties": { "id_bien": "BAT-HC-0053", "nom": "Complexe Sportif Michel Boutron", "type_bien": "SPO", "quartier": "HC", "adresse": "La Croix Rouge Dessus", "idu_parcelle": "73065000AX0296", "emprise_m2": 1580.9, "nb_etages": null, "hauteur_m": 9.9, "sdp_estimee_m2": null, "usage_bdtopo": "Sportif", "nb_locaux": 16, "id_rnb": "6E1611A6HGGS", "cleabs": "BATIMENT0000000219263773", "type_bien_libelle": "Sport" }, "geometry": { "type": "Polygon", "coordinates": [ [ [ 5.9185853, 45.5937059 ], [ 5.9189562, 45.5938035 ], [ 5.9189189, 45.5938748 ], [ 5.9188955, 45.5938682 ], [ 5.918717, 45.5942089 ], [ 5.9184711, 45.594145 ], [ 5.9184559, 45.5941742 ], [ 5.9183258, 45.5941407 ], [ 5.9185674, 45.593683 ], [ 5.9185946, 45.5936885 ], [ 5.9185853, 45.5937059 ] ] ] } },
{ "type": "Feature", "properties": { "id_bien": "BAT-HC-0054", "nom": "Local Associatif Alain Saillan", "type_bien": "SPO", "quartier": "HC", "adresse": "La Croix Rouge Dessus", "idu_parcelle": "73065000AX0296", "emprise_m2": 154.9, "nb_etages": null, "hauteur_m": 4.1, "sdp_estimee_m2": null, "usage_bdtopo": "Indifférencié", "nb_locaux": 16, "id_rnb": null, "cleabs": "BATIMENT0000002493164455", "type_bien_libelle": "Sport" }, "geometry": { "type": "Polygon", "coordinates": [ [ [ 5.9198398, 45.5939833 ], [ 5.9198874, 45.5938875 ], [ 5.9200579, 45.5939335 ], [ 5.9200062, 45.594024 ], [ 5.9198398, 45.5939833 ] ] ] } },
{ "type": "Feature", "properties": { "id_bien": "BAT-HC-0055", "nom": "École Maternelle les Combes", "type_bien": "ENS", "quartier": "HC", "adresse": "Les Combes", "idu_parcelle": "73065000AO0050", "emprise_m2": 604.3, "nb_etages": null, "hauteur_m": 5.1, "sdp_estimee_m2": null, "usage_bdtopo": "Commercial et services", "nb_locaux": 0, "id_rnb": "GW6PQM1N76CM", "cleabs": "BATIMENT0000000219263766", "type_bien_libelle": "Enseignement et petite enfance" }, "geometry": { "type": "Polygon", "coordinates": [ [ [ 5.9175013, 45.5940575 ], [ 5.9171706, 45.5939688 ], [ 5.9172008, 45.5939085 ], [ 5.9172697, 45.5939257 ], [ 5.9173321, 45.5938186 ], [ 5.9172618, 45.5938006 ], [ 5.9172946, 45.5937394 ], [ 5.9176253, 45.5938291 ], [ 5.9175938, 45.5938884 ], [ 5.9175222, 45.5938696 ], [ 5.917465, 45.5939783 ], [ 5.917534, 45.5939972 ], [ 5.9175013, 45.5940575 ] ] ] } },
{ "type": "Feature", "properties": { "id_bien": "BAT-HC-0056", "nom": null, "type_bien": "COM", "quartier": "HC", "adresse": "195 Rue Du Grand Champ", "idu_parcelle": "73065000AX0083", "emprise_m2": 763.4, "nb_etages": 1, "hauteur_m": 6.2, "sdp_estimee_m2": 763.0, "usage_bdtopo": "Commercial et services", "nb_locaux": 1, "id_rnb": "BHHN1P4BDEYH", "cleabs": "BATIMENT0000000334734361", "type_bien_libelle": "Commerce et marché" }, "geometry": { "type": "Polygon", "coordinates": [ [ [ 5.9202296, 45.5937335 ], [ 5.9203722, 45.5937586 ], [ 5.9203865, 45.5937384 ], [ 5.9204775, 45.5937604 ], [ 5.9204651, 45.5937932 ], [ 5.9204381, 45.593865 ], [ 5.9204314, 45.593885 ], [ 5.9204911, 45.5938961 ], [ 5.9204679, 45.5939445 ], [ 5.9198526, 45.5938118 ], [ 5.9198705, 45.5937617 ], [ 5.9199186, 45.5937731 ], [ 5.9199408, 45.5937086 ], [ 5.919947, 45.5936787 ], [ 5.9200934, 45.5937055 ], [ 5.9200889, 45.5937182 ], [ 5.920224, 45.5937481 ], [ 5.9202296, 45.5937335 ] ] ] } },
{ "type": "Feature", "properties": { "id_bien": "BAT-HC-0057", "nom": "École Élémentaire Madeleine Reberioux", "type_bien": "ENS", "quartier": "HC", "adresse": "Rue Des Combes", "idu_parcelle": "73065000AO0157", "emprise_m2": 462.2, "nb_etages": null, "hauteur_m": 5.2, "sdp_estimee_m2": null, "usage_bdtopo": "Commercial et services", "nb_locaux": 0, "id_rnb": "4PH5RDASWVJE", "cleabs": "BATIMENT0000000219263820", "type_bien_libelle": "Enseignement et petite enfance" }, "geometry": { "type": "Polygon", "coordinates": [ [ [ 5.9154084, 45.5938974 ], [ 5.9154054, 45.5938893 ], [ 5.9153737, 45.5938956 ], [ 5.9153279, 45.5937823 ], [ 5.9153597, 45.5937761 ], [ 5.9153553, 45.5937654 ], [ 5.915453, 45.5937457 ], [ 5.9154575, 45.5937564 ], [ 5.9156379, 45.5937211 ], [ 5.9156334, 45.5937104 ], [ 5.9156995, 45.593697 ], [ 5.915757, 45.5938379 ], [ 5.9155054, 45.5938877 ], [ 5.9154998, 45.5938788 ], [ 5.9154084, 45.5938974 ] ] ] } },
{ "type": "Feature", "properties": { "id_bien": "BAT-HC-0058", "nom": "École Élémentaire Madeleine Reberioux", "type_bien": "ENS", "quartier": "HC", "adresse": "Rue Des Combes", "idu_parcelle": "73065000AO0157", "emprise_m2": 86.8, "nb_etages": null, "hauteur_m": 7.3, "sdp_estimee_m2": null, "usage_bdtopo": "Commercial et services", "nb_locaux": 0, "id_rnb": "XQZHE31SEQMJ", "cleabs": "BATIMENT0000000219263815", "type_bien_libelle": "Enseignement et petite enfance" }, "geometry": { "type": "Polygon", "coordinates": [ [ [ 5.9159712, 45.5938368 ], [ 5.9159343, 45.5937441 ], [ 5.9160359, 45.5937234 ], [ 5.9160684, 45.5938046 ], [ 5.9160519, 45.5938077 ], [ 5.9160564, 45.5938202 ], [ 5.9159712, 45.5938368 ] ] ] } },
{ "type": "Feature", "properties": { "id_bien": "BAT-HC-0059", "nom": null, "type_bien": "LOG", "quartier": "HC", "adresse": "195 Rue Du Grand Champ", "idu_parcelle": "73065000AX0084", "emprise_m2": 215.2, "nb_etages": 2, "hauteur_m": 8.4, "sdp_estimee_m2": 430.0, "usage_bdtopo": "Résidentiel", "nb_locaux": 1, "id_rnb": "1QEXYDDJTVTK", "cleabs": "BATIMENT0000000219263497", "type_bien_libelle": "Logement" }, "geometry": { "type": "Polygon", "coordinates": [ [ [ 5.9200889, 45.5937182 ], [ 5.9201523, 45.5935571 ], [ 5.9202742, 45.593581 ], [ 5.920295, 45.5935849 ], [ 5.9202535, 45.5936986 ], [ 5.9202431, 45.5936971 ], [ 5.920224, 45.5937481 ], [ 5.9200889, 45.5937182 ] ] ] } },
{ "type": "Feature", "properties": { "id_bien": "BAT-HC-0060", "nom": "École Élémentaire Madeleine Reberioux", "type_bien": "ENS", "quartier": "HC", "adresse": "Rue Des Combes", "idu_parcelle": "73065000AO0157", "emprise_m2": 74.2, "nb_etages": null, "hauteur_m": 7.9, "sdp_estimee_m2": null, "usage_bdtopo": "Commercial et services", "nb_locaux": 0, "id_rnb": null, "cleabs": "BATIMENT0000002493164990", "type_bien_libelle": "Enseignement et petite enfance" }, "geometry": { "type": "Polygon", "coordinates": [ [ [ 5.9158548, 45.5936966 ], [ 5.9159094, 45.5936861 ], [ 5.9159123, 45.5936924 ], [ 5.9159256, 45.5937254 ], [ 5.9159535, 45.5937201 ], [ 5.9160552, 45.5937004 ], [ 5.9160793, 45.5936953 ], [ 5.9160941, 45.5937327 ], [ 5.9160433, 45.593743 ], [ 5.9160359, 45.5937234 ], [ 5.9159343, 45.5937441 ], [ 5.9159416, 45.593761 ], [ 5.9158857, 45.5937724 ], [ 5.9158548, 45.5936966 ] ] ] } },
{ "type": "Feature", "properties": { "id_bien": "BAT-HC-0061", "nom": null, "type_bien": "AQU", "quartier": "HC", "adresse": "Rue Du Pre De L Ane", "idu_parcelle": "73065000AO0240", "emprise_m2": 211.4, "nb_etages": null, "hauteur_m": 6.0, "sdp_estimee_m2": null, "usage_bdtopo": "Indifférencié", "nb_locaux": 0, "id_rnb": "MR6AAEFD7142", "cleabs": "BATIMENT0000000219263760", "type_bien_libelle": "À qualifier" }, "geometry": { "type": "Polygon", "coordinates": [ [ [ 5.9167169, 45.5936165 ], [ 5.9167681, 45.5935891 ], [ 5.916799, 45.5936153 ], [ 5.9168184, 45.5936175 ], [ 5.9168206, 45.5936346 ], [ 5.9168407, 45.5936512 ], [ 5.9168689, 45.5936757 ], [ 5.9168278, 45.5936993 ], [ 5.9167866, 45.593722 ], [ 5.916819, 45.5937508 ], [ 5.9167354, 45.5937972 ], [ 5.9167004, 45.5937656 ], [ 5.9166788, 45.5937455 ], [ 5.9167174, 45.5937228 ], [ 5.9166932, 45.5937019 ], [ 5.9166819, 45.5937075 ], [ 5.9166638, 45.5937044 ], [ 5.9166584, 45.5936992 ], [ 5.916649, 45.5936913 ], [ 5.9166507, 45.5936759 ], [ 5.9166607, 45.5936703 ], [ 5.9166445, 45.5936554 ], [ 5.9167169, 45.5936165 ] ] ] } },
{ "type": "Feature", "properties": { "id_bien": "BAT-HC-0062", "nom": null, "type_bien": "ANX", "quartier": "HC", "adresse": "Au Feyet", "idu_parcelle": "73065000AW0019", "emprise_m2": 51.4, "nb_etages": null, "hauteur_m": 2.1, "sdp_estimee_m2": null, "usage_bdtopo": "Annexe", "nb_locaux": 0, "id_rnb": "SJDEMEK61MWM", "cleabs": "BATIMENT0000002223668045", "type_bien_libelle": "Annexe" }, "geometry": { "type": "Polygon", "coordinates": [ [ [ 5.9245686, 45.5935027 ], [ 5.9245102, 45.5934186 ], [ 5.924563, 45.5933965 ], [ 5.9246252, 45.5934814 ], [ 5.9245686, 45.5935027 ] ] ] } },
{ "type": "Feature", "properties": { "id_bien": "BAT-HC-0063", "nom": "Complexe Sportif Michel Boutron", "type_bien": "SPO", "quartier": "HC", "adresse": "89 Rue Du Grand Champ", "idu_parcelle": "73065000AX0298", "emprise_m2": 3322.1, "nb_etages": 1, "hauteur_m": 7.3, "sdp_estimee_m2": 3322.0, "usage_bdtopo": "Sportif", "nb_locaux": 1, "id_rnb": "F4EHV3YCX8AD/NESA5R2MA4BK/X48G54CVVYSA", "cleabs": "BATIMENT0000000219263771", "type_bien_libelle": "Sport" }, "geometry": { "type": "Polygon", "coordinates": [ [ [ 5.9186576, 45.5935671 ], [ 5.9187275, 45.5934337 ], [ 5.9189433, 45.5934849 ], [ 5.9189865, 45.5934026 ], [ 5.9189916, 45.5934034 ], [ 5.9190081, 45.5933742 ], [ 5.9190028, 45.5933725 ], [ 5.9190484, 45.5932866 ], [ 5.9190523, 45.5932874 ], [ 5.9190686, 45.5932563 ], [ 5.9190648, 45.5932564 ], [ 5.9190997, 45.5931888 ], [ 5.9193637, 45.593255 ], [ 5.9193534, 45.5932787 ], [ 5.9193847, 45.5932869 ], [ 5.9193917, 45.5932741 ], [ 5.9194372, 45.5932855 ], [ 5.9194301, 45.5932974 ], [ 5.9194822, 45.5933105 ], [ 5.9194647, 45.5933443 ], [ 5.9195233, 45.5933599 ], [ 5.9195268, 45.5933544 ], [ 5.919777, 45.5934254 ], [ 5.9195896, 45.5937654 ], [ 5.9193383, 45.5936972 ], [ 5.9194178, 45.59355 ], [ 5.919363, 45.5935343 ], [ 5.9193572, 45.5935444 ], [ 5.9193117, 45.5935339 ], [ 5.919287, 45.5935769 ], [ 5.9192227, 45.5936957 ], [ 5.9191452, 45.5938338 ], [ 5.9188068, 45.5937443 ], [ 5.9185946, 45.5936885 ], [ 5.9186576, 45.5935671 ] ], [ [ 5.9192547, 45.5934515 ], [ 5.9193121, 45.5933464 ], [ 5.9191506, 45.5933029 ], [ 5.9190933, 45.593408 ], [ 5.9192547, 45.5934515 ] ] ] } },
{ "type": "Feature", "properties": { "id_bien": "BAT-HC-0064", "nom": "École Élémentaire Madeleine Reberioux", "type_bien": "ENS", "quartier": "HC", "adresse": "Les Combes", "idu_parcelle": "73065000AO0054", "emprise_m2": 932.2, "nb_etages": null, "hauteur_m": 8.2, "sdp_estimee_m2": null, "usage_bdtopo": "Commercial et services", "nb_locaux": 0, "id_rnb": "KAQPMCR44364", "cleabs": "BATIMENT0000000219263817", "type_bien_libelle": "Enseignement et petite enfance" }, "geometry": { "type": "Polygon", "coordinates": [ [ [ 5.9159535, 45.5937201 ], [ 5.9159403, 45.5936871 ], [ 5.9159123, 45.5936924 ], [ 5.9159094, 45.5936861 ], [ 5.9158548, 45.5936966 ], [ 5.915797, 45.5935494 ], [ 5.9158516, 45.5935381 ], [ 5.9158294, 45.5934828 ], [ 5.9157748, 45.5934932 ], [ 5.9157378, 45.5934004 ], [ 5.9157924, 45.59339 ], [ 5.9157701, 45.593332 ], [ 5.9157155, 45.5933424 ], [ 5.9156756, 45.5932435 ], [ 5.9157302, 45.5932321 ], [ 5.9157095, 45.5931804 ], [ 5.9156926, 45.5931763 ], [ 5.9156676, 45.5931653 ], [ 5.9156501, 45.5931495 ], [ 5.9156412, 45.5931254 ], [ 5.9156453, 45.5931055 ], [ 5.9156584, 45.5930871 ], [ 5.9156808, 45.593073 ], [ 5.9156997, 45.5930662 ], [ 5.9157239, 45.5930638 ], [ 5.915751, 45.5930667 ], [ 5.9157733, 45.5930751 ], [ 5.9157906, 45.5930864 ], [ 5.9158029, 45.5931005 ], [ 5.9158088, 45.5931157 ], [ 5.9158082, 45.5931283 ], [ 5.9158003, 45.5931483 ], [ 5.9157918, 45.5931584 ], [ 5.9158128, 45.5932165 ], [ 5.9158598, 45.5932071 ], [ 5.9160552, 45.5937004 ], [ 5.9159535, 45.5937201 ] ] ] } },
{ "type": "Feature", "properties": { "id_bien": "BAT-HC-0065", "nom": null, "type_bien": "COM", "quartier": "HC", "adresse": "Pl Du Forum", "idu_parcelle": "73065000AX0162", "emprise_m2": 79.4, "nb_etages": 1, "hauteur_m": 15.8, "sdp_estimee_m2": 79.0, "usage_bdtopo": "Commercial et services", "nb_locaux": 4, "id_rnb": "PXN7GZZXWPZM", "cleabs": "BATIMENT0000000219263920", "type_bien_libelle": "Commerce et marché" }, "geometry": { "type": "Polygon", "coordinates": [ [ [ 5.9189331, 45.5929265 ], [ 5.9189293, 45.5929031 ], [ 5.918941, 45.5928803 ], [ 5.9189761, 45.5928659 ], [ 5.9190096, 45.5928668 ], [ 5.9190692, 45.592877 ], [ 5.9190261, 45.5929619 ], [ 5.9189584, 45.5929429 ], [ 5.9189331, 45.5929265 ] ] ] } },
{ "type": "Feature", "properties": { "id_bien": "BAT-HC-0066", "nom": null, "type_bien": "LOG", "quartier": "HC", "adresse": "Pl Du Forum", "idu_parcelle": "73065000AX0162", "emprise_m2": 1816.3, "nb_etages": 5, "hauteur_m": 15.3, "sdp_estimee_m2": 9082.0, "usage_bdtopo": "Résidentiel", "nb_locaux": 4, "id_rnb": "KHWJNJAPTZAW", "cleabs": "BATIMENT0000000219263758", "type_bien_libelle": "Logement" }, "geometry": { "type": "Polygon", "coordinates": [ [ [ 5.9197877, 45.592897 ], [ 5.9197977, 45.5929166 ], [ 5.9199785, 45.5929615 ], [ 5.9200181, 45.5928866 ], [ 5.920024, 45.5928756 ], [ 5.919985, 45.5928658 ], [ 5.9201266, 45.5925828 ], [ 5.9201695, 45.5925925 ], [ 5.9202161, 45.592503 ], [ 5.9203423, 45.5925348 ], [ 5.920255, 45.5927047 ], [ 5.9202797, 45.5927104 ], [ 5.920289, 45.5927173 ], [ 5.9202895, 45.5927263 ], [ 5.9202809, 45.5927337 ], [ 5.9202695, 45.5927358 ], [ 5.9202527, 45.5927336 ], [ 5.920241, 45.5927546 ], [ 5.9202305, 45.5927522 ], [ 5.9202178, 45.5927786 ], [ 5.9202282, 45.5927811 ], [ 5.9202176, 45.5927994 ], [ 5.920232, 45.5928044 ], [ 5.9202401, 45.5928123 ], [ 5.9202393, 45.5928213 ], [ 5.9202295, 45.5928288 ], [ 5.9202167, 45.59283 ], [ 5.9201933, 45.5928252 ], [ 5.9200641, 45.5930764 ], [ 5.9200791, 45.5930922 ], [ 5.9200754, 45.5930968 ], [ 5.9200591, 45.5930783 ], [ 5.9199862, 45.5930595 ], [ 5.9198782, 45.5930326 ], [ 5.9198143, 45.5931586 ], [ 5.9198282, 45.5931789 ], [ 5.9198219, 45.5931809 ], [ 5.9198092, 45.5931596 ], [ 5.9195543, 45.5930959 ], [ 5.9194828, 45.5930789 ], [ 5.9194451, 45.593069 ], [ 5.9194356, 45.5930846 ], [ 5.9194269, 45.5930902 ], [ 5.9194154, 45.5930914 ], [ 5.919405, 45.593089 ], [ 5.9193983, 45.593082 ], [ 5.9193978, 45.593073 ], [ 5.9194013, 45.5930675 ], [ 5.9193727, 45.5930592 ], [ 5.9193774, 45.593051 ], [ 5.9193423, 45.5930429 ], [ 5.9193388, 45.5930502 ], [ 5.9193076, 45.593042 ], [ 5.9193042, 45.5930502 ], [ 5.9192955, 45.5930567 ], [ 5.9192841, 45.5930588 ], [ 5.9192736, 45.5930555 ], [ 5.9192656, 45.5930485 ], [ 5.9192651, 45.5930404 ], [ 5.919272, 45.5930249 ], [ 5.9190261, 45.5929619 ], [ 5.9190704, 45.592876 ], [ 5.9192017, 45.5929078 ], [ 5.9192157, 45.5928822 ], [ 5.9196177, 45.5929835 ], [ 5.9196024, 45.5930109 ], [ 5.9197299, 45.5930436 ], [ 5.9197927, 45.5929185 ], [ 5.9197839, 45.5928981 ], [ 5.9197877, 45.592897 ] ] ] } },
{ "type": "Feature", "properties": { "id_bien": "BAT-HC-0067", "nom": null, "type_bien": "COM", "quartier": "HC", "adresse": "Pl Du Forum", "idu_parcelle": "73065000AX0162", "emprise_m2": 63.3, "nb_etages": 1, "hauteur_m": 15.7, "sdp_estimee_m2": 63.0, "usage_bdtopo": "Commercial et services", "nb_locaux": 4, "id_rnb": "MAPJ22QDKKDD", "cleabs": "BATIMENT0000000219263921", "type_bien_libelle": "Commerce et marché" }, "geometry": { "type": "Polygon", "coordinates": [ [ [ 5.9202161, 45.592503 ], [ 5.9202386, 45.5924672 ], [ 5.9202829, 45.5924553 ], [ 5.920348, 45.5924725 ], [ 5.9203612, 45.5925028 ], [ 5.9203423, 45.5925348 ], [ 5.9202161, 45.592503 ] ] ] } },
{ "type": "Feature", "properties": { "id_bien": "BAT-HC-0068", "nom": null, "type_bien": "AQU", "quartier": "HC", "adresse": "La Croix Rouge Dessus", "idu_parcelle": "73065000AX0142", "emprise_m2": 60.0, "nb_etages": null, "hauteur_m": 3.7, "sdp_estimee_m2": null, "usage_bdtopo": "Indifférencié", "nb_locaux": 0, "id_rnb": "8YTV5JDBHT1V", "cleabs": "BATIMENT0000002490052881", "type_bien_libelle": "À qualifier" }, "geometry": { "type": "Polygon", "coordinates": [ [ [ 5.9223365, 45.59231 ], [ 5.9224234, 45.5923267 ], [ 5.922394, 45.5924013 ], [ 5.9223084, 45.5923846 ], [ 5.9223365, 45.59231 ] ] ] } },
{ "type": "Feature", "properties": { "id_bien": "BAT-HC-0069", "nom": null, "type_bien": "CUL", "quartier": "HC", "adresse": "46 Pl Du Forum", "idu_parcelle": "73065000AX0280", "emprise_m2": 1083.4, "nb_etages": 4, "hauteur_m": 10.6, "sdp_estimee_m2": 4334.0, "usage_bdtopo": "Commercial et services", "nb_locaux": 5, "id_rnb": "NKP5NMVPFYPJ", "cleabs": "BATIMENT0000000219263801", "type_bien_libelle": "Culture et loisirs" }, "geometry": { "type": "Polygon", "coordinates": [ [ [ 5.9198319, 45.5923228 ], [ 5.9197746, 45.5924297 ], [ 5.9197313, 45.5925092 ], [ 5.9197138, 45.592543 ], [ 5.9197033, 45.5925631 ], [ 5.9196291, 45.5925434 ], [ 5.9196226, 45.5925418 ], [ 5.9196319, 45.5925226 ], [ 5.9195799, 45.5925105 ], [ 5.9195738, 45.5925169 ], [ 5.9195675, 45.5925189 ], [ 5.9195637, 45.592519 ], [ 5.9195585, 45.5925182 ], [ 5.9195519, 45.5925148 ], [ 5.9195262, 45.5924902 ], [ 5.9195145, 45.5924869 ], [ 5.9195053, 45.5924827 ], [ 5.9195013, 45.5924801 ], [ 5.9194996, 45.592472 ], [ 5.9195015, 45.5924602 ], [ 5.9195098, 45.5924456 ], [ 5.9195006, 45.5924431 ], [ 5.919442, 45.5924266 ], [ 5.9194572, 45.5923983 ], [ 5.9194208, 45.5923894 ], [ 5.9193357, 45.5924312 ], [ 5.9193281, 45.5924332 ], [ 5.9193244, 45.5924351 ], [ 5.9193114, 45.5924327 ], [ 5.9193073, 45.5924283 ], [ 5.9193034, 45.5924257 ], [ 5.9193029, 45.5924167 ], [ 5.9193102, 45.5924093 ], [ 5.9193553, 45.5923884 ], [ 5.9193241, 45.5923802 ], [ 5.9193019, 45.5923735 ], [ 5.9192577, 45.5923621 ], [ 5.9192095, 45.5923489 ], [ 5.9192043, 45.5923481 ], [ 5.9193142, 45.5921443 ], [ 5.9195421, 45.592206 ], [ 5.9195176, 45.5922526 ], [ 5.9195279, 45.592255 ], [ 5.9195197, 45.5922678 ], [ 5.9195392, 45.5922727 ], [ 5.9195479, 45.592268 ], [ 5.9195595, 45.5922686 ], [ 5.9195674, 45.5922738 ], [ 5.9195704, 45.5922818 ], [ 5.9195796, 45.5922843 ], [ 5.9195978, 45.5922892 ], [ 5.9195885, 45.5923075 ], [ 5.9196458, 45.5923231 ], [ 5.9196692, 45.5922811 ], [ 5.9197251, 45.5922949 ], [ 5.9197694, 45.5923064 ], [ 5.9197647, 45.5923155 ], [ 5.9198207, 45.5923303 ], [ 5.9198266, 45.5923211 ], [ 5.9198319, 45.5923228 ] ] ] } },
{ "type": "Feature", "properties": { "id_bien": "BAT-HC-0070", "nom": null, "type_bien": "AQU", "quartier": "HC", "adresse": "249 Rue Du Genevois", "idu_parcelle": "73065000AX0258", "emprise_m2": 41.1, "nb_etages": null, "hauteur_m": 3.6, "sdp_estimee_m2": null, "usage_bdtopo": "Indifférencié", "nb_locaux": 0, "id_rnb": "95XJ59MH285V", "cleabs": "BATIMENT0000002490052880", "type_bien_libelle": "À qualifier" }, "geometry": { "type": "Polygon", "coordinates": [ [ [ 5.9224642, 45.5922715 ], [ 5.9224823, 45.592226 ], [ 5.9225744, 45.5922452 ], [ 5.9225603, 45.5922934 ], [ 5.9224642, 45.5922715 ] ] ] } },
{ "type": "Feature", "properties": { "id_bien": "BAT-HC-0071", "nom": null, "type_bien": "COM", "quartier": "HC", "adresse": "46 Pl Du Forum", "idu_parcelle": "73065000AX0280", "emprise_m2": 38.6, "nb_etages": null, "hauteur_m": 10.4, "sdp_estimee_m2": null, "usage_bdtopo": "Commercial et services", "nb_locaux": 5, "id_rnb": null, "cleabs": "BATIMENT0000002493164373", "type_bien_libelle": "Commerce et marché" }, "geometry": { "type": "Polygon", "coordinates": [ [ [ 5.9196692, 45.5922811 ], [ 5.9196458, 45.5923231 ], [ 5.9195885, 45.5923075 ], [ 5.9195978, 45.5922892 ], [ 5.9195796, 45.5922843 ], [ 5.9195704, 45.5922818 ], [ 5.9195674, 45.5922738 ], [ 5.9195595, 45.5922686 ], [ 5.9195479, 45.592268 ], [ 5.9195392, 45.5922727 ], [ 5.9195197, 45.5922678 ], [ 5.9195279, 45.592255 ], [ 5.9195176, 45.5922526 ], [ 5.9195211, 45.5922462 ], [ 5.9196692, 45.5922811 ] ] ] } },
{ "type": "Feature", "properties": { "id_bien": "BAT-HC-0072", "nom": null, "type_bien": "AQU", "quartier": "HC", "adresse": "249 Rue Du Genevois", "idu_parcelle": "73065000AX0258", "emprise_m2": 73.5, "nb_etages": null, "hauteur_m": 3.1, "sdp_estimee_m2": null, "usage_bdtopo": "Indifférencié", "nb_locaux": 0, "id_rnb": null, "cleabs": "BATIMENT0000002490052882", "type_bien_libelle": "À qualifier" }, "geometry": { "type": "Polygon", "coordinates": [ [ [ 5.9224653, 45.5920003 ], [ 5.9224263, 45.5919914 ], [ 5.9224354, 45.5919695 ], [ 5.9226107, 45.5920082 ], [ 5.9225877, 45.5920584 ], [ 5.9224527, 45.5920294 ], [ 5.9224653, 45.5920003 ] ] ] } },
{ "type": "Feature", "properties": { "id_bien": "BAT-HC-0073", "nom": "École Maternelle la Pommeraie", "type_bien": "ENS", "quartier": "HC", "adresse": "Les Combes", "idu_parcelle": "73065000AY0169", "emprise_m2": 1643.3, "nb_etages": null, "hauteur_m": 4.8, "sdp_estimee_m2": null, "usage_bdtopo": "Commercial et services", "nb_locaux": 0, "id_rnb": "FCMGZCWMGGAD", "cleabs": "BATIMENT0000000219263564", "type_bien_libelle": "Enseignement et petite enfance" }, "geometry": { "type": "Polygon", "coordinates": [ [ [ 5.9144542, 45.5913243 ], [ 5.9145009, 45.5913339 ], [ 5.9143753, 45.591557 ], [ 5.9145706, 45.5916105 ], [ 5.9144789, 45.5917697 ], [ 5.9142849, 45.591717 ], [ 5.9142474, 45.5917856 ], [ 5.9143425, 45.591811 ], [ 5.9142478, 45.5919883 ], [ 5.9141176, 45.5919538 ], [ 5.9140463, 45.5920855 ], [ 5.9138029, 45.5920206 ], [ 5.9139739, 45.5917089 ], [ 5.9142032, 45.5917741 ], [ 5.9142393, 45.5917038 ], [ 5.9141417, 45.5916793 ], [ 5.9142309, 45.5915202 ], [ 5.9143298, 45.5915465 ], [ 5.9144542, 45.5913243 ] ] ] } },
{ "type": "Feature", "properties": { "id_bien": "BAT-HC-0074", "nom": "le Scarabé", "type_bien": "CUL", "quartier": "HC", "adresse": "La Croix Rouge Dessus", "idu_parcelle": "73065000AX0315", "emprise_m2": 1531.4, "nb_etages": null, "hauteur_m": 6.3, "sdp_estimee_m2": null, "usage_bdtopo": "Commercial et services", "nb_locaux": 0, "id_rnb": "J15Y9WYSJ935", "cleabs": "BATIMENT0000000295068251", "type_bien_libelle": "Culture et loisirs" }, "geometry": { "type": "Polygon", "coordinates": [ [ [ 5.9197748, 45.591288 ], [ 5.9197976, 45.5912595 ], [ 5.9197545, 45.5912435 ], [ 5.9197886, 45.5912345 ], [ 5.9198302, 45.591219 ], [ 5.9199511, 45.5911753 ], [ 5.920054, 45.5912051 ], [ 5.9201288, 45.5912113 ], [ 5.9201938, 45.5912276 ], [ 5.9202566, 45.5912485 ], [ 5.9203, 45.5912699 ], [ 5.9204404, 45.5913032 ], [ 5.9204122, 45.5913535 ], [ 5.9204684, 45.5913953 ], [ 5.920439, 45.5913987 ], [ 5.9203914, 45.5914928 ], [ 5.9204102, 45.5915103 ], [ 5.9203284, 45.5915151 ], [ 5.9203026, 45.5915618 ], [ 5.9201387, 45.591521 ], [ 5.9200532, 45.5915052 ], [ 5.9199317, 45.591466 ], [ 5.9197977, 45.5914316 ], [ 5.9197711, 45.5913395 ], [ 5.9197539, 45.5913057 ], [ 5.9197409, 45.591279 ], [ 5.9197748, 45.591288 ] ] ] } },
{ "type": "Feature", "properties": { "id_bien": "BAT-HC-0075", "nom": "École Primaire la Pommeraie", "type_bien": "ENS", "quartier": "HC", "adresse": "Les Combes", "idu_parcelle": "73065000AY0169", "emprise_m2": 202.0, "nb_etages": null, "hauteur_m": 1.9, "sdp_estimee_m2": null, "usage_bdtopo": "Commercial et services", "nb_locaux": 0, "id_rnb": "PA41JJNA9ZFM", "cleabs": "BATIMENT0000000219263566", "type_bien_libelle": "Enseignement et petite enfance" }, "geometry": { "type": "Polygon", "coordinates": [ [ [ 5.914597, 45.5913548 ], [ 5.9149215, 45.5914248 ], [ 5.9148803, 45.5914961 ], [ 5.9145653, 45.5914115 ], [ 5.914597, 45.5913548 ] ] ] } },
{ "type": "Feature", "properties": { "id_bien": "BAT-HC-0076", "nom": "École Primaire la Pommeraie", "type_bien": "ENS", "quartier": "HC", "adresse": "Pugnet", "idu_parcelle": "73065000AY0041", "emprise_m2": 965.0, "nb_etages": null, "hauteur_m": 2.3, "sdp_estimee_m2": null, "usage_bdtopo": "Commercial et services", "nb_locaux": 0, "id_rnb": "8QQYK1NCTVGZ", "cleabs": "BATIMENT0000000219263565", "type_bien_libelle": "Enseignement et petite enfance" }, "geometry": { "type": "Polygon", "coordinates": [ [ [ 5.9149215, 45.5914248 ], [ 5.914597, 45.5913548 ], [ 5.9146003, 45.5913457 ], [ 5.9145079, 45.5913211 ], [ 5.9145009, 45.5913339 ], [ 5.9144542, 45.5913243 ], [ 5.9144637, 45.5913096 ], [ 5.9142306, 45.5912454 ], [ 5.9143105, 45.5911063 ], [ 5.9145828, 45.5911831 ], [ 5.914523, 45.5912901 ], [ 5.9146167, 45.5913146 ], [ 5.9146227, 45.5913064 ], [ 5.9147255, 45.5913335 ], [ 5.9147172, 45.5913472 ], [ 5.9147419, 45.5913538 ], [ 5.9148013, 45.5912387 ], [ 5.9147753, 45.5912321 ], [ 5.9148138, 45.5911582 ], [ 5.9151327, 45.5912427 ], [ 5.9150917, 45.5913167 ], [ 5.9149902, 45.5912915 ], [ 5.9149215, 45.5914248 ] ] ] } },
{ "type": "Feature", "properties": { "id_bien": "BAT-HC-0077", "nom": null, "type_bien": "LOG", "quartier": "HC", "adresse": "84 Av Daniel Rops", "idu_parcelle": "73065000AX0064", "emprise_m2": 235.7, "nb_etages": 2, "hauteur_m": 10.6, "sdp_estimee_m2": 471.0, "usage_bdtopo": "Résidentiel", "nb_locaux": 3, "id_rnb": "7QFBFVP7973Y", "cleabs": "BATIMENT0000000219263629", "type_bien_libelle": "Logement" }, "geometry": { "type": "Polygon", "coordinates": [ [ [ 5.9200353, 45.5907767 ], [ 5.920047, 45.5907547 ], [ 5.9200657, 45.59072 ], [ 5.9200593, 45.5907193 ], [ 5.9200945, 45.5906571 ], [ 5.9200984, 45.5906579 ], [ 5.92013, 45.5906003 ], [ 5.9202628, 45.5906365 ], [ 5.9201681, 45.590812 ], [ 5.9201291, 45.5908022 ], [ 5.9200353, 45.5907767 ] ] ] } },
{ "type": "Feature", "properties": { "id_bien": "BAT-HC-0078", "nom": null, "type_bien": "AQU", "quartier": "HC", "adresse": "Le Bouchet", "idu_parcelle": "73065000BD0106", "emprise_m2": 35.8, "nb_etages": 1, "hauteur_m": 5.6, "sdp_estimee_m2": 36.0, "usage_bdtopo": "Indifférencié", "nb_locaux": 1, "id_rnb": "9FJMZGF3VVK7", "cleabs": "BATIMENT0000000219263486", "type_bien_libelle": "À qualifier" }, "geometry": { "type": "Polygon", "coordinates": [ [ [ 5.9236082, 45.5904315 ], [ 5.9236306, 45.5903931 ], [ 5.923723, 45.5904186 ], [ 5.923702, 45.590457 ], [ 5.9236082, 45.5904315 ] ] ] } },
{ "type": "Feature", "properties": { "id_bien": "BAT-HC-0079", "nom": "École Supérieure d'Arts - Centre Régional des Arts du Cirque de Chambéry", "type_bien": "ENS", "quartier": "HC", "adresse": "110 Av Daniel Rops", "idu_parcelle": "73065000BD0195", "emprise_m2": 733.0, "nb_etages": 1, "hauteur_m": 7.6, "sdp_estimee_m2": 733.0, "usage_bdtopo": "Commercial et services", "nb_locaux": 1, "id_rnb": "Y5AKXMTQZVA5", "cleabs": "BATIMENT0000000219263867", "type_bien_libelle": "Enseignement et petite enfance" }, "geometry": { "type": "Polygon", "coordinates": [ [ [ 5.9206965, 45.5901467 ], [ 5.9205442, 45.5904472 ], [ 5.9204154, 45.5904154 ], [ 5.9204003, 45.5904455 ], [ 5.9203639, 45.5904365 ], [ 5.920357, 45.590452 ], [ 5.9202075, 45.5904144 ], [ 5.9202353, 45.5903588 ], [ 5.9202536, 45.5903637 ], [ 5.9203186, 45.590234 ], [ 5.9203264, 45.5902356 ], [ 5.9203368, 45.5902147 ], [ 5.9204565, 45.5902449 ], [ 5.9204798, 45.5902001 ], [ 5.9205214, 45.5902107 ], [ 5.920569, 45.5901149 ], [ 5.9206965, 45.5901467 ] ] ] } },
{ "type": "Feature", "properties": { "id_bien": "BAT-HC-0080", "nom": null, "type_bien": "AQU", "quartier": "HC", "adresse": "Le Bouchet", "idu_parcelle": "73065000BD0106", "emprise_m2": 670.4, "nb_etages": null, "hauteur_m": 8.8, "sdp_estimee_m2": null, "usage_bdtopo": "Indifférencié", "nb_locaux": 1, "id_rnb": "A4S1ZEG57BVX", "cleabs": "BATIMENT0000000219263483", "type_bien_libelle": "À qualifier" }, "geometry": { "type": "Polygon", "coordinates": [ [ [ 5.9237626, 45.5901463 ], [ 5.92369, 45.5902789 ], [ 5.9237864, 45.5903052 ], [ 5.9237395, 45.5903902 ], [ 5.9236652, 45.5903696 ], [ 5.9236536, 45.5903916 ], [ 5.9236301, 45.590385 ], [ 5.9236419, 45.5903639 ], [ 5.9235116, 45.5903286 ], [ 5.9233723, 45.5902907 ], [ 5.9234851, 45.5900923 ], [ 5.9234956, 45.590074 ], [ 5.9237626, 45.5901463 ] ] ] } },
{ "type": "Feature", "properties": { "id_bien": "BAT-HC-0081", "nom": null, "type_bien": "AQU", "quartier": "HC", "adresse": "Le Bouchet", "idu_parcelle": "73065000BD0054", "emprise_m2": 173.7, "nb_etages": null, "hauteur_m": 4.2, "sdp_estimee_m2": null, "usage_bdtopo": "Indifférencié", "nb_locaux": 0, "id_rnb": "4TANXPRC58AG", "cleabs": "BATIMENT0000000219263485", "type_bien_libelle": "À qualifier" }, "geometry": { "type": "Polygon", "coordinates": [ [ [ 5.9233723, 45.5902907 ], [ 5.9232863, 45.5902659 ], [ 5.9234014, 45.5900638 ], [ 5.9234851, 45.5900923 ], [ 5.9233723, 45.5902907 ] ] ] } },
{ "type": "Feature", "properties": { "id_bien": "BAT-HC-0082", "nom": null, "type_bien": "AQU", "quartier": "HC", "adresse": "Le Bouchet", "idu_parcelle": "73065000BD0106", "emprise_m2": 962.5, "nb_etages": null, "hauteur_m": 12.6, "sdp_estimee_m2": null, "usage_bdtopo": "Indifférencié", "nb_locaux": 1, "id_rnb": "A1P3QXKA15RR", "cleabs": "BATIMENT0000000334734271", "type_bien_libelle": "À qualifier" }, "geometry": { "type": "Polygon", "coordinates": [ [ [ 5.9240778, 45.5896984 ], [ 5.9240098, 45.5898209 ], [ 5.9239032, 45.5900147 ], [ 5.9235947, 45.5899326 ], [ 5.9237207, 45.5896933 ], [ 5.9237558, 45.5897023 ], [ 5.9237796, 45.5896178 ], [ 5.9240778, 45.5896984 ] ] ] } },
{ "type": "Feature", "properties": { "id_bien": "BAT-HC-0083", "nom": null, "type_bien": "AQU", "quartier": "HC", "adresse": "Le Bouchet", "idu_parcelle": "73065000BD0241", "emprise_m2": 46.9, "nb_etages": null, "hauteur_m": 3.4, "sdp_estimee_m2": null, "usage_bdtopo": "Indifférencié", "nb_locaux": 0, "id_rnb": "GS9QQ3CCX7V2", "cleabs": "BATIMENT0000000219263736", "type_bien_libelle": "À qualifier" }, "geometry": { "type": "Polygon", "coordinates": [ [ [ 5.9224819, 45.5896885 ], [ 5.9225183, 45.5896245 ], [ 5.9225913, 45.5896442 ], [ 5.9225561, 45.5897082 ], [ 5.9224819, 45.5896885 ] ] ] } },
{ "type": "Feature", "properties": { "id_bien": "BAT-HC-0084", "nom": null, "type_bien": "SPO", "quartier": "HC", "adresse": "180 Rue Du Genevois", "idu_parcelle": "73065000BD0025", "emprise_m2": 301.5, "nb_etages": null, "hauteur_m": 6.0, "sdp_estimee_m2": null, "usage_bdtopo": "Sportif", "nb_locaux": 127, "id_rnb": "BS8HG5NA339P", "cleabs": "BATIMENT0000002331804726", "type_bien_libelle": "Sport" }, "geometry": { "type": "Polygon", "coordinates": [ [ [ 5.9230285, 45.5894905 ], [ 5.922957, 45.5896185 ], [ 5.9227212, 45.5895526 ], [ 5.9227928, 45.5894254 ], [ 5.9230285, 45.5894905 ] ] ] } },
{ "type": "Feature", "properties": { "id_bien": "BAT-HC-0085", "nom": null, "type_bien": "SPO", "quartier": "HC", "adresse": "Le Bouchet", "idu_parcelle": "73065000BD0241", "emprise_m2": 2480.2, "nb_etages": null, "hauteur_m": 7.7, "sdp_estimee_m2": null, "usage_bdtopo": "Sportif", "nb_locaux": 0, "id_rnb": "565CTCEFB42J", "cleabs": "BATIMENT0000000219263737", "type_bien_libelle": "Sport" }, "geometry": { "type": "Polygon", "coordinates": [ [ [ 5.9225913, 45.5896442 ], [ 5.9225183, 45.5896245 ], [ 5.9224819, 45.5896885 ], [ 5.9221876, 45.5896079 ], [ 5.9223802, 45.5892686 ], [ 5.9224518, 45.5892883 ], [ 5.9224729, 45.5892499 ], [ 5.9224325, 45.5892384 ], [ 5.9226027, 45.5889357 ], [ 5.9226873, 45.5889587 ], [ 5.9226955, 45.5889432 ], [ 5.9229404, 45.5890116 ], [ 5.9228782, 45.5892205 ], [ 5.9228691, 45.589218 ], [ 5.9228235, 45.5893021 ], [ 5.9228417, 45.589307 ], [ 5.9228124, 45.5893592 ], [ 5.9227642, 45.589346 ], [ 5.9227478, 45.5893761 ], [ 5.922766, 45.5893811 ], [ 5.9227083, 45.5894781 ], [ 5.92269, 45.5894723 ], [ 5.9226345, 45.5895629 ], [ 5.9225913, 45.5896442 ] ] ] } },
{ "type": "Feature", "properties": { "id_bien": "BAT-HC-0086", "nom": null, "type_bien": "AQU", "quartier": "HC", "adresse": "Rue Du Genevois", "idu_parcelle": "73065000BD0249", "emprise_m2": 537.7, "nb_etages": 1, "hauteur_m": 5.7, "sdp_estimee_m2": 538.0, "usage_bdtopo": "Indifférencié", "nb_locaux": 0, "id_rnb": "F5QGDJ9SDS2W", "cleabs": "BATIMENT0000000219263522", "type_bien_libelle": "À qualifier" }, "geometry": { "type": "Polygon", "coordinates": [ [ [ 5.9233197, 45.5892441 ], [ 5.9232038, 45.5892129 ], [ 5.9233072, 45.5890327 ], [ 5.9231302, 45.5889859 ], [ 5.9231862, 45.5888304 ], [ 5.9233868, 45.5888865 ], [ 5.9233342, 45.5889851 ], [ 5.9234463, 45.5890165 ], [ 5.9233197, 45.5892441 ] ] ] } },
{ "type": "Feature", "properties": { "id_bien": "BAT-HC-0087", "nom": null, "type_bien": "AQU", "quartier": "HC", "adresse": "Rue Du Genevois", "idu_parcelle": "73065000BD0249", "emprise_m2": 882.6, "nb_etages": null, "hauteur_m": 9.6, "sdp_estimee_m2": null, "usage_bdtopo": "Indifférencié", "nb_locaux": 0, "id_rnb": "HV9BTHFHYR17", "cleabs": "BATIMENT0000000219263861", "type_bien_libelle": "À qualifier" }, "geometry": { "type": "Polygon", "coordinates": [ [ [ 5.9236992, 45.5892856 ], [ 5.923928, 45.5888787 ], [ 5.9241443, 45.5889397 ], [ 5.9239142, 45.5893467 ], [ 5.9236992, 45.5892856 ] ] ] } },
{ "type": "Feature", "properties": { "id_bien": "BAT-HC-0088", "nom": null, "type_bien": "COM", "quartier": "HC", "adresse": "180 Rue Du Genevois", "idu_parcelle": "73065000BD0025", "emprise_m2": 249.3, "nb_etages": 3, "hauteur_m": 10.8, "sdp_estimee_m2": 748.0, "usage_bdtopo": "Commercial et services", "nb_locaux": 127, "id_rnb": "PWX4Y7M463MC", "cleabs": "BATIMENT0000000219263521", "type_bien_libelle": "Commerce et marché" }, "geometry": { "type": "Polygon", "coordinates": [ [ [ 5.9231302, 45.5889859 ], [ 5.9229596, 45.5889381 ], [ 5.9230208, 45.5887842 ], [ 5.9231862, 45.5888304 ], [ 5.9231302, 45.5889859 ] ] ] } },
{ "type": "Feature", "properties": { "id_bien": "BAT-HC-0089", "nom": null, "type_bien": "AQU", "quartier": "HC", "adresse": "Cote Rousse", "idu_parcelle": "73065000BD0027", "emprise_m2": 309.4, "nb_etages": null, "hauteur_m": 11.4, "sdp_estimee_m2": null, "usage_bdtopo": "Indifférencié", "nb_locaux": 0, "id_rnb": "NH318FHDFFGC", "cleabs": "BATIMENT0000000219263520", "type_bien_libelle": "À qualifier" }, "geometry": { "type": "Polygon", "coordinates": [ [ [ 5.9229596, 45.5889381 ], [ 5.9227408, 45.5888789 ], [ 5.9228215, 45.58873 ], [ 5.9230208, 45.5887842 ], [ 5.9229596, 45.5889381 ] ] ] } },
{ "type": "Feature", "properties": { "id_bien": "BAT-HC-0090", "nom": null, "type_bien": "AQU", "quartier": "HC", "adresse": "Rue Du Genevois", "idu_parcelle": "73065000BD0249", "emprise_m2": 957.2, "nb_etages": null, "hauteur_m": 8.3, "sdp_estimee_m2": null, "usage_bdtopo": "Indifférencié", "nb_locaux": 0, "id_rnb": "CQWYCFPE7M42", "cleabs": "BATIMENT0000000219263864", "type_bien_libelle": "À qualifier" }, "geometry": { "type": "Polygon", "coordinates": [ [ [ 5.9239604, 45.5888121 ], [ 5.9241003, 45.5885687 ], [ 5.9244898, 45.5886785 ], [ 5.92435, 45.5889227 ], [ 5.9239604, 45.5888121 ] ] ] } },
{ "type": "Feature", "properties": { "id_bien": "BAT-HC-0091", "nom": "Poste de Chambéry - le Haut", "type_bien": "ADM", "quartier": "HC", "adresse": "219 Av D Annecy", "idu_parcelle": "73065000BC0146", "emprise_m2": 5279.8, "nb_etages": 5, "hauteur_m": 4.7, "sdp_estimee_m2": 26399.0, "usage_bdtopo": "Résidentiel", "nb_locaux": 2, "id_rnb": "3BA4Q187B8ND", "cleabs": "BATIMENT0000000219260974", "type_bien_libelle": "Administration" }, "geometry": { "type": "Polygon", "coordinates": [ [ [ 5.9172247, 45.5882193 ], [ 5.917252, 45.5882267 ], [ 5.9173757, 45.5882596 ], [ 5.9173965, 45.5882653 ], [ 5.9174239, 45.5882727 ], [ 5.9174369, 45.588276 ], [ 5.917623, 45.5883252 ], [ 5.9176659, 45.5883367 ], [ 5.9178247, 45.5883786 ], [ 5.9180225, 45.5884293 ], [ 5.9181617, 45.5884653 ], [ 5.9180181, 45.5887367 ], [ 5.9180088, 45.5887541 ], [ 5.9185071, 45.5888835 ], [ 5.9186615, 45.5885974 ], [ 5.9188475, 45.5886449 ], [ 5.918623, 45.5890616 ], [ 5.9169895, 45.5886273 ], [ 5.9172091, 45.5882152 ], [ 5.9172247, 45.5882193 ] ] ] } },
{ "type": "Feature", "properties": { "id_bien": "BAT-HC-0092", "nom": "École Maternelle le Mollard", "type_bien": "ENS", "quartier": "HC", "adresse": "143 All Des Jardins", "idu_parcelle": "73065000BC0176", "emprise_m2": 691.5, "nb_etages": null, "hauteur_m": 4.9, "sdp_estimee_m2": null, "usage_bdtopo": "Commercial et services", "nb_locaux": 1, "id_rnb": "9SD93BFRR3EX", "cleabs": "BATIMENT0000000219260814", "type_bien_libelle": "Enseignement et petite enfance" }, "geometry": { "type": "Polygon", "coordinates": [ [ [ 5.9189978, 45.5884049 ], [ 5.9187832, 45.5883492 ], [ 5.918852, 45.5882186 ], [ 5.9188684, 45.5881893 ], [ 5.918942, 45.5880522 ], [ 5.9191944, 45.5881168 ], [ 5.9191031, 45.5882832 ], [ 5.9190692, 45.5882733 ], [ 5.9189978, 45.5884049 ] ] ] } },
{ "type": "Feature", "properties": { "id_bien": "BAT-HC-0093", "nom": "École Maternelle le Mollard", "type_bien": "ENS", "quartier": "HC", "adresse": "143 All Des Jardins", "idu_parcelle": "73065000BC0176", "emprise_m2": 349.2, "nb_etages": null, "hauteur_m": 4.8, "sdp_estimee_m2": null, "usage_bdtopo": "Commercial et services", "nb_locaux": 1, "id_rnb": "SBWCWPWDGYD7", "cleabs": "BATIMENT0000000219260812", "type_bien_libelle": "Enseignement et petite enfance" }, "geometry": { "type": "Polygon", "coordinates": [ [ [ 5.9184709, 45.5882681 ], [ 5.9183499, 45.588237 ], [ 5.9184633, 45.5880277 ], [ 5.9184739, 45.5880094 ], [ 5.9185114, 45.5879408 ], [ 5.9186285, 45.5879711 ], [ 5.9185572, 45.5881046 ], [ 5.918541, 45.5881365 ], [ 5.9184709, 45.5882681 ] ] ] } },
{ "type": "Feature", "properties": { "id_bien": "BAT-HC-0094", "nom": null, "type_bien": "AQU", "quartier": "HC", "adresse": "2 Imp De Pugnet", "idu_parcelle": "73065000BC0161", "emprise_m2": 147.6, "nb_etages": null, "hauteur_m": 4.2, "sdp_estimee_m2": null, "usage_bdtopo": "Indifférencié", "nb_locaux": 0, "id_rnb": "XB32CW2W6FNK", "cleabs": "BATIMENT0000000219260978", "type_bien_libelle": "À qualifier" }, "geometry": { "type": "Polygon", "coordinates": [ [ [ 5.9173623, 45.5880058 ], [ 5.9174969, 45.5878798 ], [ 5.9175826, 45.5879244 ], [ 5.9174457, 45.5880532 ], [ 5.9173623, 45.5880058 ] ] ] } },
{ "type": "Feature", "properties": { "id_bien": "BAT-HC-0095", "nom": null, "type_bien": "AQU", "quartier": "HC", "adresse": "2 Imp De Pugnet", "idu_parcelle": "73065000BC0161", "emprise_m2": 137.7, "nb_etages": null, "hauteur_m": 5.7, "sdp_estimee_m2": null, "usage_bdtopo": "Indifférencié", "nb_locaux": 0, "id_rnb": "YM8PTBZD52VF", "cleabs": "BATIMENT0000000219260977", "type_bien_libelle": "À qualifier" }, "geometry": { "type": "Polygon", "coordinates": [ [ [ 5.9173427, 45.587827 ], [ 5.9172496, 45.5879123 ], [ 5.9173778, 45.5879829 ], [ 5.9173447, 45.5880126 ], [ 5.9171634, 45.5879073 ], [ 5.9171928, 45.5878813 ], [ 5.917286, 45.5877987 ], [ 5.9172886, 45.5878005 ], [ 5.9173057, 45.5878081 ], [ 5.9173427, 45.587827 ] ] ] } },
{ "type": "Feature", "properties": { "id_bien": "BAT-HC-0096", "nom": "Conservatoire à Rayonnement Régional de Chambéry-Pays de Savoie", "type_bien": "ENS", "quartier": "HC", "adresse": "143 All Des Jardins", "idu_parcelle": "73065000BC0176", "emprise_m2": 963.3, "nb_etages": null, "hauteur_m": 3.8, "sdp_estimee_m2": null, "usage_bdtopo": "Commercial et services", "nb_locaux": 1, "id_rnb": "A2YHQE4ZF7MX", "cleabs": "BATIMENT0000000219260810", "type_bien_libelle": "Enseignement et petite enfance" }, "geometry": { "type": "Polygon", "coordinates": [ [ [ 5.9183227, 45.587989 ], [ 5.9182947, 45.588042 ], [ 5.9181645, 45.5880075 ], [ 5.918237, 45.5878732 ], [ 5.9181707, 45.5878569 ], [ 5.9182557, 45.5876925 ], [ 5.9182128, 45.587681 ], [ 5.9182464, 45.5876134 ], [ 5.9182984, 45.5876256 ], [ 5.9183334, 45.5875589 ], [ 5.9184232, 45.5875818 ], [ 5.9184406, 45.587548 ], [ 5.9185435, 45.587576 ], [ 5.918526, 45.5876089 ], [ 5.9185911, 45.5876261 ], [ 5.9185561, 45.5876937 ], [ 5.9185847, 45.587701 ], [ 5.9185472, 45.5877687 ], [ 5.9185212, 45.5877622 ], [ 5.9184861, 45.5878271 ], [ 5.9184185, 45.587809 ], [ 5.9183658, 45.5879059 ], [ 5.918332, 45.5879716 ], [ 5.9183227, 45.587989 ] ] ] } },
{ "type": "Feature", "properties": { "id_bien": "BAT-HC-0097", "nom": null, "type_bien": "COM", "quartier": "HC", "adresse": "265 Rte De Saint - Saturnin", "idu_parcelle": "73065000BD0247", "emprise_m2": 547.2, "nb_etages": 1, "hauteur_m": 6.2, "sdp_estimee_m2": 547.0, "usage_bdtopo": "Commercial et services", "nb_locaux": 1, "id_rnb": "4CEV54P9Y9Z4", "cleabs": "BATIMENT0000000219260967", "type_bien_libelle": "Commerce et marché" }, "geometry": { "type": "Polygon", "coordinates": [ [ [ 5.9245585, 45.5877179 ], [ 5.9243502, 45.587662 ], [ 5.9244507, 45.5874756 ], [ 5.9244715, 45.5874814 ], [ 5.9244938, 45.5874411 ], [ 5.9245823, 45.587465 ], [ 5.924614, 45.5874083 ], [ 5.9247064, 45.5874329 ], [ 5.9247123, 45.5874228 ], [ 5.9247292, 45.5874269 ], [ 5.9247306, 45.5874287 ], [ 5.9247306, 45.5874296 ], [ 5.9247307, 45.5874314 ], [ 5.9247308, 45.5874323 ], [ 5.9247321, 45.587434 ], [ 5.9247322, 45.5874358 ], [ 5.9247323, 45.5874367 ], [ 5.9247324, 45.5874385 ], [ 5.9247324, 45.5874394 ], [ 5.9247325, 45.5874412 ], [ 5.9247339, 45.5874421 ], [ 5.924734, 45.5874439 ], [ 5.924734, 45.5874448 ], [ 5.9247342, 45.5874493 ], [ 5.9247343, 45.5874511 ], [ 5.9247344, 45.587452 ], [ 5.9247345, 45.5874538 ], [ 5.9247332, 45.5874547 ], [ 5.9247333, 45.5874565 ], [ 5.9247334, 45.5874574 ], [ 5.9247335, 45.5874592 ], [ 5.9247336, 45.587461 ], [ 5.9247336, 45.5874619 ], [ 5.9247324, 45.5874638 ], [ 5.9247325, 45.5874647 ], [ 5.9247326, 45.5874665 ], [ 5.9247326, 45.5874674 ], [ 5.9247314, 45.5874692 ], [ 5.9247315, 45.5874701 ], [ 5.9247316, 45.5874719 ], [ 5.9247304, 45.5874728 ], [ 5.9247304, 45.5874746 ], [ 5.9247292, 45.5874756 ], [ 5.9247293, 45.5874774 ], [ 5.9247293, 45.5874783 ], [ 5.9247282, 45.5874801 ], [ 5.9247282, 45.587481 ], [ 5.924727, 45.5874828 ], [ 5.9247271, 45.5874837 ], [ 5.9247259, 45.5874856 ], [ 5.9247246, 45.5874865 ], [ 5.9247247, 45.5874883 ], [ 5.9247235, 45.5874892 ], [ 5.9247236, 45.5874901 ], [ 5.9247224, 45.587492 ], [ 5.9247211, 45.5874929 ], [ 5.9247212, 45.5874947 ], [ 5.92472, 45.5874956 ], [ 5.9247188, 45.5874966 ], [ 5.9247176, 45.5874984 ], [ 5.9247176, 45.5874993 ], [ 5.9247164, 45.5875002 ], [ 5.9247152, 45.5875021 ], [ 5.924714, 45.587503 ], [ 5.9247127, 45.5875039 ], [ 5.9247128, 45.5875057 ], [ 5.9247116, 45.5875067 ], [ 5.9247104, 45.5875076 ], [ 5.9247091, 45.5875085 ], [ 5.9247079, 45.5875104 ], [ 5.9247067, 45.5875113 ], [ 5.9247055, 45.5875122 ], [ 5.9247042, 45.5875132 ], [ 5.9247031, 45.587515 ], [ 5.9247018, 45.5875159 ], [ 5.9247006, 45.5875169 ], [ 5.9246994, 45.5875178 ], [ 5.9246981, 45.5875187 ], [ 5.9246969, 45.5875197 ], [ 5.9246957, 45.5875215 ], [ 5.9246945, 45.5875224 ], [ 5.9246932, 45.5875234 ], [ 5.924692, 45.5875243 ], [ 5.9246895, 45.5875253 ], [ 5.9246882, 45.5875262 ], [ 5.924687, 45.5875271 ], [ 5.9246858, 45.5875281 ], [ 5.9246845, 45.587529 ], [ 5.924682, 45.58753 ], [ 5.9246808, 45.5875309 ], [ 5.9246796, 45.5875318 ], [ 5.9246783, 45.5875328 ], [ 5.9246771, 45.5875337 ], [ 5.9246733, 45.5875347 ], [ 5.9246721, 45.5875356 ], [ 5.9246695, 45.5875366 ], [ 5.9246578, 45.5875333 ], [ 5.9245585, 45.5877179 ] ] ] } },
{ "type": "Feature", "properties": { "id_bien": "BAT-HC-0098", "nom": null, "type_bien": "AQU", "quartier": "HC", "adresse": "Rue Du Piochet", "idu_parcelle": "73065000BC0111", "emprise_m2": 140.2, "nb_etages": null, "hauteur_m": 5.6, "sdp_estimee_m2": null, "usage_bdtopo": "Indifférencié", "nb_locaux": 0, "id_rnb": "VQNBS6TXHGK7", "cleabs": "BATIMENT0000000012667107", "type_bien_libelle": "À qualifier" }, "geometry": { "type": "Polygon", "coordinates": [ [ [ 5.9175655, 45.5877699 ], [ 5.9173871, 45.5876465 ], [ 5.9174604, 45.5876023 ], [ 5.9176314, 45.5877285 ], [ 5.9175655, 45.5877699 ] ] ] } },
{ "type": "Feature", "properties": { "id_bien": "BAT-HC-0099", "nom": null, "type_bien": "AQU", "quartier": "HC", "adresse": "143 All Des Jardins", "idu_parcelle": "73065000BC0176", "emprise_m2": 68.1, "nb_etages": null, "hauteur_m": 3.0, "sdp_estimee_m2": null, "usage_bdtopo": "Indifférencié", "nb_locaux": 1, "id_rnb": "QM63SRB9TTVT", "cleabs": "BATIMENT0000000219260724", "type_bien_libelle": "À qualifier" }, "geometry": { "type": "Polygon", "coordinates": [ [ [ 5.9191324, 45.5877184 ], [ 5.919059, 45.5876887 ], [ 5.9191188, 45.587607 ], [ 5.9191935, 45.5876357 ], [ 5.9191324, 45.5877184 ] ] ] } },
{ "type": "Feature", "properties": { "id_bien": "BAT-HC-0100", "nom": null, "type_bien": "AQU", "quartier": "HC", "adresse": "All Des Jardins", "idu_parcelle": "73065000BC0096", "emprise_m2": 19.5, "nb_etages": null, "hauteur_m": 4.6, "sdp_estimee_m2": null, "usage_bdtopo": "Indifférencié", "nb_locaux": 0, "id_rnb": "N4XWTT9A85EM", "cleabs": "BATIMENT0000000219260830", "type_bien_libelle": "À qualifier" }, "geometry": { "type": "Polygon", "coordinates": [ [ [ 5.9171855, 45.5874995 ], [ 5.9172285, 45.5874623 ], [ 5.917255, 45.5874788 ], [ 5.9171896, 45.5875291 ], [ 5.9171659, 45.5875162 ], [ 5.9171855, 45.5874995 ] ] ] } },
{ "type": "Feature", "properties": { "id_bien": "BAT-HC-0101", "nom": null, "type_bien": "AQU", "quartier": "HC", "adresse": "All Des Jardins", "idu_parcelle": "73065000BC0090", "emprise_m2": 47.7, "nb_etages": null, "hauteur_m": 9.0, "sdp_estimee_m2": null, "usage_bdtopo": "Indifférencié", "nb_locaux": 0, "id_rnb": "VS2SYEPP2VXR", "cleabs": "BATIMENT0000000219260833", "type_bien_libelle": "À qualifier" }, "geometry": { "type": "Polygon", "coordinates": [ [ [ 5.9170666, 45.5874593 ], [ 5.9170164, 45.5874318 ], [ 5.9170213, 45.587428 ], [ 5.917012, 45.5874211 ], [ 5.917071, 45.5873709 ], [ 5.9170829, 45.5873787 ], [ 5.9170891, 45.587374 ], [ 5.9171276, 45.5873983 ], [ 5.9170766, 45.5874545 ], [ 5.9170666, 45.5874593 ] ] ] } },
{ "type": "Feature", "properties": { "id_bien": "BAT-HC-0102", "nom": null, "type_bien": "AQU", "quartier": "HC", "adresse": "All Des Jardins", "idu_parcelle": "73065000BC0092", "emprise_m2": 25.9, "nb_etages": null, "hauteur_m": 6.8, "sdp_estimee_m2": null, "usage_bdtopo": "Indifférencié", "nb_locaux": 0, "id_rnb": "25B6X1MS1JJF", "cleabs": "BATIMENT0000000219260831", "type_bien_libelle": "À qualifier" }, "geometry": { "type": "Polygon", "coordinates": [ [ [ 5.9171855, 45.5874995 ], [ 5.9171379, 45.5874728 ], [ 5.9171846, 45.5874337 ], [ 5.9172285, 45.5874623 ], [ 5.9171855, 45.5874995 ] ] ] } },
{ "type": "Feature", "properties": { "id_bien": "BAT-HC-0103", "nom": null, "type_bien": "AQU", "quartier": "HC", "adresse": "All Des Jardins", "idu_parcelle": "73065000BC0117", "emprise_m2": 55.4, "nb_etages": null, "hauteur_m": 7.6, "sdp_estimee_m2": null, "usage_bdtopo": "Indifférencié", "nb_locaux": 0, "id_rnb": "MWJ4G4144Q2S", "cleabs": "BATIMENT0000000219260832", "type_bien_libelle": "À qualifier" }, "geometry": { "type": "Polygon", "coordinates": [ [ [ 5.9171659, 45.5875162 ], [ 5.9170666, 45.5874593 ], [ 5.9170766, 45.5874545 ], [ 5.9171276, 45.5873983 ], [ 5.9171846, 45.5874337 ], [ 5.9171379, 45.5874728 ], [ 5.9171855, 45.5874995 ], [ 5.9171659, 45.5875162 ] ] ] } },
{ "type": "Feature", "properties": { "id_bien": "BAT-HC-0104", "nom": null, "type_bien": "AQU", "quartier": "HC", "adresse": "Che De Pugnet", "idu_parcelle": "73065000AZ0121", "emprise_m2": 38.0, "nb_etages": null, "hauteur_m": 4.7, "sdp_estimee_m2": null, "usage_bdtopo": "Indifférencié", "nb_locaux": 0, "id_rnb": "MVHZZ7H64QCC", "cleabs": "BATIMENT0000000219260844", "type_bien_libelle": "À qualifier" }, "geometry": { "type": "Polygon", "coordinates": [ [ [ 5.915353, 45.5874767 ], [ 5.9153442, 45.5874571 ], [ 5.9153696, 45.5874511 ], [ 5.9153581, 45.587428 ], [ 5.9154379, 45.5874079 ], [ 5.9154594, 45.5874506 ], [ 5.915353, 45.5874767 ] ] ] } },
{ "type": "Feature", "properties": { "id_bien": "BAT-HC-0105", "nom": null, "type_bien": "COM", "quartier": "HC", "adresse": "291 All Des Jardins", "idu_parcelle": "73065000BC0088", "emprise_m2": 100.6, "nb_etages": 1, "hauteur_m": 9.5, "sdp_estimee_m2": 101.0, "usage_bdtopo": "Commercial et services", "nb_locaux": 2, "id_rnb": "TKR5TKJNFRQY", "cleabs": "BATIMENT0000000219260835", "type_bien_libelle": "Commerce et marché" }, "geometry": { "type": "Polygon", "coordinates": [ [ [ 5.9170214, 45.5873316 ], [ 5.9170413, 45.5873446 ], [ 5.9170352, 45.5873493 ], [ 5.9170044, 45.5873744 ], [ 5.9169355, 45.5873339 ], [ 5.916901, 45.5873609 ], [ 5.9168254, 45.5873133 ], [ 5.9169045, 45.5872554 ], [ 5.9170214, 45.5873316 ] ] ] } },
{ "type": "Feature", "properties": { "id_bien": "BAT-HC-0106", "nom": null, "type_bien": "AQU", "quartier": "HC", "adresse": "All Des Jardins", "idu_parcelle": "73065000BC0089", "emprise_m2": 55.4, "nb_etages": null, "hauteur_m": 9.5, "sdp_estimee_m2": null, "usage_bdtopo": "Indifférencié", "nb_locaux": 0, "id_rnb": "A9PR2YT4Y9GD", "cleabs": "BATIMENT0000000219260834", "type_bien_libelle": "À qualifier" }, "geometry": { "type": "Polygon", "coordinates": [ [ [ 5.917012, 45.5874211 ], [ 5.9169748, 45.5873968 ], [ 5.9169673, 45.5874006 ], [ 5.916901, 45.5873609 ], [ 5.9169355, 45.5873339 ], [ 5.9170044, 45.5873744 ], [ 5.9170352, 45.5873493 ], [ 5.917071, 45.5873709 ], [ 5.917012, 45.5874211 ] ] ] } },
{ "type": "Feature", "properties": { "id_bien": "BAT-HC-0107", "nom": null, "type_bien": "AQU", "quartier": "HC", "adresse": "Caramagne", "idu_parcelle": "73065000AZ0236", "emprise_m2": 51.8, "nb_etages": null, "hauteur_m": 5.5, "sdp_estimee_m2": null, "usage_bdtopo": "Indifférencié", "nb_locaux": 0, "id_rnb": "3KYMXN76XK2Q", "cleabs": "BATIMENT0000000295068249", "type_bien_libelle": "À qualifier" }, "geometry": { "type": "Polygon", "coordinates": [ [ [ 5.9156993, 45.5855214 ], [ 5.9156293, 45.5854836 ], [ 5.9156906, 45.5854297 ], [ 5.9157581, 45.5854685 ], [ 5.9157471, 45.5854787 ], [ 5.9157103, 45.5855112 ], [ 5.9156993, 45.5855214 ] ] ] } },
{ "type": "Feature", "properties": { "id_bien": "BAT-HC-0108", "nom": null, "type_bien": "AQU", "quartier": "HC", "adresse": "Caramagne", "idu_parcelle": "73065000AZ0030", "emprise_m2": 91.4, "nb_etages": null, "hauteur_m": 4.1, "sdp_estimee_m2": null, "usage_bdtopo": "Indifférencié", "nb_locaux": 0, "id_rnb": "269B9H5QV7XW/S1FZMQQGN7CT", "cleabs": "BATIMENT0000000219261057", "type_bien_libelle": "À qualifier" }, "geometry": { "type": "Polygon", "coordinates": [ [ [ 5.9158839, 45.5855427 ], [ 5.9158398, 45.5855835 ], [ 5.9157526, 45.5855344 ], [ 5.9157415, 45.5855446 ], [ 5.9156993, 45.5855214 ], [ 5.9157103, 45.5855112 ], [ 5.9157471, 45.5854787 ], [ 5.9157947, 45.5855054 ], [ 5.915807, 45.5854952 ], [ 5.9158191, 45.5854814 ], [ 5.915901, 45.585527 ], [ 5.9158839, 45.5855427 ] ] ] } },
{ "type": "Feature", "properties": { "id_bien": "BAT-HC-0109", "nom": null, "type_bien": "AQU", "quartier": "HC", "adresse": "Caramagne", "idu_parcelle": "73065000AZ0238", "emprise_m2": 156.8, "nb_etages": null, "hauteur_m": 3.1, "sdp_estimee_m2": null, "usage_bdtopo": "Indifférencié", "nb_locaux": 0, "id_rnb": "WMD97GTH8TFR", "cleabs": "BATIMENT0000000219261005", "type_bien_libelle": "À qualifier" }, "geometry": { "type": "Polygon", "coordinates": [ [ [ 5.9150862, 45.5850895 ], [ 5.9150126, 45.5851049 ], [ 5.915017, 45.5851156 ], [ 5.9149434, 45.5851319 ], [ 5.9149523, 45.5851542 ], [ 5.9148711, 45.5851716 ], [ 5.9148666, 45.58516 ], [ 5.9147931, 45.5851764 ], [ 5.9147668, 45.5851167 ], [ 5.9148519, 45.5850991 ], [ 5.9148562, 45.5851089 ], [ 5.9149247, 45.5850937 ], [ 5.9149203, 45.585083 ], [ 5.9149469, 45.5850769 ], [ 5.9149498, 45.5850813 ], [ 5.9149726, 45.5850762 ], [ 5.9149711, 45.5850726 ], [ 5.9149952, 45.5850675 ], [ 5.9149908, 45.5850559 ], [ 5.9150657, 45.5850413 ], [ 5.9150862, 45.5850895 ] ] ] } },
{ "type": "Feature", "properties": { "id_bien": "BAT-HC-0110", "nom": null, "type_bien": "AQU", "quartier": "HC", "adresse": "All Des Bruyeres", "idu_parcelle": "73065000BW0247", "emprise_m2": 21.2, "nb_etages": null, "hauteur_m": 4.9, "sdp_estimee_m2": null, "usage_bdtopo": "Indifférencié", "nb_locaux": 0, "id_rnb": "E6CVTR1V5C64", "cleabs": "BATIMENT0000000219261083", "type_bien_libelle": "À qualifier" }, "geometry": { "type": "Polygon", "coordinates": [ [ [ 5.9201624, 45.5843468 ], [ 5.9201007, 45.5843448 ], [ 5.9201036, 45.5843023 ], [ 5.9201408, 45.5843032 ], [ 5.9201634, 45.5843179 ], [ 5.9201624, 45.5843468 ] ] ] } },
{ "type": "Feature", "properties": { "id_bien": "BAT-HC-0111", "nom": null, "type_bien": "AQU", "quartier": "HC", "adresse": "616 Che De Chantemerle", "idu_parcelle": "73065000AZ0257", "emprise_m2": 224.5, "nb_etages": null, "hauteur_m": 7.0, "sdp_estimee_m2": null, "usage_bdtopo": "Indifférencié", "nb_locaux": 1, "id_rnb": "XD8JRRRM96ER", "cleabs": "BATIMENT0000000219261072", "type_bien_libelle": "À qualifier" }, "geometry": { "type": "Polygon", "coordinates": [ [ [ 5.9173426, 45.5839009 ], [ 5.9173332, 45.5839165 ], [ 5.9173228, 45.583915 ], [ 5.9172915, 45.583978 ], [ 5.9172617, 45.5839724 ], [ 5.9172651, 45.5839651 ], [ 5.9172106, 45.583953 ], [ 5.9172071, 45.5839594 ], [ 5.9171797, 45.5839511 ], [ 5.917203, 45.5839055 ], [ 5.9172096, 45.5838864 ], [ 5.9171992, 45.5838839 ], [ 5.9172341, 45.5838155 ], [ 5.9172433, 45.5838188 ], [ 5.9172771, 45.583754 ], [ 5.9173032, 45.5837614 ], [ 5.9173022, 45.5837668 ], [ 5.9173555, 45.5837799 ], [ 5.9173604, 45.5837752 ], [ 5.9173916, 45.5837843 ], [ 5.9173564, 45.5838465 ], [ 5.9173681, 45.5838489 ], [ 5.9173426, 45.5839009 ] ] ] } },
{ "type": "Feature", "properties": { "id_bien": "BAT-HC-0112", "nom": "École Élémentaire Chantemerle", "type_bien": "ENS", "quartier": "HC", "adresse": "509 Che De Chantemerle", "idu_parcelle": "73065000BX0027", "emprise_m2": 848.5, "nb_etages": null, "hauteur_m": 12.6, "sdp_estimee_m2": null, "usage_bdtopo": "Commercial et services", "nb_locaux": 3, "id_rnb": "KTTSJQ3RF6W4", "cleabs": "BATIMENT0000000219260954", "type_bien_libelle": "Enseignement et petite enfance" }, "geometry": { "type": "Polygon", "coordinates": [ [ [ 5.9169828, 45.5832092 ], [ 5.9172481, 45.5829843 ], [ 5.9172362, 45.5829774 ], [ 5.9174131, 45.5828277 ], [ 5.9174238, 45.5828347 ], [ 5.9176903, 45.5826079 ], [ 5.9177817, 45.5826623 ], [ 5.9171788, 45.5831789 ], [ 5.9170794, 45.5832644 ], [ 5.9169828, 45.5832092 ] ] ] } },
{ "type": "Feature", "properties": { "id_bien": "BAT-HC-0113", "nom": "École Élémentaire Chantemerle", "type_bien": "ENS", "quartier": "HC", "adresse": "509 Che De Chantemerle", "idu_parcelle": "73065000BX0027", "emprise_m2": 808.3, "nb_etages": null, "hauteur_m": 6.0, "sdp_estimee_m2": null, "usage_bdtopo": "Commercial et services", "nb_locaux": 3, "id_rnb": "YFKEHF5CKF4A", "cleabs": "BATIMENT0000000219261006", "type_bien_libelle": "Enseignement et petite enfance" }, "geometry": { "type": "Polygon", "coordinates": [ [ [ 5.9177543, 45.5825323 ], [ 5.9178108, 45.5824831 ], [ 5.917828, 45.5824935 ], [ 5.9182602, 45.5821227 ], [ 5.9182633, 45.5820848 ], [ 5.9182324, 45.5820585 ], [ 5.9181435, 45.5819789 ], [ 5.9182409, 45.5819268 ], [ 5.9183273, 45.5820074 ], [ 5.9183354, 45.5820153 ], [ 5.9183422, 45.5820224 ], [ 5.9183476, 45.5820276 ], [ 5.9183545, 45.5820365 ], [ 5.9183613, 45.5820444 ], [ 5.9183668, 45.5820515 ], [ 5.9183724, 45.5820594 ], [ 5.9183767, 45.5820683 ], [ 5.9183797, 45.5820763 ], [ 5.9183813, 45.5820835 ], [ 5.9183818, 45.5820934 ], [ 5.9183848, 45.5821005 ], [ 5.9183852, 45.5821087 ], [ 5.9183843, 45.582115 ], [ 5.9183821, 45.5821232 ], [ 5.91838, 45.5821313 ], [ 5.9183778, 45.5821386 ], [ 5.9183731, 45.5821477 ], [ 5.9183672, 45.582156 ], [ 5.9183625, 45.5821642 ], [ 5.9183564, 45.5821716 ], [ 5.9183491, 45.582179 ], [ 5.9183394, 45.5821882 ], [ 5.9183234, 45.5822013 ], [ 5.9178616, 45.5825953 ], [ 5.9177543, 45.5825323 ] ] ] } },
{ "type": "Feature", "properties": { "id_bien": "BAT-HC-0114", "nom": null, "type_bien": "AQU", "quartier": "HC", "adresse": "5 Che Des Muguets", "idu_parcelle": "73065000BW0032", "emprise_m2": 203.3, "nb_etages": null, "hauteur_m": 6.4, "sdp_estimee_m2": null, "usage_bdtopo": "Indifférencié", "nb_locaux": 0, "id_rnb": null, "cleabs": "BATIMENT0000002493163811", "type_bien_libelle": "À qualifier" }, "geometry": { "type": "Polygon", "coordinates": [ [ [ 5.9208278, 45.582411 ], [ 5.9206748, 45.582406 ], [ 5.9206822, 45.5822553 ], [ 5.9208363, 45.5822567 ], [ 5.9208278, 45.582411 ] ] ] } },
{ "type": "Feature", "properties": { "id_bien": "BAT-HC-0115", "nom": null, "type_bien": "AQU", "quartier": "HC", "adresse": "134 Che De La Charmille", "idu_parcelle": "73065000BW0130", "emprise_m2": 52.3, "nb_etages": null, "hauteur_m": null, "sdp_estimee_m2": null, "usage_bdtopo": "Indifférencié", "nb_locaux": 0, "id_rnb": "6N7ANX6N6G6T", "cleabs": "BATIMENT0000000219261278", "type_bien_libelle": "À qualifier" }, "geometry": { "type": "Polygon", "coordinates": [ [ [ 5.9243266, 45.582157 ], [ 5.924257, 45.5821507 ], [ 5.924273, 45.5820656 ], [ 5.9243427, 45.5820718 ], [ 5.9243266, 45.582157 ] ] ] } },
{ "type": "Feature", "properties": { "id_bien": "BAT-HC-0116", "nom": null, "type_bien": "AQU", "quartier": "HC", "adresse": "134 Che De La Charmille", "idu_parcelle": "73065000BW0130", "emprise_m2": 27.1, "nb_etages": null, "hauteur_m": 16.6, "sdp_estimee_m2": null, "usage_bdtopo": "Indifférencié", "nb_locaux": 0, "id_rnb": "QFMB7ENFFGYE", "cleabs": "BATIMENT0000000012668079", "type_bien_libelle": "À qualifier" }, "geometry": { "type": "Polygon", "coordinates": [ [ [ 5.9236992, 45.5814281 ], [ 5.9236608, 45.5814057 ], [ 5.9237234, 45.5813518 ], [ 5.9237527, 45.5813735 ], [ 5.9236992, 45.5814281 ] ] ] } },
{ "type": "Feature", "properties": { "id_bien": "BAT-HC-0117", "nom": null, "type_bien": "AQU", "quartier": "HC", "adresse": "Av D Aix-Les-Bains", "idu_parcelle": "73065000BW0131", "emprise_m2": 22.8, "nb_etages": null, "hauteur_m": 16.8, "sdp_estimee_m2": null, "usage_bdtopo": "Indifférencié", "nb_locaux": 0, "id_rnb": "DK1YN2A5FTR3/VAATQ9DDNXSP", "cleabs": "BATIMENT0000000012667809", "type_bien_libelle": "À qualifier" }, "geometry": { "type": "Polygon", "coordinates": [ [ [ 5.9237794, 45.5813431 ], [ 5.9237437, 45.5813233 ], [ 5.9237897, 45.5812716 ], [ 5.9238217, 45.5812934 ], [ 5.9237794, 45.5813431 ] ] ] } },
{ "type": "Feature", "properties": { "id_bien": "BAT-HC-0118", "nom": null, "type_bien": "COM", "quartier": "HC", "adresse": "213 Rue De Saint - Ombre", "idu_parcelle": "73065000BW0208", "emprise_m2": 664.3, "nb_etages": 1, "hauteur_m": 6.3, "sdp_estimee_m2": 664.0, "usage_bdtopo": "Commercial et services", "nb_locaux": 2, "id_rnb": "BSB1DA1PZPCR", "cleabs": "BATIMENT0000000219261174", "type_bien_libelle": "Commerce et marché" }, "geometry": { "type": "Polygon", "coordinates": [ [ [ 5.9210416, 45.5807952 ], [ 5.9210309, 45.5808117 ], [ 5.9210726, 45.5808242 ], [ 5.9210911, 45.580857 ], [ 5.921129, 45.580847 ], [ 5.9212795, 45.5808053 ], [ 5.9213288, 45.5808878 ], [ 5.9211353, 45.5809424 ], [ 5.9211069, 45.5809882 ], [ 5.9208553, 45.5809118 ], [ 5.9208969, 45.5808495 ], [ 5.9207678, 45.5808105 ], [ 5.9208411, 45.5806923 ], [ 5.9209482, 45.5807274 ], [ 5.9209699, 45.580725 ], [ 5.9209791, 45.5807058 ], [ 5.9210509, 45.5807274 ], [ 5.9210343, 45.580754 ], [ 5.9210511, 45.5807806 ], [ 5.9210416, 45.5807952 ] ] ] } },
{ "type": "Feature", "properties": { "id_bien": "BAT-LA-0001", "nom": null, "type_bien": "AQU", "quartier": "LA", "adresse": "221 Che Des Ecureuils", "idu_parcelle": "73065000BH0039", "emprise_m2": 67.0, "nb_etages": null, "hauteur_m": 3.5, "sdp_estimee_m2": null, "usage_bdtopo": "Indifférencié", "nb_locaux": 4, "id_rnb": "5FWG2S6W2ESP", "cleabs": "BATIMENT0000000219262227", "type_bien_libelle": "À qualifier" }, "geometry": { "type": "Polygon", "coordinates": [ [ [ 5.9298155, 45.5799064 ], [ 5.9298374, 45.5798598 ], [ 5.9299855, 45.5798938 ], [ 5.9299662, 45.5799412 ], [ 5.9298155, 45.5799064 ] ] ] } },
{ "type": "Feature", "properties": { "id_bien": "BAT-LA-0002", "nom": null, "type_bien": "COM", "quartier": "LA", "adresse": "221 Che Des Ecureuils", "idu_parcelle": "73065000BH0039", "emprise_m2": 534.9, "nb_etages": 1, "hauteur_m": 6.8, "sdp_estimee_m2": 535.0, "usage_bdtopo": "Commercial et services", "nb_locaux": 4, "id_rnb": "YP1C9CF17BP9", "cleabs": "BATIMENT0000000219262178", "type_bien_libelle": "Commerce et marché" }, "geometry": { "type": "Polygon", "coordinates": [ [ [ 5.9298405, 45.5797246 ], [ 5.9297621, 45.5799168 ], [ 5.9297906, 45.5799214 ], [ 5.929752, 45.5800171 ], [ 5.9295717, 45.5799803 ], [ 5.9296078, 45.5798857 ], [ 5.9295831, 45.5798809 ], [ 5.9296624, 45.5796806 ], [ 5.9296817, 45.5796828 ], [ 5.9296918, 45.5796555 ], [ 5.9298332, 45.5796842 ], [ 5.9298197, 45.5797197 ], [ 5.9298405, 45.5797246 ] ] ] } },
{ "type": "Feature", "properties": { "id_bien": "BAT-LA-0003", "nom": null, "type_bien": "AQU", "quartier": "LA", "adresse": "Centre Aere Des Monts", "idu_parcelle": "73065000BH0076", "emprise_m2": 131.2, "nb_etages": null, "hauteur_m": 5.6, "sdp_estimee_m2": null, "usage_bdtopo": "Indifférencié", "nb_locaux": 0, "id_rnb": "S3BXHXC62GR6", "cleabs": "BATIMENT0000000219262181", "type_bien_libelle": "À qualifier" }, "geometry": { "type": "Polygon", "coordinates": [ [ [ 5.9297179, 45.5795899 ], [ 5.9299306, 45.579633 ], [ 5.9299046, 45.5796995 ], [ 5.9298553, 45.5796891 ], [ 5.9298332, 45.5796842 ], [ 5.9296918, 45.5796555 ], [ 5.9297179, 45.5795899 ] ] ] } },
{ "type": "Feature", "properties": { "id_bien": "BAT-LA-0004", "nom": null, "type_bien": "AQU", "quartier": "LA", "adresse": "Centre Aere Des Monts", "idu_parcelle": "73065000BH0077", "emprise_m2": 229.0, "nb_etages": null, "hauteur_m": 6.3, "sdp_estimee_m2": null, "usage_bdtopo": "Indifférencié", "nb_locaux": 0, "id_rnb": "3J997ZP8GQVW", "cleabs": "BATIMENT0000000219262184", "type_bien_libelle": "À qualifier" }, "geometry": { "type": "Polygon", "coordinates": [ [ [ 5.9286189, 45.5795059 ], [ 5.9283117, 45.5796185 ], [ 5.928262, 45.5795513 ], [ 5.9285691, 45.5794378 ], [ 5.9286189, 45.5795059 ] ] ] } },
{ "type": "Feature", "properties": { "id_bien": "BAT-LA-0005", "nom": null, "type_bien": "AQU", "quartier": "LA", "adresse": "Centre Aere Des Monts", "idu_parcelle": "73065000BH0002", "emprise_m2": 267.0, "nb_etages": null, "hauteur_m": 4.7, "sdp_estimee_m2": null, "usage_bdtopo": "Indifférencié", "nb_locaux": 0, "id_rnb": "J959BQWPYEXM", "cleabs": "BATIMENT0000000219262007", "type_bien_libelle": "À qualifier" }, "geometry": { "type": "Polygon", "coordinates": [ [ [ 5.9297313, 45.579066 ], [ 5.9296587, 45.5790769 ], [ 5.9296497, 45.579052 ], [ 5.9294777, 45.5790754 ], [ 5.9294462, 45.5789644 ], [ 5.9296959, 45.5789309 ], [ 5.9297313, 45.5790435 ], [ 5.9297237, 45.5790446 ], [ 5.9297313, 45.579066 ] ] ] } },
{ "type": "Feature", "properties": { "id_bien": "BAT-LA-0006", "nom": null, "type_bien": "AQU", "quartier": "LA", "adresse": "La Bionne", "idu_parcelle": "73065000BH0089", "emprise_m2": 59.9, "nb_etages": null, "hauteur_m": 3.1, "sdp_estimee_m2": null, "usage_bdtopo": "Indifférencié", "nb_locaux": 0, "id_rnb": "1MDHB2N4PGV4", "cleabs": "BATIMENT0000002331804749", "type_bien_libelle": "À qualifier" }, "geometry": { "type": "Polygon", "coordinates": [ [ [ 5.9251026, 45.5757796 ], [ 5.9251548, 45.5758206 ], [ 5.9250366, 45.5758669 ], [ 5.924997, 45.5758202 ], [ 5.9251026, 45.5757796 ] ] ] } },
{ "type": "Feature", "properties": { "id_bien": "BAT-LA-0007", "nom": "Couvent de la Visitation", "type_bien": "CUL", "quartier": "LA", "adresse": "Rue Burdin", "idu_parcelle": "73065000BI0331", "emprise_m2": 999.6, "nb_etages": null, "hauteur_m": 14.8, "sdp_estimee_m2": null, "usage_bdtopo": "Religieux", "nb_locaux": 0, "id_rnb": "ED2RM52VFAKE", "cleabs": "BATIMENT0000000219261329", "type_bien_libelle": "Culture et loisirs" }, "geometry": { "type": "Polygon", "coordinates": [ [ [ 5.9248911, 45.5724528 ], [ 5.9248827, 45.5724639 ], [ 5.9249146, 45.5724838 ], [ 5.9249297, 45.572478 ], [ 5.924935, 45.5724814 ], [ 5.9249354, 45.5724886 ], [ 5.9249227, 45.5724925 ], [ 5.9249235, 45.5725322 ], [ 5.9249339, 45.5725346 ], [ 5.9249256, 45.5725466 ], [ 5.9249124, 45.5725406 ], [ 5.9248767, 45.5725676 ], [ 5.9248847, 45.5725737 ], [ 5.9248761, 45.5725803 ], [ 5.9248653, 45.5725715 ], [ 5.9248024, 45.5725714 ], [ 5.9248041, 45.5725794 ], [ 5.9248024, 45.5725957 ], [ 5.9247666, 45.5725966 ], [ 5.9247675, 45.5726137 ], [ 5.924767, 45.57263 ], [ 5.9246528, 45.5726284 ], [ 5.9246519, 45.5725627 ], [ 5.9245544, 45.5725634 ], [ 5.924554, 45.5725562 ], [ 5.9243848, 45.5725579 ], [ 5.924363, 45.5725585 ], [ 5.9241565, 45.5725603 ], [ 5.9241562, 45.572554 ], [ 5.9241541, 45.5723927 ], [ 5.924163, 45.5723925 ], [ 5.9241746, 45.5723922 ], [ 5.9241751, 45.5724012 ], [ 5.9244498, 45.5724057 ], [ 5.9244524, 45.5723804 ], [ 5.9245911, 45.572384 ], [ 5.9245975, 45.5723839 ], [ 5.9245947, 45.5724281 ], [ 5.9245931, 45.5724462 ], [ 5.9245936, 45.5724561 ], [ 5.9246527, 45.5724572 ], [ 5.9246534, 45.5724464 ], [ 5.9246676, 45.5724469 ], [ 5.924668, 45.5724559 ], [ 5.9247554, 45.5724573 ], [ 5.9247548, 45.5724474 ], [ 5.9247728, 45.5724478 ], [ 5.9247734, 45.5724577 ], [ 5.9248671, 45.5724589 ], [ 5.924873, 45.5724497 ], [ 5.9248911, 45.5724528 ] ] ] } },
{ "type": "Feature", "properties": { "id_bien": "BAT-LA-0008", "nom": "Couvent de la Visitation", "type_bien": "CUL", "quartier": "LA", "adresse": "Rue Burdin", "idu_parcelle": "73065000BI0331", "emprise_m2": 39.2, "nb_etages": null, "hauteur_m": 7.7, "sdp_estimee_m2": null, "usage_bdtopo": "Indifférencié", "nb_locaux": 0, "id_rnb": "H38GD1VN82FN", "cleabs": "BATIMENT0000000219261779", "type_bien_libelle": "Culture et loisirs" }, "geometry": { "type": "Polygon", "coordinates": [ [ [ 5.9245896, 45.5722814 ], [ 5.9245878, 45.5723454 ], [ 5.9245237, 45.572347 ], [ 5.9245187, 45.5722769 ], [ 5.9245265, 45.5722776 ], [ 5.9245896, 45.5722814 ] ] ] } },
{ "type": "Feature", "properties": { "id_bien": "BAT-LA-0009", "nom": null, "type_bien": "AQU", "quartier": "LA", "adresse": "Av De Bassens", "idu_parcelle": "73065000BK0354", "emprise_m2": 142.0, "nb_etages": null, "hauteur_m": 3.0, "sdp_estimee_m2": null, "usage_bdtopo": "Indifférencié", "nb_locaux": 0, "id_rnb": "A3PN8ZAZ97NY", "cleabs": "BATIMENT0000000219261396", "type_bien_libelle": "À qualifier" }, "geometry": { "type": "Polygon", "coordinates": [ [ [ 5.9348245, 45.5720686 ], [ 5.9347592, 45.5720217 ], [ 5.9349363, 45.5719008 ], [ 5.9350029, 45.5719486 ], [ 5.9348245, 45.5720686 ] ] ] } },
{ "type": "Feature", "properties": { "id_bien": "BAT-LA-0010", "nom": "École Élémentaire Simone Veil", "type_bien": "ENS", "quartier": "LA", "adresse": "73 Pl Voltaire", "idu_parcelle": "73065000BK0048", "emprise_m2": 542.4, "nb_etages": null, "hauteur_m": 12.2, "sdp_estimee_m2": null, "usage_bdtopo": "Commercial et services", "nb_locaux": 4, "id_rnb": "WN9YW9Q8CW6B", "cleabs": "BATIMENT0000000219261665", "type_bien_libelle": "Enseignement et petite enfance" }, "geometry": { "type": "Polygon", "coordinates": [ [ [ 5.931144, 45.5716655 ], [ 5.9311528, 45.5717337 ], [ 5.9307332, 45.5717573 ], [ 5.9307402, 45.5718175 ], [ 5.930625, 45.5718232 ], [ 5.9306258, 45.5718376 ], [ 5.9305363, 45.5718426 ], [ 5.9305228, 45.571733 ], [ 5.9306085, 45.5717281 ], [ 5.9306058, 45.5716777 ], [ 5.931142, 45.5716511 ], [ 5.931144, 45.5716655 ] ] ] } },
{ "type": "Feature", "properties": { "id_bien": "BAT-LA-0011", "nom": null, "type_bien": "TEC", "quartier": "LA", "adresse": "Rue Franklin Roosevelt", "idu_parcelle": "73065000BK0350", "emprise_m2": 128.1, "nb_etages": null, "hauteur_m": 6.8, "sdp_estimee_m2": null, "usage_bdtopo": "Indifférencié", "nb_locaux": 0, "id_rnb": "XP8JH52MP4R5", "cleabs": "BATIMENT0000000219261398", "type_bien_libelle": "Technique et logistique" }, "geometry": { "type": "Polygon", "coordinates": [ [ [ 5.935681, 45.5717182 ], [ 5.9356302, 45.5717277 ], [ 5.9355808, 45.5715956 ], [ 5.9356851, 45.5715776 ], [ 5.9357242, 45.5716856 ], [ 5.9357346, 45.5717132 ], [ 5.9356813, 45.5717236 ], [ 5.935681, 45.5717182 ] ] ] } },
{ "type": "Feature", "properties": { "id_bien": "BAT-LA-0012", "nom": "École Élémentaire Simone Veil", "type_bien": "ENS", "quartier": "LA", "adresse": "73 Pl Voltaire", "idu_parcelle": "73065000BK0048", "emprise_m2": 106.3, "nb_etages": 3, "hauteur_m": 11.9, "sdp_estimee_m2": 319.0, "usage_bdtopo": "Résidentiel", "nb_locaux": 4, "id_rnb": "9GQF4DFFJGXB", "cleabs": "BATIMENT0000000219261796", "type_bien_libelle": "Enseignement et petite enfance" }, "geometry": { "type": "Polygon", "coordinates": [ [ [ 5.9313707, 45.5717055 ], [ 5.9312613, 45.5716516 ], [ 5.9313356, 45.5715758 ], [ 5.9314451, 45.5716324 ], [ 5.9313707, 45.5717055 ] ] ] } },
{ "type": "Feature", "properties": { "id_bien": "BAT-LA-0013", "nom": "École Maternelle Simone Veil", "type_bien": "ENS", "quartier": "LA", "adresse": "73 Pl Voltaire", "idu_parcelle": "73065000BK0048", "emprise_m2": 1027.9, "nb_etages": null, "hauteur_m": 8.4, "sdp_estimee_m2": null, "usage_bdtopo": "Commercial et services", "nb_locaux": 4, "id_rnb": "MRVNQNYCZ6YZ", "cleabs": "BATIMENT0000000219261625", "type_bien_libelle": "Enseignement et petite enfance" }, "geometry": { "type": "Polygon", "coordinates": [ [ [ 5.9317609, 45.5715872 ], [ 5.9316999, 45.5715996 ], [ 5.9315761, 45.5715866 ], [ 5.9310411, 45.5713203 ], [ 5.931119, 45.5712399 ], [ 5.9316406, 45.5714966 ], [ 5.93166, 45.5714988 ], [ 5.9316883, 45.5715008 ], [ 5.9317886, 45.571481 ], [ 5.9317813, 45.571465 ], [ 5.9317843, 45.5714478 ], [ 5.9317964, 45.571434 ], [ 5.9318151, 45.5714236 ], [ 5.9318379, 45.5714185 ], [ 5.9318611, 45.5714206 ], [ 5.9318821, 45.571429 ], [ 5.9318969, 45.5714422 ], [ 5.9319029, 45.5714582 ], [ 5.9320463, 45.5714293 ], [ 5.9320834, 45.5715229 ], [ 5.93194, 45.5715537 ], [ 5.9319532, 45.571584 ], [ 5.9318363, 45.5716059 ], [ 5.9318218, 45.5715748 ], [ 5.9317609, 45.5715872 ] ] ] } },
{ "type": "Feature", "properties": { "id_bien": "BAT-LA-0014", "nom": null, "type_bien": "LOG", "quartier": "LA", "adresse": "266 Che Des Moulins", "idu_parcelle": "73065000BK0227", "emprise_m2": 783.8, "nb_etages": 5, "hauteur_m": 16.1, "sdp_estimee_m2": 3919.0, "usage_bdtopo": "Résidentiel", "nb_locaux": 3, "id_rnb": "P7XZMRGZHTHF", "cleabs": "BATIMENT0000000219261738", "type_bien_libelle": "Logement" }, "geometry": { "type": "Polygon", "coordinates": [ [ [ 5.9290262, 45.5711386 ], [ 5.9288159, 45.5711413 ], [ 5.9288121, 45.5710459 ], [ 5.9285979, 45.571047 ], [ 5.9285988, 45.5711119 ], [ 5.9283873, 45.5711147 ], [ 5.9283856, 45.5709615 ], [ 5.9290215, 45.570954 ], [ 5.9290262, 45.5711386 ] ] ] } },
{ "type": "Feature", "properties": { "id_bien": "BAT-LA-0015", "nom": "Centre de Secours Principal de Chambéry", "type_bien": "ADM", "quartier": "LA", "adresse": "Av De Turin", "idu_parcelle": "73065000BK0318", "emprise_m2": 235.7, "nb_etages": null, "hauteur_m": 28.7, "sdp_estimee_m2": null, "usage_bdtopo": "Commercial et services", "nb_locaux": 0, "id_rnb": "K5W1R417XT98", "cleabs": "BATIMENT0000000219261631", "type_bien_libelle": "Administration" }, "geometry": { "type": "Polygon", "coordinates": [ [ [ 5.9358904, 45.5707783 ], [ 5.9359892, 45.5708028 ], [ 5.9359588, 45.5708594 ], [ 5.9359635, 45.5708746 ], [ 5.9359482, 45.5708759 ], [ 5.9359542, 45.5708929 ], [ 5.9359389, 45.5708942 ], [ 5.9359333, 45.5709106 ], [ 5.935889, 45.5709216 ], [ 5.9358829, 45.5709038 ], [ 5.9358535, 45.5709063 ], [ 5.9358464, 45.570893 ], [ 5.9358196, 45.5708955 ], [ 5.9358114, 45.5708858 ], [ 5.9357795, 45.5708885 ], [ 5.9357785, 45.5708696 ], [ 5.9357226, 45.5708566 ], [ 5.9357811, 45.5707505 ], [ 5.9358904, 45.5707783 ] ] ] } },
{ "type": "Feature", "properties": { "id_bien": "BAT-LA-0016", "nom": "Centre de Secours Principal de Chambéry", "type_bien": "ADM", "quartier": "LA", "adresse": "141 Rue Franklin Roosevelt", "idu_parcelle": "73065000BK0317", "emprise_m2": 126.9, "nb_etages": 10, "hauteur_m": 28.7, "sdp_estimee_m2": 1269.0, "usage_bdtopo": "Résidentiel", "nb_locaux": 47, "id_rnb": "EXMMQP77ZQW6", "cleabs": "BATIMENT0000000219261630", "type_bien_libelle": "Administration" }, "geometry": { "type": "Polygon", "coordinates": [ [ [ 5.9359616, 45.5706458 ], [ 5.9360579, 45.5706712 ], [ 5.9359892, 45.5708028 ], [ 5.9358904, 45.5707783 ], [ 5.9359616, 45.5706458 ] ] ] } },
{ "type": "Feature", "properties": { "id_bien": "BAT-LA-0017", "nom": "Centre de Secours Principal de Chambéry", "type_bien": "ADM", "quartier": "LA", "adresse": "Av De Turin", "idu_parcelle": "73065000BK0316", "emprise_m2": 199.8, "nb_etages": null, "hauteur_m": 28.7, "sdp_estimee_m2": null, "usage_bdtopo": "Commercial et services", "nb_locaux": 0, "id_rnb": "WCJKXNMKR1MT", "cleabs": "BATIMENT0000000219261628", "type_bien_libelle": "Administration" }, "geometry": { "type": "Polygon", "coordinates": [ [ [ 5.9359558, 45.5706333 ], [ 5.9359895, 45.5705667 ], [ 5.9362627, 45.570637 ], [ 5.9362569, 45.5706498 ], [ 5.936229, 45.5707046 ], [ 5.9361601, 45.5706875 ], [ 5.9361568, 45.5706966 ], [ 5.9360579, 45.5706712 ], [ 5.9359616, 45.5706458 ], [ 5.9359512, 45.5706434 ], [ 5.9359558, 45.5706333 ] ] ] } },
{ "type": "Feature", "properties": { "id_bien": "BAT-LA-0018", "nom": "Centre de Secours Principal de Chambéry", "type_bien": "ADM", "quartier": "LA", "adresse": "563 Av De Turin", "idu_parcelle": "73065000BK0351", "emprise_m2": 1814.4, "nb_etages": null, "hauteur_m": 7.5, "sdp_estimee_m2": null, "usage_bdtopo": "Commercial et services", "nb_locaux": 5, "id_rnb": "Q4V6HPACB8PV", "cleabs": "BATIMENT0000000219262036", "type_bien_libelle": "Administration" }, "geometry": { "type": "Polygon", "coordinates": [ [ [ 5.9355006, 45.5705155 ], [ 5.9354978, 45.5704398 ], [ 5.935502, 45.5703496 ], [ 5.9357166, 45.5703548 ], [ 5.9357178, 45.5703782 ], [ 5.935814, 45.5703775 ], [ 5.935814, 45.5704028 ], [ 5.9359102, 45.5704012 ], [ 5.9359115, 45.5704263 ], [ 5.9360076, 45.5704247 ], [ 5.9360076, 45.5704482 ], [ 5.9361051, 45.5704483 ], [ 5.9361051, 45.5704718 ], [ 5.9361974, 45.5704711 ], [ 5.9362, 45.5704945 ], [ 5.9362807, 45.5704933 ], [ 5.936296, 45.5704668 ], [ 5.9363576, 45.5704669 ], [ 5.9363965, 45.5704758 ], [ 5.9364363, 45.5704991 ], [ 5.9364127, 45.5705385 ], [ 5.9365921, 45.5705834 ], [ 5.9367416, 45.57062 ], [ 5.9366865, 45.5707188 ], [ 5.9366656, 45.570759 ], [ 5.9365172, 45.5707187 ], [ 5.9362569, 45.5706498 ], [ 5.9362627, 45.570637 ], [ 5.9359895, 45.5705667 ], [ 5.9359558, 45.5706333 ], [ 5.9355006, 45.5705155 ] ] ] } },
{ "type": "Feature", "properties": { "id_bien": "BAT-LA-0019", "nom": null, "type_bien": "ANX", "quartier": "LA", "adresse": "315 Che Des Moulins", "idu_parcelle": "73065000BR0086", "emprise_m2": 83.1, "nb_etages": 2, "hauteur_m": 7.2, "sdp_estimee_m2": 166.0, "usage_bdtopo": "Annexe", "nb_locaux": 6, "id_rnb": "QBH5JYFXBYEQ", "cleabs": "BATIMENT0000000219261795", "type_bien_libelle": "Annexe" }, "geometry": { "type": "Polygon", "coordinates": [ [ [ 5.9283358, 45.5706754 ], [ 5.9283307, 45.5707007 ], [ 5.9283244, 45.5707261 ], [ 5.9282873, 45.570728 ], [ 5.9282894, 45.5707433 ], [ 5.9281791, 45.5707452 ], [ 5.9281794, 45.5706767 ], [ 5.9283358, 45.5706754 ] ] ] } },
{ "type": "Feature", "properties": { "id_bien": "BAT-LA-0020", "nom": null, "type_bien": "LOG", "quartier": "LA", "adresse": "283 Che Des Moulins", "idu_parcelle": "73065000BR0273", "emprise_m2": 88.8, "nb_etages": 3, "hauteur_m": 8.1, "sdp_estimee_m2": 266.0, "usage_bdtopo": "Résidentiel", "nb_locaux": 6, "id_rnb": "2K84DDM2E5F6", "cleabs": "BATIMENT0000000219261756", "type_bien_libelle": "Logement" }, "geometry": { "type": "Polygon", "coordinates": [ [ [ 5.9287192, 45.5706699 ], [ 5.9287234, 45.5707509 ], [ 5.9285965, 45.5707533 ], [ 5.9285948, 45.5706713 ], [ 5.9287192, 45.5706699 ] ] ] } },
{ "type": "Feature", "properties": { "id_bien": "BAT-LA-0021", "nom": null, "type_bien": "AQU", "quartier": "LA", "adresse": "Che Des Moulins", "idu_parcelle": "73065000BR0085", "emprise_m2": 64.1, "nb_etages": null, "hauteur_m": 3.4, "sdp_estimee_m2": null, "usage_bdtopo": "Indifférencié", "nb_locaux": 1, "id_rnb": "4P2TTMK3BH5B", "cleabs": "BATIMENT0000002223231927", "type_bien_libelle": "À qualifier" }, "geometry": { "type": "Polygon", "coordinates": [ [ [ 5.9280092, 45.5705397 ], [ 5.9280312, 45.5704229 ], [ 5.9280931, 45.5704285 ], [ 5.9280711, 45.5705462 ], [ 5.9280092, 45.5705397 ] ] ] } },
{ "type": "Feature", "properties": { "id_bien": "BAT-LA-0022", "nom": "Centre de Secours Principal de Chambéry", "type_bien": "ADM", "quartier": "LA", "adresse": "563 Av De Turin", "idu_parcelle": "73065000BK0351", "emprise_m2": 82.0, "nb_etages": null, "hauteur_m": 5.9, "sdp_estimee_m2": null, "usage_bdtopo": "Commercial et services", "nb_locaux": 5, "id_rnb": "MDH3CJMFGRTB", "cleabs": "BATIMENT0000002331804711", "type_bien_libelle": "Administration" }, "geometry": { "type": "Polygon", "coordinates": [ [ [ 5.9359326, 45.5703159 ], [ 5.9359555, 45.5702639 ], [ 5.9360004, 45.5702645 ], [ 5.9359995, 45.5702709 ], [ 5.9360522, 45.5702722 ], [ 5.9360526, 45.5702794 ], [ 5.936109, 45.5702797 ], [ 5.9360818, 45.5703462 ], [ 5.9359326, 45.5703159 ] ] ] } },
{ "type": "Feature", "properties": { "id_bien": "BAT-LA-0023", "nom": null, "type_bien": "ANX", "quartier": "LA", "adresse": "4 Av De Merande", "idu_parcelle": "73065000BR0289", "emprise_m2": 32.1, "nb_etages": 1, "hauteur_m": 4.5, "sdp_estimee_m2": 32.0, "usage_bdtopo": "Annexe", "nb_locaux": 1, "id_rnb": "PEHSXA47Q95R", "cleabs": "BATIMENT0000000219254842", "type_bien_libelle": "Annexe" }, "geometry": { "type": "Polygon", "coordinates": [ [ [ 5.9256627, 45.5700557 ], [ 5.9257216, 45.5700289 ], [ 5.9257637, 45.5700719 ], [ 5.9257048, 45.5700996 ], [ 5.9256627, 45.5700557 ] ] ] } },
{ "type": "Feature", "properties": { "id_bien": "BAT-LA-0024", "nom": null, "type_bien": "AQU", "quartier": "LA", "adresse": "23 Che Du Glu", "idu_parcelle": "73065000BR0260", "emprise_m2": 110.2, "nb_etages": null, "hauteur_m": 2.7, "sdp_estimee_m2": null, "usage_bdtopo": "Indifférencié", "nb_locaux": 2, "id_rnb": "1Q9HP3BFTPRK", "cleabs": "BATIMENT0000000219254884", "type_bien_libelle": "À qualifier" }, "geometry": { "type": "Polygon", "coordinates": [ [ [ 5.9259442, 45.5696527 ], [ 5.9258815, 45.5696553 ], [ 5.9258664, 45.5694899 ], [ 5.9258633, 45.5694557 ], [ 5.9259317, 45.5694638 ], [ 5.9259442, 45.5696527 ] ] ] } },
{ "type": "Feature", "properties": { "id_bien": "BAT-LA-0025", "nom": null, "type_bien": "ANX", "quartier": "LA", "adresse": "23 Che Du Glu", "idu_parcelle": "73065000BR0400", "emprise_m2": 26.6, "nb_etages": 1, "hauteur_m": 3.3, "sdp_estimee_m2": 27.0, "usage_bdtopo": "Annexe", "nb_locaux": 1, "id_rnb": "HGKFVF8SJE7D/RMBF71BFGAA6", "cleabs": "BATIMENT0000000219254987", "type_bien_libelle": "Annexe" }, "geometry": { "type": "Polygon", "coordinates": [ [ [ 5.9261822, 45.5696159 ], [ 5.9261156, 45.5696177 ], [ 5.9261132, 45.5695718 ], [ 5.9261785, 45.5695692 ], [ 5.9261822, 45.5696159 ] ] ] } },
{ "type": "Feature", "properties": { "id_bien": "BAT-LA-0026", "nom": null, "type_bien": "ANX", "quartier": "LA", "adresse": "43 Che Du Glu", "idu_parcelle": "73065000BR0263", "emprise_m2": 28.0, "nb_etages": 1, "hauteur_m": 3.2, "sdp_estimee_m2": 28.0, "usage_bdtopo": "Annexe", "nb_locaux": 1, "id_rnb": "YZJ3QRRGMSB7", "cleabs": "BATIMENT0000000219254988", "type_bien_libelle": "Annexe" }, "geometry": { "type": "Polygon", "coordinates": [ [ [ 5.9261132, 45.5695718 ], [ 5.9261078, 45.5695178 ], [ 5.9261748, 45.5695251 ], [ 5.9261785, 45.5695692 ], [ 5.9261132, 45.5695718 ] ] ] } },
{ "type": "Feature", "properties": { "id_bien": "BAT-LA-0027", "nom": null, "type_bien": "ANX", "quartier": "LA", "adresse": "23 Che Du Glu", "idu_parcelle": "73065000BR0260", "emprise_m2": 100.9, "nb_etages": 1, "hauteur_m": 3.2, "sdp_estimee_m2": 101.0, "usage_bdtopo": "Annexe", "nb_locaux": 2, "id_rnb": "ASJ8W28EX31D", "cleabs": "BATIMENT0000000219254990", "type_bien_libelle": "Annexe" }, "geometry": { "type": "Polygon", "coordinates": [ [ [ 5.9260362, 45.5694755 ], [ 5.9261059, 45.5694836 ], [ 5.9261078, 45.5695178 ], [ 5.9261132, 45.5695718 ], [ 5.9261156, 45.5696177 ], [ 5.9261171, 45.5696456 ], [ 5.9260479, 45.5696483 ], [ 5.9260362, 45.5694755 ] ] ] } },
{ "type": "Feature", "properties": { "id_bien": "BAT-LA-0028", "nom": null, "type_bien": "ANX", "quartier": "LA", "adresse": "43 Che Du Glu", "idu_parcelle": "73065000BR0270", "emprise_m2": 21.1, "nb_etages": 1, "hauteur_m": 3.3, "sdp_estimee_m2": 21.0, "usage_bdtopo": "Annexe", "nb_locaux": 1, "id_rnb": "3VXRWC6592JZ", "cleabs": "BATIMENT0000000219254850", "type_bien_libelle": "Annexe" }, "geometry": { "type": "Polygon", "coordinates": [ [ [ 5.9262802, 45.5695034 ], [ 5.9263551, 45.5695123 ], [ 5.9263555, 45.5695456 ], [ 5.9262832, 45.5695367 ], [ 5.9262802, 45.5695034 ] ] ] } },
{ "type": "Feature", "properties": { "id_bien": "BAT-LA-0029", "nom": null, "type_bien": "ANX", "quartier": "LA", "adresse": "43 Che Du Glu", "idu_parcelle": "73065000BR0269", "emprise_m2": 15.0, "nb_etages": 1, "hauteur_m": 3.3, "sdp_estimee_m2": 15.0, "usage_bdtopo": "Annexe", "nb_locaux": 1, "id_rnb": "QRVG28QWNHWR", "cleabs": "BATIMENT0000000219254851", "type_bien_libelle": "Annexe" }, "geometry": { "type": "Polygon", "coordinates": [ [ [ 5.9262832, 45.5695367 ], [ 5.9263555, 45.5695456 ], [ 5.9263578, 45.5695636 ], [ 5.9262848, 45.5695664 ], [ 5.9262832, 45.5695367 ] ] ] } },
{ "type": "Feature", "properties": { "id_bien": "BAT-LA-0030", "nom": null, "type_bien": "ANX", "quartier": "LA", "adresse": "43 Che Du Glu", "idu_parcelle": "73065000BR0268", "emprise_m2": 15.1, "nb_etages": 1, "hauteur_m": 3.4, "sdp_estimee_m2": 15.0, "usage_bdtopo": "Annexe", "nb_locaux": 1, "id_rnb": "8TTFR44WKR3G", "cleabs": "BATIMENT0000000219254852", "type_bien_libelle": "Annexe" }, "geometry": { "type": "Polygon", "coordinates": [ [ [ 5.9263578, 45.5695636 ], [ 5.9263572, 45.5695762 ], [ 5.9263578, 45.5695879 ], [ 5.9262874, 45.5695906 ], [ 5.9262848, 45.5695664 ], [ 5.9263578, 45.5695636 ] ] ] } },
{ "type": "Feature", "properties": { "id_bien": "BAT-LA-0031", "nom": null, "type_bien": "ANX", "quartier": "LA", "adresse": "43 Che Du Glu", "idu_parcelle": "73065000BR0264", "emprise_m2": 19.5, "nb_etages": 1, "hauteur_m": 3.2, "sdp_estimee_m2": 20.0, "usage_bdtopo": "Annexe", "nb_locaux": 1, "id_rnb": "9ZBZ65K9NDGR", "cleabs": "BATIMENT0000000219254991", "type_bien_libelle": "Annexe" }, "geometry": { "type": "Polygon", "coordinates": [ [ [ 5.9261078, 45.5695178 ], [ 5.9261059, 45.5694836 ], [ 5.9261731, 45.5694918 ], [ 5.9261748, 45.5695251 ], [ 5.9261078, 45.5695178 ] ] ] } },
{ "type": "Feature", "properties": { "id_bien": "BAT-LA-0032", "nom": null, "type_bien": "AQU", "quartier": "LA", "adresse": "21 Av De Bassens", "idu_parcelle": "73065000BK0435", "emprise_m2": 82.2, "nb_etages": null, "hauteur_m": 3.8, "sdp_estimee_m2": null, "usage_bdtopo": "Indifférencié", "nb_locaux": 0, "id_rnb": "K19R9949DXAP", "cleabs": "BATIMENT0000000219254182", "type_bien_libelle": "À qualifier" }, "geometry": { "type": "Polygon", "coordinates": [ [ [ 5.9303502, 45.5693181 ], [ 5.9303484, 45.5692604 ], [ 5.9303718, 45.5692661 ], [ 5.9305304, 45.5693053 ], [ 5.9305234, 45.5693172 ], [ 5.9305127, 45.5693346 ], [ 5.930501, 45.5693547 ], [ 5.9303502, 45.5693181 ] ] ] } },
{ "type": "Feature", "properties": { "id_bien": "BAT-LA-0033", "nom": null, "type_bien": "AQU", "quartier": "LA", "adresse": "Rue Frederic Chopin", "idu_parcelle": "73065000BL0449", "emprise_m2": 29.3, "nb_etages": null, "hauteur_m": 3.0, "sdp_estimee_m2": null, "usage_bdtopo": "Indifférencié", "nb_locaux": 0, "id_rnb": "Y1872RFRMY3Z", "cleabs": "BATIMENT0000000219256639", "type_bien_libelle": "À qualifier" }, "geometry": { "type": "Polygon", "coordinates": [ [ [ 5.939648, 45.5690545 ], [ 5.9396052, 45.5690466 ], [ 5.9396437, 45.5689735 ], [ 5.9396854, 45.5689859 ], [ 5.939648, 45.5690545 ] ] ] } },
{ "type": "Feature", "properties": { "id_bien": "BAT-LA-0034", "nom": null, "type_bien": "LOG", "quartier": "LA", "adresse": "54 Fg Nezin", "idu_parcelle": "73065000BR0047", "emprise_m2": 32.8, "nb_etages": 2, "hauteur_m": 6.2, "sdp_estimee_m2": 66.0, "usage_bdtopo": "Résidentiel", "nb_locaux": 2, "id_rnb": "FS9Y3Y1S6J54", "cleabs": "BATIMENT0000000219254360", "type_bien_libelle": "Logement" }, "geometry": { "type": "Polygon", "coordinates": [ [ [ 5.9253353, 45.5693208 ], [ 5.9253457, 45.5692755 ], [ 5.9254233, 45.569287 ], [ 5.9254175, 45.5693223 ], [ 5.9254265, 45.5693238 ], [ 5.9254258, 45.5693337 ], [ 5.9253353, 45.5693208 ] ] ] } },
{ "type": "Feature", "properties": { "id_bien": "BAT-LA-0035", "nom": null, "type_bien": "LOG", "quartier": "LA", "adresse": "53 Fg Nezin", "idu_parcelle": "73065000BR0051", "emprise_m2": 43.3, "nb_etages": 3, "hauteur_m": 9.6, "sdp_estimee_m2": 130.0, "usage_bdtopo": "Résidentiel", "nb_locaux": 6, "id_rnb": "HWVQKEX1QYKK", "cleabs": "BATIMENT0000000219254352", "type_bien_libelle": "Logement" }, "geometry": { "type": "Polygon", "coordinates": [ [ [ 5.9256562, 45.5692512 ], [ 5.925726, 45.5692619 ], [ 5.9257027, 45.5693292 ], [ 5.9256343, 45.569322 ], [ 5.9256408, 45.5692993 ], [ 5.9256562, 45.5692512 ] ] ] } },
{ "type": "Feature", "properties": { "id_bien": "BAT-LA-0036", "nom": null, "type_bien": "LOG", "quartier": "LA", "adresse": "46 Fg Nezin", "idu_parcelle": "73065000BR0056", "emprise_m2": 66.9, "nb_etages": 3, "hauteur_m": 9.5, "sdp_estimee_m2": 201.0, "usage_bdtopo": "Résidentiel", "nb_locaux": 2, "id_rnb": "KKMMSVHS441H", "cleabs": "BATIMENT0000000219254346", "type_bien_libelle": "Logement" }, "geometry": { "type": "Polygon", "coordinates": [ [ [ 5.9255064, 45.5692578 ], [ 5.9254613, 45.5692535 ], [ 5.9254623, 45.5692472 ], [ 5.9254287, 45.5692436 ], [ 5.9254343, 45.5691542 ], [ 5.9255193, 45.569161 ], [ 5.9255064, 45.5692578 ] ] ] } },
{ "type": "Feature", "properties": { "id_bien": "BAT-LA-0037", "nom": null, "type_bien": "LOG", "quartier": "LA", "adresse": "46 Fg Nezin", "idu_parcelle": "73065000BR0057", "emprise_m2": 52.5, "nb_etages": 1, "hauteur_m": 9.0, "sdp_estimee_m2": 52.0, "usage_bdtopo": "Résidentiel", "nb_locaux": 3, "id_rnb": "VT1RBCQA9H4S", "cleabs": "BATIMENT0000000219254347", "type_bien_libelle": "Logement" }, "geometry": { "type": "Polygon", "coordinates": [ [ [ 5.9254287, 45.5692436 ], [ 5.9254068, 45.5692414 ], [ 5.9254089, 45.5692324 ], [ 5.9253545, 45.5692239 ], [ 5.925362, 45.5691471 ], [ 5.9254343, 45.5691542 ], [ 5.9254287, 45.5692436 ] ] ] } },
{ "type": "Feature", "properties": { "id_bien": "BAT-LA-0038", "nom": null, "type_bien": "LOG", "quartier": "LA", "adresse": "40 Fg Nezin", "idu_parcelle": "73065000BR0061", "emprise_m2": 36.0, "nb_etages": 2, "hauteur_m": 8.0, "sdp_estimee_m2": 72.0, "usage_bdtopo": "Résidentiel", "nb_locaux": 1, "id_rnb": "XB6D1YSZ2EQ3", "cleabs": "BATIMENT0000000219254476", "type_bien_libelle": "Logement" }, "geometry": { "type": "Polygon", "coordinates": [ [ [ 5.925377, 45.5690656 ], [ 5.9254283, 45.5690652 ], [ 5.9254275, 45.5690742 ], [ 5.925478, 45.5690828 ], [ 5.9254709, 45.569119 ], [ 5.9253754, 45.569108 ], [ 5.925377, 45.5690656 ] ] ] } },
{ "type": "Feature", "properties": { "id_bien": "BAT-LA-0039", "nom": null, "type_bien": "LOG", "quartier": "LA", "adresse": "37 Fg Nezin", "idu_parcelle": "73065000BR0065", "emprise_m2": 39.6, "nb_etages": 2, "hauteur_m": 8.1, "sdp_estimee_m2": 79.0, "usage_bdtopo": "Résidentiel", "nb_locaux": 5, "id_rnb": "FDWMP6CD56TN", "cleabs": "BATIMENT0000000219254478", "type_bien_libelle": "Logement" }, "geometry": { "type": "Polygon", "coordinates": [ [ [ 5.9255779, 45.5691297 ], [ 5.9255303, 45.5691256 ], [ 5.9255306, 45.5690346 ], [ 5.9255834, 45.5690377 ], [ 5.9255808, 45.569063 ], [ 5.9255779, 45.5691297 ] ] ] } },
{ "type": "Feature", "properties": { "id_bien": "BAT-LA-0040", "nom": "Collège Saint-François de Sales", "type_bien": "ENS", "quartier": "LA", "adresse": "14 Av Docteur Desfrancois", "idu_parcelle": "73065000BR0458", "emprise_m2": 685.3, "nb_etages": null, "hauteur_m": 5.4, "sdp_estimee_m2": null, "usage_bdtopo": "Commercial et services", "nb_locaux": 0, "id_rnb": "34PE7PDZCZM2", "cleabs": "BATIMENT0000000334734755", "type_bien_libelle": "Enseignement et petite enfance" }, "geometry": { "type": "Polygon", "coordinates": [ [ [ 5.9285845, 45.5692632 ], [ 5.9283233, 45.5692493 ], [ 5.9283516, 45.5689584 ], [ 5.9285304, 45.5689663 ], [ 5.9285362, 45.568931 ], [ 5.9286134, 45.5689344 ], [ 5.9285924, 45.5691693 ], [ 5.9285845, 45.5692632 ] ] ] } },
{ "type": "Feature", "properties": { "id_bien": "BAT-LA-0041", "nom": "Gymnase de Mérande", "type_bien": "CUL", "quartier": "LA", "adresse": "14 Av Docteur Desfrancois", "idu_parcelle": "73065000BR0458", "emprise_m2": 1856.4, "nb_etages": null, "hauteur_m": 9.5, "sdp_estimee_m2": null, "usage_bdtopo": "Commercial et services", "nb_locaux": 0, "id_rnb": "D259ERJKQ16W/Z18VJ5G799VP", "cleabs": "BATIMENT0000000334734757", "type_bien_libelle": "Culture et loisirs" }, "geometry": { "type": "Polygon", "coordinates": [ [ [ 5.9293642, 45.5692573 ], [ 5.9293462, 45.5692559 ], [ 5.9292446, 45.5692514 ], [ 5.9292304, 45.5692499 ], [ 5.929236, 45.5692093 ], [ 5.9286727, 45.5691834 ], [ 5.928692, 45.5689666 ], [ 5.9286808, 45.5689002 ], [ 5.9287555, 45.5689046 ], [ 5.9287698, 45.5688853 ], [ 5.9293926, 45.5689204 ], [ 5.9293991, 45.5689212 ], [ 5.9293642, 45.5692573 ] ] ] } },
{ "type": "Feature", "properties": { "id_bien": "BAT-LA-0042", "nom": null, "type_bien": "LOG", "quartier": "LA", "adresse": "22 Av Docteur Desfrancois", "idu_parcelle": "73065000BR0060", "emprise_m2": 1129.9, "nb_etages": 4, "hauteur_m": 14.0, "sdp_estimee_m2": 4520.0, "usage_bdtopo": "Résidentiel", "nb_locaux": 1, "id_rnb": "DFYM5VWC7X3N", "cleabs": "BATIMENT0000000219254929", "type_bien_libelle": "Logement" }, "geometry": { "type": "Polygon", "coordinates": [ [ [ 5.9249123, 45.5691344 ], [ 5.9249454, 45.5690065 ], [ 5.9249738, 45.5690103 ], [ 5.9249754, 45.5689931 ], [ 5.9249367, 45.5689878 ], [ 5.924928, 45.5690187 ], [ 5.9248699, 45.5690103 ], [ 5.9248772, 45.5689795 ], [ 5.9248049, 45.5689696 ], [ 5.9248345, 45.5688499 ], [ 5.9249958, 45.5688683 ], [ 5.9250036, 45.5688455 ], [ 5.9251896, 45.5688695 ], [ 5.9252527, 45.5688742 ], [ 5.9252642, 45.5688973 ], [ 5.9252669, 45.5689 ], [ 5.92533, 45.5689055 ], [ 5.9253231, 45.5690661 ], [ 5.9252987, 45.5691875 ], [ 5.9251967, 45.5691739 ], [ 5.9249123, 45.5691344 ] ] ] } },
{ "type": "Feature", "properties": { "id_bien": "BAT-LA-0043", "nom": null, "type_bien": "LOG", "quartier": "LA", "adresse": "31 Fg Nezin", "idu_parcelle": "73065000BR0062", "emprise_m2": 18.6, "nb_etages": 3, "hauteur_m": 7.2, "sdp_estimee_m2": 56.0, "usage_bdtopo": "Résidentiel", "nb_locaux": 1, "id_rnb": "C9FB827HHS6T", "cleabs": "BATIMENT0000000219254474", "type_bien_libelle": "Logement" }, "geometry": { "type": "Polygon", "coordinates": [ [ [ 5.9254314, 45.5690263 ], [ 5.9254283, 45.5690652 ], [ 5.925377, 45.5690656 ], [ 5.9253785, 45.5690223 ], [ 5.9254314, 45.5690263 ] ] ] } },
{ "type": "Feature", "properties": { "id_bien": "BAT-LA-0044", "nom": null, "type_bien": "ANX", "quartier": "LA", "adresse": "33 Fg Nezin", "idu_parcelle": "73065000BR0063", "emprise_m2": 23.2, "nb_etages": 1, "hauteur_m": 7.5, "sdp_estimee_m2": 23.0, "usage_bdtopo": "Annexe", "nb_locaux": 1, "id_rnb": "Q7KH89YZVV3G", "cleabs": "BATIMENT0000000219254475", "type_bien_libelle": "Annexe" }, "geometry": { "type": "Polygon", "coordinates": [ [ [ 5.9254868, 45.5690312 ], [ 5.925478, 45.5690828 ], [ 5.9254275, 45.5690742 ], [ 5.9254283, 45.5690652 ], [ 5.9254314, 45.5690263 ], [ 5.9254868, 45.5690312 ] ] ] } },
{ "type": "Feature", "properties": { "id_bien": "BAT-LA-0045", "nom": null, "type_bien": "LOG", "quartier": "LA", "adresse": "35 Fg Nezin", "idu_parcelle": "73065000BR0064", "emprise_m2": 40.2, "nb_etages": 3, "hauteur_m": 8.0, "sdp_estimee_m2": 121.0, "usage_bdtopo": "Résidentiel", "nb_locaux": 3, "id_rnb": "FEVFETBJSHW6", "cleabs": "BATIMENT0000000219254477", "type_bien_libelle": "Logement" }, "geometry": { "type": "Polygon", "coordinates": [ [ [ 5.9255303, 45.5691256 ], [ 5.9254709, 45.569119 ], [ 5.925478, 45.5690828 ], [ 5.9254868, 45.5690312 ], [ 5.9255306, 45.5690346 ], [ 5.9255303, 45.5691256 ] ] ] } },
{ "type": "Feature", "properties": { "id_bien": "BAT-LA-0046", "nom": "Palestre Jacques Lapeyre", "type_bien": "SPO", "quartier": "LA", "adresse": "1 Sq Jacques Lapeyre", "idu_parcelle": "73065000BL0311", "emprise_m2": 2371.0, "nb_etages": 1, "hauteur_m": 8.0, "sdp_estimee_m2": 2371.0, "usage_bdtopo": "Sportif", "nb_locaux": 1, "id_rnb": "B1PVMTWJMTVC", "cleabs": "BATIMENT0000000219254681", "type_bien_libelle": "Sport" }, "geometry": { "type": "Polygon", "coordinates": [ [ [ 5.934505, 45.5686744 ], [ 5.9346119, 45.5684409 ], [ 5.9347237, 45.5684669 ], [ 5.9347731, 45.5683583 ], [ 5.9353209, 45.5684801 ], [ 5.9353071, 45.5685093 ], [ 5.9354226, 45.5685351 ], [ 5.9352876, 45.5688441 ], [ 5.9349657, 45.5687741 ], [ 5.9348216, 45.5687427 ], [ 5.934505, 45.5686744 ] ] ] } },
{ "type": "Feature", "properties": { "id_bien": "BAT-LA-0047", "nom": null, "type_bien": "LOG", "quartier": "LA", "adresse": "21 Av Docteur Desfrancois", "idu_parcelle": "73065000BR0554", "emprise_m2": 521.0, "nb_etages": null, "hauteur_m": 27.6, "sdp_estimee_m2": null, "usage_bdtopo": "Résidentiel", "nb_locaux": 3, "id_rnb": "1V827C1CKJQW", "cleabs": "BATIMENT0000002244135085", "type_bien_libelle": "Logement" }, "geometry": { "type": "Polygon", "coordinates": [ [ [ 5.9259567, 45.5685513 ], [ 5.9259695, 45.5684059 ], [ 5.9263479, 45.5684285 ], [ 5.9263402, 45.5685017 ], [ 5.9263966, 45.5685002 ], [ 5.9264315, 45.5685542 ], [ 5.9263877, 45.5685752 ], [ 5.9263323, 45.5685703 ], [ 5.9259567, 45.5685513 ] ] ] } },
{ "type": "Feature", "properties": { "id_bien": "BAT-LA-0048", "nom": null, "type_bien": "LOG", "quartier": "LA", "adresse": "21 Av Docteur Desfrancois", "idu_parcelle": "73065000BR0554", "emprise_m2": 533.6, "nb_etages": null, "hauteur_m": 6.5, "sdp_estimee_m2": null, "usage_bdtopo": "Résidentiel", "nb_locaux": 3, "id_rnb": null, "cleabs": "BATIMENT0000002493163455", "type_bien_libelle": "Logement" }, "geometry": { "type": "Polygon", "coordinates": [ [ [ 5.9268387, 45.5684184 ], [ 5.9268376, 45.5684455 ], [ 5.9266704, 45.5684381 ], [ 5.9266617, 45.5685654 ], [ 5.9265447, 45.5685603 ], [ 5.9265451, 45.5685432 ], [ 5.9264189, 45.5685347 ], [ 5.9263966, 45.5685002 ], [ 5.9263402, 45.5685017 ], [ 5.9263479, 45.5684285 ], [ 5.9260351, 45.5684096 ], [ 5.9260396, 45.5683734 ], [ 5.9268387, 45.5684184 ] ] ] } },
{ "type": "Feature", "properties": { "id_bien": "BAT-LA-0049", "nom": null, "type_bien": "LOG", "quartier": "LA", "adresse": "21 Av Docteur Desfrancois", "idu_parcelle": "73065000BR0554", "emprise_m2": 445.4, "nb_etages": null, "hauteur_m": 24.2, "sdp_estimee_m2": null, "usage_bdtopo": "Résidentiel", "nb_locaux": 3, "id_rnb": "9HBEAG2RT692", "cleabs": "BATIMENT0000002244135086", "type_bien_libelle": "Logement" }, "geometry": { "type": "Polygon", "coordinates": [ [ [ 5.9266617, 45.5685654 ], [ 5.9266704, 45.5684381 ], [ 5.9270691, 45.5684565 ], [ 5.927058, 45.5685866 ], [ 5.9266617, 45.5685654 ] ] ] } },
{ "type": "Feature", "properties": { "id_bien": "BAT-LA-0050", "nom": null, "type_bien": "COM", "quartier": "LA", "adresse": "350 Quai Charles Ravet", "idu_parcelle": "73065000BR0518", "emprise_m2": 2039.0, "nb_etages": null, "hauteur_m": 25.6, "sdp_estimee_m2": null, "usage_bdtopo": "Commercial et services", "nb_locaux": 0, "id_rnb": "64CG9GM5RGY1/A2P86DYHZPQV/ET24NRHAZZBN/PH6S4RYPNXF7/Y1712D9S22E2", "cleabs": "BATIMENT0000002275890902", "type_bien_libelle": "Commerce et marché" }, "geometry": { "type": "Polygon", "coordinates": [ [ [ 5.9246619, 45.568011 ], [ 5.9246723, 45.5679404 ], [ 5.9247002, 45.5678622 ], [ 5.9247337, 45.5677676 ], [ 5.9247572, 45.5677256 ], [ 5.9247915, 45.5676959 ], [ 5.9248609, 45.5676724 ], [ 5.924899, 45.5676669 ], [ 5.9249596, 45.5676717 ], [ 5.9250301, 45.567695 ], [ 5.9250538, 45.567707 ], [ 5.9250905, 45.5676727 ], [ 5.9251733, 45.5677102 ], [ 5.9252115, 45.5677282 ], [ 5.9251737, 45.5677661 ], [ 5.9253359, 45.5678502 ], [ 5.9253778, 45.5678419 ], [ 5.9254227, 45.5678416 ], [ 5.9254594, 45.5678551 ], [ 5.92549, 45.5678768 ], [ 5.9255048, 45.5679134 ], [ 5.9254976, 45.5679478 ], [ 5.9254845, 45.567968 ], [ 5.9254662, 45.5679847 ], [ 5.9254271, 45.5679983 ], [ 5.9253688, 45.5680106 ], [ 5.9248484, 45.5681179 ], [ 5.9248165, 45.5681196 ], [ 5.9247739, 45.5681144 ], [ 5.9247306, 45.5680975 ], [ 5.9247079, 45.568081 ], [ 5.924681, 45.5680574 ], [ 5.9246655, 45.5680307 ], [ 5.9246619, 45.568011 ] ], [ [ 5.9251198, 45.5679117 ], [ 5.9250381, 45.5678706 ], [ 5.9249209, 45.5678132 ], [ 5.9248674, 45.567966 ], [ 5.9249574, 45.5679465 ], [ 5.9251198, 45.5679117 ] ] ] } },
{ "type": "Feature", "properties": { "id_bien": "BAT-LA-0051", "nom": null, "type_bien": "AQU", "quartier": "LA", "adresse": "350 Quai Charles Ravet", "idu_parcelle": "73065000BR0518", "emprise_m2": 346.3, "nb_etages": null, "hauteur_m": 6.8, "sdp_estimee_m2": null, "usage_bdtopo": "Indifférencié", "nb_locaux": 0, "id_rnb": null, "cleabs": "BATIMENT0000002493163459", "type_bien_libelle": "À qualifier" }, "geometry": { "type": "Polygon", "coordinates": [ [ [ 5.9251853, 45.5676937 ], [ 5.9252782, 45.5677039 ], [ 5.9255074, 45.5677196 ], [ 5.9255277, 45.567765 ], [ 5.9255452, 45.5678051 ], [ 5.9255058, 45.5678115 ], [ 5.9254594, 45.5678551 ], [ 5.9254227, 45.5678416 ], [ 5.9253778, 45.5678419 ], [ 5.9253359, 45.5678502 ], [ 5.9251737, 45.5677661 ], [ 5.9252115, 45.5677282 ], [ 5.9251733, 45.5677102 ], [ 5.9251853, 45.5676937 ] ] ] } },
{ "type": "Feature", "properties": { "id_bien": "BAT-LA-0052", "nom": null, "type_bien": "LOG", "quartier": "LA", "adresse": "41 Che Du Peney", "idu_parcelle": "73065000BL0238", "emprise_m2": 1327.1, "nb_etages": 5, "hauteur_m": 10.0, "sdp_estimee_m2": 6636.0, "usage_bdtopo": "Résidentiel", "nb_locaux": 132, "id_rnb": "PRXDTWBZ6MJZ", "cleabs": "BATIMENT0000000219254127", "type_bien_libelle": "Logement" }, "geometry": { "type": "Polygon", "coordinates": [ [ [ 5.9327336, 45.5671293 ], [ 5.93274, 45.5670796 ], [ 5.9327104, 45.5670777 ], [ 5.9327178, 45.5670243 ], [ 5.9325827, 45.567017 ], [ 5.9325516, 45.5669863 ], [ 5.9326934, 45.5669024 ], [ 5.9327282, 45.5669294 ], [ 5.9327494, 45.566918 ], [ 5.9327656, 45.5669329 ], [ 5.9327912, 45.5669332 ], [ 5.9327943, 45.5669178 ], [ 5.9328316, 45.5669204 ], [ 5.9328972, 45.5669232 ], [ 5.9328976, 45.5669304 ], [ 5.9329272, 45.5669323 ], [ 5.9329252, 45.5669432 ], [ 5.9329522, 45.5669443 ], [ 5.9329759, 45.5669311 ], [ 5.9329933, 45.5669459 ], [ 5.9330191, 45.566948 ], [ 5.9330243, 45.5669244 ], [ 5.93305, 45.5669255 ], [ 5.9330603, 45.5669261 ], [ 5.9330641, 45.5669017 ], [ 5.9330525, 45.5669011 ], [ 5.9330563, 45.5668758 ], [ 5.9330421, 45.5668744 ], [ 5.933046, 45.5668499 ], [ 5.9330279, 45.5668486 ], [ 5.9330204, 45.5668272 ], [ 5.9330331, 45.566825 ], [ 5.9330127, 45.5667778 ], [ 5.9330063, 45.5667789 ], [ 5.932988, 45.5667722 ], [ 5.9329848, 45.5667596 ], [ 5.9329944, 45.5667486 ], [ 5.9329796, 45.5667102 ], [ 5.9330419, 45.5666996 ], [ 5.9330433, 45.5667022 ], [ 5.9331297, 45.5666874 ], [ 5.933152, 45.5667444 ], [ 5.9331444, 45.5667464 ], [ 5.9331577, 45.5667785 ], [ 5.9331653, 45.5668009 ], [ 5.9331525, 45.566803 ], [ 5.9331691, 45.5668485 ], [ 5.9331588, 45.5669209 ], [ 5.9331567, 45.5669308 ], [ 5.9331824, 45.5669545 ], [ 5.9331796, 45.5669744 ], [ 5.933204, 45.5669756 ], [ 5.9332253, 45.566966 ], [ 5.9332575, 45.5669688 ], [ 5.933252, 45.5670338 ], [ 5.9332492, 45.5670546 ], [ 5.9332427, 45.567125 ], [ 5.9332404, 45.5671548 ], [ 5.9327336, 45.5671293 ] ] ] } },
{ "type": "Feature", "properties": { "id_bien": "BAT-LA-0053", "nom": null, "type_bien": "CUL", "quartier": "LA", "adresse": "67 Rue St Francois De Sales", "idu_parcelle": "73065000BM0001", "emprise_m2": 2607.0, "nb_etages": 1, "hauteur_m": 13.8, "sdp_estimee_m2": 2607.0, "usage_bdtopo": "Commercial et services", "nb_locaux": 3, "id_rnb": "FVNZS7Y3P4HN", "cleabs": "BATIMENT0000000219254502", "type_bien_libelle": "Culture et loisirs" }, "geometry": { "type": "Polygon", "coordinates": [ [ [ 5.9250472, 45.5673143 ], [ 5.9250228, 45.5672645 ], [ 5.9250604, 45.5672239 ], [ 5.9250578, 45.5672231 ], [ 5.9250906, 45.5671871 ], [ 5.9250945, 45.5671888 ], [ 5.9250997, 45.5671904 ], [ 5.9250949, 45.5671969 ], [ 5.925123, 45.5671943 ], [ 5.9251946, 45.5671168 ], [ 5.9251696, 45.5671048 ], [ 5.9251657, 45.567104 ], [ 5.9252529, 45.5670062 ], [ 5.9252568, 45.5670079 ], [ 5.9253078, 45.5669516 ], [ 5.9253104, 45.5669525 ], [ 5.9253602, 45.5669737 ], [ 5.925422, 45.5669045 ], [ 5.9253734, 45.5668823 ], [ 5.9253708, 45.5668815 ], [ 5.9254618, 45.5667836 ], [ 5.9254631, 45.5667845 ], [ 5.925513, 45.5668048 ], [ 5.9255748, 45.5667356 ], [ 5.9255249, 45.5667144 ], [ 5.9255248, 45.5667135 ], [ 5.9255829, 45.5666471 ], [ 5.9255855, 45.5666479 ], [ 5.9258878, 45.5667851 ], [ 5.9258284, 45.5668498 ], [ 5.9257641, 45.5668226 ], [ 5.9256877, 45.5669066 ], [ 5.9256969, 45.5669109 ], [ 5.9256947, 45.5669172 ], [ 5.9257022, 45.5669143 ], [ 5.9257076, 45.5669187 ], [ 5.9257001, 45.5669234 ], [ 5.9257076, 45.566943 ], [ 5.9257153, 45.5669437 ], [ 5.9257131, 45.566951 ], [ 5.9257028, 45.5669504 ], [ 5.9256871, 45.5669679 ], [ 5.9256924, 45.5669713 ], [ 5.925685, 45.566977 ], [ 5.9256796, 45.5669726 ], [ 5.9256503, 45.566977 ], [ 5.9256493, 45.5669806 ], [ 5.925639, 45.5669809 ], [ 5.92564, 45.5669754 ], [ 5.9256269, 45.5669695 ], [ 5.9255469, 45.5670589 ], [ 5.92561, 45.5670879 ], [ 5.9255493, 45.5671535 ], [ 5.9254272, 45.567099 ], [ 5.9254234, 45.5671 ], [ 5.9254208, 45.5670992 ], [ 5.9253518, 45.5671775 ], [ 5.9253396, 45.5671905 ], [ 5.9253706, 45.5671933 ], [ 5.9256614, 45.56721 ], [ 5.9256807, 45.5672113 ], [ 5.9258506, 45.5672222 ], [ 5.9258712, 45.5672235 ], [ 5.9259252, 45.5672266 ], [ 5.9259236, 45.5672447 ], [ 5.926073, 45.5672543 ], [ 5.9260623, 45.5673438 ], [ 5.9260575, 45.5673754 ], [ 5.9260577, 45.567379 ], [ 5.9258994, 45.5673687 ], [ 5.9256831, 45.5673545 ], [ 5.9255364, 45.5673458 ], [ 5.9251811, 45.5673226 ], [ 5.9250472, 45.5673143 ] ] ] } },
{ "type": "Feature", "properties": { "id_bien": "BAT-LA-0054", "nom": null, "type_bien": "AQU", "quartier": "LA", "adresse": "311 Fg Montmelian", "idu_parcelle": "73065000BL0304", "emprise_m2": 463.2, "nb_etages": null, "hauteur_m": 13.4, "sdp_estimee_m2": null, "usage_bdtopo": "Indifférencié", "nb_locaux": 1, "id_rnb": "E5995T1VVGMY", "cleabs": "BATIMENT0000000295068121", "type_bien_libelle": "À qualifier" }, "geometry": { "type": "Polygon", "coordinates": [ [ [ 5.9303581, 45.5668227 ], [ 5.9303752, 45.5669512 ], [ 5.9303661, 45.567046 ], [ 5.9301188, 45.5670281 ], [ 5.9301142, 45.5669895 ], [ 5.9301028, 45.5668952 ], [ 5.9300987, 45.5668421 ], [ 5.9303581, 45.5668227 ] ] ] } },
{ "type": "Feature", "properties": { "id_bien": "BAT-LA-0055", "nom": null, "type_bien": "AQU", "quartier": "LA", "adresse": "Fg Montmelian", "idu_parcelle": "73065000BL0232", "emprise_m2": 63.8, "nb_etages": null, "hauteur_m": 2.6, "sdp_estimee_m2": null, "usage_bdtopo": "Indifférencié", "nb_locaux": 0, "id_rnb": "XF4FWCVFA6GJ", "cleabs": "BATIMENT0000000219254125", "type_bien_libelle": "À qualifier" }, "geometry": { "type": "Polygon", "coordinates": [ [ [ 5.9319329, 45.5669078 ], [ 5.9319851, 45.5668758 ], [ 5.9320802, 45.5669517 ], [ 5.9320855, 45.5669552 ], [ 5.932032, 45.5669872 ], [ 5.9319329, 45.5669078 ] ] ] } },
{ "type": "Feature", "properties": { "id_bien": "BAT-LA-0056", "nom": null, "type_bien": "LOG", "quartier": "LA", "adresse": "501 Fg Montmelian", "idu_parcelle": "73065000BL0230", "emprise_m2": 188.1, "nb_etages": 5, "hauteur_m": 13.3, "sdp_estimee_m2": 940.0, "usage_bdtopo": "Résidentiel", "nb_locaux": 28, "id_rnb": "YR7ZMATBX5MP", "cleabs": "BATIMENT0000000219254120", "type_bien_libelle": "Logement" }, "geometry": { "type": "Polygon", "coordinates": [ [ [ 5.9321243, 45.5669857 ], [ 5.9320855, 45.5669552 ], [ 5.9320802, 45.5669517 ], [ 5.9321064, 45.5669375 ], [ 5.9321448, 45.5669122 ], [ 5.9320763, 45.5668545 ], [ 5.9320495, 45.5668318 ], [ 5.9320644, 45.5668233 ], [ 5.9321242, 45.5667884 ], [ 5.9321525, 45.5668147 ], [ 5.9321699, 45.5668043 ], [ 5.9322343, 45.5668576 ], [ 5.9322468, 45.566851 ], [ 5.9322885, 45.5668886 ], [ 5.9321243, 45.5669857 ] ] ] } },
{ "type": "Feature", "properties": { "id_bien": "BAT-LA-0057", "nom": null, "type_bien": "AQU", "quartier": "LA", "adresse": "661 Fg Montmelian", "idu_parcelle": "73065000BL0261", "emprise_m2": 144.2, "nb_etages": null, "hauteur_m": 2.3, "sdp_estimee_m2": null, "usage_bdtopo": "Indifférencié", "nb_locaux": 1, "id_rnb": "X6S9ZYAYPB4M", "cleabs": "BATIMENT0000002328956260", "type_bien_libelle": "À qualifier" }, "geometry": { "type": "Polygon", "coordinates": [ [ [ 5.9342025, 45.5669828 ], [ 5.9342841, 45.566732 ], [ 5.9343463, 45.5667421 ], [ 5.9342659, 45.5669938 ], [ 5.9342025, 45.5669828 ] ] ] } },
{ "type": "Feature", "properties": { "id_bien": "BAT-LA-0058", "nom": null, "type_bien": "AQU", "quartier": "LA", "adresse": "Fg Montmelian", "idu_parcelle": "73065000BL0295", "emprise_m2": 33.3, "nb_etages": null, "hauteur_m": 1.5, "sdp_estimee_m2": null, "usage_bdtopo": "Indifférencié", "nb_locaux": 0, "id_rnb": "M49KC252H9PQ", "cleabs": "BATIMENT0000000219254118", "type_bien_libelle": "À qualifier" }, "geometry": { "type": "Polygon", "coordinates": [ [ [ 5.9322136, 45.5666842 ], [ 5.9321879, 45.5665146 ], [ 5.9322084, 45.5665132 ], [ 5.9322379, 45.5666827 ], [ 5.9322136, 45.5666842 ] ] ] } },
{ "type": "Feature", "properties": { "id_bien": "BAT-LA-0059", "nom": null, "type_bien": "LOG", "quartier": "LA", "adresse": "515 Fg Montmelian", "idu_parcelle": "73065000BL0229", "emprise_m2": 450.8, "nb_etages": 5, "hauteur_m": 11.8, "sdp_estimee_m2": 2254.0, "usage_bdtopo": "Résidentiel", "nb_locaux": 41, "id_rnb": "92QCRTF7RJTV", "cleabs": "BATIMENT0000000219254225", "type_bien_libelle": "Logement" }, "geometry": { "type": "Polygon", "coordinates": [ [ [ 5.9323351, 45.5667739 ], [ 5.9323152, 45.5667618 ], [ 5.9323128, 45.5667402 ], [ 5.9323434, 45.5667376 ], [ 5.9323383, 45.5667134 ], [ 5.9323211, 45.566703 ], [ 5.9323346, 45.5666928 ], [ 5.9323322, 45.5666703 ], [ 5.932315, 45.5666609 ], [ 5.932327, 45.5666461 ], [ 5.9323214, 45.5666129 ], [ 5.9322896, 45.566593 ], [ 5.9322855, 45.5665643 ], [ 5.9323457, 45.5665141 ], [ 5.9323879, 45.5665112 ], [ 5.9324261, 45.5665309 ], [ 5.9324567, 45.5665274 ], [ 5.9324862, 45.5665023 ], [ 5.9325181, 45.5664988 ], [ 5.9325551, 45.5665185 ], [ 5.9325767, 45.5665162 ], [ 5.9325935, 45.5665896 ], [ 5.9325705, 45.5665929 ], [ 5.9325233, 45.5665969 ], [ 5.9325156, 45.566597 ], [ 5.9325079, 45.5665981 ], [ 5.9325003, 45.5665983 ], [ 5.9324926, 45.5665994 ], [ 5.9324837, 45.5665997 ], [ 5.9324773, 45.5666007 ], [ 5.9324709, 45.5666009 ], [ 5.9324325, 45.5666037 ], [ 5.9324347, 45.5666208 ], [ 5.9324456, 45.5667052 ], [ 5.9324599, 45.5667075 ], [ 5.9324693, 45.5667172 ], [ 5.9324674, 45.566729 ], [ 5.9324869, 45.566733 ], [ 5.9324853, 45.566751 ], [ 5.9325026, 45.5667641 ], [ 5.9325232, 45.5667653 ], [ 5.9325241, 45.5667816 ], [ 5.9324407, 45.5668306 ], [ 5.9323867, 45.5668275 ], [ 5.9323884, 45.5667878 ], [ 5.9323588, 45.5667624 ], [ 5.9323351, 45.5667739 ] ] ] } },
{ "type": "Feature", "properties": { "id_bien": "BAT-LA-0060", "nom": null, "type_bien": "LOG", "quartier": "LA", "adresse": "661 Fg Montmelian", "idu_parcelle": "73065000BL0261", "emprise_m2": 261.5, "nb_etages": 4, "hauteur_m": 12.8, "sdp_estimee_m2": 1046.0, "usage_bdtopo": "Résidentiel", "nb_locaux": 1, "id_rnb": "E3B1CT5RCXYW", "cleabs": "BATIMENT0000000219254057", "type_bien_libelle": "Logement" }, "geometry": { "type": "Polygon", "coordinates": [ [ [ 5.934283, 45.5666617 ], [ 5.9342995, 45.5666334 ], [ 5.9342694, 45.5666225 ], [ 5.9343129, 45.5665474 ], [ 5.9343233, 45.5665499 ], [ 5.934334, 45.5665343 ], [ 5.9343467, 45.5665321 ], [ 5.934349, 45.5665276 ], [ 5.9342773, 45.566506 ], [ 5.9342821, 45.5664996 ], [ 5.9342664, 45.5664946 ], [ 5.9342613, 45.5664938 ], [ 5.9343086, 45.5664178 ], [ 5.9343151, 45.5664203 ], [ 5.9343281, 45.5664236 ], [ 5.9344806, 45.5664692 ], [ 5.9344055, 45.5666009 ], [ 5.9343913, 45.5666238 ], [ 5.9343523, 45.5666131 ], [ 5.9343428, 45.5666286 ], [ 5.9343702, 45.5666369 ], [ 5.9343443, 45.56668 ], [ 5.9343078, 45.5666692 ], [ 5.934283, 45.5666617 ] ] ] } },
{ "type": "Feature", "properties": { "id_bien": "BAT-LA-0061", "nom": "Mjc Maison des Jeunes et de la Culture", "type_bien": "CUL", "quartier": "LA", "adresse": "311 Fg Montmelian", "idu_parcelle": "73065000BL0304", "emprise_m2": 530.8, "nb_etages": 1, "hauteur_m": 15.1, "sdp_estimee_m2": 531.0, "usage_bdtopo": "Commercial et services", "nb_locaux": 1, "id_rnb": "NXS3ZA75FAHD", "cleabs": "BATIMENT0000000295068128", "type_bien_libelle": "Culture et loisirs" }, "geometry": { "type": "Polygon", "coordinates": [ [ [ 5.9303023, 45.5665187 ], [ 5.9303035, 45.5665412 ], [ 5.9302945, 45.5665415 ], [ 5.9302779, 45.5665428 ], [ 5.9303099, 45.5667844 ], [ 5.9300761, 45.5668013 ], [ 5.9299637, 45.5668114 ], [ 5.9299512, 45.5667207 ], [ 5.9301034, 45.5667113 ], [ 5.9301019, 45.5667078 ], [ 5.93013, 45.5667052 ], [ 5.9301081, 45.5665337 ], [ 5.9303023, 45.5665187 ] ] ] } },
{ "type": "Feature", "properties": { "id_bien": "BAT-LA-0062", "nom": null, "type_bien": "LOG", "quartier": "LA", "adresse": "521 Fg Montmelian", "idu_parcelle": "73065000BL0226", "emprise_m2": 267.1, "nb_etages": 3, "hauteur_m": 11.5, "sdp_estimee_m2": 801.0, "usage_bdtopo": "Résidentiel", "nb_locaux": 15, "id_rnb": "N5CFCSYY9MQ4", "cleabs": "BATIMENT0000000219254222", "type_bien_libelle": "Logement" }, "geometry": { "type": "Polygon", "coordinates": [ [ [ 5.9325935, 45.5665896 ], [ 5.9325767, 45.5665162 ], [ 5.9325818, 45.5665142 ], [ 5.9326021, 45.5664858 ], [ 5.9326299, 45.5664787 ], [ 5.9326754, 45.5664892 ], [ 5.9327146, 45.5664792 ], [ 5.932726, 45.5664519 ], [ 5.9327602, 45.5664438 ], [ 5.9328084, 45.5664578 ], [ 5.9328214, 45.5664845 ], [ 5.9328364, 45.5665265 ], [ 5.9327728, 45.5666327 ], [ 5.9327544, 45.566626 ], [ 5.9326644, 45.5665977 ], [ 5.9326691, 45.5665885 ], [ 5.932662, 45.5665752 ], [ 5.9326226, 45.5665834 ], [ 5.9325935, 45.5665896 ] ] ] } },
{ "type": "Feature", "properties": { "id_bien": "BAT-LA-0063", "nom": null, "type_bien": "AQU", "quartier": "LA", "adresse": "67 Rue St Francois De Sales", "idu_parcelle": "73065000BM0001", "emprise_m2": 22.7, "nb_etages": null, "hauteur_m": 6.7, "sdp_estimee_m2": null, "usage_bdtopo": "Indifférencié", "nb_locaux": 3, "id_rnb": "BCMH3CABWEA5", "cleabs": "BATIMENT0000000219255137", "type_bien_libelle": "À qualifier" }, "geometry": { "type": "Polygon", "coordinates": [ [ [ 5.925713, 45.5665842 ], [ 5.9257105, 45.5665861 ], [ 5.9257068, 45.566588 ], [ 5.925703, 45.566589 ], [ 5.9257005, 45.56659 ], [ 5.9256954, 45.566591 ], [ 5.9256916, 45.566592 ], [ 5.9256878, 45.5665921 ], [ 5.9256839, 45.5665913 ], [ 5.92568, 45.5665914 ], [ 5.9256748, 45.5665897 ], [ 5.9256696, 45.5665881 ], [ 5.9256656, 45.5665855 ], [ 5.9256616, 45.5665829 ], [ 5.925659, 45.5665811 ], [ 5.9256562, 45.5665776 ], [ 5.9256547, 45.566574 ], [ 5.9256547, 45.5665722 ], [ 5.9256532, 45.5665696 ], [ 5.9256531, 45.5665678 ], [ 5.9256543, 45.5665651 ], [ 5.9256541, 45.5665623 ], [ 5.9256553, 45.5665596 ], [ 5.9256564, 45.5665569 ], [ 5.9256601, 45.5665541 ], [ 5.9256625, 45.5665513 ], [ 5.925665, 45.5665494 ], [ 5.9256687, 45.5665476 ], [ 5.9256738, 45.5665456 ], [ 5.9256776, 45.5665446 ], [ 5.9256814, 45.5665436 ], [ 5.9256865, 45.5665435 ], [ 5.9256916, 45.5665433 ], [ 5.9256955, 45.5665442 ], [ 5.9256994, 45.5665449 ], [ 5.9257046, 45.5665466 ], [ 5.9257098, 45.5665483 ], [ 5.9257125, 45.5665509 ], [ 5.9257139, 45.5665518 ], [ 5.9257165, 45.5665535 ], [ 5.925718, 45.5665562 ], [ 5.9257207, 45.5665597 ], [ 5.9257222, 45.5665633 ], [ 5.9257224, 45.5665669 ], [ 5.9257225, 45.5665696 ], [ 5.9257214, 45.5665732 ], [ 5.9257203, 45.5665759 ], [ 5.9257191, 45.5665787 ], [ 5.9257167, 45.5665814 ], [ 5.925713, 45.5665842 ] ] ] } },
{ "type": "Feature", "properties": { "id_bien": "BAT-LA-0064", "nom": null, "type_bien": "COM", "quartier": "LA", "adresse": "239 Fg Montmelian", "idu_parcelle": "73065000BM0048", "emprise_m2": 101.8, "nb_etages": 3, "hauteur_m": 10.2, "sdp_estimee_m2": 305.0, "usage_bdtopo": "Commercial et services", "nb_locaux": 2, "id_rnb": "68QZXAFQ9JPH", "cleabs": "BATIMENT0000000219254937", "type_bien_libelle": "Commerce et marché" }, "geometry": { "type": "Polygon", "coordinates": [ [ [ 5.9291198, 45.566573 ], [ 5.9290956, 45.5665772 ], [ 5.9290602, 45.5664403 ], [ 5.9290641, 45.5664411 ], [ 5.9290845, 45.5664387 ], [ 5.9290883, 45.5664386 ], [ 5.9291484, 45.5664344 ], [ 5.929167, 45.5664952 ], [ 5.9291696, 45.5664951 ], [ 5.9291743, 45.5665121 ], [ 5.9291705, 45.5665122 ], [ 5.9291834, 45.5665623 ], [ 5.9291198, 45.566573 ] ], [ [ 5.9290914, 45.5665449 ], [ 5.9290963, 45.5665664 ], [ 5.9291155, 45.5665641 ], [ 5.9291105, 45.5665435 ], [ 5.9290914, 45.5665449 ] ] ] } },
{ "type": "Feature", "properties": { "id_bien": "BAT-LA-0065", "nom": null, "type_bien": "AQU", "quartier": "LA", "adresse": "193 Fg Montmelian", "idu_parcelle": "73065000BM0055", "emprise_m2": 25.9, "nb_etages": null, "hauteur_m": 6.9, "sdp_estimee_m2": null, "usage_bdtopo": "Indifférencié", "nb_locaux": 0, "id_rnb": "3J92T1ZC13ES/91QB4K7HFCPH", "cleabs": "BATIMENT0000000219255039", "type_bien_libelle": "À qualifier" }, "geometry": { "type": "Polygon", "coordinates": [ [ [ 5.9282979, 45.5664601 ], [ 5.9282991, 45.5664349 ], [ 5.928303, 45.5664348 ], [ 5.9283041, 45.5664311 ], [ 5.9284019, 45.5664376 ], [ 5.9284034, 45.5664655 ], [ 5.9283713, 45.5664645 ], [ 5.9283339, 45.5664619 ], [ 5.9282979, 45.5664601 ] ] ] } },
{ "type": "Feature", "properties": { "id_bien": "BAT-LA-0066", "nom": null, "type_bien": "LOG", "quartier": "LA", "adresse": "105 Fg Montmelian", "idu_parcelle": "73065000BM0071", "emprise_m2": 113.8, "nb_etages": 4, "hauteur_m": 9.2, "sdp_estimee_m2": 455.0, "usage_bdtopo": "Résidentiel", "nb_locaux": 1, "id_rnb": "HWYHND2Q765K", "cleabs": "BATIMENT0000000219254532", "type_bien_libelle": "Logement" }, "geometry": { "type": "Polygon", "coordinates": [ [ [ 5.9272509, 45.5662865 ], [ 5.9273286, 45.5662998 ], [ 5.9273287, 45.5663025 ], [ 5.9273173, 45.5664505 ], [ 5.9273128, 45.5664642 ], [ 5.9273078, 45.5664652 ], [ 5.9273075, 45.5664598 ], [ 5.9272806, 45.5664614 ], [ 5.9272802, 45.5664533 ], [ 5.9272369, 45.566459 ], [ 5.9272509, 45.5662865 ] ] ] } },
{ "type": "Feature", "properties": { "id_bien": "BAT-LA-0067", "nom": null, "type_bien": "LOG", "quartier": "LA", "adresse": "141 Fg Montmelian", "idu_parcelle": "73065000BM0062", "emprise_m2": 60.1, "nb_etages": 3, "hauteur_m": 8.4, "sdp_estimee_m2": 180.0, "usage_bdtopo": "Résidentiel", "nb_locaux": 1, "id_rnb": "JN5FSXFATCRZ/YNGJ74C42SMK", "cleabs": "BATIMENT0000000219255044", "type_bien_libelle": "Logement" }, "geometry": { "type": "Polygon", "coordinates": [ [ [ 5.9278858, 45.5664303 ], [ 5.9278538, 45.5664321 ], [ 5.9278541, 45.5664384 ], [ 5.9278171, 45.5664402 ], [ 5.9278268, 45.5663337 ], [ 5.9278976, 45.5663381 ], [ 5.9278858, 45.5664303 ] ] ] } },
{ "type": "Feature", "properties": { "id_bien": "BAT-LA-0068", "nom": null, "type_bien": "LOG", "quartier": "LA", "adresse": "161 Fg Montmelian", "idu_parcelle": "73065000BM0060", "emprise_m2": 71.3, "nb_etages": 5, "hauteur_m": 14.6, "sdp_estimee_m2": 356.0, "usage_bdtopo": "Résidentiel", "nb_locaux": 1, "id_rnb": "M7HR286E4J8X/YSGYE8D54821", "cleabs": "BATIMENT0000000219255042", "type_bien_libelle": "Logement" }, "geometry": { "type": "Polygon", "coordinates": [ [ [ 5.9280546, 45.5663466 ], [ 5.9280532, 45.566417 ], [ 5.9280418, 45.5664443 ], [ 5.9280096, 45.5664433 ], [ 5.9279621, 45.566441 ], [ 5.9279616, 45.566432 ], [ 5.9279654, 45.5664319 ], [ 5.9279748, 45.5663415 ], [ 5.9280546, 45.5663466 ] ] ] } },
{ "type": "Feature", "properties": { "id_bien": "BAT-LA-0069", "nom": null, "type_bien": "LOG", "quartier": "LA", "adresse": "31 Fg Montmelian", "idu_parcelle": "73065000BM0104", "emprise_m2": 347.3, "nb_etages": 4, "hauteur_m": 10.2, "sdp_estimee_m2": 1389.0, "usage_bdtopo": "Résidentiel", "nb_locaux": 1, "id_rnb": "E8B6YF6TBYEM", "cleabs": "BATIMENT0000000219254468", "type_bien_libelle": "Logement" }, "geometry": { "type": "Polygon", "coordinates": [ [ [ 5.92622, 45.5664674 ], [ 5.9262311, 45.5664104 ], [ 5.9262469, 45.5663207 ], [ 5.9262508, 45.5663215 ], [ 5.9262867, 45.5661503 ], [ 5.9263628, 45.5661591 ], [ 5.9263627, 45.5661573 ], [ 5.9263743, 45.5661579 ], [ 5.9263833, 45.5661577 ], [ 5.9263834, 45.5661595 ], [ 5.9264232, 45.5661612 ], [ 5.9264244, 45.5661584 ], [ 5.9264282, 45.5661583 ], [ 5.9264176, 45.5662244 ], [ 5.9264069, 45.5662904 ], [ 5.926404, 45.5663067 ], [ 5.9264013, 45.5663059 ], [ 5.9263936, 45.5663052 ], [ 5.9263563, 45.5663026 ], [ 5.9262982, 45.5662969 ], [ 5.9262906, 45.5663466 ], [ 5.9262774, 45.5663641 ], [ 5.9263714, 45.5663698 ], [ 5.9263735, 45.5663625 ], [ 5.9263916, 45.5663638 ], [ 5.9263954, 45.5663637 ], [ 5.9263791, 45.5664669 ], [ 5.92622, 45.5664674 ] ] ] } },
{ "type": "Feature", "properties": { "id_bien": "BAT-LA-0070", "nom": null, "type_bien": "LOG", "quartier": "LA", "adresse": "Fg Montmelian", "idu_parcelle": "73065000BM0074", "emprise_m2": 129.9, "nb_etages": 4, "hauteur_m": 9.5, "sdp_estimee_m2": 520.0, "usage_bdtopo": "Résidentiel", "nb_locaux": 1, "id_rnb": "KKJS2TNK3BP4", "cleabs": "BATIMENT0000000219254529", "type_bien_libelle": "Logement" }, "geometry": { "type": "Polygon", "coordinates": [ [ [ 5.9271212, 45.566261 ], [ 5.9271886, 45.5662728 ], [ 5.9271887, 45.5662755 ], [ 5.9271714, 45.566385 ], [ 5.9271635, 45.566478 ], [ 5.927097, 45.5664824 ], [ 5.9270972, 45.566486 ], [ 5.9270921, 45.5664861 ], [ 5.9270992, 45.5664022 ], [ 5.9271212, 45.566261 ] ] ] } },
{ "type": "Feature", "properties": { "id_bien": "BAT-LA-0071", "nom": null, "type_bien": "LOG", "quartier": "LA", "adresse": "44 Pl D Italie", "idu_parcelle": "73065000BM0097", "emprise_m2": 133.5, "nb_etages": 4, "hauteur_m": 13.3, "sdp_estimee_m2": 534.0, "usage_bdtopo": "Résidentiel", "nb_locaux": 1, "id_rnb": "4QT4EV1ARXY6", "cleabs": "BATIMENT0000000219254465", "type_bien_libelle": "Logement" }, "geometry": { "type": "Polygon", "coordinates": [ [ [ 5.9260476, 45.5661412 ], [ 5.9260497, 45.5662799 ], [ 5.9260523, 45.5662799 ], [ 5.9260483, 45.5663016 ], [ 5.9260858, 45.566306 ], [ 5.9260809, 45.566335 ], [ 5.9260361, 45.566337 ], [ 5.9260364, 45.5663433 ], [ 5.9259724, 45.5663459 ], [ 5.9259777, 45.5662277 ], [ 5.9259805, 45.5661592 ], [ 5.9260192, 45.5661383 ], [ 5.9260424, 45.5661404 ], [ 5.9260476, 45.5661412 ] ] ] } },
{ "type": "Feature", "properties": { "id_bien": "BAT-LA-0072", "nom": "Collège Jules Ferry", "type_bien": "ENS", "quartier": "LA", "adresse": "8 Rue Jules Ferry", "idu_parcelle": "73065000CX0094", "emprise_m2": 156.2, "nb_etages": null, "hauteur_m": 4.6, "sdp_estimee_m2": null, "usage_bdtopo": "Commercial et services", "nb_locaux": 0, "id_rnb": "NS8KSVAXRC7N", "cleabs": "BATIMENT0000000219255210", "type_bien_libelle": "Enseignement et petite enfance" }, "geometry": { "type": "Polygon", "coordinates": [ [ [ 5.9286358, 45.5662017 ], [ 5.9286366, 45.5661936 ], [ 5.9286369, 45.5661756 ], [ 5.9286372, 45.5661557 ], [ 5.9286376, 45.5661161 ], [ 5.9286388, 45.5661133 ], [ 5.9286657, 45.5661135 ], [ 5.9287312, 45.5661136 ], [ 5.9287735, 45.5661134 ], [ 5.9287766, 45.5662449 ], [ 5.928656, 45.5662445 ], [ 5.9286393, 45.566244 ], [ 5.9286383, 45.5662017 ], [ 5.9286358, 45.5662017 ] ] ] } },
{ "type": "Feature", "properties": { "id_bien": "BAT-LA-0073", "nom": null, "type_bien": "LOG", "quartier": "LA", "adresse": "614 Fg Montmelian", "idu_parcelle": "73065000CY0028", "emprise_m2": 161.3, "nb_etages": 3, "hauteur_m": 11.6, "sdp_estimee_m2": 484.0, "usage_bdtopo": "Résidentiel", "nb_locaux": 1, "id_rnb": "C3KCRQAZAJQ9", "cleabs": "BATIMENT0000000219254757", "type_bien_libelle": "Logement" }, "geometry": { "type": "Polygon", "coordinates": [ [ [ 5.9337255, 45.5660419 ], [ 5.9339132, 45.5660262 ], [ 5.9339558, 45.5661035 ], [ 5.9339413, 45.566121 ], [ 5.933735, 45.5661246 ], [ 5.9337255, 45.5660419 ] ] ] } },
{ "type": "Feature", "properties": { "id_bien": "BAT-LA-0074", "nom": "Collège Jules Ferry", "type_bien": "ENS", "quartier": "LA", "adresse": "8 Rue Jules Ferry", "idu_parcelle": "73065000CX0094", "emprise_m2": 1150.3, "nb_etages": null, "hauteur_m": 4.6, "sdp_estimee_m2": null, "usage_bdtopo": "Sportif", "nb_locaux": 0, "id_rnb": "KRJQ2CMN1ZKK", "cleabs": "BATIMENT0000000219255211", "type_bien_libelle": "Enseignement et petite enfance" }, "geometry": { "type": "Polygon", "coordinates": [ [ [ 5.9287312, 45.5661136 ], [ 5.9287345, 45.5660063 ], [ 5.928918, 45.566007 ], [ 5.9289173, 45.5660196 ], [ 5.9289404, 45.566019 ], [ 5.9289411, 45.5660082 ], [ 5.9292029, 45.5660094 ], [ 5.9292035, 45.5660211 ], [ 5.9292253, 45.5660215 ], [ 5.929226, 45.5660088 ], [ 5.9293581, 45.566009 ], [ 5.9293565, 45.5661253 ], [ 5.9292719, 45.5661248 ], [ 5.9292695, 45.5662492 ], [ 5.9291744, 45.5662481 ], [ 5.9291747, 45.5662526 ], [ 5.9291682, 45.5662518 ], [ 5.929168, 45.5662482 ], [ 5.928783, 45.5662457 ], [ 5.9287819, 45.5662484 ], [ 5.9287768, 45.5662485 ], [ 5.9287766, 45.5662449 ], [ 5.9287735, 45.5661134 ], [ 5.9287312, 45.5661136 ] ] ] } },
{ "type": "Feature", "properties": { "id_bien": "BAT-LA-0075", "nom": "Collège Jules Ferry", "type_bien": "ENS", "quartier": "LA", "adresse": "4 Rue Jules Ferry", "idu_parcelle": "73065000CX0029", "emprise_m2": 27.4, "nb_etages": 1, "hauteur_m": 4.0, "sdp_estimee_m2": 27.0, "usage_bdtopo": "Commercial et services", "nb_locaux": 0, "id_rnb": "581RT9M5QZX9", "cleabs": "BATIMENT0000000219254088", "type_bien_libelle": "Enseignement et petite enfance" }, "geometry": { "type": "Polygon", "coordinates": [ [ [ 5.9294049, 45.5661168 ], [ 5.9294057, 45.5660843 ], [ 5.9294994, 45.5660846 ], [ 5.9295037, 45.5661178 ], [ 5.9294049, 45.5661168 ] ] ] } },
{ "type": "Feature", "properties": { "id_bien": "BAT-LA-0076", "nom": "Piscine Buisson Rond", "type_bien": "SPO", "quartier": "LA", "adresse": "29 Rue Henri Oreiller", "idu_parcelle": "73065000CY0073", "emprise_m2": 3857.3, "nb_etages": 1, "hauteur_m": 9.7, "sdp_estimee_m2": 3857.0, "usage_bdtopo": "Sportif", "nb_locaux": 1, "id_rnb": "N57VZD8VBPX7", "cleabs": "BATIMENT0000000219256493", "type_bien_libelle": "Sport" }, "geometry": { "type": "Polygon", "coordinates": [ [ [ 5.9374304, 45.56529 ], [ 5.9374417, 45.5653105 ], [ 5.93773, 45.5657625 ], [ 5.9374227, 45.565848 ], [ 5.937403, 45.5658143 ], [ 5.936986, 45.5659333 ], [ 5.9370324, 45.5660114 ], [ 5.936967, 45.5660113 ], [ 5.9369291, 45.5659492 ], [ 5.9368469, 45.565973 ], [ 5.936636, 45.5655992 ], [ 5.9366536, 45.5655933 ], [ 5.9366043, 45.565509 ], [ 5.9367014, 45.5654785 ], [ 5.9367183, 45.5655069 ], [ 5.9373164, 45.5653426 ], [ 5.9373078, 45.5653257 ], [ 5.9374304, 45.56529 ] ] ] } },
{ "type": "Feature", "properties": { "id_bien": "BAT-LA-0077", "nom": "Piscine Buisson Rond", "type_bien": "SPO", "quartier": "LA", "adresse": "Rue Sainte - Rose", "idu_parcelle": "73065000CY0151", "emprise_m2": 592.8, "nb_etages": null, "hauteur_m": 1.8, "sdp_estimee_m2": null, "usage_bdtopo": "Sportif", "nb_locaux": 0, "id_rnb": "A984EC4B3QP5", "cleabs": "BATIMENT0000000219256678", "type_bien_libelle": "Sport" }, "geometry": { "type": "Polygon", "coordinates": [ [ [ 5.9374417, 45.5653105 ], [ 5.9374304, 45.56529 ], [ 5.9374672, 45.5652828 ], [ 5.9374797, 45.5653005 ], [ 5.9375795, 45.5652708 ], [ 5.937845, 45.5657298 ], [ 5.93773, 45.5657625 ], [ 5.9374417, 45.5653105 ] ] ] } },
{ "type": "Feature", "properties": { "id_bien": "BAT-LA-0078", "nom": null, "type_bien": "COM", "quartier": "LA", "adresse": "7 Rue Du Chardonnet", "idu_parcelle": "73065000CX0035", "emprise_m2": 494.0, "nb_etages": 1, "hauteur_m": 10.9, "sdp_estimee_m2": 494.0, "usage_bdtopo": "Commercial et services", "nb_locaux": 1, "id_rnb": "3E8GCRF1NDCX", "cleabs": "BATIMENT0000000295068138", "type_bien_libelle": "Commerce et marché" }, "geometry": { "type": "Polygon", "coordinates": [ [ [ 5.9269869, 45.5654175 ], [ 5.9269682, 45.5654757 ], [ 5.9269359, 45.565618 ], [ 5.9266384, 45.5655707 ], [ 5.9266511, 45.5655443 ], [ 5.926654, 45.5655262 ], [ 5.9266925, 45.565454 ], [ 5.9267124, 45.5654174 ], [ 5.9267592, 45.565382 ], [ 5.9269869, 45.5654175 ] ] ] } },
{ "type": "Feature", "properties": { "id_bien": "BAT-LA-0079", "nom": null, "type_bien": "AQU", "quartier": "LA", "adresse": "5 Rue De La Banque", "idu_parcelle": "73065000CX0047", "emprise_m2": 64.6, "nb_etages": null, "hauteur_m": 17.1, "sdp_estimee_m2": null, "usage_bdtopo": "Indifférencié", "nb_locaux": 0, "id_rnb": "AJEC4T6NB4EA", "cleabs": "BATIMENT0000000219254260", "type_bien_libelle": "À qualifier" }, "geometry": { "type": "Polygon", "coordinates": [ [ [ 5.9261056, 45.5653449 ], [ 5.9261115, 45.5653844 ], [ 5.9259249, 45.5653965 ], [ 5.9259189, 45.565357 ], [ 5.9261056, 45.5653449 ] ] ] } },
{ "type": "Feature", "properties": { "id_bien": "BAT-LA-0080", "nom": null, "type_bien": "SPO", "quartier": "LA", "adresse": "190 All Du Colombier", "idu_parcelle": "73065000CY0074", "emprise_m2": 175.0, "nb_etages": null, "hauteur_m": 7.0, "sdp_estimee_m2": null, "usage_bdtopo": "Sportif", "nb_locaux": 2, "id_rnb": null, "cleabs": "BATIMENT0000002493165350", "type_bien_libelle": "Sport" }, "geometry": { "type": "Polygon", "coordinates": [ [ [ 5.936894, 45.5648995 ], [ 5.9368216, 45.5650095 ], [ 5.9367497, 45.5649375 ], [ 5.9367573, 45.5649337 ], [ 5.9367654, 45.5649425 ], [ 5.9368093, 45.5649224 ], [ 5.9367998, 45.5649136 ], [ 5.9368085, 45.564908 ], [ 5.9367342, 45.564837 ], [ 5.9368329, 45.5647875 ], [ 5.9369163, 45.5648124 ], [ 5.9368705, 45.564892 ], [ 5.936894, 45.5648995 ] ] ] } },
{ "type": "Feature", "properties": { "id_bien": "BAT-LA-0081", "nom": "Patinoire de Buisson Rond", "type_bien": "SPO", "quartier": "LA", "adresse": "190 All Du Colombier", "idu_parcelle": "73065000CY0074", "emprise_m2": 3488.5, "nb_etages": 1, "hauteur_m": 13.8, "sdp_estimee_m2": 3488.0, "usage_bdtopo": "Sportif", "nb_locaux": 2, "id_rnb": "JNT9HRPFY7AP", "cleabs": "BATIMENT0000000219254163", "type_bien_libelle": "Sport" }, "geometry": { "type": "Polygon", "coordinates": [ [ [ 5.9365373, 45.5650449 ], [ 5.936432, 45.5649458 ], [ 5.9364199, 45.5649353 ], [ 5.9363226, 45.5649865 ], [ 5.9358168, 45.564496 ], [ 5.9361951, 45.5642996 ], [ 5.9362316, 45.5643338 ], [ 5.9363215, 45.5642882 ], [ 5.9367327, 45.5646883 ], [ 5.9367552, 45.5646778 ], [ 5.9367602, 45.564675 ], [ 5.9367953, 45.5647074 ], [ 5.9367891, 45.5647112 ], [ 5.9367678, 45.5647208 ], [ 5.9368329, 45.5647875 ], [ 5.9367342, 45.564837 ], [ 5.9368085, 45.564908 ], [ 5.9367998, 45.5649136 ], [ 5.9368093, 45.5649224 ], [ 5.9367654, 45.5649425 ], [ 5.9367573, 45.5649337 ], [ 5.9365373, 45.5650449 ] ] ] } },
{ "type": "Feature", "properties": { "id_bien": "BAT-LA-0082", "nom": null, "type_bien": "AQU", "quartier": "LA", "adresse": "224 Rue Pasteur", "idu_parcelle": "73065000CY0083", "emprise_m2": 294.3, "nb_etages": null, "hauteur_m": 6.5, "sdp_estimee_m2": null, "usage_bdtopo": "Indifférencié", "nb_locaux": 0, "id_rnb": "HM6MFXZ3GTP8", "cleabs": "BATIMENT0000000219254499", "type_bien_libelle": "À qualifier" }, "geometry": { "type": "Polygon", "coordinates": [ [ [ 5.9288328, 45.5647585 ], [ 5.9287957, 45.5647603 ], [ 5.928796, 45.5647675 ], [ 5.9285833, 45.5647722 ], [ 5.9285829, 45.564765 ], [ 5.9285458, 45.5647659 ], [ 5.9285379, 45.5646643 ], [ 5.928575, 45.5646625 ], [ 5.9285757, 45.5646516 ], [ 5.9287844, 45.5646435 ], [ 5.9287874, 45.5646524 ], [ 5.9288258, 45.5646514 ], [ 5.9288328, 45.5647585 ] ] ] } },
{ "type": "Feature", "properties": { "id_bien": "BAT-LA-0083", "nom": "École Maternelle Pasteur", "type_bien": "ENS", "quartier": "LA", "adresse": "3 Pas Michelet", "idu_parcelle": "73065000CW0166", "emprise_m2": 729.6, "nb_etages": null, "hauteur_m": 3.2, "sdp_estimee_m2": null, "usage_bdtopo": "Commercial et services", "nb_locaux": 0, "id_rnb": "QD4AZZB1Q16N", "cleabs": "BATIMENT0000000219253970", "type_bien_libelle": "Enseignement et petite enfance" }, "geometry": { "type": "Polygon", "coordinates": [ [ [ 5.926837, 45.5645951 ], [ 5.9268425, 45.5646013 ], [ 5.9268478, 45.5646056 ], [ 5.9268545, 45.56461 ], [ 5.9268636, 45.5646124 ], [ 5.9268715, 45.5646158 ], [ 5.9268805, 45.5646174 ], [ 5.9268909, 45.5646207 ], [ 5.9268987, 45.5646223 ], [ 5.926904, 45.564624 ], [ 5.9269093, 45.5646274 ], [ 5.9269159, 45.5646309 ], [ 5.9269213, 45.564637 ], [ 5.9269203, 45.5646416 ], [ 5.9269181, 45.5646489 ], [ 5.9269282, 45.5646468 ], [ 5.9269358, 45.5646448 ], [ 5.9269498, 45.5646417 ], [ 5.9269625, 45.5646396 ], [ 5.9269777, 45.5646356 ], [ 5.927003, 45.5646286 ], [ 5.9270156, 45.5646238 ], [ 5.9270295, 45.5646198 ], [ 5.9270407, 45.5646141 ], [ 5.9270532, 45.5646075 ], [ 5.9270632, 45.5646027 ], [ 5.9270733, 45.5645989 ], [ 5.9270844, 45.5645914 ], [ 5.9270942, 45.564583 ], [ 5.927104, 45.5645746 ], [ 5.9271152, 45.5645671 ], [ 5.9271538, 45.5645941 ], [ 5.9270644, 45.5647469 ], [ 5.9267904, 45.5647576 ], [ 5.926537, 45.5647678 ], [ 5.9264299, 45.5647327 ], [ 5.9264333, 45.5647723 ], [ 5.9263899, 45.564777 ], [ 5.9263834, 45.5647502 ], [ 5.9263636, 45.5647399 ], [ 5.9263595, 45.5647355 ], [ 5.9264778, 45.5646441 ], [ 5.9264897, 45.564651 ], [ 5.9265918, 45.5647132 ], [ 5.9266532, 45.5647098 ], [ 5.9266478, 45.5647045 ], [ 5.926645, 45.564701 ], [ 5.9266436, 45.5646974 ], [ 5.9266433, 45.564693 ], [ 5.9266443, 45.5646875 ], [ 5.9266455, 45.5646848 ], [ 5.9266478, 45.5646811 ], [ 5.9266515, 45.5646774 ], [ 5.9266577, 45.5646737 ], [ 5.9266652, 45.5646707 ], [ 5.9266716, 45.5646697 ], [ 5.9266793, 45.5646695 ], [ 5.9266857, 45.5646702 ], [ 5.9266936, 45.5646727 ], [ 5.9267108, 45.5646831 ], [ 5.9267146, 45.5646812 ], [ 5.9266907, 45.5646665 ], [ 5.9266867, 45.564663 ], [ 5.9266852, 45.5646603 ], [ 5.9266863, 45.5646567 ], [ 5.9266875, 45.564654 ], [ 5.9266898, 45.5646494 ], [ 5.9266948, 45.5646466 ], [ 5.926792, 45.5645683 ], [ 5.9267944, 45.5645656 ], [ 5.9268008, 45.5645654 ], [ 5.9268034, 45.5645653 ], [ 5.9268086, 45.564567 ], [ 5.9268151, 45.5645695 ], [ 5.9268204, 45.564573 ], [ 5.9268246, 45.5645783 ], [ 5.9268274, 45.5645827 ], [ 5.9268302, 45.5645872 ], [ 5.926837, 45.5645951 ] ] ] } },
{ "type": "Feature", "properties": { "id_bien": "BAT-LA-0084", "nom": null, "type_bien": "AQU", "quartier": "LA", "adresse": "193 All Du Colombier", "idu_parcelle": "73065000DL0030", "emprise_m2": 182.6, "nb_etages": null, "hauteur_m": 3.7, "sdp_estimee_m2": null, "usage_bdtopo": "Indifférencié", "nb_locaux": 1, "id_rnb": "DSBZ9SYMNZ1Z", "cleabs": "BATIMENT0000000219255930", "type_bien_libelle": "À qualifier" }, "geometry": { "type": "Polygon", "coordinates": [ [ [ 5.9400563, 45.5644419 ], [ 5.9400669, 45.5645435 ], [ 5.9399965, 45.5645471 ], [ 5.939994, 45.5645237 ], [ 5.9399288, 45.5645281 ], [ 5.9399088, 45.5643458 ], [ 5.9399178, 45.5643455 ], [ 5.9399137, 45.5643168 ], [ 5.939961, 45.5643129 ], [ 5.9399615, 45.5643218 ], [ 5.9399692, 45.5643225 ], [ 5.9399684, 45.5643325 ], [ 5.9399761, 45.5643314 ], [ 5.9399754, 45.5643422 ], [ 5.9399898, 45.5644445 ], [ 5.9400563, 45.5644419 ] ] ] } },
{ "type": "Feature", "properties": { "id_bien": "BAT-LA-0085", "nom": "École Élémentaire Pasteur", "type_bien": "ENS", "quartier": "LA", "adresse": "11 Rue De La Banque", "idu_parcelle": "73065000CW0085", "emprise_m2": 32.4, "nb_etages": null, "hauteur_m": 8.5, "sdp_estimee_m2": null, "usage_bdtopo": "Commercial et services", "nb_locaux": 1, "id_rnb": "Z3V573NPHYAW", "cleabs": "BATIMENT0000000219253956", "type_bien_libelle": "Enseignement et petite enfance" }, "geometry": { "type": "Polygon", "coordinates": [ [ [ 5.9264127, 45.5646016 ], [ 5.9263724, 45.5645657 ], [ 5.926381, 45.5645601 ], [ 5.9263782, 45.5645557 ], [ 5.9263794, 45.564553 ], [ 5.9263818, 45.5645511 ], [ 5.926388, 45.5645473 ], [ 5.926393, 45.5645445 ], [ 5.9264031, 45.5645406 ], [ 5.9264094, 45.5645396 ], [ 5.9264171, 45.5645394 ], [ 5.9264275, 45.5645409 ], [ 5.9264339, 45.5645416 ], [ 5.9264393, 45.5645451 ], [ 5.9264446, 45.5645485 ], [ 5.9264485, 45.5645511 ], [ 5.9264539, 45.5645546 ], [ 5.9264592, 45.564559 ], [ 5.9264607, 45.5645625 ], [ 5.9264609, 45.564567 ], [ 5.9264599, 45.5645716 ], [ 5.9264564, 45.564578 ], [ 5.9264529, 45.5645844 ], [ 5.926448, 45.564589 ], [ 5.9264431, 45.5645945 ], [ 5.9264369, 45.5645983 ], [ 5.9264307, 45.5646012 ], [ 5.9264242, 45.5646004 ], [ 5.9264202, 45.5645969 ], [ 5.9264127, 45.5646016 ] ] ] } },
{ "type": "Feature", "properties": { "id_bien": "BAT-LA-0086", "nom": null, "type_bien": "AQU", "quartier": "LA", "adresse": "Rue Sainte - Rose", "idu_parcelle": "73065000DL0024", "emprise_m2": 702.9, "nb_etages": null, "hauteur_m": 15.4, "sdp_estimee_m2": null, "usage_bdtopo": "Indifférencié", "nb_locaux": 1, "id_rnb": "NVWS6QP1HXEY", "cleabs": "BATIMENT0000000219256451", "type_bien_libelle": "À qualifier" }, "geometry": { "type": "Polygon", "coordinates": [ [ [ 5.9376403, 45.5641429 ], [ 5.9376757, 45.5642068 ], [ 5.9376366, 45.5642178 ], [ 5.9375519, 45.5642416 ], [ 5.9376127, 45.5643481 ], [ 5.9374837, 45.5643839 ], [ 5.9374749, 45.564386 ], [ 5.9374294, 45.5643989 ], [ 5.9374218, 45.5644009 ], [ 5.9372941, 45.5644376 ], [ 5.9372282, 45.5643303 ], [ 5.937146, 45.5643531 ], [ 5.9371093, 45.5643631 ], [ 5.937074, 45.5643018 ], [ 5.9376403, 45.5641429 ] ] ] } },
{ "type": "Feature", "properties": { "id_bien": "BAT-LA-0087", "nom": "École Maternelle Pasteur", "type_bien": "ENS", "quartier": "LA", "adresse": "11 Rue De La Banque", "idu_parcelle": "73065000CW0085", "emprise_m2": 1242.6, "nb_etages": null, "hauteur_m": 17.1, "sdp_estimee_m2": null, "usage_bdtopo": "Commercial et services", "nb_locaux": 1, "id_rnb": "WNNRN7Z1ZHHJ", "cleabs": "BATIMENT0000000219253954", "type_bien_libelle": "Enseignement et petite enfance" }, "geometry": { "type": "Polygon", "coordinates": [ [ [ 5.9258676, 45.5649429 ], [ 5.9258586, 45.5649423 ], [ 5.9258516, 45.564883 ], [ 5.9258451, 45.5648336 ], [ 5.9260946, 45.5647 ], [ 5.9257804, 45.5644099 ], [ 5.9258531, 45.5643522 ], [ 5.9259133, 45.5643029 ], [ 5.9259552, 45.5642702 ], [ 5.9259663, 45.5642609 ], [ 5.9261212, 45.5641821 ], [ 5.9262167, 45.5642652 ], [ 5.9261332, 45.5643116 ], [ 5.926113, 45.5642941 ], [ 5.9259608, 45.5643764 ], [ 5.9259247, 45.5643963 ], [ 5.9262018, 45.5646405 ], [ 5.926238, 45.5646206 ], [ 5.9263603, 45.5645562 ], [ 5.9263724, 45.5645657 ], [ 5.9264127, 45.5646016 ], [ 5.9264235, 45.5646122 ], [ 5.9262804, 45.5647195 ], [ 5.9262118, 45.5647556 ], [ 5.9259062, 45.5649203 ], [ 5.9258676, 45.5649429 ] ] ] } },
{ "type": "Feature", "properties": { "id_bien": "BAT-LA-0088", "nom": null, "type_bien": "COM", "quartier": "LA", "adresse": "331 Rue De La Republique", "idu_parcelle": "73065000CW0138", "emprise_m2": 1255.9, "nb_etages": 1, "hauteur_m": 12.8, "sdp_estimee_m2": 1256.0, "usage_bdtopo": "Commercial et services", "nb_locaux": 1, "id_rnb": "4A24N9FTQHQH", "cleabs": "BATIMENT0000000219253974", "type_bien_libelle": "Commerce et marché" }, "geometry": { "type": "Polygon", "coordinates": [ [ [ 5.9268514, 45.5643812 ], [ 5.9268414, 45.5643859 ], [ 5.9268386, 45.5643824 ], [ 5.9266051, 45.5639938 ], [ 5.9265925, 45.5639734 ], [ 5.9265742, 45.5639414 ], [ 5.9265713, 45.5639361 ], [ 5.9266382, 45.5639163 ], [ 5.9267884, 45.5638692 ], [ 5.9268301, 45.5638564 ], [ 5.9268465, 45.5638523 ], [ 5.926848, 45.5638559 ], [ 5.9268509, 45.5638612 ], [ 5.9271105, 45.5643086 ], [ 5.9268514, 45.5643812 ] ] ] } },
{ "type": "Feature", "properties": { "id_bien": "BAT-LA-0089", "nom": "Centre Équestre de Buisson Rond", "type_bien": "SPO", "quartier": "LA", "adresse": "192 All Du Colombier", "idu_parcelle": "73065000DL0022", "emprise_m2": 641.7, "nb_etages": 1, "hauteur_m": 9.4, "sdp_estimee_m2": 642.0, "usage_bdtopo": "Agricole", "nb_locaux": 4, "id_rnb": "WR59EP7C42NG", "cleabs": "BATIMENT0000000219256479", "type_bien_libelle": "Sport" }, "geometry": { "type": "Polygon", "coordinates": [ [ [ 5.9385816, 45.563993 ], [ 5.9386723, 45.5639131 ], [ 5.9388642, 45.5637081 ], [ 5.9388588, 45.5637028 ], [ 5.9389743, 45.5636079 ], [ 5.9389807, 45.5636077 ], [ 5.9391699, 45.5637154 ], [ 5.9390213, 45.5638418 ], [ 5.9389949, 45.5638272 ], [ 5.9390268, 45.5638002 ], [ 5.9389752, 45.56377 ], [ 5.9389248, 45.5637389 ], [ 5.9388061, 45.5638718 ], [ 5.9388154, 45.5638778 ], [ 5.938749, 45.5639553 ], [ 5.9388372, 45.563998 ], [ 5.9387501, 45.5640742 ], [ 5.9385816, 45.563993 ] ] ] } },
{ "type": "Feature", "properties": { "id_bien": "BAT-LA-0090", "nom": null, "type_bien": "AQU", "quartier": "LA", "adresse": "313 Rue De La Republique", "idu_parcelle": "73065000CW0174", "emprise_m2": 84.9, "nb_etages": null, "hauteur_m": 9.9, "sdp_estimee_m2": null, "usage_bdtopo": "Indifférencié", "nb_locaux": 0, "id_rnb": "SZAW3A2KXYPH", "cleabs": "BATIMENT0000000219253973", "type_bien_libelle": "À qualifier" }, "geometry": { "type": "Polygon", "coordinates": [ [ [ 5.9265925, 45.5639734 ], [ 5.9266051, 45.5639938 ], [ 5.9265597, 45.5640076 ], [ 5.9265948, 45.5640652 ], [ 5.9265217, 45.5640897 ], [ 5.9264495, 45.5640096 ], [ 5.9265351, 45.5639794 ], [ 5.9265388, 45.5639766 ], [ 5.9265458, 45.5639881 ], [ 5.9265925, 45.5639734 ] ] ] } },
{ "type": "Feature", "properties": { "id_bien": "BAT-LA-0091", "nom": "Courts Marguerite Broquedis", "type_bien": "SPO", "quartier": "LA", "adresse": "193 All Du Colombier", "idu_parcelle": "73065000DL0030", "emprise_m2": 2045.5, "nb_etages": 1, "hauteur_m": 9.0, "sdp_estimee_m2": 2046.0, "usage_bdtopo": "Sportif", "nb_locaux": 1, "id_rnb": "9V2S27MN2DZQ", "cleabs": "BATIMENT0000000219256248", "type_bien_libelle": "Sport" }, "geometry": { "type": "Polygon", "coordinates": [ [ [ 5.940268, 45.5638362 ], [ 5.9402307, 45.5634975 ], [ 5.9409139, 45.5634616 ], [ 5.9409498, 45.5638004 ], [ 5.9407605, 45.5638107 ], [ 5.9407623, 45.5638206 ], [ 5.9404578, 45.5638367 ], [ 5.9404573, 45.5638268 ], [ 5.940268, 45.5638362 ] ] ] } },
{ "type": "Feature", "properties": { "id_bien": "BAT-LA-0092", "nom": "la Ruche Boutik", "type_bien": "CUL", "quartier": "LA", "adresse": "256 Rue De La Republique", "idu_parcelle": "73065000CW0122", "emprise_m2": 545.6, "nb_etages": 4, "hauteur_m": 13.8, "sdp_estimee_m2": 2182.0, "usage_bdtopo": "Commercial et services", "nb_locaux": 4, "id_rnb": "1PMK6V8QZ3NK", "cleabs": "BATIMENT0000000219254900", "type_bien_libelle": "Culture et loisirs" }, "geometry": { "type": "Polygon", "coordinates": [ [ [ 5.9256189, 45.5638276 ], [ 5.9256235, 45.5638419 ], [ 5.9256386, 45.5638865 ], [ 5.9256596, 45.5639436 ], [ 5.9256671, 45.5639633 ], [ 5.9256716, 45.5639758 ], [ 5.9256731, 45.5639802 ], [ 5.9252892, 45.564047 ], [ 5.9252335, 45.5638908 ], [ 5.9256189, 45.5638276 ] ] ] } },
{ "type": "Feature", "properties": { "id_bien": "BAT-LA-0093", "nom": null, "type_bien": "AQU", "quartier": "LA", "adresse": "Rue De La Republique", "idu_parcelle": "73065000CW0150", "emprise_m2": 217.4, "nb_etages": null, "hauteur_m": 13.5, "sdp_estimee_m2": null, "usage_bdtopo": "Indifférencié", "nb_locaux": 0, "id_rnb": "47D3RHT9BA8B", "cleabs": "BATIMENT0000000219254899", "type_bien_libelle": "À qualifier" }, "geometry": { "type": "Polygon", "coordinates": [ [ [ 5.9256671, 45.5639633 ], [ 5.9256596, 45.5639436 ], [ 5.9256386, 45.5638865 ], [ 5.9256235, 45.5638419 ], [ 5.9256909, 45.563832 ], [ 5.9256933, 45.5638292 ], [ 5.9257912, 45.5638122 ], [ 5.9257964, 45.5638139 ], [ 5.9258768, 45.5639263 ], [ 5.9258757, 45.5639299 ], [ 5.9257409, 45.5639532 ], [ 5.925737, 45.5639515 ], [ 5.9256671, 45.5639633 ] ] ] } },
{ "type": "Feature", "properties": { "id_bien": "BAT-LA-0094", "nom": null, "type_bien": "SPO", "quartier": "LA", "adresse": "All Du Colombier", "idu_parcelle": "73065000DL0021", "emprise_m2": 509.3, "nb_etages": null, "hauteur_m": 7.6, "sdp_estimee_m2": null, "usage_bdtopo": "Sportif", "nb_locaux": 0, "id_rnb": "ZVB53FS4QV35", "cleabs": "BATIMENT0000000219256477", "type_bien_libelle": "Sport" }, "geometry": { "type": "Polygon", "coordinates": [ [ [ 5.9392067, 45.5636604 ], [ 5.9390263, 45.5635479 ], [ 5.9393061, 45.5633081 ], [ 5.9393298, 45.563321 ], [ 5.9393511, 45.5633349 ], [ 5.9393687, 45.5633525 ], [ 5.9393797, 45.5633657 ], [ 5.9393855, 45.56338 ], [ 5.9393876, 45.5633934 ], [ 5.9393857, 45.5634079 ], [ 5.9393801, 45.5634215 ], [ 5.9392067, 45.5636604 ] ] ] } },
{ "type": "Feature", "properties": { "id_bien": "BAT-LA-0095", "nom": null, "type_bien": "SPO", "quartier": "LA", "adresse": "Rue Sainte - Rose", "idu_parcelle": "73065000DL0032", "emprise_m2": 379.5, "nb_etages": null, "hauteur_m": 7.8, "sdp_estimee_m2": null, "usage_bdtopo": "Sportif", "nb_locaux": 1, "id_rnb": "6QCPMXJK2EJB", "cleabs": "BATIMENT0000000219256478", "type_bien_libelle": "Sport" }, "geometry": { "type": "Polygon", "coordinates": [ [ [ 5.9393061, 45.5633081 ], [ 5.9393195, 45.5632952 ], [ 5.9395221, 45.5634151 ], [ 5.9391699, 45.5637154 ], [ 5.9389807, 45.5636077 ], [ 5.9389897, 45.563584 ], [ 5.9389994, 45.563573 ], [ 5.9390263, 45.5635479 ], [ 5.9392067, 45.5636604 ], [ 5.9393801, 45.5634215 ], [ 5.9393857, 45.5634079 ], [ 5.9393876, 45.5633934 ], [ 5.9393855, 45.56338 ], [ 5.9393797, 45.5633657 ], [ 5.9393687, 45.5633525 ], [ 5.9393511, 45.5633349 ], [ 5.9393298, 45.563321 ], [ 5.9393061, 45.5633081 ] ] ] } },
{ "type": "Feature", "properties": { "id_bien": "BAT-LA-0096", "nom": null, "type_bien": "AQU", "quartier": "LA", "adresse": "58 Pl De La Brigade De Savoie", "idu_parcelle": "73065000CW0108", "emprise_m2": 125.8, "nb_etages": null, "hauteur_m": 0.0, "sdp_estimee_m2": null, "usage_bdtopo": "Indifférencié", "nb_locaux": 2, "id_rnb": "QHPWGSYE31DP", "cleabs": "BATIMENT0000000219255216", "type_bien_libelle": "À qualifier" }, "geometry": { "type": "Polygon", "coordinates": [ [ [ 5.9260197, 45.5633053 ], [ 5.9260463, 45.5633461 ], [ 5.9257625, 45.5634372 ], [ 5.925737, 45.563392 ], [ 5.9260197, 45.5633053 ] ] ] } },
{ "type": "Feature", "properties": { "id_bien": "BAT-LA-0097", "nom": null, "type_bien": "COM", "quartier": "LA", "adresse": "Carre Curial", "idu_parcelle": "73065000CW0088", "emprise_m2": 5772.2, "nb_etages": 3, "hauteur_m": 16.7, "sdp_estimee_m2": 17317.0, "usage_bdtopo": "Commercial et services", "nb_locaux": 4, "id_rnb": "RE6PSYYB8JBV", "cleabs": "BATIMENT0000000219253980", "type_bien_libelle": "Commerce et marché" }, "geometry": { "type": "Polygon", "coordinates": [ [ [ 5.923839, 45.5628926 ], [ 5.9251195, 45.5628737 ], [ 5.9251337, 45.5632878 ], [ 5.9251351, 45.5633391 ], [ 5.9251472, 45.5637389 ], [ 5.9249204, 45.563743 ], [ 5.9247717, 45.5637451 ], [ 5.9246256, 45.563748 ], [ 5.924573, 45.5637475 ], [ 5.9244332, 45.5637494 ], [ 5.9243961, 45.5637512 ], [ 5.9242499, 45.5637524 ], [ 5.9241013, 45.5637553 ], [ 5.9238719, 45.5637586 ], [ 5.9238553, 45.5633481 ], [ 5.9238531, 45.5633067 ], [ 5.923839, 45.5628926 ] ], [ [ 5.9240759, 45.5630549 ], [ 5.9240955, 45.5635969 ], [ 5.9249131, 45.5635801 ], [ 5.9248909, 45.5630382 ], [ 5.9240759, 45.5630549 ] ] ] } },
{ "type": "Feature", "properties": { "id_bien": "BAT-LA-0098", "nom": "Espace Culturel André Malraux", "type_bien": "CUL", "quartier": "LA", "adresse": "58 Pl De La Brigade De Savoie", "idu_parcelle": "73065000CW0108", "emprise_m2": 2429.0, "nb_etages": 1, "hauteur_m": 28.0, "sdp_estimee_m2": 2429.0, "usage_bdtopo": "Commercial et services", "nb_locaux": 2, "id_rnb": "CQ4F4JHCWM67", "cleabs": "BATIMENT0000000334734661", "type_bien_libelle": "Culture et loisirs" }, "geometry": { "type": "Polygon", "coordinates": [ [ [ 5.9260197, 45.5633053 ], [ 5.925737, 45.563392 ], [ 5.9257206, 45.5633725 ], [ 5.9256771, 45.5633989 ], [ 5.9257269, 45.5634688 ], [ 5.9256331, 45.5635145 ], [ 5.9255186, 45.5635319 ], [ 5.9254052, 45.5635222 ], [ 5.9253005, 45.5634835 ], [ 5.925263, 45.5634539 ], [ 5.9252162, 45.5634172 ], [ 5.925171, 45.5633148 ], [ 5.9251964, 45.5632114 ], [ 5.9252656, 45.5631375 ], [ 5.9253367, 45.5630987 ], [ 5.9254202, 45.5630767 ], [ 5.9254727, 45.5630762 ], [ 5.9255188, 45.563148 ], [ 5.925571, 45.5631404 ], [ 5.9255622, 45.563119 ], [ 5.9258476, 45.5630331 ], [ 5.9258471, 45.5630476 ], [ 5.9258655, 45.5630804 ], [ 5.925857, 45.5631131 ], [ 5.9259657, 45.5630832 ], [ 5.9260412, 45.5632011 ], [ 5.9259364, 45.5632336 ], [ 5.9259763, 45.5632596 ], [ 5.9259944, 45.563287 ], [ 5.9260197, 45.5633053 ] ] ] } },
{ "type": "Feature", "properties": { "id_bien": "BAT-LA-0099", "nom": null, "type_bien": "LOG", "quartier": "LA", "adresse": "33 Pl Monge", "idu_parcelle": "73065000CV0004", "emprise_m2": 242.4, "nb_etages": 5, "hauteur_m": 15.0, "sdp_estimee_m2": 1212.0, "usage_bdtopo": "Résidentiel", "nb_locaux": 1, "id_rnb": "YXRMAEHRZ5SQ", "cleabs": "BATIMENT0000000219250024", "type_bien_libelle": "Logement" }, "geometry": { "type": "Polygon", "coordinates": [ [ [ 5.9213958, 45.5632202 ], [ 5.9214124, 45.5631197 ], [ 5.9214549, 45.5631231 ], [ 5.9214858, 45.563125 ], [ 5.9215823, 45.5631315 ], [ 5.9215855, 45.5631197 ], [ 5.9216113, 45.5631217 ], [ 5.9216106, 45.5631326 ], [ 5.9216596, 45.5631367 ], [ 5.9216719, 45.563176 ], [ 5.9216765, 45.5631912 ], [ 5.9216907, 45.5632413 ], [ 5.9215272, 45.5632294 ], [ 5.9214731, 45.5632254 ], [ 5.9214435, 45.5632234 ], [ 5.9213958, 45.5632202 ] ] ] } },
{ "type": "Feature", "properties": { "id_bien": "BAT-LA-0100", "nom": null, "type_bien": "LOG", "quartier": "LA", "adresse": "27 Pl Monge", "idu_parcelle": "73065000CV0024", "emprise_m2": 201.3, "nb_etages": 4, "hauteur_m": 14.2, "sdp_estimee_m2": 805.0, "usage_bdtopo": "Résidentiel", "nb_locaux": 1, "id_rnb": "M1CVDDN7B3RZ", "cleabs": "BATIMENT0000000219249622", "type_bien_libelle": "Logement" }, "geometry": { "type": "Polygon", "coordinates": [ [ [ 5.9220405, 45.5632322 ], [ 5.9220136, 45.5631356 ], [ 5.9221901, 45.5631265 ], [ 5.9222425, 45.5631234 ], [ 5.922273, 45.5632154 ], [ 5.9222756, 45.5632153 ], [ 5.9222811, 45.5632215 ], [ 5.9222722, 45.5632244 ], [ 5.9221339, 45.5632289 ], [ 5.9221147, 45.5632294 ], [ 5.9220405, 45.5632322 ] ] ] } },
{ "type": "Feature", "properties": { "id_bien": "BAT-LA-0101", "nom": null, "type_bien": "AQU", "quartier": "LA", "adresse": "58 Pl De La Brigade De Savoie", "idu_parcelle": "73065000CW0108", "emprise_m2": 135.4, "nb_etages": null, "hauteur_m": 7.9, "sdp_estimee_m2": null, "usage_bdtopo": "Indifférencié", "nb_locaux": 2, "id_rnb": "KWNNGPS3V63Q", "cleabs": "BATIMENT0000000219255218", "type_bien_libelle": "À qualifier" }, "geometry": { "type": "Polygon", "coordinates": [ [ [ 5.9255622, 45.563119 ], [ 5.9255329, 45.5630747 ], [ 5.9258169, 45.5629862 ], [ 5.9258476, 45.5630331 ], [ 5.9255622, 45.563119 ] ] ] } },
{ "type": "Feature", "properties": { "id_bien": "BAT-LA-0102", "nom": null, "type_bien": "LOG", "quartier": "LA", "adresse": "29 Pl Monge", "idu_parcelle": "73065000CV0118", "emprise_m2": 364.2, "nb_etages": 4, "hauteur_m": 13.2, "sdp_estimee_m2": 1457.0, "usage_bdtopo": "Résidentiel", "nb_locaux": 2, "id_rnb": "YSJJN748F8S9", "cleabs": "BATIMENT0000000219249619", "type_bien_libelle": "Logement" }, "geometry": { "type": "Polygon", "coordinates": [ [ [ 5.9217421, 45.5632427 ], [ 5.9217252, 45.5631891 ], [ 5.9217191, 45.5631712 ], [ 5.9217127, 45.563147 ], [ 5.9217082, 45.5631336 ], [ 5.9217003, 45.5631059 ], [ 5.9216723, 45.5630138 ], [ 5.9217641, 45.5630024 ], [ 5.9217705, 45.5630257 ], [ 5.9217885, 45.5631 ], [ 5.921791, 45.5631234 ], [ 5.9217886, 45.5631261 ], [ 5.9217888, 45.5631306 ], [ 5.9217773, 45.5631309 ], [ 5.9217779, 45.5631435 ], [ 5.921856, 45.5631406 ], [ 5.9218931, 45.5631387 ], [ 5.9219751, 45.5631357 ], [ 5.9219746, 45.5631267 ], [ 5.9220104, 45.5631249 ], [ 5.9220136, 45.5631356 ], [ 5.9220405, 45.5632322 ], [ 5.9220046, 45.5632341 ], [ 5.9219086, 45.5632375 ], [ 5.9218715, 45.5632384 ], [ 5.9218073, 45.5632392 ], [ 5.9217536, 45.5632415 ], [ 5.9217421, 45.5632427 ] ] ] } },
{ "type": "Feature", "properties": { "id_bien": "BAT-LA-0103", "nom": null, "type_bien": "LOG", "quartier": "LA", "adresse": "83 Rue Andre Jacques", "idu_parcelle": "73065000CW0133", "emprise_m2": 888.5, "nb_etages": 4, "hauteur_m": 13.0, "sdp_estimee_m2": 3554.0, "usage_bdtopo": "Résidentiel", "nb_locaux": 17, "id_rnb": "R3S27WSV8M82", "cleabs": "BATIMENT0000000219255198", "type_bien_libelle": "Logement" }, "geometry": { "type": "Polygon", "coordinates": [ [ [ 5.9264389, 45.5629348 ], [ 5.9263496, 45.5627975 ], [ 5.9265374, 45.5627349 ], [ 5.9265689, 45.5627233 ], [ 5.9265727, 45.5627223 ], [ 5.9265768, 45.5627276 ], [ 5.9265907, 45.5627489 ], [ 5.9265949, 45.5627542 ], [ 5.926609, 45.5627781 ], [ 5.926613, 45.5627825 ], [ 5.9266271, 45.5628065 ], [ 5.9266313, 45.5628118 ], [ 5.9266494, 45.5628401 ], [ 5.9266522, 45.5628437 ], [ 5.9266662, 45.5628658 ], [ 5.926669, 45.5628703 ], [ 5.9266858, 45.5628978 ], [ 5.9267026, 45.5629235 ], [ 5.9267221, 45.5629536 ], [ 5.9267249, 45.562958 ], [ 5.9267416, 45.5629828 ], [ 5.9267445, 45.562989 ], [ 5.9267612, 45.5630138 ], [ 5.9267641, 45.5630192 ], [ 5.926778, 45.5630404 ], [ 5.9267821, 45.5630448 ], [ 5.9267975, 45.5630688 ], [ 5.9268003, 45.5630732 ], [ 5.9268156, 45.5630971 ], [ 5.9268172, 45.5631016 ], [ 5.9268109, 45.5631036 ], [ 5.9267755, 45.5631144 ], [ 5.926768, 45.5631173 ], [ 5.9266671, 45.5631506 ], [ 5.9266583, 45.5631535 ], [ 5.9266254, 45.5631634 ], [ 5.9266191, 45.5631653 ], [ 5.9266103, 45.5631674 ], [ 5.9265939, 45.5631732 ], [ 5.9265031, 45.5630332 ], [ 5.9264389, 45.5629348 ] ] ] } },
{ "type": "Feature", "properties": { "id_bien": "BAT-LA-0104", "nom": null, "type_bien": "COM", "quartier": "LA", "adresse": "35 Pl Monge", "idu_parcelle": "73065000CV0002", "emprise_m2": 573.4, "nb_etages": 5, "hauteur_m": 8.2, "sdp_estimee_m2": 2867.0, "usage_bdtopo": "Commercial et services", "nb_locaux": 2, "id_rnb": "Z1RDPQK5GQYJ", "cleabs": "BATIMENT0000000219250020", "type_bien_libelle": "Commerce et marché" }, "geometry": { "type": "Polygon", "coordinates": [ [ [ 5.9211126, 45.5631996 ], [ 5.9210969, 45.5630973 ], [ 5.9210925, 45.5630631 ], [ 5.9211272, 45.5630631 ], [ 5.9211278, 45.5630992 ], [ 5.9211883, 45.563103 ], [ 5.9211916, 45.563093 ], [ 5.9212174, 45.5630959 ], [ 5.9212154, 45.5631059 ], [ 5.9212527, 45.5631085 ], [ 5.9212862, 45.5631104 ], [ 5.9213415, 45.5631143 ], [ 5.9213359, 45.5629829 ], [ 5.9213313, 45.5629695 ], [ 5.9211915, 45.5630191 ], [ 5.921145, 45.5630366 ], [ 5.9211286, 45.5630424 ], [ 5.9210908, 45.5630551 ], [ 5.9210821, 45.5630111 ], [ 5.9210756, 45.5629852 ], [ 5.9210995, 45.5629765 ], [ 5.9211461, 45.5629599 ], [ 5.9213048, 45.5629044 ], [ 5.9213463, 45.5628889 ], [ 5.921369, 45.5628811 ], [ 5.9214242, 45.5630527 ], [ 5.9214124, 45.5631197 ], [ 5.9213958, 45.5632202 ], [ 5.92128, 45.5632124 ], [ 5.9212723, 45.5632116 ], [ 5.9212388, 45.5632089 ], [ 5.9211126, 45.5631996 ] ] ] } },
{ "type": "Feature", "properties": { "id_bien": "BAT-LA-0105", "nom": null, "type_bien": "LOG", "quartier": "LA", "adresse": "171 Rue Michaud", "idu_parcelle": "73065000CV0122", "emprise_m2": 164.4, "nb_etages": 5, "hauteur_m": 15.8, "sdp_estimee_m2": 822.0, "usage_bdtopo": "Résidentiel", "nb_locaux": 1, "id_rnb": "CGVPMZHHHYH8", "cleabs": "BATIMENT0000000219249638", "type_bien_libelle": "Logement" }, "geometry": { "type": "Polygon", "coordinates": [ [ [ 5.9229108, 45.5630492 ], [ 5.922862, 45.5629513 ], [ 5.9228582, 45.5629524 ], [ 5.9228524, 45.562939 ], [ 5.9229158, 45.5629238 ], [ 5.9229474, 45.5629158 ], [ 5.9230107, 45.5629006 ], [ 5.9230165, 45.5629122 ], [ 5.9230638, 45.5630074 ], [ 5.9229993, 45.5630244 ], [ 5.922969, 45.5630333 ], [ 5.9229108, 45.5630492 ] ] ] } },
{ "type": "Feature", "properties": { "id_bien": "BAT-LA-0106", "nom": null, "type_bien": "LOG", "quartier": "LA", "adresse": "8 Rue Du Batonnet", "idu_parcelle": "73065000CV0124", "emprise_m2": 150.2, "nb_etages": 4, "hauteur_m": 12.1, "sdp_estimee_m2": 601.0, "usage_bdtopo": "Résidentiel", "nb_locaux": 1, "id_rnb": "51554R8BHKD9", "cleabs": "BATIMENT0000000219249637", "type_bien_libelle": "Logement" }, "geometry": { "type": "Polygon", "coordinates": [ [ [ 5.9230638, 45.5630074 ], [ 5.9230165, 45.5629122 ], [ 5.9230621, 45.5629011 ], [ 5.9231114, 45.5628872 ], [ 5.9231518, 45.5628762 ], [ 5.9231897, 45.5628653 ], [ 5.9232155, 45.5629647 ], [ 5.9231624, 45.5629796 ], [ 5.9231156, 45.5629925 ], [ 5.9230638, 45.5630074 ] ] ] } },
{ "type": "Feature", "properties": { "id_bien": "BAT-LA-0107", "nom": "Espace Delphine et Jonathan", "type_bien": "SPO", "quartier": "LA", "adresse": "Rue Costa De Beauregard", "idu_parcelle": "73065000CZ0047", "emprise_m2": 1306.0, "nb_etages": null, "hauteur_m": 9.5, "sdp_estimee_m2": null, "usage_bdtopo": "Sportif", "nb_locaux": 0, "id_rnb": "5ZP9FT81RB5Y/J9V2QXJ1NHEY", "cleabs": "BATIMENT0000000219254565", "type_bien_libelle": "Sport" }, "geometry": { "type": "Polygon", "coordinates": [ [ [ 5.9332856, 45.5624085 ], [ 5.9333382, 45.5623828 ], [ 5.9333164, 45.5623599 ], [ 5.9334253, 45.5623075 ], [ 5.933447, 45.5623304 ], [ 5.9334732, 45.5623171 ], [ 5.9335438, 45.56239 ], [ 5.9335125, 45.5624053 ], [ 5.9335614, 45.5624328 ], [ 5.9335839, 45.5624214 ], [ 5.9337373, 45.5625805 ], [ 5.9336835, 45.5626062 ], [ 5.9337269, 45.5626511 ], [ 5.9334479, 45.5627845 ], [ 5.9334276, 45.5627634 ], [ 5.9334026, 45.5627758 ], [ 5.9333795, 45.5627521 ], [ 5.9333057, 45.5627873 ], [ 5.933151, 45.5626274 ], [ 5.9334062, 45.5625054 ], [ 5.9333887, 45.5624653 ], [ 5.9333562, 45.5624805 ], [ 5.9332856, 45.5624085 ] ] ] } },
{ "type": "Feature", "properties": { "id_bien": "BAT-LA-0108", "nom": null, "type_bien": "COM", "quartier": "LA", "adresse": "83 Rue Andre Jacques", "idu_parcelle": "73065000CW0133", "emprise_m2": 430.7, "nb_etages": 1, "hauteur_m": 4.3, "sdp_estimee_m2": 431.0, "usage_bdtopo": "Commercial et services", "nb_locaux": 17, "id_rnb": "SFQFS19ZHPQ2", "cleabs": "BATIMENT0000000219255197", "type_bien_libelle": "Commerce et marché" }, "geometry": { "type": "Polygon", "coordinates": [ [ [ 5.9262268, 45.5626097 ], [ 5.9262823, 45.5625929 ], [ 5.9262321, 45.5625158 ], [ 5.9263015, 45.5624951 ], [ 5.9263092, 45.562494 ], [ 5.9263605, 45.5625665 ], [ 5.9264021, 45.5625537 ], [ 5.9264148, 45.5625507 ], [ 5.9265373, 45.5627331 ], [ 5.9265374, 45.5627349 ], [ 5.9263496, 45.5627975 ], [ 5.9262268, 45.5626097 ] ] ] } },
{ "type": "Feature", "properties": { "id_bien": "BAT-LA-0109", "nom": null, "type_bien": "AQU", "quartier": "LA", "adresse": "Rue De La Republique", "idu_parcelle": "73065000CW0134", "emprise_m2": 32.6, "nb_etages": null, "hauteur_m": 3.0, "sdp_estimee_m2": null, "usage_bdtopo": "Indifférencié", "nb_locaux": 0, "id_rnb": "N2NKVF2877T9", "cleabs": "BATIMENT0000000219254619", "type_bien_libelle": "À qualifier" }, "geometry": { "type": "Polygon", "coordinates": [ [ [ 5.9263092, 45.562494 ], [ 5.9263507, 45.5624794 ], [ 5.9264021, 45.5625537 ], [ 5.9263605, 45.5625665 ], [ 5.9263092, 45.562494 ] ] ] } },
{ "type": "Feature", "properties": { "id_bien": "BAT-LA-0110", "nom": null, "type_bien": "AQU", "quartier": "LA", "adresse": "163 Rue De La Calamine", "idu_parcelle": "73065000CW0078", "emprise_m2": 38.7, "nb_etages": null, "hauteur_m": 5.3, "sdp_estimee_m2": null, "usage_bdtopo": "Indifférencié", "nb_locaux": 6, "id_rnb": "XEFSPKDGZEZ3", "cleabs": "BATIMENT0000000219254661", "type_bien_libelle": "À qualifier" }, "geometry": { "type": "Polygon", "coordinates": [ [ [ 5.9256792, 45.5624924 ], [ 5.9256094, 45.562505 ], [ 5.925587, 45.5624452 ], [ 5.9256568, 45.5624326 ], [ 5.9256792, 45.5624924 ] ] ] } },
{ "type": "Feature", "properties": { "id_bien": "BAT-LA-0111", "nom": null, "type_bien": "AQU", "quartier": "LA", "adresse": "163 Rue De La Calamine", "idu_parcelle": "73065000CW0078", "emprise_m2": 61.5, "nb_etages": null, "hauteur_m": 6.0, "sdp_estimee_m2": null, "usage_bdtopo": "Indifférencié", "nb_locaux": 6, "id_rnb": "T4F51N6GD6J1", "cleabs": "BATIMENT0000000219255050", "type_bien_libelle": "À qualifier" }, "geometry": { "type": "Polygon", "coordinates": [ [ [ 5.9259062, 45.5624423 ], [ 5.925802, 45.5624603 ], [ 5.9257832, 45.5623959 ], [ 5.9259044, 45.5623838 ], [ 5.9259062, 45.5624423 ] ] ] } },
{ "type": "Feature", "properties": { "id_bien": "BAT-LA-0112", "nom": null, "type_bien": "TEC", "quartier": "LA", "adresse": "66 Rue Andre Jacques", "idu_parcelle": "73065000CW0129", "emprise_m2": 2117.0, "nb_etages": null, "hauteur_m": 12.0, "sdp_estimee_m2": null, "usage_bdtopo": "Industriel", "nb_locaux": 1, "id_rnb": "F2D5GP8DV68P", "cleabs": "BATIMENT0000000219254947", "type_bien_libelle": "Technique et logistique" }, "geometry": { "type": "Polygon", "coordinates": [ [ [ 5.9269647, 45.5623246 ], [ 5.9269447, 45.5623098 ], [ 5.9269332, 45.562311 ], [ 5.9269216, 45.5623095 ], [ 5.9269087, 45.562308 ], [ 5.9268932, 45.5623058 ], [ 5.9268738, 45.5623027 ], [ 5.9268545, 45.5623014 ], [ 5.9268352, 45.562301 ], [ 5.9268198, 45.5623005 ], [ 5.926798, 45.5623001 ], [ 5.9267762, 45.5623007 ], [ 5.9267608, 45.5623011 ], [ 5.9267546, 45.5623058 ], [ 5.9267484, 45.5623095 ], [ 5.9267395, 45.5623116 ], [ 5.9267305, 45.56231 ], [ 5.9267227, 45.5623075 ], [ 5.9267174, 45.5623049 ], [ 5.9267147, 45.5623023 ], [ 5.9266968, 45.5622802 ], [ 5.9266479, 45.5623004 ], [ 5.9266587, 45.562311 ], [ 5.9266371, 45.5623142 ], [ 5.9266167, 45.5623175 ], [ 5.9265951, 45.5623207 ], [ 5.9262697, 45.5623788 ], [ 5.9262686, 45.5623815 ], [ 5.9262661, 45.5623834 ], [ 5.9262624, 45.5623862 ], [ 5.9262574, 45.5623881 ], [ 5.9262511, 45.5623901 ], [ 5.9262459, 45.5623893 ], [ 5.9262421, 45.5623894 ], [ 5.9262369, 45.5623886 ], [ 5.9262317, 45.562387 ], [ 5.9262264, 45.5623844 ], [ 5.9261816, 45.5623378 ], [ 5.9261465, 45.5623531 ], [ 5.9261289, 45.5623356 ], [ 5.9261333, 45.5623219 ], [ 5.926138, 45.5623137 ], [ 5.9261543, 45.5623061 ], [ 5.9260714, 45.5622172 ], [ 5.9267251, 45.5619164 ], [ 5.9267975, 45.5619992 ], [ 5.9268201, 45.56204 ], [ 5.9268544, 45.5620581 ], [ 5.9268664, 45.562065 ], [ 5.9270461, 45.5622621 ], [ 5.9270664, 45.5622823 ], [ 5.9270539, 45.5622881 ], [ 5.9270477, 45.5622918 ], [ 5.9270401, 45.5622947 ], [ 5.9270052, 45.5623128 ], [ 5.9269976, 45.5623165 ], [ 5.9269901, 45.5623204 ], [ 5.9269813, 45.5623233 ], [ 5.9269724, 45.5623244 ], [ 5.9269647, 45.5623246 ] ] ] } },
{ "type": "Feature", "properties": { "id_bien": "BAT-LA-0113", "nom": null, "type_bien": "LOG", "quartier": "LA", "adresse": "163 Rue De La Calamine", "idu_parcelle": "73065000CW0078", "emprise_m2": 226.2, "nb_etages": 3, "hauteur_m": 12.2, "sdp_estimee_m2": 679.0, "usage_bdtopo": "Résidentiel", "nb_locaux": 6, "id_rnb": "YX2D8QV71G6W", "cleabs": "BATIMENT0000000219254894", "type_bien_libelle": "Logement" }, "geometry": { "type": "Polygon", "coordinates": [ [ [ 5.9259709, 45.5622099 ], [ 5.9258333, 45.5622036 ], [ 5.9258544, 45.5620201 ], [ 5.9259894, 45.5620256 ], [ 5.9259886, 45.5620338 ], [ 5.9260143, 45.5620358 ], [ 5.9260123, 45.5620701 ], [ 5.9259852, 45.5620672 ], [ 5.9259709, 45.5622099 ] ] ] } },
{ "type": "Feature", "properties": { "id_bien": "BAT-LA-0114", "nom": null, "type_bien": "AQU", "quartier": "LA", "adresse": "157 Mte La Fontaine Saint - Martin", "idu_parcelle": "73065000CW0051", "emprise_m2": 62.3, "nb_etages": 1, "hauteur_m": 12.8, "sdp_estimee_m2": 62.0, "usage_bdtopo": "Indifférencié", "nb_locaux": 1, "id_rnb": "5PSBQJM449TJ", "cleabs": "BATIMENT0000000219254656", "type_bien_libelle": "À qualifier" }, "geometry": { "type": "Polygon", "coordinates": [ [ [ 5.9274142, 45.5620912 ], [ 5.9273673, 45.5620285 ], [ 5.9274164, 45.5620119 ], [ 5.9274593, 45.5619972 ], [ 5.9275049, 45.5620591 ], [ 5.9274684, 45.5620727 ], [ 5.9274142, 45.5620912 ] ] ] } },
{ "type": "Feature", "properties": { "id_bien": "BAT-LA-0115", "nom": null, "type_bien": "LOG", "quartier": "LA", "adresse": "106 Rue Dacquin", "idu_parcelle": "73065000CV0127", "emprise_m2": 160.3, "nb_etages": 4, "hauteur_m": 15.6, "sdp_estimee_m2": 641.0, "usage_bdtopo": "Résidentiel", "nb_locaux": 1, "id_rnb": "8XR4ES3FEH1Y", "cleabs": "BATIMENT0000000219249896", "type_bien_libelle": "Logement" }, "geometry": { "type": "Polygon", "coordinates": [ [ [ 5.9224758, 45.562145 ], [ 5.922445, 45.5620963 ], [ 5.9224267, 45.562067 ], [ 5.9225297, 45.5620247 ], [ 5.9225891, 45.5619844 ], [ 5.9226697, 45.5620516 ], [ 5.9226049, 45.5620894 ], [ 5.9224758, 45.562145 ] ] ] } },
{ "type": "Feature", "properties": { "id_bien": "BAT-LA-0116", "nom": null, "type_bien": "AQU", "quartier": "LA", "adresse": "Rue Sainte - Rose", "idu_parcelle": "73065000DL0025", "emprise_m2": 62.5, "nb_etages": null, "hauteur_m": null, "sdp_estimee_m2": null, "usage_bdtopo": "Indifférencié", "nb_locaux": 0, "id_rnb": "M2JCRCJFNX84", "cleabs": "BATIMENT0000000012712232", "type_bien_libelle": "À qualifier" }, "geometry": { "type": "Polygon", "coordinates": [ [ [ 5.936105, 45.5617248 ], [ 5.9361019, 45.5617402 ], [ 5.9360995, 45.5617439 ], [ 5.9360972, 45.5617475 ], [ 5.9360935, 45.5617512 ], [ 5.9360886, 45.561755 ], [ 5.9360836, 45.5617578 ], [ 5.9360799, 45.5617606 ], [ 5.9360736, 45.5617626 ], [ 5.9360686, 45.5617645 ], [ 5.9360622, 45.5617656 ], [ 5.9360558, 45.5617657 ], [ 5.9360495, 45.5617668 ], [ 5.936043, 45.5617661 ], [ 5.9360378, 45.5617653 ], [ 5.9360326, 45.5617645 ], [ 5.9360275, 45.5617638 ], [ 5.9360223, 45.5617621 ], [ 5.9360183, 45.5617604 ], [ 5.9360143, 45.5617578 ], [ 5.9360091, 45.5617552 ], [ 5.9360051, 45.5617526 ], [ 5.936001, 45.5617491 ], [ 5.9359983, 45.5617465 ], [ 5.9359955, 45.5617421 ], [ 5.9359927, 45.5617376 ], [ 5.9359912, 45.5617332 ], [ 5.935991, 45.5617287 ], [ 5.9359908, 45.5617242 ], [ 5.9359918, 45.5617196 ], [ 5.9359941, 45.5617151 ], [ 5.9359964, 45.5617105 ], [ 5.9359988, 45.5617069 ], [ 5.9360025, 45.5617032 ], [ 5.9360061, 45.5616995 ], [ 5.9360098, 45.5616966 ], [ 5.9360136, 45.5616948 ], [ 5.9360173, 45.5616919 ], [ 5.9360223, 45.56169 ], [ 5.9360274, 45.561689 ], [ 5.9360324, 45.5616879 ], [ 5.9360375, 45.5616869 ], [ 5.9360439, 45.5616859 ], [ 5.9360503, 45.5616857 ], [ 5.9360567, 45.5616864 ], [ 5.9360632, 45.5616871 ], [ 5.9360684, 45.5616888 ], [ 5.9360749, 45.5616904 ], [ 5.9360802, 45.561693 ], [ 5.9360854, 45.5616956 ], [ 5.9360907, 45.561699 ], [ 5.9360948, 45.5617025 ], [ 5.9360975, 45.5617061 ], [ 5.9361003, 45.5617096 ], [ 5.9361031, 45.561714 ], [ 5.9361046, 45.5617176 ], [ 5.936105, 45.5617248 ] ] ] } },
{ "type": "Feature", "properties": { "id_bien": "BAT-LA-0117", "nom": null, "type_bien": "AQU", "quartier": "LA", "adresse": "157 Mte La Fontaine Saint - Martin", "idu_parcelle": "73065000CW0051", "emprise_m2": 49.6, "nb_etages": null, "hauteur_m": 9.1, "sdp_estimee_m2": null, "usage_bdtopo": "Indifférencié", "nb_locaux": 1, "id_rnb": "7GV5KG4Z1TYW", "cleabs": "BATIMENT0000000219254911", "type_bien_libelle": "À qualifier" }, "geometry": { "type": "Polygon", "coordinates": [ [ [ 5.9273934, 45.5618908 ], [ 5.9273783, 45.5618723 ], [ 5.927352, 45.561836 ], [ 5.9274364, 45.5618068 ], [ 5.9274751, 45.5618599 ], [ 5.9273934, 45.5618908 ] ] ] } },
{ "type": "Feature", "properties": { "id_bien": "BAT-LA-0118", "nom": null, "type_bien": "AQU", "quartier": "LA", "adresse": "283 Rue De La Calamine", "idu_parcelle": "73065000CW0137", "emprise_m2": 151.0, "nb_etages": null, "hauteur_m": null, "sdp_estimee_m2": null, "usage_bdtopo": "Indifférencié", "nb_locaux": 0, "id_rnb": "51SMYGKTCWFA", "cleabs": "BATIMENT0000000219247893", "type_bien_libelle": "À qualifier" }, "geometry": { "type": "Polygon", "coordinates": [ [ [ 5.9247176, 45.5614793 ], [ 5.9247696, 45.5614194 ], [ 5.9249836, 45.561513 ], [ 5.9249341, 45.561571 ], [ 5.9247176, 45.5614793 ] ] ] } },
{ "type": "Feature", "properties": { "id_bien": "BAT-LA-0119", "nom": null, "type_bien": "AQU", "quartier": "LA", "adresse": "Rue Sainte - Rose", "idu_parcelle": "73065000DL0017", "emprise_m2": 87.3, "nb_etages": null, "hauteur_m": 6.6, "sdp_estimee_m2": null, "usage_bdtopo": "Indifférencié", "nb_locaux": 0, "id_rnb": "VJATVJ2HNNTS", "cleabs": "BATIMENT0000000219255519", "type_bien_libelle": "À qualifier" }, "geometry": { "type": "Polygon", "coordinates": [ [ [ 5.9385129, 45.5609058 ], [ 5.9384619, 45.5609838 ], [ 5.9383563, 45.5609523 ], [ 5.9384034, 45.5608727 ], [ 5.9385129, 45.5609058 ] ] ] } },
{ "type": "Feature", "properties": { "id_bien": "BAT-LA-0120", "nom": null, "type_bien": "CUL", "quartier": "LA", "adresse": "Le Tir", "idu_parcelle": "73065000DE0082", "emprise_m2": 516.3, "nb_etages": null, "hauteur_m": 7.0, "sdp_estimee_m2": null, "usage_bdtopo": "Industriel", "nb_locaux": 0, "id_rnb": "NW7WGTRC8Q9K", "cleabs": "BATIMENT0000000012713664", "type_bien_libelle": "Culture et loisirs" }, "geometry": { "type": "Polygon", "coordinates": [ [ [ 5.9313553, 45.5603764 ], [ 5.9313464, 45.5602793 ], [ 5.9319579, 45.560249 ], [ 5.9319643, 45.5603461 ], [ 5.9313553, 45.5603764 ] ] ] } },
{ "type": "Feature", "properties": { "id_bien": "BAT-LA-0121", "nom": null, "type_bien": "TEC", "quartier": "LA", "adresse": "Le Tir", "idu_parcelle": "73065000DE0082", "emprise_m2": 128.2, "nb_etages": null, "hauteur_m": 2.2, "sdp_estimee_m2": null, "usage_bdtopo": "Industriel", "nb_locaux": 0, "id_rnb": "DF5HZS51RFYV", "cleabs": "BATIMENT0000000012713209", "type_bien_libelle": "Technique et logistique" }, "geometry": { "type": "Polygon", "coordinates": [ [ [ 5.9325202, 45.5603064 ], [ 5.9325104, 45.5601931 ], [ 5.9326407, 45.5601834 ], [ 5.9326456, 45.5603004 ], [ 5.9325202, 45.5603064 ] ] ] } },
{ "type": "Feature", "properties": { "id_bien": "BAT-LA-0122", "nom": null, "type_bien": "SPO", "quartier": "LA", "adresse": "Le Tir", "idu_parcelle": "73065000DE0082", "emprise_m2": 2181.4, "nb_etages": null, "hauteur_m": 12.3, "sdp_estimee_m2": null, "usage_bdtopo": "Industriel", "nb_locaux": 0, "id_rnb": "KQCVY6S257NK", "cleabs": "BATIMENT0000000012713202", "type_bien_libelle": "Sport" }, "geometry": { "type": "Polygon", "coordinates": [ [ [ 5.935211, 45.5600072 ], [ 5.9352259, 45.5601186 ], [ 5.9346155, 45.5601471 ], [ 5.9340712, 45.5601866 ], [ 5.9332186, 45.560244 ], [ 5.9327388, 45.5602682 ], [ 5.9327251, 45.5601776 ], [ 5.9332656, 45.5601382 ], [ 5.9340725, 45.560091 ], [ 5.9349704, 45.5600171 ], [ 5.9350061, 45.5600135 ], [ 5.935211, 45.5600072 ] ] ] } },
{ "type": "Feature", "properties": { "id_bien": "BAT-LA-0123", "nom": null, "type_bien": "AQU", "quartier": "LA", "adresse": "Les Charmettes Nord", "idu_parcelle": "73065000DE0193", "emprise_m2": 41.2, "nb_etages": null, "hauteur_m": 3.3, "sdp_estimee_m2": null, "usage_bdtopo": "Indifférencié", "nb_locaux": 0, "id_rnb": "38CD7TZB8ETF", "cleabs": "BATIMENT0000000012712289", "type_bien_libelle": "À qualifier" }, "geometry": { "type": "Polygon", "coordinates": [ [ [ 5.9324553, 45.5584717 ], [ 5.9324528, 45.5584014 ], [ 5.9325082, 45.5583811 ], [ 5.9325203, 45.5584654 ], [ 5.9324553, 45.5584717 ] ] ] } },
{ "type": "Feature", "properties": { "id_bien": "BAT-LA-0124", "nom": null, "type_bien": "AQU", "quartier": "LA", "adresse": "26 Che De Rosemond", "idu_parcelle": "73065000DI0077", "emprise_m2": 250.2, "nb_etages": 1, "hauteur_m": 6.5, "sdp_estimee_m2": 250.0, "usage_bdtopo": "Indifférencié", "nb_locaux": 1, "id_rnb": "8CTRSAEEPKAA", "cleabs": "BATIMENT0000000219247693", "type_bien_libelle": "À qualifier" }, "geometry": { "type": "Polygon", "coordinates": [ [ [ 5.9246432, 45.5568587 ], [ 5.9246469, 45.5567847 ], [ 5.9249218, 45.5567911 ], [ 5.9249232, 45.5567694 ], [ 5.9250067, 45.5567726 ], [ 5.9250003, 45.5568701 ], [ 5.9246432, 45.5568587 ] ] ] } },
{ "type": "Feature", "properties": { "id_bien": "BAT-LA-0125", "nom": null, "type_bien": "AQU", "quartier": "LA", "adresse": "890 Che Des Charmettes", "idu_parcelle": "73065000DH0019", "emprise_m2": 185.2, "nb_etages": null, "hauteur_m": 10.1, "sdp_estimee_m2": null, "usage_bdtopo": "Indifférencié", "nb_locaux": 0, "id_rnb": "WFFJ5TS4PQNX", "cleabs": "BATIMENT0000000219247760", "type_bien_libelle": "À qualifier" }, "geometry": { "type": "Polygon", "coordinates": [ [ [ 5.9297681, 45.5531091 ], [ 5.9297622, 45.5532885 ], [ 5.9296403, 45.5532881 ], [ 5.9296428, 45.5532385 ], [ 5.9296335, 45.5531585 ], [ 5.9296412, 45.5531583 ], [ 5.9296403, 45.553143 ], [ 5.9296711, 45.5531431 ], [ 5.9296745, 45.5531097 ], [ 5.9297681, 45.5531091 ] ] ] } },
{ "type": "Feature", "properties": { "id_bien": "BAT-LA-0126", "nom": "les Charmettes", "type_bien": "CUL", "quartier": "LA", "adresse": "892 Che Des Charmettes", "idu_parcelle": "73065000DH0018", "emprise_m2": 226.4, "nb_etages": null, "hauteur_m": 8.5, "sdp_estimee_m2": null, "usage_bdtopo": "Indifférencié", "nb_locaux": 2, "id_rnb": "ENJYJEFNHNGB", "cleabs": "BATIMENT0000000219247761", "type_bien_libelle": "Culture et loisirs" }, "geometry": { "type": "Polygon", "coordinates": [ [ [ 5.9297771, 45.5529872 ], [ 5.9297736, 45.5529954 ], [ 5.9297681, 45.5531091 ], [ 5.9296745, 45.5531097 ], [ 5.9296156, 45.5531112 ], [ 5.929532, 45.5531071 ], [ 5.9294986, 45.5531053 ], [ 5.9294949, 45.5530612 ], [ 5.9296041, 45.5530638 ], [ 5.9295972, 45.552982 ], [ 5.9297771, 45.5529872 ] ] ] } },
{ "type": "Feature", "properties": { "id_bien": "BAT-LA-0127", "nom": null, "type_bien": "AQU", "quartier": "LA", "adresse": "890 Che Des Charmettes", "idu_parcelle": "73065000DH0019", "emprise_m2": 19.1, "nb_etages": null, "hauteur_m": 8.1, "sdp_estimee_m2": null, "usage_bdtopo": "Indifférencié", "nb_locaux": 0, "id_rnb": "J8C3HK6XFVB4", "cleabs": "BATIMENT0000000219247787", "type_bien_libelle": "À qualifier" }, "geometry": { "type": "Polygon", "coordinates": [ [ [ 5.9300878, 45.5529701 ], [ 5.9300821, 45.5529351 ], [ 5.9301434, 45.5529299 ], [ 5.9301504, 45.5529657 ], [ 5.9301351, 45.5529661 ], [ 5.9300878, 45.5529701 ] ] ] } }
]
}
