id_bien,nom,type_bien,quartier,adresse,idu_parcelle,emprise_m2,nb_etages,hauteur_m,sdp_estimee_m2,usage_bdtopo,nb_locaux,id_rnb,cleabs,type_bien_libelle,longitude,latitude
BAT-BE-0001,École Élémentaire Caffe,ENS,BE,41 Pl Caffe,73065000CS0020,1085.4,,13.1,,Commercial et services,0,TYRTGQFGMAXV,BATIMENT0000000219249901,Enseignement et petite enfance,5.9205176,45.5632476
BAT-BE-0002,,AQU,BE,5 Mte Valerieux,73065000CS0022,586.0,,10.6,,Indifférencié,0,FZ8W2YAN8Z8P,BATIMENT0000000219249900,À qualifier,5.9198577,45.5630261
BAT-BE-0003,École Élémentaire Caffe,ENS,BE,36 Rue Denis Papin,73065000CS0021,155.7,2,10.3,311.0,Résidentiel,1,ZHMTCZP2FAQK,BATIMENT0000000219249716,Enseignement et petite enfance,5.9206555,45.5628461
BAT-BE-0004,,AQU,BE,460 Bd De Bellevue,73065000CS0023,60.7,,7.2,,Indifférencié,1,A8GHVJ9RP8YF,BATIMENT0000000219250189,À qualifier,5.9190081,45.5626496
BAT-BE-0005,,COM,BE,460 Bd De Bellevue,73065000CS0023,66.2,1,5.8,66.0,Commercial et services,1,TNJYDE9F76ZB,BATIMENT0000000012712400,Commerce et marché,5.9193063,45.5624351
BAT-BE-0006,,LOG,BE,624 Bd De Bellevue,73065000CS0139,133.2,3,10.1,400.0,Résidentiel,1,CWMKRJAMAJ7Y,BATIMENT0000000219249715,Logement,5.9188553,45.5619436
BAT-BE-0007,,AQU,BE,Bd De Bellevue,73065000CS0192,148.7,,9.2,,Indifférencié,0,TXVFNZFGHTD1,BATIMENT0000000219253798,À qualifier,5.9223506,45.5603335
BAT-BE-0008,,LOG,BE,102 Rue Anatole France,73065000CS0284,313.7,4,15.5,1255.0,Résidentiel,2,FK2MZV5Y6CT3,BATIMENT0000000219253817,Logement,5.9183572,45.5602483
BAT-BE-0009,,AQU,BE,Rue Charles Baudelaire,73065000CS0250,229.9,,6.2,,Indifférencié,0,AHASREPP4B1Z,BATIMENT0000000219253823,À qualifier,5.9169131,45.5594493
BAT-BE-0010,École Élémentaire Bellevue,ENS,BE,Rue Henri Commandeur,73065000CS0258,85.8,,4.1,,Indifférencié,0,DG11ZWWWCHV1,BATIMENT0000002331803516,Enseignement et petite enfance,5.9179508,45.5592507
BAT-BE-0011,École Élémentaire Bellevue,ENS,BE,35 Rue Emile Combes,73065000CS0059,747.3,,9.9,,Commercial et services,10,9JNV2BGDHFS2,BATIMENT0000000219253829,Enseignement et petite enfance,5.9182344,45.559118
BAT-BE-0012,,AQU,BE,Av Grande Chartreuse,73065000CT0031,21.0,,1.4,,Indifférencié,0,2GVR75DAZ91V,BATIMENT0000000129533017,À qualifier,5.9217141,45.5568565
BAT-BE-0013,,AQU,BE,Av Grande Chartreuse,73065000CT0031,21.8,,1.9,,Indifférencié,0,QQSK621WG3JD,BATIMENT0000000129533475,À qualifier,5.9216946,45.556711
BAT-BI-0001,,TEC,BI,Pres Au Bois Martinet Nord,73065000AC0362,4318.9,,8.3,,Industriel,0,HYGYR62496ZD/XMSRSCZHH36Y,BATIMENT0000000219259456,Technique et logistique,5.8971974,45.5908309
BAT-BI-0002,,TEC,BI,236 Rue Felix Esclangon,73065000AB0082,42.6,1,5.1,43.0,Indifférencié,0,QFBSKPZME5T6,BATIMENT0000000219259345,Technique et logistique,5.8917733,45.5907697
BAT-BI-0003,,AQU,BI,1426 Av De La Houille Blanche,73065000HB0099,24.8,,1.3,,Indifférencié,0,KTRF5J2A21RC,BATIMENT0000000219259399,À qualifier,5.8909095,45.590194
BAT-BI-0004,,TEC,BI,Pres Au Bois Martinet Nord,73065000AC0362,2338.5,,11.9,,Industriel,0,GTMC5AVQD8B7,BATIMENT0000000334735138,Technique et logistique,5.898358,45.5899263
BAT-BI-0005,,TEC,BI,1426 Av De La Houille Blanche,73065000HB0099,1202.4,,8.0,,Industriel,0,BP8JK4XHY4EB,BATIMENT0000000219259365,Technique et logistique,5.8905274,45.5900236
BAT-BI-0006,,TEC,BI,Pres Au Bois Martinet Nord,73065000AC0362,1024.9,,7.5,,Industriel,0,FJ7XWHK2FVR5,BATIMENT0000000295068201,Technique et logistique,5.8987927,45.5894643
BAT-BI-0007,,TEC,BI,Pres Au Bois Martinet Nord,73065000AC0362,1317.0,,5.8,,Industriel,0,2NH4NCSAZ3DE,BATIMENT0000000219250431,Technique et logistique,5.8991236,45.5894197
BAT-BI-0008,,TEC,BI,Pres Au Bois Martinet Nord,73065000AC0362,189.1,,5.7,,Industriel,0,ZCZR8AZX9DJY,BATIMENT0000000334735195,Technique et logistique,5.898551,45.5893408
BAT-BI-0009,,TEC,BI,Pres Au Bois Martinet Nord,73065000AC0362,55.8,,7.2,,Industriel,0,SYF341NG6WGE,BATIMENT0000000012673327,Technique et logistique,5.8991521,45.5889148
BAT-BI-0010,,TEC,BI,193 Rue Du Pre Demaison,73065000HA0009,2079.5,,13.6,,Industriel,1,3TK44HASJMF7,BATIMENT0000000219257924,Technique et logistique,5.8958359,45.5869004
BAT-BI-0011,,AQU,BI,193 Rue Du Pre Demaison,73065000HA0009,20.6,,4.0,,Indifférencié,1,242BPJG2KT88,BATIMENT0000002223231754,À qualifier,5.8963908,45.5868527
BAT-BI-0012,,TEC,BI,193 Rue Du Pre Demaison,73065000HA0009,136.6,,8.0,,Industriel,1,Z6N1JVGVTCRM,BATIMENT0000000219258100,Technique et logistique,5.8955743,45.5866782
BAT-BI-0013,,TEC,BI,193 Rue Du Pre Demaison,73065000HA0009,1347.8,1,17.4,1348.0,Industriel,1,RF62M6CM2PCV,BATIMENT0000002008967683,Technique et logistique,5.8956007,45.5862161
BAT-BI-0014,,AQU,BI,Les Fontanettes Nord,73065000AD0153,20.4,,2.5,,Indifférencié,0,Q5CM2A8EV4FK,BATIMENT0000000219259166,À qualifier,5.9025177,45.5853724
BAT-BI-0015,,CUL,BI,736 Av Du Grand Arietaz,73065000AE0407,194.2,,4.1,,Commercial et services,4,GZCZXA293T72,BATIMENT0000000219257945,Culture et loisirs,5.8980816,45.5837612
BAT-BI-0016,,CUL,BI,736 Av Du Grand Arietaz,73065000AE0407,86.7,,7.0,,Commercial et services,4,W486WY79ZTRC,BATIMENT0000000219257947,Culture et loisirs,5.8982539,45.583769
BAT-BI-0017,,CUL,BI,736 Av Du Grand Arietaz,73065000AE0407,24.3,,4.0,,Commercial et services,4,AYE6EJ75MYXT,BATIMENT0000000219257944,Culture et loisirs,5.897851,45.5836663
BAT-BI-0018,,CUL,BI,736 Av Du Grand Arietaz,73065000AE0152,2214.2,,8.4,,Commercial et services,2,VZHEGFE5PJPJ,BATIMENT0000000219257943,Culture et loisirs,5.8980123,45.5834792
BAT-BI-0019,,CUL,BI,736 Av Du Grand Arietaz,73065000AE0407,2477.1,1,9.0,2477.0,Commercial et services,4,AP6H681HE5V3,BATIMENT0000000219257942,Culture et loisirs,5.8974875,45.5833939
BAT-BI-0020,,CUL,BI,736 Av Du Grand Arietaz,73065000AE0407,327.4,,4.2,,Commercial et services,4,T99YCKAFC84E,BATIMENT0000000295067866,Culture et loisirs,5.8978206,45.5831422
BAT-BI-0021,,CUL,BI,736 Av Du Grand Arietaz,73065000AE0407,549.9,,4.9,,Commercial et services,4,,BATIMENT0000002493163656,Culture et loisirs,5.8977585,45.5830343
BAT-BI-0022,,CUL,BI,736 Av Du Grand Arietaz,73065000AE0407,2326.1,,9.0,,Commercial et services,4,QVHP77Z2GQGA,BATIMENT0000000219257940,Culture et loisirs,5.8982671,45.5830802
BAT-BI-0023,,CUL,BI,736 Av Du Grand Arietaz,73065000AE0407,481.8,,5.2,,Commercial et services,4,QPBQDH51X79E,BATIMENT0000000295067865,Culture et loisirs,5.8986406,45.5829196
BAT-BI-0024,,CUL,BI,736 Av Du Grand Arietaz,73065000AE0407,2528.3,,9.1,,Commercial et services,4,R7VWQ1JV3QN5,BATIMENT0000000295067867,Culture et loisirs,5.8991727,45.5827415
BAT-BI-0025,,CUL,BI,736 Av Du Grand Arietaz,73065000AE0407,281.8,,6.4,,Commercial et services,4,RP89ZFCXHMTD,BATIMENT0000000295067868,Culture et loisirs,5.8992174,45.582457
BAT-BI-0026,,AQU,BI,Che Des Hauts De Chamoux,73065000HE0073,16.3,1,,16.0,Indifférencié,0,SJ3W3SV1Y8TS,BATIMENT0000000219257477,À qualifier,5.8757021,45.5828979
BAT-BI-0027,,AQU,BI,Charriere Neuve Nord,73065000AE0392,220.7,,5.3,,Indifférencié,1,CNPJQJB5DESR,BATIMENT0000000219258069,À qualifier,5.8961594,45.5823587
BAT-BI-0028,,CUL,BI,736 Av Du Grand Arietaz,73065000AE0407,719.2,,5.4,,Commercial et services,4,7357BJ6QC677,BATIMENT0000000219258833,Culture et loisirs,5.8993952,45.5823064
BAT-BI-0029,,TEC,BI,305 Av Des Follaz,73065000AE0045,696.3,1,4.2,696.0,Industriel,1,16QSVGC3KXD9,BATIMENT0000000219258993,Technique et logistique,5.9017976,45.582006
BAT-BI-0030,,CUL,BI,736 Av Du Grand Arietaz,73065000AE0407,142.2,,11.0,,Commercial et services,4,Y6EYT2MPZJRP,BATIMENT0000000219258834,Culture et loisirs,5.8995227,45.5819827
BAT-BI-0031,,CUL,BI,736 Av Du Grand Arietaz,73065000AE0407,4177.7,,10.9,,Commercial et services,4,9N4GQ5EF8KMS,BATIMENT0000000219257954,Culture et loisirs,5.898903,45.5819142
BAT-BI-0032,,TEC,BI,Charriere Neuve Nord,73065000AE0047,847.3,,7.1,,Industriel,0,V3BYNA426HQC,BATIMENT0000000219259113,Technique et logistique,5.9015972,45.581772
BAT-BI-0033,,TEC,BI,105 Av Des Follaz,73065000AE0048,349.9,,5.8,,Industriel,5,KW6A37E2X851,BATIMENT0000000295068229,Technique et logistique,5.9026527,45.5817596
BAT-BI-0034,,COM,BI,728 Av De La Motte Servolex,73065000HC0057,273.0,1,8.1,273.0,Commercial et services,1,BZ2YYXKN2AYJ,BATIMENT0000000219257794,Commerce et marché,5.888174,45.5820231
BAT-BI-0035,,AQU,BI,728 Av De La Motte Servolex,73065000HC0057,18.6,,3.9,,Indifférencié,1,AV8DPAZV49Q7,BATIMENT0000000219257797,À qualifier,5.8884624,45.5820477
BAT-BI-0036,,TEC,BI,105 Av Des Follaz,73065000AE0048,1632.4,,3.8,,Industriel,5,5QBGM2M1S44Z,BATIMENT0000000219259089,Technique et logistique,5.9024999,45.5817018
BAT-BI-0037,,ANX,BI,105 Av Des Follaz,73065000AE0048,110.6,,5.2,,Annexe,5,V8YEGC4PQWQX,BATIMENT0000002244018764,Annexe,5.9028086,45.5816398
BAT-BI-0038,,CUL,BI,736 Av Du Grand Arietaz,73065000AE0407,260.6,,6.0,,Commercial et services,4,,BATIMENT0000002493164157,Culture et loisirs,5.8989735,45.5817099
BAT-BI-0039,,AQU,BI,105 Av Des Follaz,73065000AE0048,22.9,,2.5,,Indifférencié,5,CK7X2E1BXT5A,BATIMENT0000000219259141,À qualifier,5.9007992,45.5816452
BAT-BI-0040,,TEC,BI,105 Av Des Follaz,73065000AE0048,3430.3,,7.2,,Industriel,5,PCGDNF4BXX43,BATIMENT0000000219259111,Technique et logistique,5.901475,45.5814826
BAT-BI-0041,,ENS,BI,736 Av Du Grand Arietaz,73065000AE0407,547.1,,5.2,,Commercial et services,4,BCFTE9N2CZVF,BATIMENT0000000219258062,Enseignement et petite enfance,5.8975048,45.5814995
BAT-BI-0042,,LOG,BI,29 Rte De La Labiaz,73065000AM0641,189.0,2,8.6,378.0,Résidentiel,3,FE7ZNEDNXJQ5,BATIMENT0000000219257778,Logement,5.8878292,45.5816187
BAT-BI-0043,,TEC,BI,52 Che De Charriere-Neuve,73065000AE0050,32.5,,7.1,,Industriel,0,8KK32WC8CTXK,BATIMENT0000000219259114,Technique et logistique,5.9011514,45.5812812
BAT-BI-0044,,AQU,BI,Les Fontanettes Sud,73065000AH0019,55.8,,3.9,,Indifférencié,0,,BATIMENT0000002490052815,À qualifier,5.9073402,45.581118
BAT-BI-0045,,AQU,BI,Les Fontanettes Sud,73065000AH0019,154.1,,4.5,,Indifférencié,0,ERPWNWXGWYC9/XN2J5MXQAB28,BATIMENT0000000129533315,À qualifier,5.9074129,45.5809869
BAT-BI-0046,,COM,BI,130 Av Des Follaz,73065000AH0164,1622.0,,10.6,,Commercial et services,20,6JCAKCDF4Y8D,BATIMENT0000002223674833,Commerce et marché,5.9039671,45.580952
BAT-BI-0047,,TEC,BI,50 Che De Charriere-Neuve,73065000AE0051,1410.3,,7.5,,Industriel,1,4VA442RFF2XB,BATIMENT0000000219259099,Technique et logistique,5.9023556,45.5808634
BAT-BI-0048,,COM,BI,130 Av Des Follaz,73065000AH0164,672.8,,10.8,,Commercial et services,20,5Y15WWZN6DDQ,BATIMENT0000002223674875,Commerce et marché,5.9035624,45.5808778
BAT-BI-0049,,TEC,BI,46 Che De Charriere-Neuve,73065000AE0054,1224.0,,6.8,,Industriel,0,JK5VEB3CSDFN,BATIMENT0000000219259101,Technique et logistique,5.9015986,45.5808349
BAT-BI-0050,,TEC,BI,Che De Charriere-Neuve,73065000AE0191,1455.2,,7.2,,Industriel,0,XN1173F9D3WD,BATIMENT0000000219259100,Technique et logistique,5.9022162,45.5808043
BAT-BI-0051,,AQU,BI,17 Rue De L Alpette,73065000AM0262,19.1,1,3.0,19.0,Indifférencié,0,2WWW17BJT2NT,BATIMENT0000000219257860,À qualifier,5.8906788,45.5810031
BAT-BI-0052,,TEC,BI,44 Che De Charriere-Neuve,73065000AE0055,582.4,,6.4,,Industriel,0,5Y6H4XMKZYFQ,BATIMENT0000000219259102,Technique et logistique,5.9012014,45.5807243
BAT-BI-0053,,TEC,BI,42 Che De Charriere-Neuve,73065000AE0056,252.1,,6.5,,Industriel,0,V14FACG8P9J3,BATIMENT0000000219259106,Technique et logistique,5.9012035,45.5806031
BAT-BI-0054,,TEC,BI,50 Che De Charriere-Neuve,73065000AE0051,175.7,,7.6,,Industriel,1,X73C48TTRNWX,BATIMENT0000000295067904,Technique et logistique,5.9023398,45.580617
BAT-BI-0055,,AQU,BI,Charriere Neuve Est,73065000AH0059,445.3,,6.8,,Indifférencié,1,39E9VGRYVPGH,BATIMENT0000000219259081,À qualifier,5.9028217,45.5806356
BAT-BI-0056,,AQU,BI,Charriere Neuve Est,73065000AH0059,232.4,,6.1,,Indifférencié,1,,BATIMENT0000002493162865,À qualifier,5.9028454,45.5804566
BAT-BI-0057,,TEC,BI,Charriere Neuve Sud,73065000AI0091,543.3,,8.1,,Industriel,0,164NKHC1SJXZ,BATIMENT0000002008967788,Technique et logistique,5.9019573,45.5803568
BAT-BI-0058,,AQU,BI,Charriere Neuve Est,73065000AH0059,326.4,,4.6,,Indifférencié,1,WMEEXC9RQECK,BATIMENT0000000012713387,À qualifier,5.9032069,45.5802081
BAT-BI-0059,,TEC,BI,Charriere Neuve Est,73065000AH0059,1352.7,,6.0,,Industriel,1,Z7RWJZV4FRC4,BATIMENT0000000219258722,Technique et logistique,5.9026405,45.5800494
BAT-BI-0060,,AQU,BI,75 Rte De Chaloz,73065000IA0043,16.4,,4.2,,Indifférencié,1,3S4QCVC1AGEV,BATIMENT0000000219250421,À qualifier,5.8846562,45.5795291
BAT-BI-0061,,LOG,BI,75 Rte De Chaloz,73065000IA0043,172.5,2,10.0,345.0,Résidentiel,1,Z169K1F99C1G,BATIMENT0000000219250393,Logement,5.8848953,45.5795144
BAT-BI-0062,,AQU,BI,75 Rte De Chaloz,73065000IA0043,16.8,,3.6,,Indifférencié,1,ECK8FM2ZPEG4,BATIMENT0000000219250420,À qualifier,5.8846672,45.5794666
BAT-BI-0063,Gymnase Ambroise Croizat,SPO,BI,540 Rue Du Revard,73065000AH0086,960.3,1,9.7,960.0,Sportif,1,3AQRTNFVC5CT,BATIMENT0000000219258703,Sport,5.9056325,45.5789014
BAT-BI-0064,,AQU,BI,26 All Des Gdes Jorasses,73065000AI0714,24.8,,2.8,,Indifférencié,0,MD6VDY38WWDC,BATIMENT0000000219258801,À qualifier,5.9007614,45.5789195
BAT-BI-0065,,AQU,BI,26 All Des Gdes Jorasses,73065000AI0695,19.0,,3.4,,Indifférencié,0,CD5R3TN3JN4W,BATIMENT0000000219258796,À qualifier,5.8996896,45.5788107
BAT-BI-0066,,LOG,BI,26 All Des Gdes Jorasses,73065000AI0713,164.0,3,9.6,492.0,Résidentiel,0,BDCQJ4F2B6GJ,BATIMENT0000000219258685,Logement,5.8999173,45.5787521
BAT-BI-0067,,LOG,BI,26 All Des Gdes Jorasses,73065000AI0713,281.6,4,12.3,1126.0,Résidentiel,0,6QAH5QHKY4D8,BATIMENT0000000219258683,Logement,5.9001646,45.5787443
BAT-BI-0068,,LOG,BI,26 All Des Gdes Jorasses,73065000AI0713,102.5,4,12.5,410.0,Résidentiel,0,E6VJ3J6SMCDB,BATIMENT0000000219258682,Logement,5.9003723,45.5787719
BAT-BI-0069,,AQU,BI,26 All Des Gdes Jorasses,73065000AI0713,98.6,,12.4,,Indifférencié,0,NZPFYB9VR7A6,BATIMENT0000000219258677,À qualifier,5.9005919,45.5787374
BAT-BI-0070,,AQU,BI,Cimetiere De Chambery,73065000AH0023,66.6,,3.9,,Indifférencié,0,JXW7V4XH49B5,BATIMENT0000000219258691,À qualifier,5.9078499,45.5785458
BAT-BI-0071,,AQU,BI,Rte De La Labiaz,73065000AM0424,262.6,,3.5,,Indifférencié,1,WV6DS39H11KZ,BATIMENT0000000219252728,À qualifier,5.8898612,45.5789782
BAT-BI-0072,,AQU,BI,62 Allée de l'Albaron,73065000AI0691,26.5,,4.7,,Indifférencié,0,XJ9BJNCBHTQN,BATIMENT0000000219258684,À qualifier,5.9001493,45.5786645
BAT-BI-0073,,LOG,BI,26 All Des Gdes Jorasses,73065000AI0713,112.5,4,10.9,450.0,Résidentiel,0,NTHNQF7E34XR,BATIMENT0000000295068173,Logement,5.9004758,45.5787007
BAT-BI-0074,,LOG,BI,26 All Des Gdes Jorasses,73065000AI0713,309.0,4,11.8,1236.0,Résidentiel,0,8KKMJJ619DXD,BATIMENT0000000219258678,Logement,5.9007924,45.5787151
BAT-BI-0075,,LOG,BI,26 All Des Gdes Jorasses,73065000AI0713,166.0,3,9.9,498.0,Résidentiel,0,F7X858P78RDW,BATIMENT0000000219258679,Logement,5.9010383,45.578688
BAT-BI-0076,,LOG,BI,26 All Des Gdes Jorasses,73065000AI0713,306.0,3,8.5,918.0,Résidentiel,0,H77KK33GK7HB,BATIMENT0000000219258667,Logement,5.9013793,45.5787026
BAT-BI-0077,,REL,BI,L Eglise,73065000IA0039,496.5,,12.9,,Religieux,0,VCCYNKKAVPBM,BATIMENT0000000219250347,Édifice cultuel,5.8846809,45.5790141
BAT-BI-0078,École Élémentaire Jacques Prévert,ENS,BI,200 Allée Jacques Prévert,73065000IA0071,2519.1,,5.4,,Commercial et services,1,KWJCNBS7QM5N,BATIMENT0000000219252733,Enseignement et petite enfance,5.886693,45.5789286
BAT-BI-0079,,LOG,BI,62 Allée de l'Albaron,73065000AI0691,337.4,3,8.0,1012.0,Résidentiel,0,CK5XRMWGEP91,BATIMENT0000000219258670,Logement,5.8995564,45.5786118
BAT-BI-0080,,LOG,BI,62 Allée de l'Albaron,73065000AI0691,307.3,4,10.4,1229.0,Résidentiel,0,GJP5DY85YQQD,BATIMENT0000000219258686,Logement,5.8999272,45.5785825
BAT-BI-0081,,LOG,BI,26 All Des Gdes Jorasses,73065000AI0713,312.7,4,11.6,1251.0,Résidentiel,0,62CJ8CFRVMDQ,BATIMENT0000000219258680,Logement,5.9009848,45.5785163
BAT-BI-0082,,LOG,BI,26 All Des Gdes Jorasses,73065000AI0713,307.5,3,7.3,922.0,Résidentiel,0,Y1BV63FX3AGX,BATIMENT0000000219258668,Logement,5.9013555,45.5784997
BAT-BI-0083,,AQU,BI,L Eglise,73065000IA0039,19.0,,,,Indifférencié,0,7WJ9ZVM3HBBN,BATIMENT0000000219250426,À qualifier,5.8847048,45.5788124
BAT-BI-0084,Stade Mager,SPO,BI,Rte De La Labiaz,73065000AM0424,741.7,,4.2,,Sportif,1,8PFRA8YX3DBJ,BATIMENT0000002276045477,Sport,5.8881024,45.5787161
BAT-BI-0085,,LOG,BI,62 Allée de l'Albaron,73065000AI0691,312.2,3,8.6,937.0,Résidentiel,0,4ZG15WEQ7XBS,BATIMENT0000000219258671,Logement,5.899538,45.5783951
BAT-BI-0086,Stade Mager,SPO,BI,Rte De La Labiaz,73065000AM0424,211.4,,5.1,,Sportif,1,AC5D859746AX,BATIMENT0000002275911914,Sport,5.8889733,45.5786212
BAT-BI-0087,Stade Mager,SPO,BI,148 Rue Du Jura,73065000AM0441,240.8,1,4.1,241.0,Commercial et services,1,SPFVCNT61SBP,BATIMENT0000002008967662,Sport,5.8910929,45.5785685
BAT-BI-0088,,LOG,BI,62 Allée de l'Albaron,73065000AI0691,283.3,4,11.8,1133.0,Résidentiel,0,CVPMSXCAQ3Y1,BATIMENT0000000219258687,Logement,5.8999032,45.5783781
BAT-BI-0089,Stade de Charrière Neuve,SPO,BI,2 Rue Des Sports,73065000AI0668,26.2,,2.8,,Indifférencié,0,KYJW63VG2VBD,BATIMENT0000000219258790,Sport,5.9043562,45.5782631
BAT-BI-0090,Stade de Charrière Neuve,SPO,BI,2 Rue Des Sports,73065000AI0668,30.7,,2.8,,Indifférencié,0,Q3FAW7J1DRPB,BATIMENT0000000219258791,Sport,5.9044227,45.5782474
BAT-BI-0091,Stade de Charrière Neuve,SPO,BI,2 Rue Des Sports,73065000AI0668,26.8,,2.8,,Indifférencié,0,DA6N8XDAGEV6,BATIMENT0000000219258789,Sport,5.9045079,45.5782249
BAT-BI-0092,,AQU,BI,22 Che De Charriere-Neuve,73065000AI0700,16.3,,11.0,,Indifférencié,0,VYDSB8PPMB63,BATIMENT0000000219258690,À qualifier,5.8998211,45.5782874
BAT-BI-0093,Stade Mager,SPO,BI,Rte De La Labiaz,73065000AM0424,203.3,,5.1,,Sportif,1,AR2W9GDXEBKS,BATIMENT0000002275911915,Sport,5.8891519,45.5784387
BAT-BI-0094,,LOG,BI,62 Allée de l'Albaron,73065000AI0691,318.5,3,7.2,956.0,Résidentiel,0,B4XXKRX15R3H,BATIMENT0000000219258672,Logement,5.8995232,45.5781765
BAT-BI-0095,,COM,BI,22 Che De Charriere-Neuve,73065000AI0699,233.0,1,7.9,233.0,Commercial et services,1,QTSK6ZR2N27N,BATIMENT0000000219258674,Commerce et marché,5.8998594,45.5781661
BAT-BI-0096,,LOG,BI,22 Che De Charriere-Neuve,73065000AI0699,171.8,,3.8,,Résidentiel,1,WPAZC9JTPSMF,BATIMENT0000002328956059,Logement,5.8999887,45.5781168
BAT-BI-0097,Stade Mager,SPO,BI,Rte De La Labiaz,73065000AM0424,210.5,,4.8,,Sportif,1,8SGEW3V75WWA,BATIMENT0000002275911921,Sport,5.8893314,45.5782543
BAT-BI-0098,,LOG,BI,22 Che De Charriere-Neuve,73065000AI0699,16.3,,2.9,,Résidentiel,1,XGZHN56NBE4N,BATIMENT0000002328956057,Logement,5.8998826,45.5779844
BAT-BI-0099,Stade Mager,SPO,BI,148 Rue Du Jura,73065000AM0441,357.7,,8.6,,Indifférencié,1,ZNSZXBV83AK2,BATIMENT0000000219251867,Sport,5.8921776,45.5779707
BAT-BI-0100,Stade Mager,SPO,BI,Che De La Plaine,73065000AL0012,42.5,,3.8,,Indifférencié,0,6XS2E37RBGGN,BATIMENT0000000219251932,Sport,5.8910866,45.5779632
BAT-BI-0101,Stade Mager,SPO,BI,Che De La Plaine,73065000AL0245,85.3,,3.0,,Sportif,0,,BATIMENT0000002490052745,Sport,5.889411,45.5777652
BAT-BI-0102,,COM,BI,505 Rte De La Labiaz,73065000AM0486,154.4,1,7.7,154.0,Commercial et services,1,2DN5D2G7F4T2,BATIMENT0000000219251961,Commerce et marché,5.8876163,45.5777329
BAT-BI-0103,,AQU,BI,Rte De La Labiaz,73065000AM0484,907.4,,8.0,,Indifférencié,0,GP5ME6WHHVQ4,BATIMENT0000000219252128,À qualifier,5.8882794,45.5777334
BAT-BI-0104,,AQU,BI,Rte De La Labiaz,73065000AM0488,449.2,,6.7,,Indifférencié,0,SG9NR49A73J1,BATIMENT0000000219251962,À qualifier,5.8878749,45.5773447
BAT-BI-0105,Stade du Mas Barral,SPO,BI,2 Rue Des Sports,73065000AI0668,172.4,,4.0,,Indifférencié,0,SZKX879EY2BS,BATIMENT0000000219258469,Sport,5.903589,45.5766772
BAT-BI-0106,Stade Mager,SPO,BI,Che De La Plaine,73065000AL0245,205.8,,5.3,,Sportif,0,2X5PN2NKW6WN,BATIMENT0000002276045475,Sport,5.8892234,45.5770181
BAT-BI-0107,,LOG,BI,22 Av Chevaliers Tireurs,73065000AH0026,52.2,1,3.7,52.0,Résidentiel,3,J3DSKBH1SH6D,BATIMENT0000000219258483,Logement,5.9050496,45.5763475
BAT-BI-0108,,AQU,BI,22 Av Chevaliers Tireurs,73065000AH0026,41.2,,3.8,,Indifférencié,3,VB8XS17GMAM4,BATIMENT0000000219258482,À qualifier,5.9052929,45.5763047
BAT-BI-0109,,AQU,BI,22 Av Chevaliers Tireurs,73065000AH0026,108.4,,6.0,,Indifférencié,3,CP2EKPQSCPWW,BATIMENT0000000219258296,À qualifier,5.9054622,45.5763238
BAT-BI-0110,,LOG,BI,22 Av Chevaliers Tireurs,73065000AH0026,90.9,1,6.4,91.0,Résidentiel,3,XAB3Y2TKH143,BATIMENT0000000219258297,Logement,5.9057669,45.5763046
BAT-BI-0111,,AQU,BI,22 Av Chevaliers Tireurs,73065000AH0026,39.8,,3.3,,Indifférencié,3,8BDTHJRQVFPP,BATIMENT0000000219258603,À qualifier,5.9059775,45.5763068
BAT-BI-0112,,AQU,BI,22 Av Chevaliers Tireurs,73065000AH0026,42.5,,4.2,,Indifférencié,3,1NXSKGDKKMGW,BATIMENT0000000219258201,À qualifier,5.9059379,45.5761898
BAT-BI-0113,,AQU,BI,22 Av Chevaliers Tireurs,73065000AH0026,44.6,,9.3,,Indifférencié,3,85268ZJ37DTN,BATIMENT0000000219258202,À qualifier,5.9061956,45.5761543
BAT-BI-0114,,COM,BI,Av Chevaliers Tireurs,73065000AI0386,129.6,1,3.7,130.0,Commercial et services,3,JGV3J2PBM49Z,BATIMENT0000000219258221,Commerce et marché,5.9046555,45.576112
BAT-BI-0115,Chambéry - Mairie de Quartier de Bissy,ADM,BI,567 Av Gal Cartier,73065000AK0165,259.7,,10.4,,Commercial et services,9,HP6A7YPBKCDS,BATIMENT0000000219252897,Administration,5.8986043,45.5760958
BAT-BI-0116,,AQU,BI,Av Chevaliers Tireurs,73065000AI0386,154.3,,5.8,,Indifférencié,3,HWSTS13YW9TD,BATIMENT0000000219258324,À qualifier,5.9057035,45.5759115
BAT-BI-0117,Collège de Bissy,ENS,BI,53 Sq Des Fontanettes,73065000AI0705,1275.4,,7.6,,Sportif,12,ZF83NW5FEMSD,BATIMENT0000000219258512,Enseignement et petite enfance,5.9002918,45.5760018
BAT-BI-0118,École Élémentaire Jean Rostand,ENS,BI,567 Av Gal Cartier,73065000AK0165,208.6,3,12.8,626.0,Résidentiel,9,35W7CQ3WYEE7,BATIMENT0000000219258128,Enseignement et petite enfance,5.8988206,45.5759019
BAT-BI-0119,,AQU,BI,Che De Chiron,73065000AK0595,308.3,,3.2,,Indifférencié,0,,BATIMENT0000002493164184,À qualifier,5.8977919,45.5758987
BAT-BI-0120,École Élémentaire Jean Rostand,ENS,BI,567 Av Gal Cartier,73065000AK0165,433.4,,6.8,,Commercial et services,9,4CB73KHPCRZZ,BATIMENT0000000219252896,Enseignement et petite enfance,5.8983529,45.5758626
BAT-BI-0121,,AQU,BI,Che De Chiron,73065000AK1034,339.9,,3.5,,Indifférencié,0,,BATIMENT0000002493164185,À qualifier,5.8975588,45.5757407
BAT-BI-0122,,AQU,BI,Che De Chiron,73065000AK0595,127.6,,3.5,,Indifférencié,0,,BATIMENT0000002493164183,À qualifier,5.8976731,45.5758215
BAT-BI-0123,École Élémentaire Jean Rostand,ENS,BI,567 Av Gal Cartier,73065000AK0165,388.6,,6.1,,Commercial et services,9,34WM9SCFF453,BATIMENT0000000219258130,Enseignement et petite enfance,5.8990338,45.5757111
BAT-BI-0124,École Élémentaire Jean Rostand,ENS,BI,La Mairie,73065000AK0351,324.1,,10.0,,Commercial et services,0,88T3GDDZA83D,BATIMENT0000000219252534,Enseignement et petite enfance,5.8981307,45.575584
BAT-BI-0125,École Élémentaire Jean Rostand,ENS,BI,85 All Jean Rostand,73065000AK0352,71.7,,4.8,,Commercial et services,0,88CTP46W4PG9,BATIMENT0000000219252238,Enseignement et petite enfance,5.8976936,45.5754862
BAT-BI-0126,École Élémentaire Jean Rostand,ENS,BI,85 All Jean Rostand,73065000AK0152,102.6,,8.5,,Indifférencié,0,,BATIMENT0000002493164182,Enseignement et petite enfance,5.8977363,45.5753977
BAT-BI-0127,École Élémentaire Jean Rostand,ENS,BI,85 All Jean Rostand,73065000AK0153,167.5,1,8.3,168.0,Commercial et services,1,R3AY1BAFJNV2,BATIMENT0000000219252240,Enseignement et petite enfance,5.8978707,45.5754227
BAT-BI-0128,École Élémentaire Jean Rostand,ENS,BI,85 All Jean Rostand,73065000AK0152,110.2,,8.7,,Commercial et services,0,3ZVZWGHS4PPT,BATIMENT0000000219252239,Enseignement et petite enfance,5.8978346,45.5753686
BAT-BI-0129,École Maternelle Jean Rostand,ENS,BI,La Mairie,73065000AK0351,1252.4,,5.7,,Commercial et services,0,8NY6JH8YKGWF,BATIMENT0000000219252218,Enseignement et petite enfance,5.8985067,45.5753279
BAT-BI-0130,,AQU,BI,Rue Du Mont Outherans,73065000AK0542,17.0,1,2.8,17.0,Indifférencié,0,SDTCW41HJGPC,BATIMENT0000000219252605,À qualifier,5.8953291,45.5729647
BAT-BO-0001,,AQU,BO,Rue Francois Buloz,73065000CO0238,18.8,,7.9,,Indifférencié,0,Z13ZZ8EGE6PV,BATIMENT0000000219251213,À qualifier,5.9024983,45.5648804
BAT-BO-0002,,AQU,BO,577 Fg Mache,73065000CR0201,188.6,,6.6,,Indifférencié,5,BVYXQY21ASCZ,BATIMENT0000000219251252,À qualifier,5.9102909,45.5638003
BAT-BO-0003,École Élémentaire du Haut-Maché,ENS,BO,577 Fg Mache,73065000CR0201,158.1,1,3.2,158.0,Résidentiel,5,4TXFMWAC77HZ,BATIMENT0000000219251258,Enseignement et petite enfance,5.9093316,45.5637161
BAT-BO-0004,École Élémentaire du Haut-Maché,ENS,BO,577 Fg Mache,73065000CR0201,161.8,2,10.6,324.0,Résidentiel,5,XQTRQMEKNTSH,BATIMENT0000000219251254,Enseignement et petite enfance,5.909403,45.5636052
BAT-BO-0005,,AQU,BO,Mte Saint-Sebastien,73065000CR0300,27.9,,17.9,,Indifférencié,0,2E2VPMA88FR1,BATIMENT0000000219249192,À qualifier,5.9144048,45.5634526
BAT-BO-0006,École Élémentaire du Haut-Maché,ENS,BO,577 Fg Mache,73065000CR0201,159.2,,10.5,,Commercial et services,5,TSTXRYF4QVYE,BATIMENT0000000219251255,Enseignement et petite enfance,5.9093537,45.5634191
BAT-BO-0007,École Maternelle du Haut-Maché,ENS,BO,577 Fg Mache,73065000CR0201,757.3,,4.2,,Commercial et services,5,QCKMSW73SVZY,BATIMENT0000000219251238,Enseignement et petite enfance,5.9101151,45.5634358
BAT-BO-0008,Groupe Scolaire le Biollay,ENS,BO,21 Rue Jean Gotteland,73065000CP0044,700.8,,13.5,,Commercial et services,10,TKKQ6QXNXG7R,BATIMENT0000000219251365,Enseignement et petite enfance,5.9033678,45.5629798
BAT-BO-0009,,ANX,BO,6 Mte Du Rucher,73065000CR0080,42.0,1,6.3,42.0,Annexe,2,C2WHQAPRW1J6,BATIMENT0000000219249794,Annexe,5.9141215,45.5624282
BAT-BO-0010,Groupe Scolaire le Biollay,ENS,BO,20 Rue Jean Gotteland,73065000CP0046,525.8,,17.4,,Commercial et services,0,DR9W8TX6931J,BATIMENT0000000219251326,Enseignement et petite enfance,5.9024437,45.5625239
BAT-BO-0011,Groupe Scolaire le Biollay,ENS,BO,21 Rue Jean Gotteland,73065000CP0044,962.5,,5.6,,Commercial et services,10,57V8A8RYW54W,BATIMENT0000000219250845,Enseignement et petite enfance,5.9033758,45.5621369
BAT-BO-0012,Groupe Scolaire le Biollay,ENS,BO,21 Rue Jean Gotteland,73065000CP0044,67.3,,4.7,,Commercial et services,10,E8QXFBBYGEK2,BATIMENT0000000012712812,Enseignement et petite enfance,5.9035954,45.5621403
BAT-BO-0013,,ANX,BO,350 Che Des Vieux Capucins,73065000CP0006,135.1,3,11.0,405.0,Annexe,8,XF4X6BSKSQK4,BATIMENT0000000219250848,Annexe,5.9006099,45.5621385
BAT-BO-0014,,AQU,BO,350 Che Des Vieux Capucins,73065000CP0006,22.6,,12.1,,Indifférencié,8,2QNABQ7MQ68G,BATIMENT0000000219253082,À qualifier,5.9006694,45.5620257
BAT-BO-0015,,LOG,BO,360 Che Des Vieux Capucins,73065000CP0166,134.8,3,12.0,404.0,Résidentiel,2,JCY5PTKEZVT3,BATIMENT0000000219250849,Logement,5.9007718,45.5620411
BAT-BO-0016,,LOG,BO,282 Che Du Biollay,73065000CP0271,177.4,,3.6,,Résidentiel,0,PGGG5K1DPH8M,BATIMENT0000002207451866,Logement,5.908059,45.561864
BAT-BO-0017,,AQU,BO,202 Av Georges Clemenceau,73065000CP0326,18.4,,21.1,,Indifférencié,0,52CN8GNBGSR4,BATIMENT0000000219253159,À qualifier,5.9051693,45.5618599
BAT-BO-0018,,COM,BO,119 Pl Rene Vair,73065000CP0047,601.7,1,8.6,602.0,Commercial et services,2,Z3XZN7MHMB31,BATIMENT0000002008968358,Commerce et marché,5.9030592,45.561572
BAT-BO-0019,,AQU,BO,81 Pl Rene Vair,73065000CP0075,204.9,1,8.3,205.0,Indifférencié,1,GGDYS6XKX6ZZ,BATIMENT0000000219253067,À qualifier,5.9032998,45.5614518
BAT-BO-0020,Gymnase du Biollay,SPO,BO,Rue Oradour-Sur-Glane,73065000CP0203,1185.5,,8.4,,Sportif,1,NNAMGRC3F4MC,BATIMENT0000000219253109,Sport,5.903875,45.5608739
BAT-BO-0021,Poste de Chambéry - le Biollay,ADM,BO,169 Rue Oradour-Sur-Glane,73065000CP0057,453.4,2,5.3,907.0,Résidentiel,1,DTEYFP7TSMTR,BATIMENT0000000219253105,Administration,5.9026245,45.560009
BAT-BO-0022,,COM,BO,169 Rue Oradour-Sur-Glane,73065000CP0057,452.5,2,5.3,905.0,Commercial et services,1,BKJAJB6N21HZ,BATIMENT0000000219253103,Commerce et marché,5.9026344,45.5597979
BAT-BO-0023,,AQU,BO,Rue De Salins,73065000CP0082,105.6,,8.9,,Indifférencié,0,ZVTPXDESBA8E,BATIMENT0000000219253069,À qualifier,5.9014207,45.5596991
BAT-BO-0024,,COM,BO,141 Rue De Salins,73065000CP0349,790.8,1,4.2,791.0,Commercial et services,1,JR3Q7ATNQWED,BATIMENT0000000219253132,Commerce et marché,5.9018303,45.559598
BAT-BO-0025,,COM,BO,454 Rue De Salins,73065000CP0060,136.1,1,4.7,136.0,Commercial et services,1,CHNTWSTXCHSM,BATIMENT0000000219253081,Commerce et marché,5.9017865,45.5586935
BAT-CE-0001,,COM,CE,1263 Av De La Boisse,73065000BY0018,231.5,2,8.5,463.0,Commercial et services,1,2N1EWKYQ8AXP,BATIMENT0000000219259071,Commerce et marché,5.911538,45.5809832
BAT-CE-0002,,LOG,CE,1029 Av De La Boisse,73065000BY0023,90.9,2,9.4,182.0,Résidentiel,2,5BD6AJ8F6EQZ,BATIMENT0000000219248812,Logement,5.9129781,45.5791482
BAT-CE-0003,,COM,CE,1015 Av De La Boisse,73065000BY0024,105.7,2,6.9,211.0,Commercial et services,4,YKQN2PMAA66W,BATIMENT0000000219248813,Commerce et marché,5.9130997,45.5790433
BAT-CE-0004,,AQU,CE,Rue Docteur Vernier,73065000BS0117,21.7,,2.5,,Indifférencié,0,BEGZCA4319JC,BATIMENT0000000219248752,À qualifier,5.9200468,45.5763048
BAT-CE-0005,,TEC,CE,18 Av Chevaliers Tireurs,73065000BZ0349,1029.6,,7.6,,Industriel,0,9M63FR89TTRB,BATIMENT0000000219258152,Technique et logistique,5.909453,45.5764881
BAT-CE-0006,,AQU,CE,18 Av Chevaliers Tireurs,73065000BZ0349,63.7,,3.2,,Indifférencié,0,,BATIMENT0000002490052831,À qualifier,5.9090202,45.5761938
BAT-CE-0007,,AQU,CE,18 Av Chevaliers Tireurs,73065000BZ0349,87.3,,5.9,,Indifférencié,0,X26KY7V6D41S,BATIMENT0000000129533265,À qualifier,5.9095142,45.5762112
BAT-CE-0008,,AQU,CE,18 Av Chevaliers Tireurs,73065000BZ0349,299.5,,5.7,,Indifférencié,0,4K97VQF58GK5,BATIMENT0000000219258144,À qualifier,5.9090424,45.5760491
BAT-CE-0009,,COM,CE,80 Rue Francois Descotes,73065000BZ0031,171.9,1,4.1,172.0,Commercial et services,1,XX9EEK6WXESE,BATIMENT0000000219248324,Commerce et marché,5.9126218,45.5755279
BAT-CE-0010,École Élémentaire le Stade,ENS,CE,222 Av Alsace-Lorraine,73065000CE0001,491.8,,10.6,,Commercial et services,6,MRTWPDP6H38P,BATIMENT0000000219247930,Enseignement et petite enfance,5.9111246,45.5749443
BAT-CE-0011,École Maternelle le Stade,ENS,CE,222 Av Alsace-Lorraine,73065000CE0001,428.3,,2.8,,Commercial et services,6,THYXDH6F31QA,BATIMENT0000000219258154,Enseignement et petite enfance,5.9109264,45.5746635
BAT-CE-0012,,LOG,CE,235 Av Alsace-Lorraine,73065000CD0198,742.7,,4.8,,Résidentiel,0,QJC1GHV5T117,BATIMENT0000002223223909,Logement,5.9072505,45.5746668
BAT-CE-0013,École Maternelle le Stade,ENS,CE,222 Av Alsace-Lorraine,73065000CE0001,340.6,,2.8,,Commercial et services,6,M8KV2D1TGE6C,BATIMENT0000000219247932,Enseignement et petite enfance,5.9111602,45.5744921
BAT-CE-0014,,COM,CE,235 Av Alsace-Lorraine,73065000CD0158,1943.6,1,4.1,1944.0,Commercial et services,2,78NVF8Y3XPJ6,BATIMENT0000000219258289,Commerce et marché,5.9069093,45.5744648
BAT-CE-0015,,AQU,CE,235 Av Alsace-Lorraine,73065000CD0158,852.9,1,5.4,853.0,Indifférencié,2,VN383HTJZEAC,BATIMENT0000000219258606,À qualifier,5.9073753,45.5743111
BAT-CE-0016,,SPO,CE,Av Alsace-Lorraine,73065000CD0201,2483.0,,19.4,,Sportif,0,MZEBAYASZ7T5,BATIMENT0000002329037015,Sport,5.908475,45.5738804
BAT-CE-0017,,COM,CE,488 Fg Reclus,73065000BS0031,124.5,1,7.8,124.0,Commercial et services,1,61BKRJD55HK8/S7KDSV85MS4M,BATIMENT0000000219248126,Commerce et marché,5.9221886,45.5728737
BAT-CE-0018,,ANX,CE,488 Fg Reclus,73065000BS0029,105.8,1,7.0,106.0,Annexe,1,JP1ZSFQFYBB9,BATIMENT0000000219248128,Annexe,5.922235,45.572949
BAT-CE-0019,,SPO,CE,1 Pl Du Stade,73065000CD0200,1470.8,,11.1,,Sportif,1,WTWJWSBVQT6Q,BATIMENT0000002329037013,Sport,5.9080169,45.5730498
BAT-CE-0020,,AQU,CE,1 Pl Du Stade,73065000CD0199,256.4,,3.5,,Indifférencié,1,,BATIMENT0000002490052842,À qualifier,5.9103083,45.5729864
BAT-CE-0021,,AQU,CE,312 Rue Nicolas Parent,73065000CE0372,182.7,1,7.3,183.0,Indifférencié,1,792QVCYD5SAD,BATIMENT0000000219248425,À qualifier,5.9145584,45.5728438
BAT-CE-0022,,AQU,CE,1 Pl Du Stade,73065000CD0199,104.4,,6.3,,Indifférencié,1,PZQPNEVR7WNX,BATIMENT0000002332063738,À qualifier,5.9102102,45.5725006
BAT-CE-0023,,LOG,CE,2 Pl Du Stade,73065000CE0084,407.9,7,23.2,2855.0,Résidentiel,1,1N6NRBJAT2Q3,BATIMENT0000000219258161,Logement,5.9108869,45.5722569
BAT-CE-0024,Complexe Sportif Pierre Cot,SPO,CE,247 Quai Des Allobroges,73065000CE0439,1841.4,1,11.1,1841.0,Sportif,1,EP5CQDV4TQKM,BATIMENT0000000219248309,Sport,5.9158678,45.5722084
BAT-CE-0025,,LOG,CE,263 Rue Nicolas Parent,73065000CE0141,510.2,2,8.1,1020.0,Résidentiel,52,STVDDNT8N9NX,BATIMENT0000000219248457,Logement,5.9144175,45.5721003
BAT-CE-0026,,AQU,CE,263 Rue Nicolas Parent,73065000CE0141,127.5,,7.6,,Indifférencié,52,BR8XQNF3ZV3S,BATIMENT0000000219248639,À qualifier,5.9146247,45.5720478
BAT-CE-0027,,COM,CE,59 Av De La Boisse,73065000CH0009,202.7,2,8.0,405.0,Commercial et services,1,DTNJY5AM5NPJ,BATIMENT0000000219248061,Commerce et marché,5.9188047,45.5715658
BAT-CE-0028,,LOG,CE,303 Fg Reclus,73065000BS0081,194.6,4,13.1,778.0,Résidentiel,15,YCT7FWZB46ES,BATIMENT0000000219248018,Logement,5.9213728,45.5713279
BAT-CE-0029,,LOG,CE,33 Av De La Boisse,73065000CH0011,149.3,4,14.1,597.0,Résidentiel,1,5G1WQDBQ1T3D,BATIMENT0000000219248059,Logement,5.9189727,45.5713254
BAT-CE-0030,,COM,CE,19 Av De La Boisse,73065000CH0013,92.0,3,13.8,276.0,Commercial et services,1,5MEEC41APEKY,BATIMENT0000000219248058,Commerce et marché,5.919055,45.571221
BAT-CE-0031,,COM,CE,13 Av De La Boisse,73065000CH0014,299.9,1,19.6,300.0,Commercial et services,1,KGBZGESMA83A,BATIMENT0000000219248057,Commerce et marché,5.9189718,45.5710691
BAT-CE-0032,,LOG,CE,40 Av Mal Leclerc,73065000CH0069,224.7,5,18.1,1124.0,Résidentiel,1,YV3PQ51WDT1J,BATIMENT0000000219248050,Logement,5.9186708,45.5710039
BAT-CE-0033,,LOG,CE,Che De La Cassine,73065000BS0211,230.7,3,8.9,692.0,Résidentiel,2,W21XTS4SN4W7,BATIMENT0000000219248035,Logement,5.9211038,45.5706995
BAT-CE-0034,,COM,CE,30 Rue Nicolas Parent,73065000CE0170,346.5,1,9.3,346.0,Commercial et services,1,MKVDHM14HRTB,BATIMENT0000000219247971,Commerce et marché,5.9166628,45.5706208
BAT-CE-0035,,COM,CE,200 Av Mal Leclerc,73065000CE0171,469.7,4,16.9,1879.0,Commercial et services,2,R5EC2P982M8E,BATIMENT0000000219249850,Commerce et marché,5.9168615,45.570494
BAT-CE-0036,,LOG,CE,119 Av Comte Vert,73065000CE0186,455.9,5,18.4,2280.0,Résidentiel,1,34CN47NECHES,BATIMENT0000000219249441,Logement,5.914385,45.5705218
BAT-CE-0037,,LOG,CE,60 Rue Cdt Joseph Perceval,73065000CH0112,493.4,9,31.7,4441.0,Résidentiel,5,W4J4RPNECETC,BATIMENT0000000219249311,Logement,5.9194815,45.570088
BAT-CE-0038,,LOG,CE,55 Pl De La Gare,73065000CH0026,219.5,13,39.6,2854.0,Résidentiel,1,8GPR52KS8445,BATIMENT0000000219249310,Logement,5.9196696,45.5698241
BAT-CE-0039,,COM,CE,55 Pl De La Gare,73065000CH0026,110.0,1,4.7,110.0,Commercial et services,1,26THP8QB9P87,BATIMENT0000000219250005,Commerce et marché,5.9194195,45.5697626
BAT-CE-0040,,LOG,CE,44 Av Pierre Lanfrey,73065000CM0042,238.2,9,31.2,2144.0,Résidentiel,1,F4TAPB1NV3DM,BATIMENT0000000219249411,Logement,5.9151993,45.5695541
BAT-CE-0041,École Maternelle Jean Jaurès,ENS,CE,Rue Du Bon Pasteur,73065000CM0231,1398.5,,4.7,,Commercial et services,2,TRBRGJZVGQ64,BATIMENT0000000219249336,Enseignement et petite enfance,5.912978,45.5695538
BAT-CE-0042,,LOG,CE,84 Rue Des Fleurs,73065000CM0229,109.2,2,10.9,218.0,Résidentiel,1,267YM2WD8Z42,BATIMENT0000000219249505,Logement,5.9136116,45.5692136
BAT-CE-0043,,COM,CE,76 Fg Reclus,73065000BR0317,2168.8,4,13.0,8675.0,Commercial et services,1,WV6YPVR6K312,BATIMENT0000000219249252,Commerce et marché,5.9225147,45.5690073
BAT-CE-0044,École Élémentaire Jean Jaurès,ENS,CE,106 Rue Des Fleurs,73065000CM0243,85.9,1,6.5,86.0,Commercial et services,1,SNHHBG3RJMER,BATIMENT0000000219249855,Enseignement et petite enfance,5.9133084,45.5691489
BAT-CE-0045,École Élémentaire Jean Jaurès,ENS,CE,14 Av Jean Jaures,73065000CM0241,323.9,4,14.9,1296.0,Résidentiel,1,MWWGJA8N6P6Z,BATIMENT0000000219249853,Enseignement et petite enfance,5.9132449,45.5690248
BAT-CE-0046,Collège Louise de Savoie,ENS,CE,268 Rue Marcoz,73065000CM0608,27.7,,4.3,,Commercial et services,0,6DG4S86HYMCC,BATIMENT0000000219250213,Enseignement et petite enfance,5.9161243,45.5687965
BAT-CE-0047,,ENS,CE,24 All Georges Marie Raymond,73065000CM0061,621.5,1,20.6,622.0,Commercial et services,1,AZJM5V7QQX6V,BATIMENT0000000219249539,Enseignement et petite enfance,5.9166467,45.5687813
BAT-CE-0048,Collège Louise de Savoie,ENS,CE,268 Rue Marcoz,73065000CM0608,62.2,,3.1,,Commercial et services,0,5DG1BM8JFY7J,BATIMENT0000000219250212,Enseignement et petite enfance,5.9162288,45.5687397
BAT-CE-0049,,AQU,CE,37 Rue Waldeck Rousseau,73065000CM0064,664.7,,20.7,,Indifférencié,2,ZKG7ADW459NQ,BATIMENT0000000219249931,À qualifier,5.9170446,45.568619
BAT-CE-0050,,ADM,CE,2 Pl Du Palais De Justice,73065000CM0063,2292.1,,24.6,,Commercial et services,1,XYMWADQMSAXT,BATIMENT0000000219250029,Administration,5.9188368,45.5685851
BAT-CE-0051,Complexe Sportif Vaugelas,SPO,CE,81 All Georges Marie Raymond,73065000CM0068,1078.6,,18.5,,Sportif,15,91QH7ZW5QA54,BATIMENT0000000219250269,Sport,5.9167334,45.5682874
BAT-CE-0052,École Élémentaire Waldeck Rousseau,ENS,CE,37 Rue Waldeck Rousseau,73065000CM0064,273.5,,8.4,,Commercial et services,2,AY4CTR24Z166,BATIMENT0000000219250227,Enseignement et petite enfance,5.9175576,45.5682169
BAT-CE-0053,École Élémentaire Waldeck Rousseau,ENS,CE,37 Rue Waldeck Rousseau,73065000CM0064,1110.0,,17.1,,Commercial et services,2,PBHKHHS689GR,BATIMENT0000000219249990,Enseignement et petite enfance,5.9180379,45.5682442
BAT-CE-0054,Musée des Beaux-Arts,CUL,CE,1 Pl Du Palais De Justice,73065000CI0001,823.4,,18.2,,Indifférencié,1,ABJXGP2JX4N4,BATIMENT0000000219249303,Culture et loisirs,5.9197153,45.5681661
BAT-CE-0055,,LOG,CE,23 Bd Du Musee,73065000CI0083,328.1,10,32.6,3281.0,Résidentiel,1,JWZANKAAEZYT,BATIMENT0000000219250037,Logement,5.9203623,45.5681638
BAT-CE-0056,,COM,CE,12 Av Des Ducs De Savoie,73065000BR0191,1654.7,4,17.3,6619.0,Commercial et services,1,279NA52AYW4Y/9K3DR8851Q4A/DSMNFMVV6NRD/N6PM3P3NXFNG/VKDYW4MW7XYD,BATIMENT0000002008967844,Commerce et marché,5.9229348,45.568051
BAT-CE-0057,Lycée Vaugelas,ENS,CE,81 All Georges Marie Raymond,73065000CM0068,1699.9,,16.8,,Commercial et services,15,V474BFZJJF2X,BATIMENT0000000219250255,Enseignement et petite enfance,5.9174354,45.5680263
BAT-CE-0058,,COM,CE,4 Pas Abbe De Mellarede,73065000CI0002,124.0,6,16.5,744.0,Commercial et services,2,FQ52C657ZWPA,BATIMENT0000000219249314,Commerce et marché,5.9193903,45.5679075
BAT-CE-0059,Lycée Vaugelas,ENS,CE,81 All Georges Marie Raymond,73065000CM0068,165.8,3,5.0,497.0,Résidentiel,15,6SHNEJTC13QF,BATIMENT0000000219249982,Enseignement et petite enfance,5.9181746,45.5678458
BAT-CE-0060,Office de Tourisme de Chambéry,CUL,CE,5 Pl Du Palais De Justice,73065000CM0066,156.7,1,10.0,157.0,Commercial et services,1,4SX1HPRPB4E6,BATIMENT0000000219249991,Culture et loisirs,5.9188461,45.5678004
BAT-CE-0061,,LOG,CE,5 Pl Du Palais De Justice,73065000CI0003,141.4,5,16.8,707.0,Résidentiel,1,8815TT1ZVFR8,BATIMENT0000000219249315,Logement,5.919339,45.5677971
BAT-CE-0062,,COM,CE,19 Bd De La Colonne,73065000CI0008,886.0,1,20.5,886.0,Commercial et services,1,MEXASGMZWT5J,BATIMENT0000000219249957,Commerce et marché,5.921068,45.5677157
BAT-CE-0063,Lycée Vaugelas,ENS,CE,81 All Georges Marie Raymond,73065000CM0068,38.6,,10.8,,Commercial et services,15,,BATIMENT0000002493164697,Enseignement et petite enfance,5.9182551,45.5677266
BAT-CE-0064,,AQU,CE,65 Rue De La Reveriaz,73065000CM0204,137.2,,4.3,,Indifférencié,1,,BATIMENT0000002489962470,À qualifier,5.9105579,45.5677663
BAT-CE-0065,Lycée Vaugelas,ENS,CE,81 All Georges Marie Raymond,73065000CM0068,4464.6,,19.2,,Commercial et services,15,BYG1E2Q9C648,BATIMENT0000000219250270,Enseignement et petite enfance,5.9181182,45.5676244
BAT-CE-0066,Église Notre-Dame,REL,CE,Rue Saint - Antoine,73065000CI0007,978.8,,10.8,,Religieux,0,C41BC17KJAEK,BATIMENT0000000219249927,Édifice cultuel,5.9207829,45.5675173
BAT-CE-0067,,COM,CE,4 Rue Notre Dame,73065000CI0009,543.5,6,23.3,3261.0,Commercial et services,1,W5HPFT6B2BQX,BATIMENT0000000219249958,Commerce et marché,5.9213356,45.5675069
BAT-CE-0068,,COM,CE,77 Rue Ambroise Croizat,73065000CM0162,1249.3,1,16.9,1249.0,Commercial et services,3,MCVVQPH56QF7,BATIMENT0000000219248894,Commerce et marché,5.9114043,45.5676697
BAT-CE-0069,Lycée Vaugelas,ENS,CE,81 All Georges Marie Raymond,73065000CM0068,200.0,,6.7,,Commercial et services,15,H4688M659HY5,BATIMENT0000000295067895,Enseignement et petite enfance,5.9178154,45.5675627
BAT-CE-0070,,COM,CE,11 Rue Jean-Pierre Veyrat,73065000CI0078,497.6,5,16.7,2488.0,Commercial et services,1,MCPKVFSR64FG,BATIMENT0000000219249841,Commerce et marché,5.9189963,45.5675073
BAT-CE-0071,,AQU,CE,65 Rue De La Reveriaz,73065000CM0204,217.5,1,6.8,218.0,Indifférencié,1,C6X233K26JM4,BATIMENT0000000219248896,À qualifier,5.9108739,45.5676094
BAT-CE-0072,,LOG,CE,6 Pl De Geneve,73065000CI0077,1727.7,8,24.6,13822.0,Résidentiel,2,V96H84M5CDGM,BATIMENT0000000219249941,Logement,5.9195302,45.5672827
BAT-CE-0073,,COM,CE,1 Av General De Gaulle,73065000CI0005,854.5,9,4.2,7690.0,Commercial et services,6,KCEZ8VQ88EKY,BATIMENT0000000219249259,Commerce et marché,5.9206681,45.5672405
BAT-CE-0074,,LOG,CE,1 Av General De Gaulle,73065000CI0005,1341.0,9,23.2,12069.0,Résidentiel,6,1FVARP6863J5,BATIMENT0000000219249260,Logement,5.9203366,45.5672175
BAT-CE-0075,Chapelle Vaugelas,REL,CE,81 All Georges Marie Raymond,73065000CM0068,496.2,,15.6,,Religieux,15,CZFGEADYSS3W,BATIMENT0000000219250268,Édifice cultuel,5.9179067,45.5670732
BAT-CE-0076,,ANX,CE,109 Rue Des Ecoles,73065000CM0105,62.0,1,2.5,62.0,Annexe,2,HC9VWRNE8RJ5,BATIMENT0000000219250070,Annexe,5.9153481,45.567073
BAT-CE-0077,,LOG,CE,3 Rue Favre,73065000CI0065,1691.0,8,24.6,13528.0,Résidentiel,1,AZWPVY3TQJJZ,BATIMENT0000000219249271,Logement,5.9203548,45.5667989
BAT-CE-0078,,LOG,CE,3 Rue Favre,73065000CI0065,669.2,8,4.2,5354.0,Résidentiel,1,FRMPHAYAZPC3,BATIMENT0000000219249304,Logement,5.9199624,45.566759
BAT-CE-0079,,COM,CE,2 Av General De Gaulle,73065000CI0012,1054.2,2,6.4,2108.0,Commercial et services,2,4HHXTTCC6HXE,BATIMENT0000000219249001,Commerce et marché,5.9217066,45.5666955
BAT-CE-0080,,LOG,CE,167 Rue Paul Bert,73065000CM0101,1085.6,,9.4,,Résidentiel,0,KHEWD3QHZV9M,BATIMENT0000000219250047,Logement,5.9162551,45.5667806
BAT-CE-0081,,LOG,CE,2 Av General De Gaulle,73065000CI0012,1019.5,8,26.8,8156.0,Résidentiel,2,8H5HZDJJ438F,BATIMENT0000000219248995,Logement,5.9212921,45.5666407
BAT-CE-0082,les Halles,COM,CE,5012 Les Halles,73065000CI0121,4039.3,1,21.6,4039.0,Commercial et services,1,NPBHWZ92NE37,BATIMENT0000000354818519,Commerce et marché,5.9187844,45.5665999
BAT-CE-0083,,COM,CE,5012 Les Halles,73065000CI0121,1156.2,1,4.6,1156.0,Commercial et services,1,FWCK75RJY1ED,BATIMENT0000000219249317,Commerce et marché,5.9192155,45.5666191
BAT-CE-0084,Poste de Chambéry - Hôtel de Ville,ADM,CE,11 Pl De L Hotel De Ville,73065000CI0064,835.9,8,24.6,6687.0,Résidentiel,1,3BJV7NFPYZT9,BATIMENT0000000219249270,Administration,5.9201573,45.5665873
BAT-CE-0085,,COM,CE,49 Rue Vieille Monnaie,73065000CI0114,196.7,6,5.9,1180.0,Commercial et services,1,24RQV63DCDKF,BATIMENT0000000219249003,Commerce et marché,5.9219752,45.5664923
BAT-CE-0086,"Banque de France, Succursale de Chambéry",ADM,CE,447 Av Du Covet,73065000CM0615,1276.4,3,8.9,3829.0,Commercial et services,15,TWSRFA33BJSN,BATIMENT0000000219249423,Administration,5.9143955,45.5666044
BAT-CE-0087,Mairie de Chambéry,ADM,CE,19 Pl De L Hotel De Ville,73065000CI0029,833.9,,17.8,,Commercial et services,2,D8EF4BMMMPAZ,BATIMENT0000000219249938,Administration,5.9206754,45.566467
BAT-CE-0088,,LOG,CE,49 Rue Vieille Monnaie,73065000CI0114,784.2,6,19.3,4705.0,Résidentiel,1,VMRQ6BFYNRFA,BATIMENT0000000219248996,Logement,5.9222651,45.5664249
BAT-CE-0089,,AQU,CE,116 Av Des Bernardines,73065000CM0097,102.7,,4.2,,Indifférencié,3,XV5YKXBWEJSE,BATIMENT0000000219250041,À qualifier,5.915651,45.5665295
BAT-CE-0090,,CUL,CE,5 Bd Du Theatre,73065000BO0140,610.8,5,19.0,3054.0,Résidentiel,1,Z1VXDSW88GBD,BATIMENT0000000219250002,Culture et loisirs,5.9228527,45.5662924
BAT-CE-0091,,ANX,CE,116 Av Des Bernardines,73065000CM0097,140.1,1,7.8,140.0,Annexe,3,4DN54SSXJFVN,BATIMENT0000000219250040,Annexe,5.9156417,45.5663968
BAT-CE-0092,,LOG,CE,1 Rue De L Herberie,73065000CI0112,120.5,5,14.8,602.0,Résidentiel,1,ZKYQ1SJ5EDDP,BATIMENT0000000219249969,Logement,5.9197572,45.5662079
BAT-CE-0093,,AQU,CE,1 Rue Victor Hugo,73065000BP0112,946.6,,11.9,,Indifférencié,0,NRWJZV46444H,BATIMENT0000000334734664,À qualifier,5.925081,45.5660897
BAT-CE-0094,,LOG,CE,19 Rue De La Grenette,73065000CL0076,113.6,4,14.3,454.0,Résidentiel,1,BXVB4A129D18,BATIMENT0000000219249473,Logement,5.9169703,45.5661983
BAT-CE-0095,,LOG,CE,19 Rue Paul Bert,73065000CL0078,288.6,7,22.3,2020.0,Résidentiel,1,ZGDZ9RZ2HYN3,BATIMENT0000000219249469,Logement,5.9172013,45.5661594
BAT-CE-0096,,COM,CE,10 Pl De L Hotel De Ville,73065000CI0119,197.8,1,14.8,198.0,Commercial et services,1,3EQ9G32FGNMT,BATIMENT0000000219249966,Commerce et marché,5.9200526,45.5661421
BAT-CE-0097,,REL,CE,1 Rue Victor Hugo,73065000BP0112,302.4,,11.9,,Religieux,0,S2XMHS9V1BWX,BATIMENT0000000354745905,Édifice cultuel,5.9247517,45.566046
BAT-CE-0098,,LOG,CE,456 Av Du Covet,73065000CL0353,269.4,10,29.1,2694.0,Résidentiel,1,D2EG5EB1AQNQ,BATIMENT0000000219249491,Logement,5.914985,45.5661561
BAT-CE-0099,Chambéry - Mairie de Quartier du Centre,ADM,CE,54 Rue De La Grenette,73065000CM0089,309.5,2,10.1,619.0,Commercial et services,2,A98D4XA1DR1D,BATIMENT0000000219249366,Administration,5.916585,45.5660898
BAT-CE-0100,,LOG,CE,15 Rue Bonivard,73065000CK0021,234.9,3,10.4,705.0,Résidentiel,1,2QBZWAD3J59B,BATIMENT0000000219249065,Logement,5.9186141,45.5660281
BAT-CE-0101,,LOG,CE,105 Rue D Italie,73065000BP0042,232.1,5,14.7,1160.0,Résidentiel,1,ZND8Z2W3BXP9,BATIMENT0000000219254308,Logement,5.925338,45.5658605
BAT-CE-0102,,LOG,CE,69 Rue De La Grenette,73065000CL0069,126.0,4,10.8,504.0,Résidentiel,1,RYFPCTWPX84R,BATIMENT0000000219249454,Logement,5.9167349,45.5659931
BAT-CE-0103,,AQU,CE,Rue Saint - Real,73065000BO0007,15.7,,11.2,,Indifférencié,8,MFWBEGN4B21C,BATIMENT0000000219249281,À qualifier,5.9221286,45.5658521
BAT-CE-0104,Mosquée Cheikh Abass,REL,CE,73 Rue D Italie,73065000BP0100,252.0,3,13.2,756.0,Religieux,1,FMPMTQ772QAF/FSRCS61PMHZY,BATIMENT0000000219254311,Édifice cultuel,5.9249909,45.5657893
BAT-CE-0105,,LOG,CE,3 Rue De Lans,73065000CI0081,353.8,5,14.5,1769.0,Résidentiel,1,4F8GPA36ZSP8,BATIMENT0000000219250123,Logement,5.9204146,45.5658575
BAT-CE-0106,,AQU,CE,1 Rue De Lans,73065000CI0043,100.4,,11.8,,Indifférencié,0,3Q7822G25ACQ,BATIMENT0000000219250113,À qualifier,5.9206348,45.5658612
BAT-CE-0107,,LOG,CE,5 Pl De L Hotel De Ville,73065000CI0110,239.8,5,19.5,1199.0,Résidentiel,1,AFBCZ8EQMBGP,BATIMENT0000000219250116,Logement,5.9209117,45.5658626
BAT-CE-0108,,LOG,CE,Rue Saint - Real,73065000BO0007,164.2,3,11.0,493.0,Résidentiel,8,A17S453HFPPW,BATIMENT0000000219249283,Logement,5.9222833,45.5658216
BAT-CE-0109,,AQU,CE,Rue Ducis,73065000BO0023,19.0,1,4.1,19.0,Indifférencié,0,VPBJYCFAVKNY,BATIMENT0000000219249135,À qualifier,5.9234712,45.565673
BAT-CE-0110,,LOG,CE,81 Rue D Italie,73065000BP0091,251.2,3,12.2,754.0,Résidentiel,1,J5XPJS7K6YZ5,BATIMENT0000000219254314,Logement,5.9251511,45.5656653
BAT-CE-0111,,LOG,CE,394 Av Du Covet,73065000CL0355,215.7,13,37.5,2804.0,Résidentiel,2,RVWSSTE3Z8AM,BATIMENT0000000219249487,Logement,5.9143188,45.5657999
BAT-CE-0112,,LOG,CE,222 Pl Saint-Leger,73065000CI0113,431.8,5,17.6,2159.0,Résidentiel,2,4NF2PGRSMCN9,BATIMENT0000000219250117,Logement,5.9203212,45.5656432
BAT-CE-0113,Musée Savoisien,CUL,CE,1 Sq Fcois De Lannoy De Bissy,73065000BO0021,805.1,1,13.2,805.0,Commercial et services,1,5SCDFS74XZRG,BATIMENT0000000219249139,Culture et loisirs,5.9228579,45.5656028
BAT-CE-0114,,LOG,CE,124 Rue Juiverie,73065000CK0297,290.5,4,15.8,1162.0,Résidentiel,20,76ZH8H38C8DH,BATIMENT0000000219249032,Logement,5.9181122,45.5656127
BAT-CE-0115,Centre d'Interprétation de l'Architecture et du Patrimoine - Hôtel de Cordon,ADM,CE,71 Rue Saint - Real,73065000BO0091,706.2,5,18.5,3531.0,Résidentiel,1,3TM5MTDXQY5E,BATIMENT0000000219250153,Administration,5.9216118,45.5655793
BAT-CE-0116,Théâtre Charles Dullin,CUL,CE,Pl Du Theatre,73065000BO0028,1599.7,1,17.7,1600.0,Commercial et services,2,VTFG138MY4KN,BATIMENT0000000219253899,Culture et loisirs,5.9239742,45.5653616
BAT-CE-0117,,LOG,CE,1 Rue De La Tresorerie,73065000CK0198,297.6,3,12.5,893.0,Résidentiel,1,4J6FQE9H2F2T,BATIMENT0000000219249449,Logement,5.9178645,45.5654312
BAT-CE-0118,,LOG,CE,14 Rue Basse Du Chateau,73065000CK0054,81.9,5,16.1,410.0,Résidentiel,7,YX1YJ7FNEVDY,BATIMENT0000000219249085,Logement,5.9198144,45.5653811
BAT-CE-0119,,LOG,CE,15 Rue De Boigne,73065000BO0083,397.4,5,18.2,1987.0,Résidentiel,1,NQZX43QYRFBB,BATIMENT0000000219250140,Logement,5.9208075,45.5653732
BAT-CE-0120,Musée Savoisien,CUL,CE,1 Sq Fcois De Lannoy De Bissy,73065000BO0021,273.8,,14.2,,Indifférencié,1,964SS7Q13VHR,BATIMENT0000000219249142,Culture et loisirs,5.9224091,45.5653185
BAT-CE-0121,,LOG,CE,13 Rue De Boigne,73065000BO0086,332.2,5,13.7,1661.0,Résidentiel,1,JDJ6FZZF9JBA,BATIMENT0000000219250154,Logement,5.9212166,45.5653208
BAT-CE-0122,,AQU,CE,23 Pl Metropole,73065000BO0020,44.7,,13.2,,Indifférencié,0,J6Y2JE7KDJ1S,BATIMENT0000000219249143,À qualifier,5.9224984,45.5652171
BAT-CE-0123,Cathédrale Saint-François de Sales,REL,CE,Pl Metropole,73065000BO0022,2582.8,,10.1,,Religieux,0,ZQEEJGS59B6H,BATIMENT0000000219249136,Édifice cultuel,5.9231237,45.5652538
BAT-CE-0124,,LOG,CE,5 Pl Metropole,73065000BO0018,151.9,3,12.4,456.0,Résidentiel,1,A5P31GZ6FN95,BATIMENT0000000219249148,Logement,5.922299,45.565166
BAT-CE-0125,,COM,CE,20 Rue D Italie,73065000BN0052,141.8,1,8.9,142.0,Commercial et services,1,4SY6EW958HPF,BATIMENT0000000219254796,Commerce et marché,5.9248961,45.5650655
BAT-CE-0126,,LOG,CE,112 Pl Saint-Leger,73065000BO0072,262.4,6,18.9,1574.0,Résidentiel,1,TFDEKVP6J9AT,BATIMENT0000000219250158,Logement,5.9212384,45.5650755
BAT-CE-0127,,COM,CE,6 Rue Metropole,73065000BO0067,38.4,1,5.6,38.0,Commercial et services,1,7SGE9X85SCWX,BATIMENT0000000219250163,Commerce et marché,5.9215293,45.5651347
BAT-CE-0128,,AQU,CE,20 Rue D Italie,73065000BN0052,24.4,,5.6,,Indifférencié,1,59EBC5ZEQ8E1,BATIMENT0000000219254795,À qualifier,5.9249644,45.5650367
BAT-CE-0129,,COM,CE,16 Rue Denfert-Rochereau,73065000BN0047,227.5,4,13.1,910.0,Commercial et services,2,F8SBM79CWC8V,BATIMENT0000000219254833,Commerce et marché,5.9245606,45.5648778
BAT-CE-0130,,LOG,CE,41 Rue Du Larith,73065000BN0049,150.5,4,12.3,602.0,Résidentiel,1,A646MMZJHNBT,BATIMENT0000000219254790,Logement,5.9248251,45.5648718
BAT-CE-0131,,AQU,CE,88 Rue Croix D Or,73065000BO0035,26.9,,15.7,,Indifférencié,1,A33QTFTBZ87Z,BATIMENT0000000219249112,À qualifier,5.9228681,45.5647678
BAT-CE-0132,,COM,CE,Rue Denfert-Rochereau,73065000BN0039,380.0,4,14.0,1520.0,Commercial et services,1,XTK7NHK8JNRK,BATIMENT0000000219253938,Commerce et marché,5.9243687,45.5647521
BAT-CE-0133,,COM,CE,47 Rue Du Larith,73065000BN0083,149.2,3,8.9,448.0,Commercial et services,1,865XN948K4SQ,BATIMENT0000000219254784,Commerce et marché,5.9249483,45.564715
BAT-CE-0134,,LOG,CE,110 Rue Croix D Or,73065000BO0037,741.7,6,20.8,4450.0,Résidentiel,2,B149GKGY2RYE,BATIMENT0000000219249110,Logement,5.9226546,45.5646837
BAT-CE-0135,,LOG,CE,88 Rue Croix D Or,73065000BO0035,330.3,5,15.9,1652.0,Résidentiel,1,7TQ9R77K173E,BATIMENT0000000219249113,Logement,5.9230203,45.5647098
BAT-CE-0136,,LOG,CE,129 Pl Saint-Leger,73065000CK0196,268.2,6,17.0,1609.0,Résidentiel,2,6NMD9419T54G,BATIMENT0000000219249156,Logement,5.9204215,45.5646629
BAT-CE-0137,,LOG,CE,24 Pl Saint-Leger,73065000BO0049,215.8,5,14.6,1079.0,Résidentiel,1,DA8E1B5N58NF,BATIMENT0000000219249117,Logement,5.9221697,45.5646669
BAT-CE-0138,,AQU,CE,88 Rue Croix D Or,73065000BO0035,21.2,,16.9,,Indifférencié,1,WCR75R5KFQXF,BATIMENT0000000219249116,À qualifier,5.9229864,45.564612
BAT-CE-0139,,LOG,CE,107 Pl Saint-Leger,73065000CK0089,134.2,5,18.5,671.0,Résidentiel,1,2KSX5CWWS829,BATIMENT0000000219249166,Logement,5.9207491,45.564549
BAT-CE-0140,,LOG,CE,6 Rue Denfert-Rochereau,73065000BN0043,137.7,4,14.7,551.0,Résidentiel,1,XXZZRW74GWZC,BATIMENT0000000219254830,Logement,5.9247323,45.5645039
BAT-CE-0141,Église Saint-Pierre de Maché,REL,CE,2 Che De L Esplanade,73065000CL0089,804.8,,16.2,,Religieux,0,8RN54N4F125Y,BATIMENT0000000219249806,Édifice cultuel,5.9152454,45.5646628
BAT-CE-0142,,LOG,CE,131 Pl Saint-Leger,73065000CK0165,80.0,4,15.4,320.0,Résidentiel,1,49BWBP4Z2XQT,BATIMENT0000000219249153,Logement,5.9202563,45.5645
BAT-CE-0143,,LOG,CE,117 Pl Saint-Leger,73065000CK0085,61.1,5,17.8,306.0,Résidentiel,1,JGATPHNNFEK4,BATIMENT0000000219249151,Logement,5.9202899,45.5644622
BAT-CE-0144,,LOG,CE,1 Rue Denfert-Rochereau,73065000BN0095,295.8,4,13.6,1183.0,Résidentiel,1,W6NGT3JN7728,BATIMENT0000000219253934,Logement,5.9245584,45.5642814
BAT-CE-0145,,LOG,CE,28 Pas Henry Murger,73065000CK0094,228.6,5,19.8,1143.0,Résidentiel,19,82E99GBMZ8D8,BATIMENT0000000219249158,Logement,5.9201155,45.5643527
BAT-CE-0146,,AQU,CE,57 Pl Saint-Leger,73065000CK0206,27.0,,16.3,,Indifférencié,1,VFHSKETVKEV9,BATIMENT0000000219249672,À qualifier,5.9211878,45.564292
BAT-CE-0147,,LOG,CE,22 Pas Henry Murger,73065000CK0282,42.4,2,10.7,85.0,Résidentiel,3,SMQS8QM6N8YD,BATIMENT0000000219249179,Logement,5.9199524,45.5642205
BAT-CE-0148,,LOG,CE,10 Rue Porte-Reine,73065000CK0194,339.3,5,15.1,1696.0,Résidentiel,1,JRFS4FBEBHNK,BATIMENT0000000219249165,Logement,5.920175,45.5642211
BAT-CE-0149,,LOG,CE,57 Pl Saint-Leger,73065000CK0206,209.4,5,12.5,1047.0,Résidentiel,1,C27FNW6SZ1MD,BATIMENT0000000219249697,Logement,5.9211999,45.564225
BAT-CE-0150,,LOG,CE,4 Pl Saint-Leger,73065000BO0042,285.5,5,15.4,1428.0,Résidentiel,1,854GF2QMF9XG,BATIMENT0000000219249099,Logement,5.9221142,45.5642084
BAT-CE-0151,,LOG,CE,169 Rue Croix D Or,73065000BN0187,229.9,5,17.2,1150.0,Résidentiel,1,KGEQFBHVGB9Z,BATIMENT0000000219248967,Logement,5.9223976,45.5641362
BAT-CE-0152,,LOG,CE,Rue Croix D Or,73065000BN0019,76.9,3,15.4,231.0,Résidentiel,1,5SKAVCVHT957,BATIMENT0000000219248955,Logement,5.9230362,45.5641971
BAT-CE-0153,,LOG,CE,41 Pl Saint-Leger,73065000CK0287,295.9,4,15.3,1184.0,Résidentiel,1,WXF2ZD2Y1QFB,BATIMENT0000000219249676,Logement,5.9215003,45.5640735
BAT-CE-0154,,COM,CE,169 Rue Croix D Or,73065000BN0187,26.9,5,8.8,134.0,Commercial et services,1,CCTHRZ3WKAS9,BATIMENT0000000219248976,Commerce et marché,5.9225415,45.5640685
BAT-CE-0155,,LOG,CE,183 Rue Croix D Or,73065000BN0002,306.6,5,15.1,1533.0,Résidentiel,1,MTVA541Q13PH,BATIMENT0000000219248964,Logement,5.9223665,45.563978
BAT-CE-0156,,LOG,CE,27 Pl Saint-Leger,73065000CK0202,45.8,3,11.7,137.0,Résidentiel,1,RQT3SWS24XYY,BATIMENT0000000219249675,Logement,5.9213496,45.5638476
BAT-CE-0157,,LOG,CE,32 Pl Monge,73065000CK0208,109.7,4,15.8,439.0,Résidentiel,1,XD488HB69284,BATIMENT0000000219249695,Logement,5.9213593,45.5636374
BAT-CE-0158,,LOG,CE,30 Pl Monge,73065000CK0239,125.7,5,15.9,628.0,Résidentiel,1,BHG952QE2MNW/F7SSKEDQV1C3,BATIMENT0000000219249703,Logement,5.9214302,45.5636811
BAT-CE-0159,,COM,CE,28 Pl Monge,73065000CK0131,50.8,1,7.6,51.0,Commercial et services,2,JZH8M54XQRTY,BATIMENT0000000219249696,Commerce et marché,5.921668,45.563606
BAT-CE-0160,,LOG,CE,26 Pas Sebastien Charlety,73065000CK0278,261.8,3,7.6,785.0,Résidentiel,1,XE1KPJMW4JED,BATIMENT0000000219249661,Logement,5.9205997,45.5635904
BAT-CV-0001,,AQU,CV,Bessy,73065000KA0209,76.9,,2.4,,Indifférencié,0,DCBNXNW9EMHZ,BATIMENT0000000334735164,À qualifier,5.8901243,45.6150002
BAT-CV-0002,,AQU,CV,Champ Plat,73065000KB0086,265.4,,4.4,,Indifférencié,0,635TSHWVJTV3,BATIMENT0000000334734783,À qualifier,5.8950958,45.6148994
BAT-CV-0003,,AQU,CV,Che Des Vernatiaux,73065000KB0087,37.9,,3.6,,Indifférencié,1,ZXQ41H2C2AXF,BATIMENT0000000334734309,À qualifier,5.8952191,45.6147336
BAT-CV-0004,,AQU,CV,Cote Bardon,73065000KC0133,20.4,,8.6,,Indifférencié,0,MJR7YAAT3N8V,BATIMENT0000000219259892,À qualifier,5.8963955,45.6084281
BAT-CV-0005,,AQU,CV,1372 Rue Du Bois De Candie,73065000KC0189,21.7,,3.2,,Indifférencié,0,ZSSH2DNVMMVD,BATIMENT0000002328956037,À qualifier,5.8963977,45.6074279
BAT-CV-0006,,AQU,CV,Puttigny Dessus,73065000LA0060,42.5,,4.6,,Indifférencié,0,MK981RFMWN9D,BATIMENT0000000219260017,À qualifier,5.9090872,45.6064848
BAT-CV-0007,,AQU,CV,2874 Av Des Landiers,73065000KI0002,15.2,,2.8,,Indifférencié,0,ZQJTKMGRRPB4,BATIMENT0000000219259664,À qualifier,5.8919052,45.6065703
BAT-CV-0008,,AQU,CV,2874 Av Des Landiers,73065000KI0002,16.0,,2.5,,Indifférencié,0,EY6WV3SZJ5JS,BATIMENT0000000219259663,À qualifier,5.8919593,45.6065018
BAT-CV-0009,,AQU,CV,Puttigny Dessous,73065000LE0197,22.4,,3.8,,Indifférencié,0,RQAPY7S22Z9B,BATIMENT0000000219260434,À qualifier,5.9082694,45.6021659
BAT-CV-0010,,AQU,CV,290 Rue Du Goleron,73065000MA0059,67.8,,,,Indifférencié,0,GJGAE2G2T2BB,BATIMENT0000000219260459,À qualifier,5.9067424,45.5995179
BAT-CV-0011,,ANX,CV,187 Rue Commandant Bulle,73065000MB0384,183.3,1,3.7,183.0,Annexe,1,JVW73REH1S2A,BATIMENT0000000295068028,Annexe,5.9037219,45.5971712
BAT-CV-0012,,LOG,CV,187 Rue Commandant Bulle,73065000MB0384,491.3,3,8.2,1474.0,Résidentiel,1,CCYTAR7RBEWE,BATIMENT0000000295068242,Logement,5.9037142,45.5970138
BAT-CV-0013,,LOG,CV,187 Rue Commandant Bulle,73065000MB0384,442.1,3,8.7,1326.0,Résidentiel,1,7YMJSZYQQSFM,BATIMENT0000000295067919,Logement,5.9042387,45.5970872
BAT-CV-0014,,AQU,CV,187 Rue Commandant Bulle,73065000MB0384,97.5,,3.0,,Indifférencié,1,W8XF9QFZRM1N,BATIMENT0000002203240371,À qualifier,5.9046085,45.597041
BAT-CV-0015,,LOG,CV,187 Rue Commandant Bulle,73065000MB0384,198.2,3,6.6,595.0,Résidentiel,1,YBVGA84W8X45,BATIMENT0000000295068210,Logement,5.9033483,45.596869
BAT-CV-0016,,LOG,CV,187 Rue Commandant Bulle,73065000MB0384,477.1,3,8.6,1431.0,Résidentiel,1,Q1XNEKE2V4T9,BATIMENT0000000295067918,Logement,5.9045076,45.5967665
BAT-CV-0017,,AQU,CV,27 Rue De Roberty,73065000MB0041,203.6,,6.1,,Indifférencié,1,6MAC411XCQES,BATIMENT0000000219250562,À qualifier,5.9033461,45.5963996
BAT-CV-0018,,AQU,CV,27 Rue De Roberty,73065000MB0041,50.2,,6.3,,Indifférencié,1,,BATIMENT0000002493162925,À qualifier,5.9033343,45.5963337
BAT-CV-0019,École Maternelle de Chambéry-le-Vieux,ENS,CV,Le Bourg,73065000MB0040,636.3,,6.9,,Commercial et services,0,7VAZBGYGTAPW,BATIMENT0000000219250585,Enseignement et petite enfance,5.9035598,45.5958635
BAT-CV-0020,École Élémentaire de Chambéry-le-Vieux,ENS,CV,1 Pl Paul Vachez,73065000MB0037,211.8,,5.5,,Commercial et services,3,6TZA5V84253Y,BATIMENT0000000219250581,Enseignement et petite enfance,5.9036717,45.5955911
BAT-CV-0021,Maison de Quartier Paul Battal,CUL,CV,47 Rue Commandant Bulle,73065000MB0039,453.1,,7.1,,Commercial et services,0,9SRS375ZDN34,BATIMENT0000000219250607,Culture et loisirs,5.9031434,45.5955205
BAT-CV-0022,,LOG,CV,325 Rue Du Bourg,73065000MB0029,62.5,2,6.3,125.0,Résidentiel,1,5GSD95GBVN3P,BATIMENT0000000219250520,Logement,5.9025438,45.5953661
BAT-CV-0023,Chambéry - Mairie de Quartier de Chambéry le Vieux,ADM,CV,1 Pl Paul Vachez,73065000MB0037,207.3,,8.6,,Commercial et services,3,VB2GHXA4Y5PK,BATIMENT0000000219250454,Administration,5.9036708,45.5953099
BAT-CV-0024,,AQU,CV,Le Bourg,73065000MB0188,353.6,,6.9,,Indifférencié,0,FV9BK2WWNA6E,BATIMENT0000000219250452,À qualifier,5.9034019,45.5952303
BAT-CV-0025,,REL,CV,5 Pl Paul Vachez,73065000MB0036,94.5,,5.4,,Religieux,0,ZPAH2A45QD2P,BATIMENT0000000219250547,Édifice cultuel,5.9042209,45.5952074
BAT-CV-0026,,LOG,CV,5 Pl Paul Vachez,73065000MB0035,160.6,2,9.0,321.0,Résidentiel,2,3FK4847P7RMY,BATIMENT0000000219250511,Logement,5.9041886,45.595069
BAT-CV-0027,,LOG,CV,1 Pl Paul Vachez,73065000MB0037,35.8,2,3.4,72.0,Résidentiel,3,YXN4MHHSPE14,BATIMENT0000000219250618,Logement,5.9035654,45.5950302
BAT-CV-0028,,REL,CV,Pl Paul Vachez,73065000MB0033,425.9,,9.4,,Religieux,0,PZ8NTS7PP8S9,BATIMENT0000000219250620,Édifice cultuel,5.9039633,45.5948639
BAT-CV-0029,,AQU,CV,La Balme,73065000MD0020,30.0,,3.6,,Indifférencié,0,A795WRR1YCBH,BATIMENT0000000219250744,À qualifier,5.9086149,45.5894494
BAT-CV-0030,,AQU,CV,169 Rue Des Arves,73065000MD0079,543.9,,6.6,,Indifférencié,0,N7TQY2EKZ38R,BATIMENT0000000219258920,À qualifier,5.9064369,45.5885393
BAT-HC-0001,École Maternelle la Grenouillère,ENS,HC,Rue Du Bertillet,73065000MA0003,727.4,,1.6,,Commercial et services,0,PRHA1DTV8MWB,BATIMENT0000000219264384,Enseignement et petite enfance,5.9138777,45.6003281
BAT-HC-0002,,COM,HC,152 Rue Du Larzac,73065000AP0277,253.9,1,7.7,254.0,Commercial et services,1,DCYQR99NPCXK,BATIMENT0000000219263964,Commerce et marché,5.9168981,45.5992779
BAT-HC-0003,,COM,HC,572 Rue Du Pre De L Ane,73065000AO0185,1421.4,1,4.0,1421.0,Commercial et services,1,VRTQJ3JQX2WV,BATIMENT0000000219263685,Commerce et marché,5.9150648,45.5981112
BAT-HC-0004,,AQU,HC,La Combe,73065000MA0047,272.0,,3.9,,Indifférencié,1,HEJPZFAC1PKB,BATIMENT0000000219260380,À qualifier,5.9085935,45.5980878
BAT-HC-0005,,AQU,HC,Rue Des Combes,73065000AO0235,274.2,,6.2,,Indifférencié,0,J4AYMCC9AMAE,BATIMENT0000000219263535,À qualifier,5.9143842,45.5979289
BAT-HC-0006,,AQU,HC,507 Rue Du Pre De L Ane,73065000AO0085,17.1,,3.4,,Indifférencié,1,WQ719JPR6TVT,BATIMENT0000000219263534,À qualifier,5.9144171,45.5977419
BAT-HC-0007,Gymnase des Combes,SPO,HC,507 Rue Du Pre De L Ane,73065000AO0085,945.0,,14.9,,Sportif,1,P8RBATSYHDK3,BATIMENT0000000219263532,Sport,5.9143278,45.5975535
BAT-HC-0008,,SPO,HC,La Combe,73065000MA0047,206.3,,9.8,,Sportif,1,74GARP1HVGKN,BATIMENT0000000012667094,Sport,5.9090937,45.5974792
BAT-HC-0009,,AQU,HC,Grand Champ,73065000AP0077,175.1,,6.6,,Indifférencié,0,594C66JN7PGB,BATIMENT0000000219263455,À qualifier,5.9184762,45.5971639
BAT-HC-0010,École Maternelle les Châtaigniers,ENS,HC,Rue Jean Paul Sartre,73065000AP0332,21.3,,4.7,,Commercial et services,0,7QS98Q1QCTDS,BATIMENT0000000219263702,Enseignement et petite enfance,5.9198661,45.5970585
BAT-HC-0011,,AQU,HC,292 Rue Jean Paul Sartre,73065000AP0424,584.9,,10.4,,Indifférencié,0,SXAW3Z3JEZFE,BATIMENT0000000219263687,À qualifier,5.9192217,45.5970256
BAT-HC-0012,,ANX,HC,292 Rue Jean Paul Sartre,73065000AP0424,37.0,1,2.9,37.0,Annexe,0,1F321BRC4TRV,BATIMENT0000000219263901,Annexe,5.9194887,45.5969787
BAT-HC-0013,,LOG,HC,292 Rue Jean Paul Sartre,73065000AP0425,44.1,1,3.4,44.0,Résidentiel,0,5WT3CMHWANNX,BATIMENT0000000219263686,Logement,5.9197173,45.5970074
BAT-HC-0014,École Maternelle les Châtaigniers,ENS,HC,Grand Champ,73065000AP0414,472.0,,4.0,,Commercial et services,0,35FAMWRGFBCR,BATIMENT0000000219263703,Enseignement et petite enfance,5.9200162,45.5970441
BAT-HC-0015,École Maternelle les Châtaigniers,ENS,HC,292 Rue Jean Paul Sartre,73065000AP0424,105.4,,3.6,,Annexe,0,1YSCJHF942ER,BATIMENT0000000219263893,Enseignement et petite enfance,5.9197724,45.5969078
BAT-HC-0016,,AQU,HC,547 Rue Du Grand Champ,73065000AP0410,121.5,,8.6,,Indifférencié,0,BJH87BPGNJ7A,BATIMENT0000000219263706,À qualifier,5.9204649,45.5968699
BAT-HC-0017,,ANX,HC,292 Rue Jean Paul Sartre,73065000AP0424,36.8,1,3.0,37.0,Annexe,0,MXJQMYEKZQBQ,BATIMENT0000000219263902,Annexe,5.9195156,45.5968752
BAT-HC-0018,École Maternelle les Châtaigniers,ENS,HC,Grand Champ,73065000AP0412,132.5,,2.9,,Commercial et services,0,PEAJQK2P55H6,BATIMENT0000000219263704,Enseignement et petite enfance,5.920191,45.5968401
BAT-HC-0019,,ANX,HC,547 Rue Du Grand Champ,73065000AP0410,42.9,1,3.1,43.0,Annexe,0,6YZCDWYD79YM,BATIMENT0000000219263913,Annexe,5.9203824,45.5967851
BAT-HC-0020,,ANX,HC,547 Rue Du Grand Champ,73065000AP0410,27.5,1,3.4,28.0,Annexe,0,3XGZ64DDRP2E,BATIMENT0000000219263910,Annexe,5.9205287,45.5967872
BAT-HC-0021,,AQU,HC,292 Rue Jean Paul Sartre,73065000AP0426,657.3,,8.3,,Indifférencié,0,AVWPZFQ2J86Q,BATIMENT0000000219263691,À qualifier,5.9193648,45.5967165
BAT-HC-0022,,AQU,HC,Rue Du Pre De L Ane,73065000AO0240,975.3,,7.0,,Indifférencié,0,BEKAGAJYRPFB,BATIMENT0000000219263512,À qualifier,5.9150054,45.5967557
BAT-HC-0023,Église Sainte-Claire et Saint-François d'Assise,REL,HC,Les Combes,73065000AO0051,763.0,,5.2,,Religieux,0,WK72PE99GACN,BATIMENT0000000219263494,Édifice cultuel,5.9158019,45.5967356
BAT-HC-0024,Lycée Louis Armand,ENS,HC,292 Rue Jean Paul Sartre,73065000AP0426,219.2,,9.4,,Commercial et services,0,EN8S9186HHQW,BATIMENT0000000219263846,Enseignement et petite enfance,5.9180223,45.5966644
BAT-HC-0025,,REL,HC,Les Combes,73065000AO0051,115.2,,3.6,,Religieux,0,,BATIMENT0000002493165122,Édifice cultuel,5.9156845,45.5966981
BAT-HC-0026,Lycée Louis Armand,ENS,HC,292 Rue Jean Paul Sartre,73065000AP0426,1044.6,,9.6,,Commercial et services,0,5KA4X3QG1YP8,BATIMENT0000000219263835,Enseignement et petite enfance,5.9178231,45.596531
BAT-HC-0027,Lycée Louis Armand,ENS,HC,La Croix Rouge Dessus,73065000AX0296,1225.6,4,9.1,4902.0,Résidentiel,16,9667E5D9RZ9S,BATIMENT0000000219263845,Enseignement et petite enfance,5.92043,45.5962743
BAT-HC-0028,Lycée Louis Armand,ENS,HC,321 Rue Du Grand Champ,73065000AX0128,628.1,,12.6,,Commercial et services,0,N5H9KCQG2VT2,BATIMENT0000000219263844,Enseignement et petite enfance,5.9195831,45.5962229
BAT-HC-0029,,AQU,HC,1220 Rte De Saint - Saturnin,73065000AT0018,21.7,,1.3,,Indifférencié,0,5JPGE1JCJQG4,BATIMENT0000000219263918,À qualifier,5.9250802,45.5960651
BAT-HC-0030,Lycée Louis Armand,ENS,HC,321 Rue Du Grand Champ,73065000AX0128,201.2,,9.3,,Commercial et services,0,BT4JY2E8ZT9W,BATIMENT0000000219263836,Enseignement et petite enfance,5.9177524,45.5961253
BAT-HC-0031,Lycée Louis Armand,ENS,HC,321 Rue Du Grand Champ,73065000AX0128,2774.4,,9.7,,Commercial et services,0,R61GK5B5TACC,BATIMENT0000000219263834,Enseignement et petite enfance,5.9182921,45.596169
BAT-HC-0032,Lycée Louis Armand,ENS,HC,321 Rue Du Grand Champ,73065000AX0128,1014.0,,9.6,,Commercial et services,0,1GJCRDY7EHJ5,BATIMENT0000000219263837,Enseignement et petite enfance,5.9188503,45.5961141
BAT-HC-0033,Lycée Louis Armand,ENS,HC,321 Rue Du Grand Champ,73065000AX0128,152.2,,10.0,,Commercial et services,0,7KFK45JPETZW,BATIMENT0000000219263925,Enseignement et petite enfance,5.9185904,45.5960017
BAT-HC-0034,Lycée Louis Armand,ENS,HC,321 Rue Du Grand Champ,73065000AX0128,132.6,,9.4,,Commercial et services,0,EC7GZY4J48SM,BATIMENT0000000219263922,Enseignement et petite enfance,5.9193583,45.5959422
BAT-HC-0035,Lycée Louis Armand,ENS,HC,La Croix Rouge Dessus,73065000AX0296,600.9,,9.8,,Commercial et services,16,MFM17SXPJ7E7,BATIMENT0000000219263839,Enseignement et petite enfance,5.9199424,45.595964
BAT-HC-0036,Lycée Louis Armand,ENS,HC,La Croix Rouge Dessus,73065000AX0296,196.9,,3.6,,Commercial et services,16,NCZT33F56NPB,BATIMENT0000000219263926,Enseignement et petite enfance,5.9202981,45.5958943
BAT-HC-0037,Lycée Louis Armand,ENS,HC,321 Rue Du Grand Champ,73065000AX0128,101.2,,7.8,,Indifférencié,0,,BATIMENT0000002493164735,Enseignement et petite enfance,5.9182342,45.5958421
BAT-HC-0038,Lycée Louis Armand,ENS,HC,La Croix Rouge Dessus,73065000AX0296,643.7,,10.1,,Commercial et services,16,3TJX9P6TXM62/XE9DCTHD1HYP,BATIMENT0000000219263832,Enseignement et petite enfance,5.9178936,45.595763
BAT-HC-0039,Lycée Louis Armand,ENS,HC,La Croix Rouge Dessus,73065000AX0296,2152.1,,9.8,,Commercial et services,16,5WNNX23CYE2C/HGC4VYTZZGAT,BATIMENT0000000219263838,Enseignement et petite enfance,5.9192375,45.5956202
BAT-HC-0040,Lycée Louis Armand,ENS,HC,La Croix Rouge Dessus,73065000AX0296,71.0,,8.7,,Commercial et services,16,HMVE5FRV5SZN,BATIMENT0000000219263923,Enseignement et petite enfance,5.9191471,45.5954696
BAT-HC-0041,Lycée Louis Armand,ENS,HC,La Croix Rouge Dessus,73065000AX0296,275.1,,8.6,,Commercial et services,16,4RZN65B3PYMH,BATIMENT0000000295067928,Enseignement et petite enfance,5.9182712,45.5953279
BAT-HC-0042,Lycée Louis Armand,ENS,HC,La Croix Rouge Dessus,73065000AX0296,74.8,,5.4,,Commercial et services,16,ZE1S7EH5VGSF,BATIMENT0000000219263833,Enseignement et petite enfance,5.9183075,45.5952535
BAT-HC-0043,Lycée Louis Armand,ENS,HC,La Croix Rouge Dessus,73065000AX0296,6706.2,,8.1,,Commercial et services,16,SKE51GJX1WF2,BATIMENT0000000219263829,Enseignement et petite enfance,5.9189135,45.5952632
BAT-HC-0044,,AQU,HC,La Croix Rouge Dessus,73065000AX0180,21.3,,3.9,,Indifférencié,0,P6746Q4NP7ZF,BATIMENT0000000219263890,À qualifier,5.9209897,45.5951744
BAT-HC-0045,Lycée Louis Armand,ENS,HC,La Croix Rouge Dessus,73065000AX0296,97.4,1,7.5,97.0,Résidentiel,16,3812W5KZ6BVE,BATIMENT0000000295068234,Enseignement et petite enfance,5.9183582,45.5947688
BAT-HC-0046,Lycée Louis Armand,ENS,HC,La Croix Rouge Dessus,73065000AX0296,210.7,,4.6,,Commercial et services,16,35DD1S9P1AKV,BATIMENT0000000219263828,Enseignement et petite enfance,5.9182235,45.5947525
BAT-HC-0047,École Élémentaire Pré de l'Âne,ENS,HC,Les Combes,73065000AO0053,551.0,,3.8,,Commercial et services,0,9VQPARHZZS49,BATIMENT0000000219263713,Enseignement et petite enfance,5.9153109,45.5947095
BAT-HC-0048,Lycée Louis Armand,ENS,HC,La Croix Rouge Dessus,73065000AX0296,683.6,,7.3,,Commercial et services,16,41GYFC8G2QWK,BATIMENT0000000295067921,Enseignement et petite enfance,5.9183246,45.594475
BAT-HC-0049,,AQU,HC,Rue Des Combes,73065000AO0157,240.2,,8.3,,Indifférencié,0,BASQVZ1JHXGN,BATIMENT0000000219263701,À qualifier,5.9142554,45.5944886
BAT-HC-0050,École Élémentaire Pré de l'Âne,ENS,HC,Les Combes,73065000AO0053,673.1,,5.3,,Commercial et services,0,TRGCD7QF74Y2,BATIMENT0000000219263714,Enseignement et petite enfance,5.9157496,45.5943719
BAT-HC-0051,École Élémentaire Pré de l'Âne,ENS,HC,Les Combes,73065000AO0053,79.4,,5.3,,Indifférencié,0,,BATIMENT0000002493164991,Enseignement et petite enfance,5.9158495,45.5941842
BAT-HC-0052,,AQU,HC,La Croix Rouge Dessus,73065000AX0296,196.7,,2.0,,Indifférencié,16,3QNXAC4KMQAW,BATIMENT0000000219263604,À qualifier,5.9201727,45.5940391
BAT-HC-0053,Complexe Sportif Michel Boutron,SPO,HC,La Croix Rouge Dessus,73065000AX0296,1580.9,,9.9,,Sportif,16,6E1611A6HGGS,BATIMENT0000000219263773,Sport,5.918609,45.5940081
BAT-HC-0054,Local Associatif Alain Saillan,SPO,HC,La Croix Rouge Dessus,73065000AX0296,154.9,,4.1,,Indifférencié,16,,BATIMENT0000002493164455,Sport,5.919948,45.5939584
BAT-HC-0055,École Maternelle les Combes,ENS,HC,Les Combes,73065000AO0050,604.3,,5.1,,Commercial et services,0,GW6PQM1N76CM,BATIMENT0000000219263766,Enseignement et petite enfance,5.9173962,45.5938985
BAT-HC-0056,,COM,HC,195 Rue Du Grand Champ,73065000AX0083,763.4,1,6.2,763.0,Commercial et services,1,BHHN1P4BDEYH,BATIMENT0000000334734361,Commerce et marché,5.9202224,45.5938365
BAT-HC-0057,École Élémentaire Madeleine Reberioux,ENS,HC,Rue Des Combes,73065000AO0157,462.2,,5.2,,Commercial et services,0,4PH5RDASWVJE,BATIMENT0000000219263820,Enseignement et petite enfance,5.9155424,45.5938101
BAT-HC-0058,École Élémentaire Madeleine Reberioux,ENS,HC,Rue Des Combes,73065000AO0157,86.8,,7.3,,Commercial et services,0,XQZHE31SEQMJ,BATIMENT0000000219263815,Enseignement et petite enfance,5.9160013,45.5937743
BAT-HC-0059,,LOG,HC,195 Rue Du Grand Champ,73065000AX0084,215.2,2,8.4,430.0,Résidentiel,1,1QEXYDDJTVTK,BATIMENT0000000219263497,Logement,5.9201962,45.5936429
BAT-HC-0060,École Élémentaire Madeleine Reberioux,ENS,HC,Rue Des Combes,73065000AO0157,74.2,,7.9,,Commercial et services,0,,BATIMENT0000002493164990,Enseignement et petite enfance,5.9159376,45.5937313
BAT-HC-0061,,AQU,HC,Rue Du Pre De L Ane,73065000AO0240,211.4,,6.0,,Indifférencié,0,MR6AAEFD7142,BATIMENT0000000219263760,À qualifier,5.9167484,45.5936928
BAT-HC-0062,,ANX,HC,Au Feyet,73065000AW0019,51.4,,2.1,,Annexe,0,SJDEMEK61MWM,BATIMENT0000002223668045,Annexe,5.9245671,45.59345
BAT-HC-0063,Complexe Sportif Michel Boutron,SPO,HC,89 Rue Du Grand Champ,73065000AX0298,3322.1,1,7.3,3322.0,Sportif,1,F4EHV3YCX8AD/NESA5R2MA4BK/X48G54CVVYSA,BATIMENT0000000219263771,Sport,5.9192106,45.5935073
BAT-HC-0064,École Élémentaire Madeleine Reberioux,ENS,HC,Les Combes,73065000AO0054,932.2,,8.2,,Commercial et services,0,KAQPMCR44364,BATIMENT0000000219263817,Enseignement et petite enfance,5.9158489,45.5933931
BAT-HC-0065,,COM,HC,Pl Du Forum,73065000AX0162,79.4,1,15.8,79.0,Commercial et services,4,PXN7GZZXWPZM,BATIMENT0000000219263920,Commerce et marché,5.9189914,45.5929133
BAT-HC-0066,,LOG,HC,Pl Du Forum,73065000AX0162,1816.3,5,15.3,9082.0,Résidentiel,4,KHWJNJAPTZAW,BATIMENT0000000219263758,Logement,5.920091,45.5928417
BAT-HC-0067,,COM,HC,Pl Du Forum,73065000AX0162,63.3,1,15.7,63.0,Commercial et services,4,MAPJ22QDKKDD,BATIMENT0000000219263921,Commerce et marché,5.9202893,45.5924875
BAT-HC-0068,,AQU,HC,La Croix Rouge Dessus,73065000AX0142,60.0,,3.7,,Indifférencié,0,8YTV5JDBHT1V,BATIMENT0000002490052881,À qualifier,5.9223657,45.5923556
BAT-HC-0069,,CUL,HC,46 Pl Du Forum,73065000AX0280,1083.4,4,10.6,4334.0,Commercial et services,5,NKP5NMVPFYPJ,BATIMENT0000000219263801,Culture et loisirs,5.919528,45.592348
BAT-HC-0070,,AQU,HC,249 Rue Du Genevois,73065000AX0258,41.1,,3.6,,Indifférencié,0,95XJ59MH285V,BATIMENT0000002490052880,À qualifier,5.9225199,45.5922584
BAT-HC-0071,,COM,HC,46 Pl Du Forum,73065000AX0280,38.6,,10.4,,Commercial et services,5,,BATIMENT0000002493164373,Commerce et marché,5.9196279,45.5922858
BAT-HC-0072,,AQU,HC,249 Rue Du Genevois,73065000AX0258,73.5,,3.1,,Indifférencié,0,,BATIMENT0000002490052882,À qualifier,5.9225316,45.5920188
BAT-HC-0073,École Maternelle la Pommeraie,ENS,HC,Les Combes,73065000AY0169,1643.3,,4.8,,Commercial et services,0,FCMGZCWMGGAD,BATIMENT0000000219263564,Enseignement et petite enfance,5.9143761,45.5917075
BAT-HC-0074,le Scarabé,CUL,HC,La Croix Rouge Dessus,73065000AX0315,1531.4,,6.3,,Commercial et services,0,J15Y9WYSJ935,BATIMENT0000000295068251,Culture et loisirs,5.9201131,45.5913827
BAT-HC-0075,École Primaire la Pommeraie,ENS,HC,Les Combes,73065000AY0169,202.0,,1.9,,Commercial et services,0,PA41JJNA9ZFM,BATIMENT0000000219263566,Enseignement et petite enfance,5.9147392,45.5914183
BAT-HC-0076,École Primaire la Pommeraie,ENS,HC,Pugnet,73065000AY0041,965.0,,2.3,,Commercial et services,0,8QQYK1NCTVGZ,BATIMENT0000000219263565,Enseignement et petite enfance,5.9149551,45.5912632
BAT-HC-0077,,LOG,HC,84 Av Daniel Rops,73065000AX0064,235.7,2,10.6,471.0,Résidentiel,3,7QFBFVP7973Y,BATIMENT0000000219263629,Logement,5.9201567,45.5906866
BAT-HC-0078,,AQU,HC,Le Bouchet,73065000BD0106,35.8,1,5.6,36.0,Indifférencié,1,9FJMZGF3VVK7,BATIMENT0000000219263486,À qualifier,5.9236657,45.590425
BAT-HC-0079,École Supérieure d'Arts - Centre Régional des Arts du Cirque de Chambéry,ENS,HC,110 Av Daniel Rops,73065000BD0195,733.0,1,7.6,733.0,Commercial et services,1,Y5AKXMTQZVA5,BATIMENT0000000219263867,Enseignement et petite enfance,5.9204526,45.5902991
BAT-HC-0080,,AQU,HC,Le Bouchet,73065000BD0106,670.4,,8.8,,Indifférencié,1,A4S1ZEG57BVX,BATIMENT0000000219263483,À qualifier,5.9235692,45.5902166
BAT-HC-0081,,AQU,HC,Le Bouchet,73065000BD0054,173.7,,4.2,,Indifférencié,0,4TANXPRC58AG,BATIMENT0000000219263485,À qualifier,5.9233857,45.5901791
BAT-HC-0082,,AQU,HC,Le Bouchet,73065000BD0106,962.5,,12.6,,Indifférencié,1,A1P3QXKA15RR,BATIMENT0000000334734271,À qualifier,5.9238623,45.5897642
BAT-HC-0083,,AQU,HC,Le Bouchet,73065000BD0241,46.9,,3.4,,Indifférencié,0,GS9QQ3CCX7V2,BATIMENT0000000219263736,À qualifier,5.9225368,45.5896664
BAT-HC-0084,,SPO,HC,180 Rue Du Genevois,73065000BD0025,301.5,,6.0,,Sportif,127,BS8HG5NA339P,BATIMENT0000002331804726,Sport,5.9228749,45.5895215
BAT-HC-0085,,SPO,HC,Le Bouchet,73065000BD0241,2480.2,,7.7,,Sportif,0,565CTCEFB42J,BATIMENT0000000219263737,Sport,5.9225927,45.5893106
BAT-HC-0086,,AQU,HC,Rue Du Genevois,73065000BD0249,537.7,1,5.7,538.0,Indifférencié,0,F5QGDJ9SDS2W,BATIMENT0000000219263522,À qualifier,5.9233223,45.5891211
BAT-HC-0087,,AQU,HC,Rue Du Genevois,73065000BD0249,882.6,,9.6,,Indifférencié,0,HV9BTHFHYR17,BATIMENT0000000219263861,À qualifier,5.9239214,45.5891127
BAT-HC-0088,,COM,HC,180 Rue Du Genevois,73065000BD0025,249.3,3,10.8,748.0,Commercial et services,127,PWX4Y7M463MC,BATIMENT0000000219263521,Commerce et marché,5.9230739,45.5888842
BAT-HC-0089,,AQU,HC,Cote Rousse,73065000BD0027,309.4,,11.4,,Indifférencié,0,NH318FHDFFGC,BATIMENT0000000219263520,À qualifier,5.922884,45.5888315
BAT-HC-0090,,AQU,HC,Rue Du Genevois,73065000BD0249,957.2,,8.3,,Indifférencié,0,CQWYCFPE7M42,BATIMENT0000000219263864,À qualifier,5.9242252,45.5887453
BAT-HC-0091,Poste de Chambéry - le Haut,ADM,HC,219 Av D Annecy,73065000BC0146,5279.8,5,4.7,26399.0,Résidentiel,2,3BA4Q187B8ND,BATIMENT0000000219260974,Administration,5.9175959,45.5886505
BAT-HC-0092,École Maternelle le Mollard,ENS,HC,143 All Des Jardins,73065000BC0176,691.5,,4.9,,Commercial et services,1,9SD93BFRR3EX,BATIMENT0000000219260814,Enseignement et petite enfance,5.9189809,45.5882454
BAT-HC-0093,École Maternelle le Mollard,ENS,HC,143 All Des Jardins,73065000BC0176,349.2,,4.8,,Commercial et services,1,SBWCWPWDGYD7,BATIMENT0000000219260812,Enseignement et petite enfance,5.9185101,45.5880661
BAT-HC-0094,,AQU,HC,2 Imp De Pugnet,73065000BC0161,147.6,,4.2,,Indifférencié,0,XB32CW2W6FNK,BATIMENT0000000219260978,À qualifier,5.9174726,45.5879651
BAT-HC-0095,,AQU,HC,2 Imp De Pugnet,73065000BC0161,137.7,,5.7,,Indifférencié,0,YM8PTBZD52VF,BATIMENT0000000219260977,À qualifier,5.9172114,45.5879097
BAT-HC-0096,Conservatoire à Rayonnement Régional de Chambéry-Pays de Savoie,ENS,HC,143 All Des Jardins,73065000BC0176,963.3,,3.8,,Commercial et services,1,A2YHQE4ZF7MX,BATIMENT0000000219260810,Enseignement et petite enfance,5.9183547,45.5877921
BAT-HC-0097,,COM,HC,265 Rte De Saint - Saturnin,73065000BD0247,547.2,1,6.2,547.0,Commercial et services,1,4CEV54P9Y9Z4,BATIMENT0000000219260967,Commerce et marché,5.9245031,45.5875995
BAT-HC-0098,,AQU,HC,Rue Du Piochet,73065000BC0111,140.2,,5.6,,Indifférencié,0,VQNBS6TXHGK7,BATIMENT0000000012667107,À qualifier,5.9175111,45.5876875
BAT-HC-0099,,AQU,HC,143 All Des Jardins,73065000BC0176,68.1,,3.0,,Indifférencié,1,QM63SRB9TTVT,BATIMENT0000000219260724,À qualifier,5.9191261,45.5876622
BAT-HC-0100,,AQU,HC,All Des Jardins,73065000BC0096,19.5,,4.6,,Indifférencié,0,N4XWTT9A85EM,BATIMENT0000000219260830,À qualifier,5.9172196,45.5874891
BAT-HC-0101,,AQU,HC,All Des Jardins,73065000BC0090,47.7,,9.0,,Indifférencié,0,VS2SYEPP2VXR,BATIMENT0000000219260833,À qualifier,5.9170712,45.5874096
BAT-HC-0102,,AQU,HC,All Des Jardins,73065000BC0092,25.9,,6.8,,Indifférencié,0,25B6X1MS1JJF,BATIMENT0000000219260831,À qualifier,5.9171833,45.5874675
BAT-HC-0103,,AQU,HC,All Des Jardins,73065000BC0117,55.4,,7.6,,Indifférencié,0,MWJ4G4144Q2S,BATIMENT0000000219260832,À qualifier,5.9171156,45.5874558
BAT-HC-0104,,AQU,HC,Che De Pugnet,73065000AZ0121,38.0,,4.7,,Indifférencié,0,MVHZZ7H64QCC,BATIMENT0000000219260844,À qualifier,5.9154083,45.5874384
BAT-HC-0105,,COM,HC,291 All Des Jardins,73065000BC0088,100.6,1,9.5,101.0,Commercial et services,2,TKR5TKJNFRQY,BATIMENT0000000219260835,Commerce et marché,5.9169237,45.5873225
BAT-HC-0106,,AQU,HC,All Des Jardins,73065000BC0089,55.4,,9.5,,Indifférencié,0,A9PR2YT4Y9GD,BATIMENT0000000219260834,À qualifier,5.9169999,45.5873854
BAT-HC-0107,,AQU,HC,Caramagne,73065000AZ0236,51.8,,5.5,,Indifférencié,0,3KYMXN76XK2Q,BATIMENT0000000295068249,À qualifier,5.9156949,45.5854751
BAT-HC-0108,,AQU,HC,Caramagne,73065000AZ0030,91.4,,4.1,,Indifférencié,0,269B9H5QV7XW/S1FZMQQGN7CT,BATIMENT0000000219261057,À qualifier,5.91581,45.5855311
BAT-HC-0109,,AQU,HC,Caramagne,73065000AZ0238,156.8,,3.1,,Indifférencié,0,WMD97GTH8TFR,BATIMENT0000000219261005,À qualifier,5.9148978,45.5851106
BAT-HC-0110,,AQU,HC,All Des Bruyeres,73065000BW0247,21.2,,4.9,,Indifférencié,0,E6CVTR1V5C64,BATIMENT0000000219261083,À qualifier,5.9201322,45.5843313
BAT-HC-0111,,AQU,HC,616 Che De Chantemerle,73065000AZ0257,224.5,,7.0,,Indifférencié,1,XD8JRRRM96ER,BATIMENT0000000219261072,À qualifier,5.9172838,45.5838664
BAT-HC-0112,École Élémentaire Chantemerle,ENS,HC,509 Che De Chantemerle,73065000BX0027,848.5,,12.6,,Commercial et services,3,KTTSJQ3RF6W4,BATIMENT0000000219260954,Enseignement et petite enfance,5.9174113,45.582904
BAT-HC-0113,École Élémentaire Chantemerle,ENS,HC,509 Che De Chantemerle,73065000BX0027,808.3,,6.0,,Commercial et services,3,YFKEHF5CKF4A,BATIMENT0000000219261006,Enseignement et petite enfance,5.9180817,45.5823418
BAT-HC-0114,,AQU,HC,5 Che Des Muguets,73065000BW0032,203.3,,6.4,,Indifférencié,0,,BATIMENT0000002493163811,À qualifier,5.9207553,45.5823314
BAT-HC-0115,,AQU,HC,134 Che De La Charmille,73065000BW0130,52.3,,,,Indifférencié,0,6N7ANX6N6G6T,BATIMENT0000000219261278,À qualifier,5.9242998,45.5821113
BAT-HC-0116,,AQU,HC,134 Che De La Charmille,73065000BW0130,27.1,,16.6,,Indifférencié,0,QFMB7ENFFGYE,BATIMENT0000000012668079,À qualifier,5.9237082,45.5813896
BAT-HC-0117,,AQU,HC,Av D Aix-Les-Bains,73065000BW0131,22.8,,16.8,,Indifférencié,0,DK1YN2A5FTR3/VAATQ9DDNXSP,BATIMENT0000000012667809,À qualifier,5.923783,45.5813083
BAT-HC-0118,,COM,HC,213 Rue De Saint - Ombre,73065000BW0208,664.3,1,6.3,664.0,Commercial et services,2,BSB1DA1PZPCR,BATIMENT0000000219261174,Commerce et marché,5.9209717,45.5808371
BAT-LA-0001,,AQU,LA,221 Che Des Ecureuils,73065000BH0039,67.0,,3.5,,Indifférencié,4,5FWG2S6W2ESP,BATIMENT0000000219262227,À qualifier,5.9299006,45.5799001
BAT-LA-0002,,COM,LA,221 Che Des Ecureuils,73065000BH0039,534.9,1,6.8,535.0,Commercial et services,4,YP1C9CF17BP9,BATIMENT0000000219262178,Commerce et marché,5.9297113,45.5798028
BAT-LA-0003,,AQU,LA,Centre Aere Des Monts,73065000BH0076,131.2,,5.6,,Indifférencié,0,S3BXHXC62GR6,BATIMENT0000000219262181,À qualifier,5.9298113,45.5796443
BAT-LA-0004,,AQU,LA,Centre Aere Des Monts,73065000BH0077,229.0,,6.3,,Indifférencié,0,3J997ZP8GQVW,BATIMENT0000000219262184,À qualifier,5.9284402,45.5795286
BAT-LA-0005,,AQU,LA,Centre Aere Des Monts,73065000BH0002,267.0,,4.7,,Indifférencié,0,J959BQWPYEXM,BATIMENT0000000219262007,À qualifier,5.9295881,45.579004
BAT-LA-0006,,AQU,LA,La Bionne,73065000BH0089,59.9,,3.1,,Indifférencié,0,1MDHB2N4PGV4,BATIMENT0000002331804749,À qualifier,5.9250572,45.5758447
BAT-LA-0007,Couvent de la Visitation,CUL,LA,Rue Burdin,73065000BI0331,999.6,,14.8,,Religieux,0,ED2RM52VFAKE,BATIMENT0000000219261329,Culture et loisirs,5.9245395,45.5725221
BAT-LA-0008,Couvent de la Visitation,CUL,LA,Rue Burdin,73065000BI0331,39.2,,7.7,,Indifférencié,0,H38GD1VN82FN,BATIMENT0000000219261779,Culture et loisirs,5.9245551,45.5723142
BAT-LA-0009,,AQU,LA,Av De Bassens,73065000BK0354,142.0,,3.0,,Indifférencié,0,A3PN8ZAZ97NY,BATIMENT0000000219261396,À qualifier,5.9348807,45.5719851
BAT-LA-0010,École Élémentaire Simone Veil,ENS,LA,73 Pl Voltaire,73065000BK0048,542.4,,12.2,,Commercial et services,4,WN9YW9Q8CW6B,BATIMENT0000000219261665,Enseignement et petite enfance,5.9307343,45.5717508
BAT-LA-0011,,TEC,LA,Rue Franklin Roosevelt,73065000BK0350,128.1,,6.8,,Indifférencié,0,XP8JH52MP4R5,BATIMENT0000000219261398,Technique et logistique,5.9356528,45.5716406
BAT-LA-0012,École Élémentaire Simone Veil,ENS,LA,73 Pl Voltaire,73065000BK0048,106.3,3,11.9,319.0,Résidentiel,4,9GQF4DFFJGXB,BATIMENT0000000219261796,Enseignement et petite enfance,5.9313531,45.571642
BAT-LA-0013,École Maternelle Simone Veil,ENS,LA,73 Pl Voltaire,73065000BK0048,1027.9,,8.4,,Commercial et services,4,MRVNQNYCZ6YZ,BATIMENT0000000219261625,Enseignement et petite enfance,5.9312696,45.5713737
BAT-LA-0014,,LOG,LA,266 Che Des Moulins,73065000BK0227,783.8,5,16.1,3919.0,Résidentiel,3,P7XZMRGZHTHF,BATIMENT0000000219261738,Logement,5.9284927,45.571083
BAT-LA-0015,Centre de Secours Principal de Chambéry,ADM,LA,Av De Turin,73065000BK0318,235.7,,28.7,,Commercial et services,0,K5W1R417XT98,BATIMENT0000000219261631,Administration,5.9358561,45.5708297
BAT-LA-0016,Centre de Secours Principal de Chambéry,ADM,LA,141 Rue Franklin Roosevelt,73065000BK0317,126.9,10,28.7,1269.0,Résidentiel,47,EXMMQP77ZQW6,BATIMENT0000000219261630,Administration,5.9359746,45.5707248
BAT-LA-0017,Centre de Secours Principal de Chambéry,ADM,LA,Av De Turin,73065000BK0316,199.8,,28.7,,Commercial et services,0,WCJKXNMKR1MT,BATIMENT0000000219261628,Administration,5.9360965,45.5706347
BAT-LA-0018,Centre de Secours Principal de Chambéry,ADM,LA,563 Av De Turin,73065000BK0351,1814.4,,7.5,,Commercial et services,5,Q4V6HPACB8PV,BATIMENT0000000219262036,Administration,5.936069,45.570556
BAT-LA-0019,,ANX,LA,315 Che Des Moulins,73065000BR0086,83.1,2,7.2,166.0,Annexe,6,QBH5JYFXBYEQ,BATIMENT0000000219261795,Annexe,5.9282534,45.5707153
BAT-LA-0020,,LOG,LA,283 Che Des Moulins,73065000BR0273,88.8,3,8.1,266.0,Résidentiel,6,2K84DDM2E5F6,BATIMENT0000000219261756,Logement,5.9286585,45.5707116
BAT-LA-0021,,AQU,LA,Che Des Moulins,73065000BR0085,64.1,,3.4,,Indifférencié,1,4P2TTMK3BH5B,BATIMENT0000002223231927,À qualifier,5.9280512,45.5704841
BAT-LA-0022,Centre de Secours Principal de Chambéry,ADM,LA,563 Av De Turin,73065000BK0351,82.0,,5.9,,Commercial et services,5,MDH3CJMFGRTB,BATIMENT0000002331804711,Administration,5.9360211,45.5702978
BAT-LA-0023,,ANX,LA,4 Av De Merande,73065000BR0289,32.1,1,4.5,32.0,Annexe,1,PEHSXA47Q95R,BATIMENT0000000219254842,Annexe,5.9257131,45.5700638
BAT-LA-0024,,AQU,LA,23 Che Du Glu,73065000BR0260,110.2,,2.7,,Indifférencié,2,1Q9HP3BFTPRK,BATIMENT0000000219254884,À qualifier,5.9259063,45.5695713
BAT-LA-0025,,ANX,LA,23 Che Du Glu,73065000BR0400,26.6,1,3.3,27.0,Annexe,1,HGKFVF8SJE7D/RMBF71BFGAA6,BATIMENT0000000219254987,Annexe,5.9261474,45.5695938
BAT-LA-0026,,ANX,LA,43 Che Du Glu,73065000BR0263,28.0,1,3.2,28.0,Annexe,1,YZJ3QRRGMSB7,BATIMENT0000000219254988,Annexe,5.9261438,45.569548
BAT-LA-0027,,ANX,LA,23 Che Du Glu,73065000BR0260,100.9,1,3.2,101.0,Annexe,2,ASJ8W28EX31D,BATIMENT0000000219254990,Annexe,5.9260758,45.5695457
BAT-LA-0028,,ANX,LA,43 Che Du Glu,73065000BR0270,21.1,1,3.3,21.0,Annexe,1,3VXRWC6592JZ,BATIMENT0000000219254850,Annexe,5.9263187,45.5695245
BAT-LA-0029,,ANX,LA,43 Che Du Glu,73065000BR0269,15.0,1,3.3,15.0,Annexe,1,QRVG28QWNHWR,BATIMENT0000000219254851,Annexe,5.9263205,45.5695555
BAT-LA-0030,,ANX,LA,43 Che Du Glu,73065000BR0268,15.1,1,3.4,15.0,Annexe,1,8TTFR44WKR3G,BATIMENT0000000219254852,Annexe,5.9263221,45.569583
BAT-LA-0031,,ANX,LA,43 Che Du Glu,73065000BR0264,19.5,1,3.2,20.0,Annexe,1,9ZBZ65K9NDGR,BATIMENT0000000219254991,Annexe,5.9261404,45.5695048
BAT-LA-0032,,AQU,LA,21 Av De Bassens,73065000BK0435,82.2,,3.8,,Indifférencié,0,K19R9949DXAP,BATIMENT0000000219254182,À qualifier,5.9304002,45.569287
BAT-LA-0033,,AQU,LA,Rue Frederic Chopin,73065000BL0449,29.3,,3.0,,Indifférencié,0,Y1872RFRMY3Z,BATIMENT0000000219256639,À qualifier,5.939645,45.5690163
BAT-LA-0034,,LOG,LA,54 Fg Nezin,73065000BR0047,32.8,2,6.2,66.0,Résidentiel,2,FS9Y3Y1S6J54,BATIMENT0000000219254360,Logement,5.9253798,45.5693039
BAT-LA-0035,,LOG,LA,53 Fg Nezin,73065000BR0051,43.3,3,9.6,130.0,Résidentiel,6,HWVQKEX1QYKK,BATIMENT0000000219254352,Logement,5.9256832,45.5692806
BAT-LA-0036,,LOG,LA,46 Fg Nezin,73065000BR0056,66.9,3,9.5,201.0,Résidentiel,2,KKMMSVHS441H,BATIMENT0000000219254346,Logement,5.9254726,45.5692023
BAT-LA-0037,,LOG,LA,46 Fg Nezin,73065000BR0057,52.5,1,9.0,52.0,Résidentiel,3,VT1RBCQA9H4S,BATIMENT0000000219254347,Logement,5.925395,45.569189
BAT-LA-0038,,LOG,LA,40 Fg Nezin,73065000BR0061,36.0,2,8.0,72.0,Résidentiel,1,XB6D1YSZ2EQ3,BATIMENT0000000219254476,Logement,5.9254258,45.5690954
BAT-LA-0039,,LOG,LA,37 Fg Nezin,73065000BR0065,39.6,2,8.1,79.0,Résidentiel,5,FDWMP6CD56TN,BATIMENT0000000219254478,Logement,5.9255549,45.5690943
BAT-LA-0040,Collège Saint-François de Sales,ENS,LA,14 Av Docteur Desfrancois,73065000BR0458,685.3,,5.4,,Commercial et services,0,34PE7PDZCZM2,BATIMENT0000000334734755,Enseignement et petite enfance,5.928471,45.5690701
BAT-LA-0041,Gymnase de Mérande,CUL,LA,14 Av Docteur Desfrancois,73065000BR0458,1856.4,,9.5,,Commercial et services,0,D259ERJKQ16W/Z18VJ5G799VP,BATIMENT0000000334734757,Culture et loisirs,5.9290337,45.5690661
BAT-LA-0042,,LOG,LA,22 Av Docteur Desfrancois,73065000BR0060,1129.9,4,14.0,4520.0,Résidentiel,1,DFYM5VWC7X3N,BATIMENT0000000219254929,Logement,5.9251296,45.5690423
BAT-LA-0043,,LOG,LA,31 Fg Nezin,73065000BR0062,18.6,3,7.2,56.0,Résidentiel,1,C9FB827HHS6T,BATIMENT0000000219254474,Logement,5.9254038,45.569046
BAT-LA-0044,,ANX,LA,33 Fg Nezin,73065000BR0063,23.2,1,7.5,23.0,Annexe,1,Q7KH89YZVV3G,BATIMENT0000000219254475,Annexe,5.9254568,45.5690482
BAT-LA-0045,,LOG,LA,35 Fg Nezin,73065000BR0064,40.2,3,8.0,121.0,Résidentiel,3,FEVFETBJSHW6,BATIMENT0000000219254477,Logement,5.9255062,45.5690586
BAT-LA-0046,Palestre Jacques Lapeyre,SPO,LA,1 Sq Jacques Lapeyre,73065000BL0311,2371.0,1,8.0,2371.0,Sportif,1,B1PVMTWJMTVC,BATIMENT0000000219254681,Sport,5.9349644,45.5686047
BAT-LA-0047,,LOG,LA,21 Av Docteur Desfrancois,73065000BR0554,521.0,,27.6,,Résidentiel,3,1V827C1CKJQW,BATIMENT0000002244135085,Logement,5.9261537,45.5684699
BAT-LA-0048,,LOG,LA,21 Av Docteur Desfrancois,73065000BR0554,533.6,,6.5,,Résidentiel,3,,BATIMENT0000002493163455,Logement,5.9265053,45.5684757
BAT-LA-0049,,LOG,LA,21 Av Docteur Desfrancois,73065000BR0554,445.4,,24.2,,Résidentiel,3,9HBEAG2RT692,BATIMENT0000002244135086,Logement,5.926865,45.568511
BAT-LA-0050,,COM,LA,350 Quai Charles Ravet,73065000BR0518,2039.0,,25.6,,Commercial et services,0,64CG9GM5RGY1/A2P86DYHZPQV/ET24NRHAZZBN/PH6S4RYPNXF7/Y1712D9S22E2,BATIMENT0000002275890902,Commerce et marché,5.9252954,45.5678945
BAT-LA-0051,,AQU,LA,350 Quai Charles Ravet,73065000BR0518,346.3,,6.8,,Indifférencié,0,,BATIMENT0000002493163459,À qualifier,5.925381,45.567789
BAT-LA-0052,,LOG,LA,41 Che Du Peney,73065000BL0238,1327.1,5,10.0,6636.0,Résidentiel,132,PRXDTWBZ6MJZ,BATIMENT0000000219254127,Logement,5.9327012,45.5669335
BAT-LA-0053,,CUL,LA,67 Rue St Francois De Sales,73065000BM0001,2607.0,1,13.8,2607.0,Commercial et services,3,FVNZS7Y3P4HN,BATIMENT0000000219254502,Culture et loisirs,5.9253991,45.5670335
BAT-LA-0054,,AQU,LA,311 Fg Montmelian,73065000BL0304,463.2,,13.4,,Indifférencié,1,E5995T1VVGMY,BATIMENT0000000295068121,À qualifier,5.9302388,45.5669232
BAT-LA-0055,,AQU,LA,Fg Montmelian,73065000BL0232,63.8,,2.6,,Indifférencié,0,XF4FWCVFA6GJ,BATIMENT0000000219254125,À qualifier,5.9320065,45.5669298
BAT-LA-0056,,LOG,LA,501 Fg Montmelian,73065000BL0230,188.1,5,13.3,940.0,Résidentiel,28,YR7ZMATBX5MP,BATIMENT0000000219254120,Logement,5.9321871,45.566875
BAT-LA-0057,,AQU,LA,661 Fg Montmelian,73065000BL0261,144.2,,2.3,,Indifférencié,1,X6S9ZYAYPB4M,BATIMENT0000002328956260,À qualifier,5.9342748,45.5668625
BAT-LA-0058,,AQU,LA,Fg Montmelian,73065000BL0295,33.3,,1.5,,Indifférencié,0,M49KC252H9PQ,BATIMENT0000000219254118,À qualifier,5.932212,45.5665987
BAT-LA-0059,,LOG,LA,515 Fg Montmelian,73065000BL0229,450.8,5,11.8,2254.0,Résidentiel,41,92QCRTF7RJTV,BATIMENT0000000219254225,Logement,5.9323819,45.5666641
BAT-LA-0060,,LOG,LA,661 Fg Montmelian,73065000BL0261,261.5,4,12.8,1046.0,Résidentiel,1,E3B1CT5RCXYW,BATIMENT0000000219254057,Logement,5.9343806,45.5665471
BAT-LA-0061,Mjc Maison des Jeunes et de la Culture,CUL,LA,311 Fg Montmelian,73065000BL0304,530.8,1,15.1,531.0,Commercial et services,1,NXS3ZA75FAHD,BATIMENT0000000295068128,Culture et loisirs,5.9302041,45.566624
BAT-LA-0062,,LOG,LA,521 Fg Montmelian,73065000BL0226,267.1,3,11.5,801.0,Résidentiel,15,N5CFCSYY9MQ4,BATIMENT0000000219254222,Logement,5.9327043,45.566552
BAT-LA-0063,,AQU,LA,67 Rue St Francois De Sales,73065000BM0001,22.7,,6.7,,Indifférencié,3,BCMH3CABWEA5,BATIMENT0000000219255137,À qualifier,5.9256878,45.5665682
BAT-LA-0064,,COM,LA,239 Fg Montmelian,73065000BM0048,101.8,3,10.2,305.0,Commercial et services,2,68QZXAFQ9JPH,BATIMENT0000000219254937,Commerce et marché,5.9291246,45.5665048
BAT-LA-0065,,AQU,LA,193 Fg Montmelian,73065000BM0055,25.9,,6.9,,Indifférencié,0,3J92T1ZC13ES/91QB4K7HFCPH,BATIMENT0000000219255039,À qualifier,5.9283504,45.5664489
BAT-LA-0066,,LOG,LA,105 Fg Montmelian,73065000BM0071,113.8,4,9.2,455.0,Résidentiel,1,HWYHND2Q765K,BATIMENT0000000219254532,Logement,5.9272832,45.5663775
BAT-LA-0067,,LOG,LA,141 Fg Montmelian,73065000BM0062,60.1,3,8.4,180.0,Résidentiel,1,JN5FSXFATCRZ/YNGJ74C42SMK,BATIMENT0000000219255044,Logement,5.9278569,45.5663851
BAT-LA-0068,,LOG,LA,161 Fg Montmelian,73065000BM0060,71.3,5,14.6,356.0,Résidentiel,1,M7HR286E4J8X/YSGYE8D54821,BATIMENT0000000219255042,Logement,5.9280121,45.5663829
BAT-LA-0069,,LOG,LA,31 Fg Montmelian,73065000BM0104,347.3,4,10.2,1389.0,Résidentiel,1,E8B6YF6TBYEM,BATIMENT0000000219254468,Logement,5.9262738,45.566315
BAT-LA-0070,,LOG,LA,Fg Montmelian,73065000BM0074,129.9,4,9.5,520.0,Résidentiel,1,KKJS2TNK3BP4,BATIMENT0000000219254529,Logement,5.9271451,45.5663311
BAT-LA-0071,,LOG,LA,44 Pl D Italie,73065000BM0097,133.5,4,13.3,534.0,Résidentiel,1,4QT4EV1ARXY6,BATIMENT0000000219254465,Logement,5.9260129,45.5662538
BAT-LA-0072,Collège Jules Ferry,ENS,LA,8 Rue Jules Ferry,73065000CX0094,156.2,,4.6,,Commercial et services,0,NS8KSVAXRC7N,BATIMENT0000000219255210,Enseignement et petite enfance,5.9287059,45.5661828
BAT-LA-0073,,LOG,LA,614 Fg Montmelian,73065000CY0028,161.3,3,11.6,484.0,Résidentiel,1,C3KCRQAZAJQ9,BATIMENT0000000219254757,Logement,5.9338334,45.5660729
BAT-LA-0074,Collège Jules Ferry,ENS,LA,8 Rue Jules Ferry,73065000CX0094,1150.3,,4.6,,Sportif,0,KRJQ2CMN1ZKK,BATIMENT0000000219255211,Enseignement et petite enfance,5.9290653,45.566118
BAT-LA-0075,Collège Jules Ferry,ENS,LA,4 Rue Jules Ferry,73065000CX0029,27.4,1,4.0,27.0,Commercial et services,0,581RT9M5QZX9,BATIMENT0000000219254088,Enseignement et petite enfance,5.9294533,45.5661007
BAT-LA-0076,Piscine Buisson Rond,SPO,LA,29 Rue Henri Oreiller,73065000CY0073,3857.3,1,9.7,3857.0,Sportif,1,N57VZD8VBPX7,BATIMENT0000000219256493,Sport,5.9371796,45.5656809
BAT-LA-0077,Piscine Buisson Rond,SPO,LA,Rue Sainte - Rose,73065000CY0151,592.8,,1.8,,Sportif,0,A984EC4B3QP5,BATIMENT0000000219256678,Sport,5.9376495,45.56552
BAT-LA-0078,,COM,LA,7 Rue Du Chardonnet,73065000CX0035,494.0,1,10.9,494.0,Commercial et services,1,3E8GCRF1NDCX,BATIMENT0000000295068138,Commerce et marché,5.9268144,45.5655008
BAT-LA-0079,,AQU,LA,5 Rue De La Banque,73065000CX0047,64.6,,17.1,,Indifférencié,0,AJEC4T6NB4EA,BATIMENT0000000219254260,À qualifier,5.9260152,45.5653707
BAT-LA-0080,,SPO,LA,190 All Du Colombier,73065000CY0074,175.0,,7.0,,Sportif,2,,BATIMENT0000002493165350,Sport,5.9368401,45.5648968
BAT-LA-0081,Patinoire de Buisson Rond,SPO,LA,190 All Du Colombier,73065000CY0074,3488.5,1,13.8,3488.0,Sportif,2,JNT9HRPFY7AP,BATIMENT0000000219254163,Sport,5.9362686,45.564586
BAT-LA-0082,,AQU,LA,224 Rue Pasteur,73065000CY0083,294.3,,6.5,,Indifférencié,0,HM6MFXZ3GTP8,BATIMENT0000000219254499,À qualifier,5.9286857,45.5647114
BAT-LA-0083,École Maternelle Pasteur,ENS,LA,3 Pas Michelet,73065000CW0166,729.6,,3.2,,Commercial et services,0,QD4AZZB1Q16N,BATIMENT0000000219253970,Enseignement et petite enfance,5.9269049,45.5646624
BAT-LA-0084,,AQU,LA,193 All Du Colombier,73065000DL0030,182.6,,3.7,,Indifférencié,1,DSBZ9SYMNZ1Z,BATIMENT0000000219255930,À qualifier,5.9399485,45.5643947
BAT-LA-0085,École Élémentaire Pasteur,ENS,LA,11 Rue De La Banque,73065000CW0085,32.4,,8.5,,Commercial et services,1,Z3V573NPHYAW,BATIMENT0000000219253956,Enseignement et petite enfance,5.9264196,45.5645703
BAT-LA-0086,,AQU,LA,Rue Sainte - Rose,73065000DL0024,702.9,,15.4,,Indifférencié,1,NVWS6QP1HXEY,BATIMENT0000000219256451,À qualifier,5.9373668,45.5642703
BAT-LA-0087,École Maternelle Pasteur,ENS,LA,11 Rue De La Banque,73065000CW0085,1242.6,,17.1,,Commercial et services,1,WNNRN7Z1ZHHJ,BATIMENT0000000219253954,Enseignement et petite enfance,5.9259449,45.5644862
BAT-LA-0088,,COM,LA,331 Rue De La Republique,73065000CW0138,1255.9,1,12.8,1256.0,Commercial et services,1,4A24N9FTQHQH,BATIMENT0000000219253974,Commerce et marché,5.9268595,45.5641512
BAT-LA-0089,Centre Équestre de Buisson Rond,SPO,LA,192 All Du Colombier,73065000DL0022,641.7,1,9.4,642.0,Agricole,4,WR59EP7C42NG,BATIMENT0000000219256479,Sport,5.9387875,45.5638401
BAT-LA-0090,,AQU,LA,313 Rue De La Republique,73065000CW0174,84.9,,9.9,,Indifférencié,0,SZAW3A2KXYPH,BATIMENT0000000219253973,À qualifier,5.9265266,45.5640377
BAT-LA-0091,Courts Marguerite Broquedis,SPO,LA,193 All Du Colombier,73065000DL0030,2045.5,1,9.0,2046.0,Sportif,1,9V2S27MN2DZQ,BATIMENT0000000219256248,Sport,5.9405906,45.5636489
BAT-LA-0092,la Ruche Boutik,CUL,LA,256 Rue De La Republique,73065000CW0122,545.6,4,13.8,2182.0,Commercial et services,4,1PMK6V8QZ3NK,BATIMENT0000000219254900,Culture et loisirs,5.9254475,45.5639202
BAT-LA-0093,,AQU,LA,Rue De La Republique,73065000CW0150,217.4,,13.5,,Indifférencié,0,47D3RHT9BA8B,BATIMENT0000000219254899,À qualifier,5.9257538,45.5639065
BAT-LA-0094,,SPO,LA,All Du Colombier,73065000DL0021,509.3,,7.6,,Sportif,0,ZVB53FS4QV35,BATIMENT0000000219256477,Sport,5.9392168,45.5634844
BAT-LA-0095,,SPO,LA,Rue Sainte - Rose,73065000DL0032,379.5,,7.8,,Sportif,1,6QCPMXJK2EJB,BATIMENT0000000219256478,Sport,5.9393922,45.5634799
BAT-LA-0096,,AQU,LA,58 Pl De La Brigade De Savoie,73065000CW0108,125.8,,0.0,,Indifférencié,2,QHPWGSYE31DP,BATIMENT0000000219255216,À qualifier,5.9258933,45.563369
BAT-LA-0097,,COM,LA,Carre Curial,73065000CW0088,5772.2,3,16.7,17317.0,Commercial et services,4,RE6PSYYB8JBV,BATIMENT0000000219253980,Commerce et marché,5.925018,45.5633047
BAT-LA-0098,Espace Culturel André Malraux,CUL,LA,58 Pl De La Brigade De Savoie,73065000CW0108,2429.0,1,28.0,2429.0,Commercial et services,2,CQ4F4JHCWM67,BATIMENT0000000334734661,Culture et loisirs,5.9255808,45.5632836
BAT-LA-0099,,LOG,LA,33 Pl Monge,73065000CV0004,242.4,5,15.0,1212.0,Résidentiel,1,YXRMAEHRZ5SQ,BATIMENT0000000219250024,Logement,5.9215375,45.5631871
BAT-LA-0100,,LOG,LA,27 Pl Monge,73065000CV0024,201.3,4,14.2,805.0,Résidentiel,1,M1CVDDN7B3RZ,BATIMENT0000000219249622,Logement,5.9221422,45.5631755
BAT-LA-0101,,AQU,LA,58 Pl De La Brigade De Savoie,73065000CW0108,135.4,,7.9,,Indifférencié,2,KWNNGPS3V63Q,BATIMENT0000000219255218,À qualifier,5.9256891,45.5630539
BAT-LA-0102,,LOG,LA,29 Pl Monge,73065000CV0118,364.2,4,13.2,1457.0,Résidentiel,2,YSJJN748F8S9,BATIMENT0000000219249619,Logement,5.9217465,45.5631146
BAT-LA-0103,,LOG,LA,83 Rue Andre Jacques,73065000CW0133,888.5,4,13.0,3554.0,Résidentiel,17,R3S27WSV8M82,BATIMENT0000000219255198,Logement,5.9265805,45.5629442
BAT-LA-0104,,COM,LA,35 Pl Monge,73065000CV0002,573.4,5,8.2,2867.0,Commercial et services,2,Z1RDPQK5GQYJ,BATIMENT0000000219250020,Commerce et marché,5.9213811,45.5630508
BAT-LA-0105,,LOG,LA,171 Rue Michaud,73065000CV0122,164.4,5,15.8,822.0,Résidentiel,1,CGVPMZHHHYH8,BATIMENT0000000219249638,Logement,5.9229632,45.5629798
BAT-LA-0106,,LOG,LA,8 Rue Du Batonnet,73065000CV0124,150.2,4,12.1,601.0,Résidentiel,1,51554R8BHKD9,BATIMENT0000000219249637,Logement,5.9231194,45.5629383
BAT-LA-0107,Espace Delphine et Jonathan,SPO,LA,Rue Costa De Beauregard,73065000CZ0047,1306.0,,9.5,,Sportif,0,5ZP9FT81RB5Y/J9V2QXJ1NHEY,BATIMENT0000000219254565,Sport,5.9335059,45.5625446
BAT-LA-0108,,COM,LA,83 Rue Andre Jacques,73065000CW0133,430.7,1,4.3,431.0,Commercial et services,17,SFQFS19ZHPQ2,BATIMENT0000000219255197,Commerce et marché,5.9263815,45.5626714
BAT-LA-0109,,AQU,LA,Rue De La Republique,73065000CW0134,32.6,,3.0,,Indifférencié,0,N2NKVF2877T9,BATIMENT0000000219254619,À qualifier,5.9263559,45.5625238
BAT-LA-0110,,AQU,LA,163 Rue De La Calamine,73065000CW0078,38.7,,5.3,,Indifférencié,6,XEFSPKDGZEZ3,BATIMENT0000000219254661,À qualifier,5.9256331,45.5624688
BAT-LA-0111,,AQU,LA,163 Rue De La Calamine,73065000CW0078,61.5,,6.0,,Indifférencié,6,T4F51N6GD6J1,BATIMENT0000000219255050,À qualifier,5.9258479,45.562419
BAT-LA-0112,,TEC,LA,66 Rue Andre Jacques,73065000CW0129,2117.0,,12.0,,Industriel,1,F2D5GP8DV68P,BATIMENT0000000219254947,Technique et logistique,5.9265742,45.5621384
BAT-LA-0113,,LOG,LA,163 Rue De La Calamine,73065000CW0078,226.2,3,12.2,679.0,Résidentiel,6,YX2D8QV71G6W,BATIMENT0000000219254894,Logement,5.9259096,45.5621372
BAT-LA-0114,,AQU,LA,157 Mte La Fontaine Saint - Martin,73065000CW0051,62.3,1,12.8,62.0,Indifférencié,1,5PSBQJM449TJ,BATIMENT0000000219254656,À qualifier,5.9274362,45.5620438
BAT-LA-0115,,LOG,LA,106 Rue Dacquin,73065000CV0127,160.3,4,15.6,641.0,Résidentiel,1,8XR4ES3FEH1Y,BATIMENT0000000219249896,Logement,5.922532,45.5620778
BAT-LA-0116,,AQU,LA,Rue Sainte - Rose,73065000DL0025,62.5,,,,Indifférencié,0,M2JCRCJFNX84,BATIMENT0000000012712232,À qualifier,5.9360479,45.5617267
BAT-LA-0117,,AQU,LA,157 Mte La Fontaine Saint - Martin,73065000CW0051,49.6,,9.1,,Indifférencié,1,7GV5KG4Z1TYW,BATIMENT0000000219254911,À qualifier,5.9274135,45.561848
BAT-LA-0118,,AQU,LA,283 Rue De La Calamine,73065000CW0137,151.0,,,,Indifférencié,0,51SMYGKTCWFA,BATIMENT0000000219247893,À qualifier,5.9248513,45.5614961
BAT-LA-0119,,AQU,LA,Rue Sainte - Rose,73065000DL0017,87.3,,6.6,,Indifférencié,0,VJATVJ2HNNTS,BATIMENT0000000219255519,À qualifier,5.9384339,45.5609291
BAT-LA-0120,,CUL,LA,Le Tir,73065000DE0082,516.3,,7.0,,Industriel,0,NW7WGTRC8Q9K,BATIMENT0000000012713664,Culture et loisirs,5.9316559,45.5603127
BAT-LA-0121,,TEC,LA,Le Tir,73065000DE0082,128.2,,2.2,,Industriel,0,DF5HZS51RFYV,BATIMENT0000000012713209,Technique et logistique,5.9325792,45.5602467
BAT-LA-0122,,SPO,LA,Le Tir,73065000DE0082,2181.4,,12.3,,Industriel,0,KQCVY6S257NK,BATIMENT0000000012713202,Sport,5.9341094,45.5601296
BAT-LA-0123,,AQU,LA,Les Charmettes Nord,73065000DE0193,41.2,,3.3,,Indifférencié,0,38CD7TZB8ETF,BATIMENT0000000012712289,À qualifier,5.9324848,45.5584335
BAT-LA-0124,,AQU,LA,26 Che De Rosemond,73065000DI0077,250.2,1,6.5,250.0,Indifférencié,1,8CTRSAEEPKAA,BATIMENT0000000219247693,À qualifier,5.9248242,45.5568238
BAT-LA-0125,,AQU,LA,890 Che Des Charmettes,73065000DH0019,185.2,,10.1,,Indifférencié,0,WFFJ5TS4PQNX,BATIMENT0000000219247760,À qualifier,5.9297017,45.5531969
BAT-LA-0126,les Charmettes,CUL,LA,892 Che Des Charmettes,73065000DH0018,226.4,,8.5,,Indifférencié,2,ENJYJEFNHNGB,BATIMENT0000000219247761,Culture et loisirs,5.9296867,45.553027
BAT-LA-0127,,AQU,LA,890 Che Des Charmettes,73065000DH0019,19.1,,8.1,,Indifférencié,0,J8C3HK6XFVB4,BATIMENT0000000219247787,À qualifier,5.930116,45.5529504
