idu,section,numero,contenance_m2,adresse,batie,quartier,longitude,latitude
73065000AB0082,AB,0082,192,236 Rue Felix Esclangon,0,BI,5.8917585,45.5907787
73065000AB0331,AB,0331,1026,Pres Chantabord,0,BI,5.8882095,45.5955858
73065000AB0102,AB,0102,16,Pres Chantabord,0,BI,5.8887083,45.594428
73065000AB0336,AB,0336,409,Pres Chantabord,0,BI,5.8880713,45.596541
73065000AB0339,AB,0339,60,Pres Chantabord,0,BI,5.8879349,45.5962049
73065000AC0362,AC,0362,21404,Pres Au Bois Martinet Nord,0,BI,5.8984132,45.5898748
73065000AC0346,AC,0346,28,Rue Eugene Ducretet,0,BI,5.8974566,45.5942693
73065000AD0153,AD,0153,20,Les Fontanettes Nord,0,BI,5.9025176,45.5853721
73065000AD0290,AD,0290,299,Rue Aristide Berges,0,BI,5.9027095,45.5856112
73065000AD0294,AD,0294,130,Les Fontanettes Nord,0,BI,5.9032357,45.5857794
73065000AD0292,AD,0292,12,Les Fontanettes Nord,0,BI,5.9030679,45.585726
73065000AD0310,AD,0310,172,Av Du Grand Arietaz,0,BI,5.9035817,45.5859
73065000AD0122,AD,0122,150,Rue Aristide Berges,0,BI,5.8996221,45.5883237
73065000AD0323,AD,0323,2530,Pres Au Bois Martinet Sud,0,BI,5.9001764,45.5884647
73065000AD0128,AD,0128,205,Pres Au Bois Martinet Sud,0,BI,5.8994872,45.5884796
73065000AD0129,AD,0129,234,Pres Au Bois Martinet Sud,0,BI,5.8993057,45.5887026
73065000AE0050,AE,0050,2630,52 Che De Charriere-Neuve,0,BI,5.901767,45.5812194
73065000AE0322,AE,0322,1503,Charriere Neuve Nord,0,BI,5.8979767,45.5805703
73065000AE0397,AE,0397,17303,Charriere Neuve Nord,0,BI,5.8987183,45.5812132
73065000AE0407,AE,0407,42858,736 Av Du Grand Arietaz,1,BI,5.8979931,45.5825832
73065000AE0401,AE,0401,2698,736 Av Du Grand Arietaz,0,BI,5.8968276,45.5833331
73065000AE0257,AE,0257,1056,Rue Du Mont Pecloz,0,BI,5.8963862,45.5804098
73065000AE0306,AE,0306,59,Rue De La Chambotte,0,BI,5.8972127,45.5795284
73065000AE0296,AE,0296,272,Charriere Neuve Nord,0,BI,5.8973831,45.5809166
73065000AE0276,AE,0276,178,Rue Du Mont Clergeon,0,BI,5.8978709,45.5799161
73065000AE0314,AE,0314,395,All Des Rosiers,0,BI,5.8984142,45.580492
73065000AE0235,AE,0235,11,Charriere Neuve Nord,0,BI,5.8969207,45.5800625
73065000AE0282,AE,0282,71,Charriere Neuve Nord,0,BI,5.8976423,45.5802771
73065000AE0258,AE,0258,162,Rue Du Mont Pecloz,0,BI,5.8965128,45.5806524
73065000AE0256,AE,0256,211,Charriere Neuve Nord,0,BI,5.897371,45.5808292
73065000AE0294,AE,0294,101,Charriere Neuve Nord,0,BI,5.8989942,45.5808658
73065000AE0280,AE,0280,69,Rue Du Mont Clergeon,0,BI,5.8975579,45.5804301
73065000AE0278,AE,0278,57,Rue Du Mont Clergeon,0,BI,5.8972267,45.5811655
73065000AE0087,AE,0087,3380,562 Av Du Grand Arietaz,1,BI,5.8960275,45.5831253
73065000AE0325,AE,0325,103,Rue Du Mont Clergeon,0,BI,5.8971617,45.5813005
73065000AE0359,AE,0359,2036,Av Du Grand Arietaz,0,BI,5.898586,45.5835593
73065000AE0398,AE,0398,1,Rue Du Mont Clergeon,0,BI,5.8970998,45.5814488
73065000AE0406,AE,0406,132,736 Av Du Grand Arietaz,0,BI,5.896797,45.5820521
73065000AE0400,AE,0400,3337,736 Av Du Grand Arietaz,0,BI,5.8964343,45.5830835
73065000AE0404,AE,0404,319,736 Av Du Grand Arietaz,0,BI,5.8974034,45.5813215
73065000AE0399,AE,0399,29,Rue Du Mont Clergeon,0,BI,5.8970001,45.5814049
73065000AE0388,AE,0388,5812,Charriere Neuve Nord,0,BI,5.8964208,45.5814971
73065000AE0387,AE,0387,383,Charriere Neuve Nord,0,BI,5.8969067,45.5817502
73065000AE0405,AE,0405,203,736 Av Du Grand Arietaz,0,BI,5.8972421,45.5813119
73065000AE0389,AE,0389,234,433 Rue Du Mont Clergeon,0,BI,5.8967094,45.5821286
73065000AE0392,AE,0392,1734,Charriere Neuve Nord,1,BI,5.8961795,45.5822776
73065000AE0394,AE,0394,1301,562 Av Du Grand Arietaz,0,BI,5.8961517,45.5825424
73065000AE0385,AE,0385,19,Charriere Neuve Nord,0,BI,5.8967881,45.581982
73065000AE0259,AE,0259,42,Che De Charriere-Neuve,0,BI,5.9001101,45.5810766
73065000AE0295,AE,0295,12,Charriere Neuve Nord,0,BI,5.8976719,45.5805444
73065000AE0056,AE,0056,2185,42 Che De Charriere-Neuve,0,BI,5.9010496,45.5805312
73065000AE0054,AE,0054,2750,46 Che De Charriere-Neuve,0,BI,5.90199,45.5806596
73065000AE0055,AE,0055,1755,44 Che De Charriere-Neuve,0,BI,5.9011164,45.580726
73065000AE0191,AE,0191,1824,Che De Charriere-Neuve,0,BI,5.9022164,45.5808034
73065000AE0051,AE,0051,3020,50 Che De Charriere-Neuve,1,BI,5.9023923,45.5808604
73065000AE0267,AE,0267,3,Che De Charriere-Neuve,0,BI,5.9004335,45.5810877
73065000AE0188,AE,0188,150,Che De Charriere-Neuve,0,BI,5.9009567,45.5810928
73065000AE0048,AE,0048,8745,105 Av Des Follaz,1,BI,5.9018015,45.5815343
73065000AE0045,AE,0045,4530,305 Av Des Follaz,1,BI,5.901814,45.5820085
73065000AE0047,AE,0047,2330,Charriere Neuve Nord,0,BI,5.9020533,45.5817658
73065000AE0274,AE,0274,206,Che De Charriere-Neuve,0,BI,5.900351,45.5809964
73065000AE0363,AE,0363,1837,Charriere Neuve Nord,0,BI,5.899756,45.5822591
73065000AE0332,AE,0332,928,Charriere Neuve Nord,0,BI,5.8999742,45.5817776
73065000AE0319,AE,0319,259,Rue Du Clos Henri,0,BI,5.8991625,45.5807227
73065000AE0395,AE,0395,38,Charriere Neuve Nord,0,BI,5.8993338,45.5809699
73065000AE0396,AE,0396,42,Charriere Neuve Nord,0,BI,5.8986311,45.5807864
73065000AE0152,AE,0152,2215,736 Av Du Grand Arietaz,1,BI,5.8980119,45.5834791
73065000AE0402,AE,0402,795,736 Av Du Grand Arietaz,0,BI,5.8969974,45.5833257
73065000AE0403,AE,0403,470,736 Av Du Grand Arietaz,0,BI,5.8972112,45.5837177
73065000AE0391,AE,0391,192,Charriere Neuve Nord,0,BI,5.8965609,45.5824136
73065000AE0393,AE,0393,238,562 Av Du Grand Arietaz,0,BI,5.896437,45.5826552
73065000AE0366,AE,0366,21,Charriere Neuve Nord,0,BI,5.8996533,45.5828117
73065000AE0361,AE,0361,27,Av Du Grand Arietaz,0,BI,5.8990523,45.5830144
73065000AE0347,AE,0347,39,62 Che De Charriere-Neuve,0,BI,5.9013298,45.5832148
73065000AH0025,AH,0025,50355,Rue Du Revard,0,BI,5.9067237,45.5782525
73065000AH0019,AH,0019,5000,Les Fontanettes Sud,0,BI,5.9071173,45.5817101
73065000AH0070,AH,0070,2121,Cimetiere De Chambery,0,BI,5.9062324,45.5793191
73065000AH0059,AH,0059,16005,Charriere Neuve Est,1,BI,5.9028265,45.5800523
73065000AH0044,AH,0044,508,Av Des Follaz,0,BI,5.9029318,45.5814703
73065000AH0026,AH,0026,11895,22 Av Chevaliers Tireurs,1,BI,5.9057923,45.5766102
73065000AH0072,AH,0072,15,Cimetiere De Chambery,0,BI,5.9065371,45.5760874
73065000AH0023,AH,0023,64,Cimetiere De Chambery,0,BI,5.9078503,45.5785545
73065000AH0056,AH,0056,180,Av Des Follaz,0,BI,5.9065283,45.5799511
73065000AH0058,AH,0058,1068,Les Fontanettes Sud,0,BI,5.9069372,45.5802146
73065000AH0020,AH,0020,1835,Les Fontanettes Sud,0,BI,5.9072763,45.5802432
73065000AH0068,AH,0068,1137,Les Fontanettes Sud,0,BI,5.9077919,45.57984
73065000AH0086,AH,0086,1360,540 Rue Du Revard,1,BI,5.9056612,45.5788754
73065000AH0088,AH,0088,516,Les Fontanettes Sud,0,BI,5.9058695,45.5790662
73065000AH0168,AH,0168,2023,130 Av Des Follaz,0,BI,5.9034054,45.5813799
73065000AH0166,AH,0166,4,130 Av Des Follaz,0,BI,5.9044166,45.5807584
73065000AH0164,AH,0164,4525,130 Av Des Follaz,1,BI,5.9038817,45.580898
73065000AH0042,AH,0042,16,Av Des Follaz,0,BI,5.9027151,45.5823079
73065000AI0386,AI,0386,13258,Av Chevaliers Tireurs,1,BI,5.9050083,45.5755126
73065000AI0668,AI,0668,19363,2 Rue Des Sports,0,BI,5.9043713,45.5772909
73065000AI0702,AI,0702,5365,Charriere Neuve Sud,0,BI,5.9027104,45.5793529
73065000AI0705,AI,0705,5825,53 Sq Des Fontanettes,1,BI,5.9007467,45.5756017
73065000AI0574,AI,0574,311,Che De Charriere-Neuve,0,BI,5.8996784,45.5762929
73065000AI0600,AI,0600,344,20 Rue Du Parc,0,BI,5.8996673,45.5769678
73065000AI0607,AI,0607,1073,28 Rue Du Parc,0,BI,5.8992257,45.5764331
73065000AI0216,AI,0216,22,Pont D Hyeres,0,BI,5.9042012,45.5756201
73065000AI0640,AI,0640,64,Rue Du Revard,0,BI,5.9035916,45.5744425
73065000AI0707,AI,0707,87,53 Sq Des Fontanettes,0,BI,5.9026726,45.5760178
73065000AI0706,AI,0706,146,53 Sq Des Fontanettes,0,BI,5.9022337,45.575613
73065000AI0548,AI,0548,36,746 Av Gal Cartier,0,BI,5.8970812,45.5772966
73065000AI0699,AI,0699,17250,22 Che De Charriere-Neuve,1,BI,5.9004886,45.5777982
73065000AI0403,AI,0403,63,Rue Du Parc,0,BI,5.8988197,45.5774908
73065000AI0249,AI,0249,429,18 Che De Charriere-Neuve,0,BI,5.8998155,45.5773572
73065000AI0507,AI,0507,6,Av Gal Cartier,0,BI,5.8980402,45.5776703
73065000AI0581,AI,0581,6,Av Gal Cartier,0,BI,5.8985523,45.5767563
73065000AI0582,AI,0582,60,Av Gal Cartier,0,BI,5.8983944,45.5769591
73065000AI0583,AI,0583,30,Av Gal Cartier,0,BI,5.8984474,45.5771384
73065000AI0601,AI,0601,3,20 Rue Du Parc,0,BI,5.8994959,45.5775009
73065000AI0598,AI,0598,126,20 Rue Du Parc,0,BI,5.8990396,45.5774405
73065000AI0602,AI,0602,51,Charriere Neuve Sud,0,BI,5.8983815,45.5770464
73065000AI0595,AI,0595,53,Av Gal Cartier,0,BI,5.8994615,45.5775593
73065000AI0626,AI,0626,2,35 Che De Charriere-Neuve,0,BI,5.8985243,45.5768065
73065000AI0619,AI,0619,5,35 Che De Charriere-Neuve,0,BI,5.8989325,45.576535
73065000AI0616,AI,0616,1,576 Av Gal Cartier,0,BI,5.8994639,45.5775316
73065000AI0620,AI,0620,3,Av Gal Cartier,0,BI,5.8987869,45.5766164
73065000AI0625,AI,0625,4,35 Che De Charriere-Neuve,0,BI,5.8984845,45.5768544
73065000AI0622,AI,0622,7,Av Gal Cartier,0,BI,5.8985755,45.5767456
73065000AI0605,AI,0605,68,24 Rue Du Parc,0,BI,5.8988227,45.5765781
73065000AI0623,AI,0623,6,Av Gal Cartier,0,BI,5.89842,45.5769649
73065000AI0624,AI,0624,8,Av Gal Cartier,0,BI,5.8984601,45.5771247
73065000AI0610,AI,0610,1139,576 Av Gal Cartier,0,BI,5.8991684,45.5769615
73065000AI0613,AI,0613,26,576 Av Gal Cartier,0,BI,5.8985299,45.5771881
73065000AI0615,AI,0615,1,576 Av Gal Cartier,0,BI,5.8991609,45.5774829
73065000AI0614,AI,0614,1,576 Av Gal Cartier,0,BI,5.8993785,45.5775684
73065000AI0617,AI,0617,1,576 Av Gal Cartier,0,BI,5.8984241,45.5770529
73065000AI0692,AI,0692,678,35 All De L Albaron,0,BI,5.8993835,45.5782593
73065000AI0691,AI,0691,2546,35 All De L Albaron,0,BI,5.8996938,45.5783869
73065000AI0700,AI,0700,152,22 Che De Charriere-Neuve,0,BI,5.8997101,45.5781361
73065000AI0709,AI,0709,1,53 Sq Des Fontanettes,0,BI,5.8998787,45.5762679
73065000AI0708,AI,0708,15,53 Sq Des Fontanettes,0,BI,5.9025252,45.5764132
73065000AI0713,AI,0713,4668,26 All Des Gdes Jorasses,0,BI,5.9009178,45.5786177
73065000AI0536,AI,0536,124,Charriere Neuve Sud,0,BI,5.8979998,45.5797959
73065000AI0533,AI,0533,585,All Des Rosiers,0,BI,5.8985351,45.5799586
73065000AI0040,AI,0040,6,Che De Charriere-Neuve,0,BI,5.8992467,45.5782591
73065000AI0524,AI,0524,6245,Charriere Neuve Sud,0,BI,5.9011375,45.579736
73065000AI0537,AI,0537,18,Charriere Neuve Sud,0,BI,5.8982819,45.5794209
73065000AI0539,AI,0539,162,All Des Rosiers,0,BI,5.89856,45.5796326
73065000AI0546,AI,0546,2946,Che De Charriere-Neuve,0,BI,5.9014649,45.5801648
73065000AI0591,AI,0591,150,31 Che De Charriere-Neuve,0,BI,5.9001578,45.5801249
73065000AI0714,AI,0714,2087,26 All Des Gdes Jorasses,0,BI,5.9003715,45.5789281
73065000AI0695,AI,0695,541,26 All Des Gdes Jorasses,0,BI,5.8995586,45.5788267
73065000AI0693,AI,0693,366,35 All De L Albaron,0,BI,5.9001901,45.5785386
73065000AI0697,AI,0697,1736,26 All Des Gdes Jorasses,0,BI,5.9004463,45.5784315
73065000AI0696,AI,0696,129,26 All Des Gdes Jorasses,0,BI,5.8999799,45.5783552
73065000AI0090,AI,0090,1735,Charriere Neuve Sud,0,BI,5.9018428,45.5799875
73065000AI0091,AI,0091,1535,Charriere Neuve Sud,0,BI,5.9020392,45.5799821
73065000AI0666,AI,0666,298,2 Rue De L Arclusaz,0,BI,5.9041871,45.5787409
73065000AI0698,AI,0698,102,26 All Des Gdes Jorasses,0,BI,5.9015088,45.5784856
73065000AI0701,AI,0701,22,22 Che De Charriere-Neuve,0,BI,5.9014239,45.578374
73065000AI0667,AI,0667,86,2 Rue Des Sports,0,BI,5.9053933,45.5779805
73065000AK1055,AK,1055,3908,Rue Du Signal,0,BI,5.8956746,45.5696967
73065000AK0615,AK,0615,1755,Che De Chiron,0,BI,5.896612,45.5748529
73065000AK1149,AK,1149,402,74 Che De Foray,0,BI,5.8950703,45.5688175
73065000AK0849,AK,0849,20,Che De Foray,0,BI,5.895951,45.56847
73065000AK0692,AK,0692,111,Rue Du Signal,0,BI,5.8960691,45.5701023
73065000AK0512,AK,0512,1072,Rue De Bellevarde,0,BI,5.8966077,45.5712564
73065000AK1044,AK,1044,47,Rue Du Mont D Armene,0,BI,5.8938467,45.5699815
73065000AK1042,AK,1042,38,Rue Du Mont D Armene,0,BI,5.893703,45.5696378
73065000AK1043,AK,1043,83,Rue Du Mont D Armene,0,BI,5.8937489,45.5697478
73065000AK1036,AK,1036,29,Che De Foray,0,BI,5.8971164,45.5695139
73065000AK1050,AK,1050,4,Che De Foray,0,BI,5.8961105,45.5686219
73065000AK1052,AK,1052,53,Che De Foray,0,BI,5.8962158,45.5686947
73065000AK1147,AK,1147,59,74 Che De Foray,0,BI,5.8958207,45.5683003
73065000AK1148,AK,1148,9,74 Che De Foray,0,BI,5.8956331,45.5682077
73065000AK1038,AK,1038,30,Che De Foray,0,BI,5.8972442,45.5696398
73065000AK0920,AK,0920,34,Rte De La Labiaz,0,BI,5.8926768,45.5698832
73065000AK0586,AK,0586,264,Rue De L Arcalod,0,BI,5.8936508,45.571533
73065000AK0590,AK,0590,122,Chiron Est,0,BI,5.8935336,45.5718166
73065000AK0513,AK,0513,715,Rue Du Mont Outherans,0,BI,5.8960923,45.5724802
73065000AK0515,AK,0515,519,Rue Du Mont Jovet,0,BI,5.8975727,45.5721702
73065000AK0510,AK,0510,528,Foray,0,BI,5.8967576,45.5724486
73065000AK0714,AK,0714,9,Foray,0,BI,5.8961014,45.5700983
73065000AK0731,AK,0731,6,Foray,0,BI,5.8958372,45.5704346
73065000AK0724,AK,0724,242,Foray,0,BI,5.8960388,45.5705208
73065000AK0737,AK,0737,124,Foray,0,BI,5.8961472,45.5705611
73065000AK0717,AK,0717,97,Foray,0,BI,5.8962275,45.5705714
73065000AK0993,AK,0993,8,Rue Du Signal,0,BI,5.8954322,45.5709616
73065000AK0633,AK,0633,819,Rue Du Mont Jovet,0,BI,5.8978342,45.5730679
73065000AK0632,AK,0632,758,Rue Du Mont Jovet,0,BI,5.8976139,45.5729329
73065000AK0733,AK,0733,6,Foray,0,BI,5.8953497,45.5710558
73065000AK0691,AK,0691,413,Rue Du Signal,0,BI,5.895183,45.5711952
73065000AK0728,AK,0728,235,Foray,0,BI,5.8955376,45.5711206
73065000AK0514,AK,0514,2142,Rue Du Mont Outherans,0,BI,5.8976683,45.5716911
73065000AK0540,AK,0540,42,Rue Du Mont Outherans,0,BI,5.8961593,45.5719192
73065000AK0720,AK,0720,112,Foray,0,BI,5.8957202,45.5711901
73065000AK0742,AK,0742,108,Foray,0,BI,5.8956396,45.5711733
73065000AK0766,AK,0766,767,Foray,0,BI,5.8949952,45.5715881
73065000AK1045,AK,1045,30,Rue Du Mont D Armene,0,BI,5.8938971,45.5701023
73065000AK0995,AK,0995,7,Rue Du Signal,0,BI,5.8954277,45.5709565
73065000AK0529,AK,0529,228,40 Che De Foray,0,BI,5.8985367,45.5716023
73065000AK0226,AK,0226,3,48 Che De Foray,0,BI,5.8978309,45.5703089
73065000AK0516,AK,0516,288,Foray,0,BI,5.898271,45.5711434
73065000AK1062,AK,1062,76,Che De Foray,0,BI,5.8979265,45.570502
73065000AK1056,AK,1056,67,Che De Foray,0,BI,5.8980534,45.5707377
73065000AK1058,AK,1058,7,Che De Foray,0,BI,5.8978152,45.5702896
73065000AK1060,AK,1060,8,Che De Foray,0,BI,5.8978384,45.5703328
73065000AK0036,AK,0036,25,Che De Chiron,0,BI,5.8912389,45.5726551
73065000AK0913,AK,0913,31,Rte De La Labiaz,0,BI,5.890445,45.5721855
73065000AK0538,AK,0538,82,Rue Du Mont Outherans,0,BI,5.8958817,45.5726112
73065000AK0537,AK,0537,308,Rue Du Mont Outherans,0,BI,5.8960955,45.5723056
73065000AK0539,AK,0539,34,Rue Du Mont Outherans,0,BI,5.8962914,45.5722055
73065000AK0639,AK,0639,324,Rue Du Mont Jovet,0,BI,5.897516,45.57369
73065000AK0509,AK,0509,514,Rue Des Aravis,0,BI,5.8961553,45.5729679
73065000AK0544,AK,0544,150,Rue Du Mont Outherans,0,BI,5.8954163,45.5727644
73065000AK0536,AK,0536,331,Rue Du Mont Outherans,0,BI,5.8954832,45.5728032
73065000AK0543,AK,0543,157,Rue Du Mont Outherans,0,BI,5.8955166,45.5728841
73065000AK0542,AK,0542,284,Rue Du Mont Outherans,0,BI,5.8952959,45.5729407
73065000AK0541,AK,0541,211,Rue Du Mont Outherans,0,BI,5.8954225,45.5730529
73065000AK1157,AK,1157,36,Foray,0,BI,5.895605,45.5733271
73065000AK0640,AK,0640,328,Rue Du Mont Jovet,0,BI,5.8980731,45.5731636
73065000AK0653,AK,0653,68,Rue Du Mont Jovet,0,BI,5.898176,45.5732182
73065000AK0652,AK,0652,73,Rue Du Mont Jovet,0,BI,5.8976241,45.573741
73065000AK0551,AK,0551,771,16 Che De Foray,0,BI,5.8990427,45.5742888
73065000AK1034,AK,1034,2176,Che De Chiron,0,BI,5.8970858,45.5758515
73065000AK0352,AK,0352,371,85 All Jean Rostand,0,BI,5.8976467,45.5754904
73065000AK0351,AK,0351,2508,La Mairie,0,BI,5.8982704,45.5753379
73065000AK0152,AK,0152,2720,85 All Jean Rostand,0,BI,5.8981581,45.5750537
73065000AK0593,AK,0593,870,Che De Chiron,0,BI,5.8979294,45.5759503
73065000AK0165,AK,0165,4010,567 Av Gal Cartier,1,BI,5.8987492,45.5759561
73065000AK0595,AK,0595,971,Che De Chiron,0,BI,5.8976995,45.575818
73065000AK1069,AK,1069,2778,La Mairie,0,BI,5.8985695,45.5754104
73065000AK0166,AK,0166,1420,567 Av Gal Cartier,0,BI,5.8989114,45.5755133
73065000AK0153,AK,0153,365,85 All Jean Rostand,1,BI,5.8979589,45.5753742
73065000AK1030,AK,1030,35,Rue Du Mont-Cenis,0,BI,5.8980567,45.574467
73065000AK1072,AK,1072,41,6 Che De Foray,0,BI,5.8995947,45.5751055
73065000AK1071,AK,1071,46,6 Che De Foray,0,BI,5.899581,45.5752417
73065000AK1022,AK,1022,4,Che De Chiron,0,BI,5.8974822,45.5765069
73065000AK0599,AK,0599,33,Av Gal Cartier,0,BI,5.8979801,45.5765966
73065000AK0597,AK,0597,16,Av Gal Cartier,0,BI,5.8981374,45.5765109
73065000AK0988,AK,0988,10,651 Av Gal Cartier,0,BI,5.8976796,45.5766454
73065000AK0986,AK,0986,9,19 Che De Chiron,0,BI,5.8975823,45.5765752
73065000AL0232,AL,0232,3879,Rue Du Beaufortin,0,BI,5.8914351,45.5752339
73065000AL0672,AL,0672,9299,Che De La Plaine,0,BI,5.8912386,45.5756391
73065000AL0245,AL,0245,9500,Che De La Plaine,0,BI,5.8894073,45.577157
73065000AL0015,AL,0015,3825,Che De La Plaine,0,BI,5.8910307,45.5766469
73065000AL0409,AL,0409,11918,Che De La Plaine,0,BI,5.8889306,45.5766502
73065000AL0014,AL,0014,5040,Che De La Plaine,0,BI,5.891057,45.576905
73065000AL0610,AL,0610,976,Rue Des Ceps,0,BI,5.8900089,45.5741309
73065000AL0609,AL,0609,1706,Rue Des Treilles,0,BI,5.8890228,45.5746104
73065000AL0525,AL,0525,316,Rue Du Lautaret,0,BI,5.8915276,45.5739391
73065000AL0150,AL,0150,94,Che De Chiron,0,BI,5.8921144,45.5735692
73065000AL0533,AL,0533,5,Rue Du Lautaret,0,BI,5.8919888,45.573704
73065000AL0530,AL,0530,70,Rue Du Lautaret,0,BI,5.8915461,45.5741392
73065000AL0556,AL,0556,463,Rue Du Lautaret,0,BI,5.8919604,45.5742562
73065000AL0651,AL,0651,1256,Rte De La Labiaz,0,BI,5.8884296,45.576081
73065000AL0631,AL,0631,904,Rte De La Labiaz,0,BI,5.889185,45.5757115
73065000AL0632,AL,0632,17,Rte De La Labiaz,0,BI,5.8890706,45.5754886
73065000AL0013,AL,0013,10910,Che De La Plaine,0,BI,5.8907458,45.577334
73065000AL0574,AL,0574,5126,Rte De La Labiaz,0,BI,5.8905131,45.575719
73065000AL0009,AL,0009,231,La Plaine,0,BI,5.8902495,45.5759913
73065000AL0010,AL,0010,2755,La Plaine,0,BI,5.8898198,45.5759665
73065000AL0277,AL,0277,2085,La Plaine,0,BI,5.8893514,45.5761175
73065000AL0575,AL,0575,6212,Rte De La Labiaz,0,BI,5.8917036,45.5763475
73065000AL0016,AL,0016,2895,Che De La Plaine,0,BI,5.8913416,45.5765729
73065000AL0001,AL,0001,1700,Che De La Plaine,1,BI,5.8882775,45.5767492
73065000AL0635,AL,0635,406,Rte De La Labiaz,0,BI,5.8899846,45.5757079
73065000AL0633,AL,0633,76,Rte De La Labiaz,0,BI,5.889286,45.5755839
73065000AL0630,AL,0630,176,Rte De La Labiaz,0,BI,5.8889817,45.5756337
73065000AL0653,AL,0653,42,Rte De La Labiaz,0,BI,5.8881522,45.5758754
73065000AL0640,AL,0640,252,Che De La Plaine,0,BI,5.8891497,45.574818
73065000AL0638,AL,0638,133,Rte De La Labiaz,0,BI,5.8889967,45.57503
73065000AL0636,AL,0636,320,Rte De La Labiaz,0,BI,5.8889871,45.5753537
73065000AL0634,AL,0634,25,Rte De La Labiaz,0,BI,5.8890396,45.5754499
73065000AL0677,AL,0677,1830,Rte De La Labiaz,0,BI,5.8895869,45.5755297
73065000AL0675,AL,0675,1542,Rte De La Labiaz,0,BI,5.8897422,45.5753252
73065000AL0528,AL,0528,15,Rue Du Lautaret,0,BI,5.8915559,45.574105
73065000AL0541,AL,0541,4,Rue Du Lautaret,0,BI,5.8923971,45.5742784
73065000AL0516,AL,0516,16,Rue Du Lautaret,0,BI,5.8914224,45.5742501
73065000AL0529,AL,0529,122,Rue Du Lautaret,0,BI,5.8913877,45.5741555
73065000AL0231,AL,0231,1334,7 Rue Du Galibier,0,BI,5.8918482,45.5752676
73065000AL0364,AL,0364,23,Champ De L Epee,0,BI,5.8934258,45.5754023
73065000AL0366,AL,0366,56,Champ De L Epee,0,BI,5.8934842,45.5752723
73065000AL0273,AL,0273,163,2 Rue Du Pellaz,0,BI,5.8939319,45.5748938
73065000AL0550,AL,0550,76,Rue Du Lautaret,0,BI,5.8924426,45.5743245
73065000AL0540,AL,0540,3,Rue Du Lautaret,0,BI,5.8922209,45.5743646
73065000AL0515,AL,0515,55,Rue Du Beaufortin,0,BI,5.8913978,45.5744017
73065000AL0686,AL,0686,107,Che De La Plaine,0,BI,5.8933984,45.5752691
73065000AL0267,AL,0267,37,13 Rue Du Pellaz,0,BI,5.8949736,45.575682
73065000AL0266,AL,0266,130,11 Rue Du Pellaz,0,BI,5.8948845,45.5756591
73065000AL0269,AL,0269,158,10 Rue Du Pellaz,0,BI,5.8949324,45.5755816
73065000AL0265,AL,0265,108,Rue Du Pellaz,0,BI,5.8946903,45.5755153
73065000AL0270,AL,0270,118,8 Rue Du Pellaz,0,BI,5.8946754,45.5754499
73065000AL0264,AL,0264,108,7 Rue Du Pellaz,0,BI,5.8945052,45.5753966
73065000AL0263,AL,0263,108,5 Rue Du Pellaz,0,BI,5.8943368,45.5752878
73065000AL0262,AL,0262,108,3 Rue Du Pellaz,0,BI,5.8941063,45.5751392
73065000AL0272,AL,0272,88,4 Rue Du Pellaz,0,BI,5.8941706,45.5751242
73065000AL0278,AL,0278,702,La Plaine,0,BI,5.8898348,45.5764859
73065000AL0012,AL,0012,2155,Che De La Plaine,0,BI,5.8906289,45.5777703
73065000AL0038,AL,0038,3465,Che De La Plaine,0,BI,5.8926901,45.5776932
73065000AL0444,AL,0444,49,Che De La Plaine,0,BI,5.8919398,45.5772407
73065000AL0019,AL,0019,152,Che De La Plaine,0,BI,5.8923102,45.576314
73065000AL0087,AL,0087,16,Rue Francois Cachoud,0,BI,5.8956421,45.5770368
73065000AL0627,AL,0627,97,Rue Francois Cachoud,0,BI,5.8955337,45.5768463
73065000AM0104,AM,0104,2585,Che De La Plaine,0,BI,5.8911941,45.5782183
73065000AM0441,AM,0441,13920,148 Rue Du Jura,1,BI,5.8919896,45.5781903
73065000AM0424,AM,0424,38664,Rte De La Labiaz,1,BI,5.8889373,45.5787538
73065000AM0262,AM,0262,3099,17 Rue De L Alpette,0,BI,5.8919234,45.5815006
73065000AM0105,AM,0105,2130,Che De La Plaine,0,BI,5.890718,45.5784447
73065000AM0405,AM,0405,1567,Rue Du Sire,0,BI,5.8909025,45.5791356
73065000AM0101,AM,0101,3050,La Croix Sud,0,BI,5.8924878,45.5784041
73065000AM0100,AM,0100,1690,La Croix Sud,0,BI,5.8923804,45.5786264
73065000AM0488,AM,0488,1514,Rte De La Labiaz,0,BI,5.8879586,45.5773822
73065000AM0486,AM,0486,2222,505 Rte De La Labiaz,1,BI,5.8878652,45.5776635
73065000AM0484,AM,0484,4403,Rte De La Labiaz,0,BI,5.8877627,45.578233
73065000AM0112,AM,0112,1450,La Croix Sud,0,BI,5.8902948,45.5790655
73065000AM0309,AM,0309,160,Che De La Croix De Bissy,0,BI,5.8904848,45.5792137
73065000AM0307,AM,0307,629,La Croix Sud,0,BI,5.8905873,45.5792663
73065000AM0305,AM,0305,911,La Croix Sud,0,BI,5.8907542,45.5793772
73065000AM0543,AM,0543,1612,Av De La Motte Servolex,0,BI,5.8925454,45.5809879
73065000AM0453,AM,0453,557,Rue De L Etendard,0,BI,5.8898406,45.5797181
73065000AM0463,AM,0463,61,Rue De L Etendard,0,BI,5.88901,45.5803155
73065000AM0302,AM,0302,60,Rue De Plainpalais,0,BI,5.8888449,45.5796741
73065000AM0461,AM,0461,12,Rue De L Etendard,0,BI,5.8904179,45.5794862
73065000AM0133,AM,0133,750,65 Rue De Plainpalais,0,BI,5.8881484,45.580154
73065000AM0310,AM,0310,735,Rue De L Etendard,0,BI,5.8894654,45.579947
73065000AM0420,AM,0420,78,Rte De La Labiaz,0,BI,5.8889584,45.5793651
73065000AM0283,AM,0283,12,Av De La Motte Servolex,0,BI,5.8878215,45.5817144
73065000AM0454,AM,0454,30,Rue De L Etendard,0,BI,5.8889375,45.5804563
73065000AM0460,AM,0460,32,Rue De L Etendard,0,BI,5.8889817,45.5805061
73065000AM0639,AM,0639,112,723 Av De La Motte Servolex,0,BI,5.8879457,45.5817122
73065000AM0641,AM,0641,291,29 Rte De La Labiaz,1,BI,5.887875,45.5816232
73065000AM0539,AM,0539,158,La Croix Sud,0,BI,5.8929941,45.5813411
73065000AM0538,AM,0538,10,La Croix Sud,0,BI,5.8930641,45.5812843
73065000AM0528,AM,0528,184,La Croix Sud,0,BI,5.8929095,45.5815846
73065000AM0626,AM,0626,1188,La Croix Sud,0,BI,5.8942862,45.581848
73065000AM0635,AM,0635,37,425 Av De La Motte Servolex,0,BI,5.8912191,45.5804428
73065000AM0615,AM,0615,43,La Croix Sud,0,BI,5.8946921,45.5825557
73065000AM0637,AM,0637,19,La Croix Sud,0,BI,5.8948093,45.5822047
73065000AM0621,AM,0621,336,460 Av Du Grand Arietaz,0,BI,5.8943424,45.5831074
73065000AM0618,AM,0618,142,La Croix Sud,0,BI,5.8944405,45.5829617
73065000AO0240,AO,0240,44350,Rue Du Pre De L Ane,0,HC,5.9164085,45.5963775
73065000AO0157,AO,0157,71538,Rue Des Combes,0,HC,5.9143377,45.5945702
73065000AO0108,AO,0108,3944,Rue Des Combes,0,HC,5.9137418,45.5923034
73065000AO0126,AO,0126,9039,153 Rue Du Bertillet,0,HC,5.9163991,45.5952159
73065000AO0219,AO,0219,4360,Rue Du Pre De L Ane,0,HC,5.9157868,45.5952717
73065000AO0120,AO,0120,2451,327 Rue Des Combes,0,HC,5.9142209,45.596697
73065000AO0162,AO,0162,4677,Rue Du Bertillet,0,HC,5.9156324,45.5975596
73065000AO0061,AO,0061,3,Rue Des Combes,0,HC,5.9135528,45.5912634
73065000AO0062,AO,0062,3,Rue Des Combes,0,HC,5.9135306,45.5914452
73065000AO0076,AO,0076,2199,Che Du Bois De Pugnet,0,HC,5.9127977,45.5939271
73065000AO0090,AO,0090,5108,Au Bois,0,HC,5.9132684,45.5949831
73065000AO0092,AO,0092,362,Rue Pierre Mendes France,0,HC,5.9137335,45.5937333
73065000AO0100,AO,0100,450,1685 Rue Pierre Mendes France,1,HC,5.9137899,45.5936578
73065000AO0094,AO,0094,3,Rue Pierre Mendes France,0,HC,5.9135091,45.593611
73065000AO0097,AO,0097,27,Rue Pierre Mendes France,0,HC,5.9135434,45.5935891
73065000AO0095,AO,0095,194,Les Combes,0,HC,5.9130304,45.5934681
73065000AO0098,AO,0098,234,Les Combes,0,HC,5.9131301,45.5934371
73065000AO0054,AO,0054,6666,Les Combes,0,HC,5.9162424,45.593266
73065000AO0006,AO,0006,369,Les Combes,0,HC,5.9144194,45.5928415
73065000AO0053,AO,0053,5784,Les Combes,0,HC,5.9155419,45.5945398
73065000AO0182,AO,0182,4612,15 Rue Du Pre De L Ane,1,HC,5.9173322,45.5934198
73065000AO0050,AO,0050,2275,Les Combes,0,HC,5.9174186,45.5938466
73065000AO0184,AO,0184,2292,15 Rue Du Pre De L Ane,0,HC,5.917946,45.5928046
73065000AO0088,AO,0088,540,Au Bois,0,HC,5.9127498,45.5952994
73065000AO0154,AO,0154,230,Vers Le Bois,0,HC,5.912374,45.5955571
73065000AO0150,AO,0150,3177,Au Bois,0,HC,5.9128648,45.595674
73065000AO0153,AO,0153,560,Vers Le Bois,0,HC,5.9123874,45.5956892
73065000AO0110,AO,0110,2746,Rue Des Combes,1,HC,5.9147839,45.5955351
73065000AO0216,AO,0216,266,359 Rue Des Combes,1,HC,5.9151187,45.5961439
73065000AO0220,AO,0220,1223,Rue Du Pre De L Ane,0,HC,5.9152124,45.5960805
73065000AO0224,AO,0224,346,306 Rue Des Combes,0,HC,5.9154779,45.5960843
73065000AO0235,AO,0235,1415,Rue Des Combes,0,HC,5.9145606,45.5977426
73065000AO0161,AO,0161,906,Rue Du Pre De L Ane,0,HC,5.9147241,45.5980492
73065000AO0085,AO,0085,1201,507 Rue Du Pre De L Ane,1,HC,5.9142897,45.5976015
73065000AO0051,AO,0051,1389,Les Combes,0,HC,5.9156453,45.5967659
73065000AO0185,AO,0185,3358,572 Rue Du Pre De L Ane,1,HC,5.9151206,45.5980606
73065000AO0176,AO,0176,336,520 Rue Du Pre De L Ane,1,HC,5.9148806,45.5979789
73065000AO0179,AO,0179,194,Rue Des Combes,0,HC,5.9146095,45.5973777
73065000AO0232,AO,0232,536,405 Rue Du Bertillet,0,HC,5.9153196,45.5972404
73065000AO0227,AO,0227,18,306 Rue Des Combes,0,HC,5.9154014,45.5963667
73065000AO0226,AO,0226,12,306 Rue Des Combes,0,HC,5.9148552,45.5961871
73065000AO0218,AO,0218,2,Rue Du Pre De L Ane,0,HC,5.9152799,45.5964002
73065000AO0222,AO,0222,570,Rue Des Combes,0,HC,5.915074,45.5964024
73065000AO0237,AO,0237,728,Rue Des Combes,0,HC,5.9138339,45.5985229
73065000AO0241,AO,0241,12,Rue Du Pre De L Ane,0,HC,5.9139681,45.5985271
73065000AP0426,AP,0426,7472,292 Rue Jean Paul Sartre,0,HC,5.9184547,45.5966548
73065000AP0343,AP,0343,7058,Grand Champ,0,HC,5.9166952,45.597325
73065000AP0082,AP,0082,1448,Grand Champ,0,HC,5.9174114,45.5968037
73065000AP0078,AP,0078,2832,Grand Champ,0,HC,5.9177813,45.5972973
73065000AP0037,AP,0037,330,Grand Champ,0,HC,5.9170774,45.5964092
73065000AP0138,AP,0138,2481,Grand Champ,0,HC,5.9196951,45.5975427
73065000AP0139,AP,0139,2180,Grand Champ,0,HC,5.9203923,45.5975495
73065000AP0077,AP,0077,456,Grand Champ,0,HC,5.9184888,45.5971732
73065000AP0156,AP,0156,2353,Le Trembley,0,HC,5.9200919,45.5985096
73065000AP0154,AP,0154,1668,Le Trembley,0,HC,5.9190682,45.5984426
73065000AP0332,AP,0332,20,Rue Jean Paul Sartre,0,HC,5.9198661,45.5970588
73065000AP0425,AP,0425,182,292 Rue Jean Paul Sartre,0,HC,5.9198258,45.5970579
73065000AP0424,AP,0424,1317,292 Rue Jean Paul Sartre,0,HC,5.9193729,45.5970089
73065000AP0409,AP,0409,94,Grand Champ,0,HC,5.9200682,45.5967458
73065000AP0414,AP,0414,836,Grand Champ,0,HC,5.9200674,45.5970453
73065000AP0412,AP,0412,463,Grand Champ,0,HC,5.9201229,45.5968443
73065000AP0421,AP,0421,5455,Grand Champ,0,HC,5.9186858,45.5973784
73065000AP0422,AP,0422,47,Grand Champ,0,HC,5.9184293,45.5976114
73065000AP0064,AP,0064,31,Grand Champ,0,HC,5.9201676,45.5976296
73065000AP0057,AP,0057,301,Grand Champ,0,HC,5.9206315,45.5968688
73065000AP0056,AP,0056,39,Grand Champ,0,HC,5.9207288,45.5967635
73065000AP0039,AP,0039,2,Grand Champ,0,HC,5.9206593,45.5967414
73065000AP0410,AP,0410,300,547 Rue Du Grand Champ,0,HC,5.920435,45.5968669
73065000AP0408,AP,0408,4,Grand Champ,0,HC,5.9203666,45.596755
73065000AP0411,AP,0411,1,547 Rue Du Grand Champ,0,HC,5.9205873,45.5967652
73065000AP0413,AP,0413,20,Grand Champ,0,HC,5.9203224,45.596871
73065000AP0415,AP,0415,13,Grand Champ,0,HC,5.9202714,45.5970031
73065000AP0418,AP,0418,15,Grand Champ,0,HC,5.9205663,45.5967575
73065000AP0417,AP,0417,10,Grand Champ,0,HC,5.9204179,45.5967516
73065000AP0277,AP,0277,690,152 Rue Du Larzac,1,HC,5.9167746,45.5992574
73065000AP0089,AP,0089,70,Le Trembley,0,HC,5.9166064,45.598992
73065000AP0431,AP,0431,2467,All Du Petit Champ,0,HC,5.9175701,45.6017215
73065000AP0207,AP,0207,19,Le Trembley,0,HC,5.9197211,45.5996269
73065000AP0091,AP,0091,99,Grand Champ,0,HC,5.9182903,45.5980148
73065000AP0214,AP,0214,55,Le Trembley,0,HC,5.9188605,45.598296
73065000AP0212,AP,0212,2291,Le Trembley,0,HC,5.9190264,45.5993544
73065000AP0203,AP,0203,698,Le Trembley,0,HC,5.9192388,45.5990481
73065000AP0155,AP,0155,374,Le Trembley,0,HC,5.9196068,45.5989309
73065000AP0153,AP,0153,118,Le Trembley,0,HC,5.9197493,45.5986293
73065000AP0216,AP,0216,59,Le Trembley,0,HC,5.9189932,45.5984713
73065000AP0152,AP,0152,6,Le Trembley,0,HC,5.9197971,45.5987848
73065000AP0226,AP,0226,18,Grand Champ,0,HC,5.9161877,45.6003857
73065000AP0331,AP,0331,76,Le Trembley,0,HC,5.9190297,45.6022877
73065000AP0280,AP,0280,200,12 All Du Petit Champ,0,HC,5.9174096,45.6017066
73065000AR0462,AR,0462,8928,La Croix Rouge Dessus Nord,0,HC,5.9217476,45.5980244
73065000AR0459,AR,0459,2811,Sq Yves Montand,0,HC,5.9215125,45.5972394
73065000AR0456,AR,0456,399,Sq Yves Montand,0,HC,5.9222537,45.597515
73065000AR0334,AR,0334,362,La Croix Rouge Dessus Nord,0,HC,5.9209284,45.5980061
73065000AR0115,AR,0115,1147,La Croix Rouge Dessus Nord,0,HC,5.9225628,45.5980128
73065000AR0120,AR,0120,106,La Croix Rouge Dessus Nord,0,HC,5.9207014,45.5972213
73065000AR0320,AR,0320,384,La Croix Rouge Dessus Nord,0,HC,5.9206945,45.5974044
73065000AR0518,AR,0518,4,La Chenaviere,0,HC,5.9233597,45.5961551
73065000AR0522,AR,0522,39,La Croix Rouge Dessous Nor,0,HC,5.923469,45.5961652
73065000AR0560,AR,0560,58,Rue De Montagny,0,HC,5.9250117,45.5968812
73065000AR0524,AR,0524,11,La Croix Rouge Dessous Nor,0,HC,5.9236079,45.5962123
73065000AR0520,AR,0520,2,La Croix Rouge Dessous Nor,0,HC,5.923698,45.5962455
73065000AR0563,AR,0563,24,La Croix Rouge Dessous Nor,0,HC,5.9249745,45.5966565
73065000AR0272,AR,0272,45,La Croix Rouge Dessus Nord,0,HC,5.9221297,45.5993719
73065000AR0271,AR,0271,51,La Croix Rouge Dessus Nord,0,HC,5.9218621,45.5994752
73065000AR0207,AR,0207,19,La Croix Rouge Dessus Nord,0,HC,5.920049,45.5995409
73065000AR0270,AR,0270,76,La Croix Rouge Dessus Nord,0,HC,5.9217944,45.5997508
73065000AR0301,AR,0301,2475,157 Rue Pierre Brasseur,0,HC,5.9212981,45.5998786
73065000AR0269,AR,0269,336,La Croix Rouge Dessus Nord,0,HC,5.9225074,45.6000071
73065000AR0246,AR,0246,44,La Croix Rouge Dessus Nord,0,HC,5.9199447,45.6003151
73065000AR0225,AR,0225,125,La Croix Rouge Dessus Nord,0,HC,5.9200112,45.6003018
73065000AR0273,AR,0273,34,La Croix Rouge Dessus Nord,0,HC,5.9220327,45.6001637
73065000AS0133,AS,0133,9,Rte De Saint - Saturnin,0,HC,5.9261248,45.5962063
73065000AS0130,AS,0130,22,La Croix Rouge Dessous Est,0,HC,5.9260843,45.5962053
73065000AS0134,AS,0134,32,La Croix Rouge Dessous Est,0,HC,5.9260163,45.5962006
73065000AS0140,AS,0140,18,140 Rue De Montagny,0,HC,5.9250714,45.59721
73065000AS0150,AS,0150,9,La Croix Rouge Dessous Est,0,HC,5.9250243,45.5974417
73065000AS0144,AS,0144,17,La Croix Rouge Dessous Est,0,HC,5.92504,45.5973636
73065000AS0147,AS,0147,2,La Croix Rouge Dessous Est,0,HC,5.9250554,45.59729
73065000AT0031,AT,0031,121,La Croix Rouge Dessous,0,HC,5.9273516,45.5959896
73065000AT0028,AT,0028,63,La Croix Rouge Dessous,0,HC,5.926964,45.5959654
73065000AT0165,AT,0165,32,Rte De Saint - Saturnin,0,HC,5.9250185,45.595976
73065000AT0166,AT,0166,128,Rte De Saint - Saturnin,0,HC,5.9250638,45.5961264
73065000AT0018,AT,0018,81,1220 Rte De Saint - Saturnin,0,HC,5.9250635,45.596041
73065000AV0009,AV,0009,2920,Bois Des Lausenettes,0,HC,5.9320936,45.5956814
73065000AV0038,AV,0038,3867,L Etang,0,HC,5.9338024,45.5987083
73065000AV0039,AV,0039,272,L Etang,0,,5.9366788,45.5999958
73065000AW0022,AW,0022,106625,Communaux De Chambery,0,HC,5.9268007,45.5895718
73065000AW0021,AW,0021,30505,Communaux De Chambery,0,HC,5.9265657,45.5925835
73065000AW0003,AW,0003,5645,Au Feyet,0,HC,5.9302738,45.5934336
73065000AW0026,AW,0026,2252,Communaux De Chambery,0,HC,5.9270979,45.5871849
73065000AW0024,AW,0024,6040,Communaux De Chambery,0,HC,5.9267414,45.5879685
73065000AW0025,AW,0025,933,Communaux De Chambery,0,HC,5.9271768,45.5878813
73065000AW0023,AW,0023,2027,Communaux De Chambery,0,HC,5.9273834,45.588869
73065000AW0020,AW,0020,4280,Au Feyet,0,HC,5.924809,45.5934033
73065000AW0019,AW,0019,2987,Au Feyet,0,HC,5.9244455,45.5934506
73065000AW0018,AW,0018,1575,Au Feyet,0,HC,5.925142,45.593522
73065000AX0125,AX,0125,2546,La Croix Rouge Dessus,0,HC,5.9204623,45.5954309
73065000AX0296,AX,0296,49819,La Croix Rouge Dessus,1,HC,5.9190059,45.5952258
73065000AX0258,AX,0258,16764,249 Rue Du Genevois,0,HC,5.92339,45.5923506
73065000AX0305,AX,0305,3625,La Croix Rouge Dessus,0,HC,5.9211986,45.5919251
73065000AX0128,AX,0128,14434,321 Rue Du Grand Champ,0,HC,5.9185311,45.5962249
73065000AX0073,AX,0073,755,Av Daniel Rops,0,HC,5.9196913,45.5916154
73065000AX0069,AX,0069,414,132 Av Daniel Rops,0,HC,5.9198392,45.5913284
73065000AX0068,AX,0068,663,132 Av Daniel Rops,0,HC,5.920023,45.5912833
73065000AX0067,AX,0067,562,154 Av Daniel Rops,1,HC,5.9201054,45.591002
73065000AX0064,AX,0064,1447,84 Av Daniel Rops,1,HC,5.9202568,45.5907308
73065000AX0323,AX,0323,5470,La Croix Rouge Dessus,0,HC,5.9192431,45.5925442
73065000AX0319,AX,0319,369,La Croix Rouge Dessus,0,HC,5.9198433,45.5917467
73065000AX0315,AX,0315,1174,La Croix Rouge Dessus,0,HC,5.9201977,45.5912717
73065000AX0321,AX,0321,2551,La Croix Rouge Dessus,0,HC,5.9204098,45.5927699
73065000AX0063,AX,0063,15,Av Daniel Rops,0,HC,5.9202015,45.5904929
73065000AX0142,AX,0142,4817,La Croix Rouge Dessus,0,HC,5.9225034,45.5926721
73065000AX0038,AX,0038,2796,Rte De Saint - Saturnin,0,HC,5.9237288,45.5926751
73065000AX0140,AX,0140,1597,La Perriere,0,HC,5.9229976,45.5927275
73065000AX0266,AX,0266,17,197 Rue Du Genevois,0,HC,5.9220728,45.5911205
73065000AX0262,AX,0262,700,La Croix Rouge Dessus,0,HC,5.9217373,45.5920934
73065000AX0269,AX,0269,1121,La Croix Rouge Dessus,0,HC,5.9216034,45.59131
73065000AX0260,AX,0260,717,La Croix Rouge Dessus,0,HC,5.9219423,45.5921405
73065000AX0313,AX,0313,41,La Croix Rouge Dessus,0,HC,5.9203763,45.5909571
73065000AX0311,AX,0311,409,La Croix Rouge Dessous,0,HC,5.921204,45.5910575
73065000AX0309,AX,0309,229,La Croix Rouge Dessous,0,HC,5.9212611,45.5909455
73065000AX0307,AX,0307,213,246 Av Daniel Rops,0,HC,5.9213028,45.5908657
73065000AX0317,AX,0317,167,La Croix Rouge Dessus,0,HC,5.9199914,45.5915906
73065000AX0045,AX,0045,935,Rte De Saint - Saturnin,0,HC,5.9239738,45.5918309
73065000AX0083,AX,0083,694,195 Rue Du Grand Champ,1,HC,5.920347,45.5939001
73065000AX0084,AX,0084,1203,195 Rue Du Grand Champ,1,HC,5.920345,45.5936361
73065000AX0081,AX,0081,490,La Croix Rouge Dessus,0,HC,5.9199947,45.5934628
73065000AX0082,AX,0082,957,La Croix Rouge Dessus,0,HC,5.9201642,45.5934818
73065000AX0149,AX,0149,281,La Croix Rouge Dessus,0,HC,5.9196641,45.593316
73065000AX0162,AX,0162,2702,Pl Du Forum,1,HC,5.9200974,45.5928183
73065000AX0157,AX,0157,37,La Croix Rouge Dessus,0,HC,5.918895,45.5929027
73065000AX0280,AX,0280,1218,46 Pl Du Forum,1,HC,5.9195308,45.5923676
73065000AX0298,AX,0298,4176,89 Rue Du Grand Champ,1,HC,5.9194915,45.5934789
73065000AX0166,AX,0166,813,La Croix Rouge Dessus,0,HC,5.922148,45.5948383
73065000AX0178,AX,0178,3992,La Croix Rouge Dessus,0,HC,5.9215765,45.5944072
73065000AX0177,AX,0177,559,La Croix Rouge Dessus,0,HC,5.9221402,45.5942348
73065000AX0172,AX,0172,443,La Croix Rouge Dessus,0,HC,5.922509,45.5934575
73065000AX0035,AX,0035,697,Rte De Saint - Saturnin,0,HC,5.9235971,45.5933134
73065000AX0171,AX,0171,4220,La Croix Rouge Dessus,0,HC,5.9221503,45.5934094
73065000AX0036,AX,0036,927,Rte De Saint - Saturnin,0,HC,5.9235548,45.593205
73065000AX0145,AX,0145,14,La Croix Rouge Dessus,0,HC,5.9230286,45.593167
73065000AX0037,AX,0037,1140,Rte De Saint - Saturnin,0,HC,5.9235496,45.5930636
73065000AX0057,AX,0057,462,130 Rue Du Grand Champ,0,HC,5.9205644,45.593147
73065000AX0040,AX,0040,1883,La Perriere,0,HC,5.9234474,45.5925058
73065000AX0041,AX,0041,645,La Perriere,0,HC,5.923257,45.5928606
73065000AX0144,AX,0144,82,La Croix Rouge Dessus,0,HC,5.9224126,45.5930167
73065000AX0275,AX,0275,434,La Croix Rouge Dessus,0,HC,5.920699,45.5936735
73065000AX0039,AX,0039,818,Rte De Saint - Saturnin,0,HC,5.923966,45.5920511
73065000AX0250,AX,0250,134,Rte De Saint - Saturnin,0,HC,5.9240664,45.5934549
73065000AX0252,AX,0252,457,Rte De Saint - Saturnin,0,HC,5.9245832,45.5939326
73065000AX0135,AX,0135,480,Rue De La Brule,0,HC,5.9208642,45.5963467
73065000AX0180,AX,0180,6930,La Croix Rouge Dessus,0,HC,5.9214555,45.5951665
73065000AX0100,AX,0100,804,La Croix Rouge Dessus,0,HC,5.9207255,45.5951343
73065000AX0101,AX,0101,1053,La Croix Rouge Dessus,0,HC,5.9206663,45.5949132
73065000AX0165,AX,0165,972,La Croix Rouge Dessus,0,HC,5.9220362,45.5951927
73065000AX0182,AX,0182,304,La Croix Rouge Dessus,0,HC,5.9210544,45.5955099
73065000AX0185,AX,0185,422,Rue Martin Luther King,0,HC,5.9215327,45.595508
73065000AX0184,AX,0184,1332,388 Rue Du Grand Champ,0,HC,5.9207772,45.5954462
73065000AX0134,AX,0134,45,La Croix Rouge Dessus,0,HC,5.9201199,45.5967314
73065000AX0132,AX,0132,1,La Croix Rouge Dessus,0,HC,5.9206198,45.596737
73065000AX0133,AX,0133,16,La Croix Rouge Dessus,0,HC,5.9204246,45.5967361
73065000AX0003,AX,0003,38,1219 Rte De Saint - Saturnin,0,HC,5.9248727,45.5960587
73065000AY0098,AY,0098,14940,Rue De Pugnet,0,HC,5.913577,45.5901928
73065000AY0139,AY,0139,8814,17 Rue De Champagne,0,HC,5.915162,45.5897419
73065000AY0107,AY,0107,3513,Rue De Champagne,0,HC,5.9159126,45.5902855
73065000AY0106,AY,0106,3096,Av D Annecy,0,HC,5.9142501,45.5885476
73065000AY0258,AY,0258,921,22 Rue Du Beaujolais,0,HC,5.915967,45.5904416
73065000AY0255,AY,0255,7126,Pugnet,0,HC,5.9170337,45.5907408
73065000AY0267,AY,0267,3317,Av D Annecy,0,HC,5.9184463,45.5895809
73065000AY0096,AY,0096,997,Rue De Pugnet,0,HC,5.9153938,45.5879928
73065000AY0105,AY,0105,718,Rue De Pugnet,0,HC,5.9151574,45.5881156
73065000AY0053,AY,0053,29,Che Du Bois De Pugnet,0,HC,5.9150684,45.5890521
73065000AY0244,AY,0244,23,Rue De Pugnet,0,HC,5.9144538,45.5892657
73065000AY0243,AY,0243,2270,Rue De Pugnet,0,HC,5.9136034,45.5888896
73065000AY0195,AY,0195,164,Av D Annecy,0,HC,5.9192746,45.5899076
73065000AY0186,AY,0186,133,Av D Annecy,0,HC,5.9194053,45.5896776
73065000AY0136,AY,0136,924,125 Rue Du Maconnais,0,HC,5.9177455,45.5908235
73065000AY0137,AY,0137,487,125 Rue Du Maconnais,0,HC,5.9174816,45.5907802
73065000AY0182,AY,0182,651,10 Rue Du Maconnais,0,HC,5.919107,45.5901293
73065000AY0261,AY,0261,6820,Rue Du Maconnais,0,HC,5.9185605,45.5906843
73065000AY0248,AY,0248,14,Av D Annecy,0,HC,5.9190682,45.5896114
73065000AY0251,AY,0251,1390,10 Rue Du Maconnais,0,HC,5.9185029,45.590013
73065000AY0169,AY,0169,6586,Les Combes,0,HC,5.9143686,45.5917054
73065000AY0062,AY,0062,13,Pugnet,0,HC,5.9139285,45.5907591
73065000AY0165,AY,0165,1620,349 Rue Du Maconnais,0,HC,5.9168269,45.5925178
73065000AY0166,AY,0166,447,349 Rue Du Maconnais,0,HC,5.9165186,45.5925579
73065000AY0123,AY,0123,4683,Pugnet,0,HC,5.9163336,45.5920214
73065000AY0041,AY,0041,4016,Pugnet,0,HC,5.9146254,45.5910802
73065000AY0177,AY,0177,1693,Pl Du Forum,0,HC,5.9185061,45.5923724
73065000AY0173,AY,0173,3092,Pl Du Forum,0,HC,5.9181414,45.592332
73065000AY0134,AY,0134,454,293 Rue Du Maconnais,0,HC,5.9171,45.5920119
73065000AY0133,AY,0133,232,293 Rue Du Maconnais,0,HC,5.9168522,45.5919362
73065000AY0119,AY,0119,285,Av Daniel Rops,0,HC,5.9178069,45.5917955
73065000AY0120,AY,0120,279,Av Daniel Rops,0,HC,5.917862,45.5915349
73065000AY0193,AY,0193,161,Av Daniel Rops,0,HC,5.9197512,45.5906965
73065000AY0180,AY,0180,5306,Av Daniel Rops,0,HC,5.9188105,45.5913663
73065000AY0089,AY,0089,3821,Rue Du Maconnais,0,HC,5.9180915,45.5912593
73065000AY0235,AY,0235,1454,Rue Du Maconnais,0,HC,5.9173328,45.5921864
73065000AY0253,AY,0253,1,10 Rue Du Maconnais,0,HC,5.9189996,45.58972
73065000AY0262,AY,0262,1057,Rue Du Maconnais,0,HC,5.9191542,45.5908241
73065000AY0194,AY,0194,7,42 Av D Annecy,0,HC,5.9199101,45.5905896
73065000AY0164,AY,0164,612,349 Rue Du Maconnais,0,HC,5.917227,45.5932103
73065000AY0174,AY,0174,40,1 Pl Du Forum,1,HC,5.9184297,45.592679
73065000AY0032,AY,0032,2,Rue Du Maconnais,0,HC,5.9166824,45.5922054
73065000AY0172,AY,0172,5,Les Combes,0,HC,5.9167,45.5921537
73065000AY0237,AY,0237,71,Rue Du Maconnais,0,HC,5.9172025,45.5923269
73065000AY0238,AY,0238,1015,Rue Du Maconnais,0,HC,5.9171077,45.5925971
73065000AY0260,AY,0260,62,Pl Du Forum,0,HC,5.9183014,45.5928017
73065000AZ0030,AZ,0030,10775,Caramagne,0,HC,5.9149516,45.5858375
73065000AZ0180,AZ,0180,2611,Caramagne,0,HC,5.9116905,45.5860026
73065000AZ0318,AZ,0318,8134,Caramagne,0,HC,5.9110519,45.5857851
73065000AZ0155,AZ,0155,5655,Caramagne,0,HC,5.9118352,45.5847886
73065000AZ0217,AZ,0217,925,Caramagne,0,HC,5.9169754,45.5841115
73065000AZ0216,AZ,0216,918,Caramagne,0,HC,5.916237,45.5843887
73065000AZ0268,AZ,0268,753,Rue De Caramagne,0,HC,5.9157479,45.5838081
73065000AZ0260,AZ,0260,886,616 Che De Chantemerle,0,HC,5.9173209,45.5837732
73065000AZ0259,AZ,0259,345,Caramagne,0,HC,5.9171076,45.5837166
73065000AZ0238,AZ,0238,4294,Caramagne,0,HC,5.914352,45.5851216
73065000AZ0229,AZ,0229,367,Caramagne,0,HC,5.9124506,45.5847389
73065000AZ0312,AZ,0312,249,All Des Chataigniers,0,HC,5.9160861,45.5848235
73065000AZ0233,AZ,0233,97,Caramagne,0,HC,5.9157496,45.5851392
73065000AZ0236,AZ,0236,4232,Caramagne,0,HC,5.9152089,45.585242
73065000AZ0182,AZ,0182,1142,Caramagne,0,HC,5.9135625,45.5854031
73065000AZ0120,AZ,0120,385,Caramagne,0,HC,5.9157141,45.5842571
73065000AZ0273,AZ,0273,1211,Rue De Caramagne,0,HC,5.9146028,45.5840097
73065000AZ0144,AZ,0144,8,Caramagne,0,HC,5.9166649,45.5849702
73065000AZ0256,AZ,0256,182,Caramagne,0,HC,5.9169721,45.5839817
73065000AZ0257,AZ,0257,1237,616 Che De Chantemerle,1,HC,5.917276,45.5840226
73065000AZ0016,AZ,0016,2612,Caramagne,0,HC,5.9147914,45.5873927
73065000AZ0209,AZ,0209,3421,Caramagne,0,HC,5.9146097,45.5878722
73065000AZ0208,AZ,0208,6439,Pt Ham De L Eglise,0,HC,5.9130186,45.5880166
73065000AZ0211,AZ,0211,569,Caramagne,0,HC,5.9148788,45.5874525
73065000AZ0122,AZ,0122,40,Che De Pugnet,0,HC,5.9157248,45.5875504
73065000AZ0121,AZ,0121,4012,Che De Pugnet,0,HC,5.9152767,45.5876233
73065000AZ0210,AZ,0210,442,Caramagne,0,HC,5.9135334,45.5878648
73065000AZ0207,AZ,0207,706,Pt Ham De L Eglise,0,HC,5.9136106,45.5882032
73065000AZ0270,AZ,0270,15,All Des Airelles,0,HC,5.9126681,45.5868834
73065000BC0188,BC,0188,27128,Le Piochet,0,HC,5.9185032,45.5863492
73065000BC0166,BC,0166,3827,Le Piochet,0,HC,5.9191444,45.5859412
73065000BC0168,BC,0168,5415,Le Piochet,0,HC,5.919982,45.5860934
73065000BC0171,BC,0171,2943,Che Des Trolles,0,HC,5.918796,45.5845886
73065000BC0131,BC,0131,1136,Village De Pugnet,0,HC,5.9162429,45.5878463
73065000BC0146,BC,0146,6322,219 Av D Annecy,1,HC,5.9175633,45.588631
73065000BC0088,BC,0088,231,291 All Des Jardins,1,HC,5.9169365,45.5872946
73065000BC0089,BC,0089,153,All Des Jardins,0,HC,5.9169278,45.5873669
73065000BC0090,BC,0090,106,All Des Jardins,0,HC,5.917058,45.5874101
73065000BC0092,BC,0092,60,All Des Jardins,0,HC,5.9172012,45.5874415
73065000BC0117,BC,0117,103,All Des Jardins,0,HC,5.9171164,45.5874445
73065000BC0101,BC,0101,374,Rue Du Piochet,0,HC,5.9178031,45.5874308
73065000BC0102,BC,0102,78,Rue Du Piochet,0,HC,5.9180078,45.5874109
73065000BC0083,BC,0083,47,Village De Pugnet,0,HC,5.9161639,45.5875369
73065000BC0161,BC,0161,1224,2 Imp De Pugnet,0,HC,5.9175059,45.5879716
73065000BC0087,BC,0087,775,291 All Des Jardins,0,HC,5.9168955,45.5871395
73065000BC0110,BC,0110,8,Village De Pugnet,0,HC,5.9177286,45.5875099
73065000BC0096,BC,0096,370,All Des Jardins,0,HC,5.9172444,45.5875331
73065000BC0109,BC,0109,44,Village De Pugnet,0,HC,5.917795,45.5875842
73065000BC0108,BC,0108,165,Village De Pugnet,0,HC,5.9180657,45.587606
73065000BC0107,BC,0107,193,Village De Pugnet,0,HC,5.9179038,45.5876467
73065000BC0111,BC,0111,1264,Rue Du Piochet,0,HC,5.9175655,45.587664
73065000BC0120,BC,0120,621,Village De Pugnet,0,HC,5.9180306,45.5876838
73065000BC0179,BC,0179,1408,Village De Pugnet,0,HC,5.9179395,45.5871765
73065000BC0185,BC,0185,1184,Village De Pugnet,0,HC,5.9192124,45.5872613
73065000BC0183,BC,0183,752,Village De Pugnet,0,HC,5.917687,45.5866416
73065000BC0181,BC,0181,3914,Village De Pugnet,0,HC,5.9173591,45.5870312
73065000BC0187,BC,0187,2628,Le Piochet,0,HC,5.9196349,45.5871747
73065000BC0176,BC,0176,9806,143 All Des Jardins,1,HC,5.9186901,45.5878805
73065000BC0128,BC,0128,60,Village De Pugnet,0,HC,5.9159888,45.5878302
73065000BC0129,BC,0129,88,Village De Pugnet,0,HC,5.9165445,45.588053
73065000BC0191,BC,0191,97,7 Sq De Normandie,0,HC,5.9191442,45.5892055
73065000BC0192,BC,0192,737,7 Sq De Normandie,0,HC,5.9192094,45.5888767
73065000BC0197,BC,0197,43,7 Sq De Normandie,0,HC,5.9193603,45.5889158
73065000BC0198,BC,0198,22,7 Sq De Normandie,0,HC,5.9191497,45.5891924
73065000BD0011,BD,0011,13035,Sur Cote Rousse,0,LA,5.9263801,45.5861246
73065000BD0211,BD,0211,1032,Av D Aix-Les-Bains,0,HC,5.9237135,45.585181
73065000BD0154,BD,0154,7403,Sur Cote Rousse,1,LA,5.9270024,45.5861089
73065000BD0247,BD,0247,10760,265 Rte De Saint - Saturnin,1,HC,5.9242223,45.5873538
73065000BD0249,BD,0249,14493,Rue Du Genevois,0,HC,5.9239166,45.58888
73065000BD0209,BD,0209,405,Av D Aix-Les-Bains,0,HC,5.9242664,45.5839491
73065000BD0207,BD,0207,76,Rte De Saint - Saturnin,0,HC,5.9243936,45.5836424
73065000BD0027,BD,0027,2511,Cote Rousse,0,HC,5.9228891,45.5886862
73065000BD0214,BD,0214,829,137 Rue De Cote Rousse,0,HC,5.922282,45.5877661
73065000BD0251,BD,0251,182,Rue Du Genevois,0,HC,5.9248844,45.5882972
73065000BD0025,BD,0025,1797,180 Rue Du Genevois,1,HC,5.9229729,45.5891069
73065000BD0037,BD,0037,570,Av D Aix-Les-Bains,0,HC,5.9207831,45.5897106
73065000BD0054,BD,0054,3545,Le Bouchet,0,HC,5.9229949,45.5906336
73065000BD0080,BD,0080,1115,Cote Rousse,0,HC,5.9241984,45.5895864
73065000BD0091,BD,0091,2028,Le Bouchet,0,HC,5.9225575,45.5904651
73065000BD0053,BD,0053,1218,Le Bouchet,0,HC,5.9229814,45.5902518
73065000BD0106,BD,0106,5461,Le Bouchet,1,HC,5.9238384,45.5900743
73065000BD0103,BD,0103,500,Le Bouchet,0,HC,5.9234454,45.5899217
73065000BD0102,BD,0102,783,Le Bouchet,0,HC,5.9231193,45.5898484
73065000BD0195,BD,0195,3040,110 Av Daniel Rops,1,HC,5.9205772,45.5902886
73065000BD0241,BD,0241,3792,Le Bouchet,0,HC,5.9223937,45.5894406
73065000BD0110,BD,0110,878,Cote Rousse,0,HC,5.9244419,45.5891315
73065000BD0268,BD,0268,2783,510 Rte De Saint - Saturnin,0,HC,5.9250119,45.5902883
73065000BD0186,BD,0186,23,Rue Du Genevois,0,HC,5.9209957,45.5900937
73065000BD0055,BD,0055,70,La Croix Rouge Dessus,0,HC,5.9227873,45.5911598
73065000BD0056,BD,0056,94,La Croix Rouge Dessus,0,HC,5.9228789,45.591145
73065000BD0057,BD,0057,75,La Croix Rouge Dessus,0,HC,5.9229375,45.5911074
73065000BD0173,BD,0173,42,Rue Du Genevois,0,HC,5.9222387,45.5911041
73065000BD0058,BD,0058,322,La Croix Rouge Dessus,0,HC,5.923014,45.5910408
73065000BD0156,BD,0156,1637,Le Bouchet,0,HC,5.9234984,45.590733
73065000BD0108,BD,0108,833,Le Bouchet,0,HC,5.9232567,45.5906841
73065000BD0149,BD,0149,7,Le Bouchet,0,HC,5.9210777,45.5903207
73065000BD0092,BD,0092,4,Le Bouchet,0,HC,5.9227135,45.5898314
73065000BD0269,BD,0269,102,510 Rte De Saint - Saturnin,0,HC,5.9246582,45.5901819
73065000BD0271,BD,0271,40,Rte De Saint - Saturnin,0,HC,5.9245394,45.5904331
73065000BD0270,BD,0270,760,Rte De Saint - Saturnin,0,HC,5.9250072,45.5905204
73065000BD0003,BD,0003,1929,Rte De Saint - Saturnin,0,HC,5.9245404,45.59211
73065000BE0035,BE,0035,84927,La Bionne Nord,0,LA,5.927152,45.5823298
73065000BE0015,BE,0015,1809,Sur Les Monts,0,LA,5.9295833,45.5806379
73065000BE0014,BE,0014,688,Sur Les Monts,0,LA,5.9291347,45.580598
73065000BE0024,BE,0024,310,La Bionne Nord,0,LA,5.9269142,45.5803056
73065000BE0026,BE,0026,31,La Bionne Nord,0,LA,5.9268781,45.5807296
73065000BH0089,BH,0089,3311,La Bionne,0,LA,5.925592,45.576793
73065000BH0077,BH,0077,33581,Centre Aere Des Monts,0,LA,5.9287144,45.5791124
73065000BH0115,BH,0115,945,La Bionne,0,LA,5.9299405,45.5773764
73065000BH0075,BH,0075,244,Centre Aere Des Monts,0,LA,5.9299995,45.5797857
73065000BH0002,BH,0002,1719,Centre Aere Des Monts,0,LA,5.9295558,45.5788369
73065000BH0003,BH,0003,1593,Che Des Monts Dessus,0,LA,5.9296921,45.5785059
73065000BH0046,BH,0046,6697,La Bionne,0,LA,5.9276035,45.5791569
73065000BH0041,BH,0041,43,Centre Aere Des Monts,0,LA,5.9292517,45.5801684
73065000BH0076,BH,0076,681,Centre Aere Des Monts,0,LA,5.9298685,45.5795879
73065000BH0039,BH,0039,1274,221 Che Des Ecureuils,1,LA,5.9297368,45.5798916
73065000BH0042,BH,0042,8,Centre Aere Des Monts,0,LA,5.9289081,45.5802912
73065000BI0065,BI,0065,1156,18 Rue De Budapest,0,,5.933914,45.574914
73065000BI0300,BI,0300,33,8 Rue Burdin,0,LA,5.9255185,45.5714183
73065000BI0331,BI,0331,1691,Rue Burdin,0,LA,5.9243729,45.5723884
73065000BI0348,BI,0348,930,10 Rue Burdin,0,LA,5.9264048,45.5729008
73065000BI0194,BI,0194,72,Rue Bonne De Bourbon,0,LA,5.9294014,45.5733751
73065000BI0102,BI,0102,630,23 Av De Merande,0,LA,5.9306929,45.5727103
73065000BI0261,BI,0261,15,Rue De Budapest,0,LA,5.9306492,45.5728062
73065000BI0260,BI,0260,84,Rue De Budapest,0,LA,5.9307916,45.5729349
73065000BI0258,BI,0258,257,Bd De Lemenc,0,LA,5.9233815,45.5745834
73065000BI0195,BI,0195,39,Rue Bonne De Bourbon,0,LA,5.9299918,45.5737515
73065000BI0058,BI,0058,2640,51 Rue De Budapest,0,LA,5.9325413,45.5750982
73065000BI0250,BI,0250,2,Rue De Budapest,0,LA,5.9316818,45.5746382
73065000BK0323,BK,0323,2261,401 Av De Turin,0,LA,5.9353702,45.5708054
73065000BK0366,BK,0366,559,Merande Joppet,0,LA,5.9290037,45.5717088
73065000BK0227,BK,0227,2633,266 Che Des Moulins,1,LA,5.9288218,45.5710286
73065000BK0048,BK,0048,7232,73 Pl Voltaire,1,LA,5.9314727,45.5714546
73065000BK0465,BK,0465,8,378 Che Des Moulins,0,LA,5.9273329,45.5708734
73065000BK0464,BK,0464,23,378 Che Des Moulins,0,LA,5.927222,45.5708711
73065000BK0468,BK,0468,69,Che Des Moulins,0,LA,5.9272379,45.5708262
73065000BK0467,BK,0467,1,Che Des Moulins,0,LA,5.9273208,45.5708737
73065000BK0211,BK,0211,400,Rue Montesquiou,0,LA,5.9315046,45.5703226
73065000BK0437,BK,0437,11,21 Av De Bassens,0,LA,5.9305659,45.5692174
73065000BK0435,BK,0435,128,21 Av De Bassens,0,LA,5.9304439,45.5693043
73065000BK0440,BK,0440,119,Rue Marceau,0,LA,5.9297967,45.5703736
73065000BK0351,BK,0351,11800,563 Av De Turin,1,LA,5.9368111,45.5706615
73065000BK0318,BK,0318,238,Av De Turin,0,LA,5.9358556,45.5708296
73065000BK0317,BK,0317,129,141 Rue Franklin Roosevelt,1,LA,5.9359744,45.5707246
73065000BK0316,BK,0316,209,Av De Turin,0,LA,5.9360962,45.5706345
73065000BK0256,BK,0256,454,Av De Merande,0,LA,5.9297605,45.572087
73065000BK0215,BK,0215,937,22 Av De Merande,0,LA,5.9294492,45.5719046
73065000BK0360,BK,0360,601,Av De Merande,0,LA,5.9290967,45.571825
73065000BK0358,BK,0358,152,Che Des Moulins,0,LA,5.9290822,45.5716402
73065000BK0354,BK,0354,365,Av De Bassens,0,LA,5.9347996,45.5720257
73065000BK0352,BK,0352,116,Av De Bassens,0,LA,5.9344875,45.5721519
73065000BK0356,BK,0356,88,Av De Turin,0,LA,5.9355059,45.571711
73065000BK0350,BK,0350,619,Rue Franklin Roosevelt,0,LA,5.9356282,45.5715824
73065000BL0292,BL,0292,9,475 Fg Montmelian,1,LA,5.9322173,45.5663205
73065000BL0174,BL,0174,154,2 Av De Bassens,0,LA,5.929761,45.5667464
73065000BL0301,BL,0301,25,Fg Montmelian,0,LA,5.9319563,45.5663305
73065000BL0293,BL,0293,64,Fg Montmelian,0,LA,5.9322785,45.5663267
73065000BL0228,BL,0228,364,Fg Montmelian,0,LA,5.9326399,45.5663535
73065000BL0226,BL,0226,304,521 Fg Montmelian,1,LA,5.9326902,45.5665472
73065000BL0227,BL,0227,218,Fg Montmelian,0,LA,5.9326322,45.5666114
73065000BL0298,BL,0298,1318,Fg Montmelian,0,LA,5.9325088,45.5666367
73065000BL0229,BL,0229,512,515 Fg Montmelian,1,LA,5.9323547,45.566642
73065000BL0304,BL,0304,3018,311 Fg Montmelian,1,LA,5.9302478,45.5667423
73065000BL0230,BL,0230,281,501 Fg Montmelian,1,LA,5.9321335,45.5668384
73065000BL0232,BL,0232,137,Fg Montmelian,0,LA,5.9320138,45.5669139
73065000BL0239,BL,0239,1919,Che Du Peney,0,LA,5.9327954,45.5668766
73065000BL0238,BL,0238,1536,41 Che Du Peney,1,LA,5.9327375,45.5669243
73065000BL0233,BL,0233,857,Fg Montmelian,0,LA,5.9318664,45.5669545
73065000BL0295,BL,0295,75,Fg Montmelian,0,LA,5.9322316,45.5665828
73065000BL0334,BL,0334,178,Fg Montmelian,0,LA,5.9329425,45.5664826
73065000BL0400,BL,0400,278,295 Fg Montmelian,0,LA,5.9298424,45.5666047
73065000BL0106,BL,0106,97,Rue De Serbie,0,LA,5.934048,45.5664471
73065000BL0286,BL,0286,202,Rue De Serbie,0,LA,5.9334866,45.5664932
73065000BL0145,BL,0145,45,1 Che Du Peney,0,LA,5.9330927,45.5664478
73065000BL0138,BL,0138,44,611 Fg Montmelian,0,LA,5.9337635,45.5663543
73065000BL0261,BL,0261,960,661 Fg Montmelian,1,LA,5.9342788,45.566697
73065000BL0284,BL,0284,140,Rue De Serbie,0,LA,5.9337325,45.5667585
73065000BL0394,BL,0394,21,585 Fg Montmelian,0,LA,5.93344,45.5663925
73065000BL0333,BL,0333,56,Fg Montmelian,0,LA,5.9327708,45.5663652
73065000BL0331,BL,0331,4,Fg Montmelian,0,LA,5.9328901,45.5662522
73065000BL0329,BL,0329,72,Fg Montmelian,0,LA,5.9330945,45.5663292
73065000BL0396,BL,0396,24,585 Fg Montmelian,0,LA,5.933505,45.5663828
73065000BL0398,BL,0398,237,593 Fg Montmelian,0,LA,5.9337185,45.5663027
73065000BL0237,BL,0237,239,Che Du Peney,0,LA,5.9325462,45.5671128
73065000BL0236,BL,0236,12,41 Che Du Peney,0,LA,5.9327097,45.5671127
73065000BL0178,BL,0178,369,Quai Pierre Bayard,0,LA,5.9350852,45.5676913
73065000BL0283,BL,0283,51,Rue De Serbie,0,LA,5.9336862,45.5670156
73065000BL0133,BL,0133,207,100 Che Du Peney,0,LA,5.9335561,45.5670975
73065000BL0311,BL,0311,2391,1 Sq Jacques Lapeyre,1,LA,5.934951,45.5685957
73065000BL0473,BL,0473,57,839 Fg Montmelian,0,LA,5.9364529,45.5674478
73065000BL0479,BL,0479,151,841 Fg Montmelian,0,LA,5.9360048,45.5674068
73065000BL0207,BL,0207,30,Quai Raymond Poincare,0,LA,5.9368752,45.5674922
73065000BL0065,BL,0065,495,10 Rue Frederic Chopin,0,LA,5.9393224,45.5689212
73065000BL0449,BL,0449,676,Rue Frederic Chopin,0,LA,5.9395649,45.5691692
73065000BL0471,BL,0471,39,869 Fg Montmelian,0,LA,5.9366674,45.5674674
73065000BL0477,BL,0477,31,Fg Montmelian,0,LA,5.9369367,45.5674838
73065000BL0475,BL,0475,36,Fg Montmelian,0,LA,5.9371181,45.5675079
73065000BL0464,BL,0464,47,180 Rue Paulette Besson,0,LA,5.935455,45.5697423
73065000BL0462,BL,0462,21,180 Rue Paulette Besson,0,LA,5.9349775,45.5696116
73065000BL0463,BL,0463,55,180 Rue Paulette Besson,0,LA,5.9353553,45.569451
73065000BL0450,BL,0450,108,Rue Frederic Chopin,0,LA,5.9397553,45.5689098
73065000BL0443,BL,0443,236,Rue De La Martiniere,0,LA,5.9386083,45.5692914
73065000BL0446,BL,0446,266,128 Rue De La Martiniere,0,LA,5.9388178,45.569335
73065000BM0001,BM,0001,5470,67 Rue St Francois De Sales,1,LA,5.9256816,45.5669603
73065000BM0104,BM,0104,408,31 Fg Montmelian,1,LA,5.9263257,45.5663047
73065000BM0097,BM,0097,140,44 Pl D Italie,1,LA,5.9260121,45.5662447
73065000BM0175,BM,0175,72,Rue Du Laurier,0,LA,5.9278527,45.5669369
73065000BM0173,BM,0173,20,Rue Du Laurier,0,LA,5.9278161,45.566764
73065000BM0074,BM,0074,132,Fg Montmelian,1,LA,5.9271407,45.5663267
73065000BM0071,BM,0071,120,105 Fg Montmelian,1,LA,5.9272791,45.5663733
73065000BM0062,BM,0062,62,141 Fg Montmelian,1,LA,5.9278312,45.5663858
73065000BM0060,BM,0060,74,161 Fg Montmelian,1,LA,5.9279864,45.5663833
73065000BM0055,BM,0055,25,193 Fg Montmelian,0,LA,5.9283248,45.5664496
73065000BM0030,BM,0030,56,Rue Du Laurier,0,LA,5.9279493,45.5664938
73065000BM0048,BM,0048,71,239 Fg Montmelian,1,LA,5.9291261,45.5665047
73065000BN0002,BN,0002,328,183 Rue Croix D Or,1,CE,5.9223083,45.5639857
73065000BN0152,BN,0152,73,24 Pl Monge,0,CE,5.9222466,45.5637377
73065000BN0124,BN,0124,74,26 Pl Monge,0,CE,5.9221138,45.563739
73065000BN0121,BN,0121,285,24 Pl Monge,0,CE,5.9221307,45.5636518
73065000BN0052,BN,0052,166,20 Rue D Italie,1,CE,5.9249229,45.565066
73065000BN0095,BN,0095,299,1 Rue Denfert-Rochereau,1,CE,5.9245586,45.5642814
73065000BN0047,BN,0047,228,16 Rue Denfert-Rochereau,1,CE,5.9245485,45.5648959
73065000BN0049,BN,0049,148,41 Rue Du Larith,1,CE,5.9248246,45.5648716
73065000BN0083,BN,0083,192,47 Rue Du Larith,1,CE,5.9249852,45.5647286
73065000BN0039,BN,0039,377,Rue Denfert-Rochereau,1,CE,5.9243687,45.5647521
73065000BN0043,BN,0043,137,6 Rue Denfert-Rochereau,1,CE,5.9247204,45.5645218
73065000BN0019,BN,0019,94,Rue Croix D Or,1,CE,5.9230364,45.5641971
73065000BN0143,BN,0143,16,139 Rue Dessaix,0,CE,5.9235439,45.5641789
73065000BN0142,BN,0142,28,139 Rue Dessaix,0,CE,5.923503,45.5641635
73065000BN0141,BN,0141,20,139 Rue Dessaix,0,CE,5.9234579,45.5641504
73065000BN0187,BN,0187,272,169 Rue Croix D Or,1,CE,5.9223962,45.5641367
73065000BN0136,BN,0136,99,139 Rue Dessaix,0,CE,5.923526,45.5641014
73065000BN0196,BN,0196,107,12 Rue De La Banque,0,CE,5.9256848,45.5652023
73065000BN0200,BN,0200,30,12 Rue De La Banque,0,CE,5.9256375,45.5651887
73065000BN0195,BN,0195,33,12 Rue De La Banque,0,CE,5.9257031,45.5652867
73065000BO0042,BO,0042,314,4 Pl Saint-Leger,1,CE,5.9220802,45.5641984
73065000BO0091,BO,0091,903,71 Rue Saint - Real,1,CE,5.9216313,45.5655537
73065000BO0021,BO,0021,2489,1 Sq Fcois De Lannoy De Bissy,1,CE,5.9227301,45.5654696
73065000BO0022,BO,0022,3992,Pl Metropole,0,CE,5.9231005,45.5652109
73065000BO0072,BO,0072,257,112 Pl Saint-Leger,1,CE,5.9212251,45.5650669
73065000BO0069,BO,0069,45,6 Rue Metropole,0,CE,5.9214169,45.5650347
73065000BO0049,BO,0049,215,24 Pl Saint-Leger,1,CE,5.9221563,45.564658
73065000BO0035,BO,0035,339,88 Rue Croix D Or,1,CE,5.9230069,45.564701
73065000BO0037,BO,0037,847,110 Rue Croix D Or,1,CE,5.9227344,45.5646664
73065000BO0018,BO,0018,204,5 Pl Metropole,1,CE,5.9222733,45.5651979
73065000BO0028,BO,0028,1604,Pl Du Theatre,1,CE,5.9239748,45.5653704
73065000BO0007,BO,0007,332,Rue Saint - Real,1,CE,5.9223002,45.5658487
73065000BO0118,BO,0118,28,Rue Saint - Real,0,CE,5.9218402,45.5653784
73065000BO0083,BO,0083,483,15 Rue De Boigne,1,CE,5.9208933,45.5653572
73065000BO0086,BO,0086,306,13 Rue De Boigne,1,CE,5.9212297,45.5653277
73065000BO0067,BO,0067,37,6 Rue Metropole,1,CE,5.921516,45.5651263
73065000BO0140,BO,0140,683,5 Bd Du Theatre,1,CE,5.9227553,45.5663059
73065000BO0096,BO,0096,1034,Sq Fcois De Lannoy De Bissy,0,CE,5.9229953,45.5657934
73065000BO0023,BO,0023,19,Rue Ducis,0,CE,5.92346,45.5656674
73065000BO0020,BO,0020,45,23 Pl Metropole,0,CE,5.9224851,45.5652086
73065000BO0106,BO,0106,33,Rue Croix D Or,0,CE,5.9233635,45.5650891
73065000BP0097,BP,0097,65,67 Rue D Italie,1,CE,5.9250721,45.5655315
73065000BP0091,BP,0091,331,81 Rue D Italie,1,CE,5.9251189,45.5656723
73065000BP0042,BP,0042,235,105 Rue D Italie,1,CE,5.9253381,45.5658604
73065000BP0100,BP,0100,165,73 Rue D Italie,1,CE,5.92503,45.565839
73065000BP0101,BP,0101,80,Sq Du Mont Blanc,0,CE,5.9249717,45.5659051
73065000BP0112,BP,0112,2171,1 Rue Victor Hugo,0,CE,5.9250238,45.5660846
73065000BP0120,BP,0120,20,131 Rue D Italie,0,CE,5.9254382,45.566015
73065000BP0117,BP,0117,56,45 Pl D Italie,0,CE,5.9255132,45.5660137
73065000BP0119,BP,0119,8,131 Rue D Italie,0,CE,5.925434,45.5660431
73065000BP0113,BP,0113,356,1 Rue Victor Hugo,0,CE,5.9245728,45.5662765
73065000BP0118,BP,0118,32,45 Pl D Italie,0,CE,5.9254534,45.5661555
73065000BR0230,BR,0230,17743,76 Fg Reclus,0,CE,5.9238785,45.5693749
73065000BR0326,BR,0326,27,Av Des Ducs De Savoie,0,CE,5.922303,45.5682457
73065000BR0320,BR,0320,36,18 Av Des Ducs De Savoie,1,CE,5.9225351,45.5691076
73065000BR0317,BR,0317,2126,76 Fg Reclus,1,CE,5.9225019,45.5690148
73065000BR0321,BR,0321,1159,Fg Reclus,0,CE,5.9226287,45.5691239
73065000BR0191,BR,0191,985,12 Av Des Ducs De Savoie,1,CE,5.9230481,45.5681487
73065000BR0330,BR,0330,185,Fg Reclus,0,CE,5.9242226,45.5684775
73065000BR0331,BR,0331,858,Fg Reclus,0,CE,5.9240973,45.5684141
73065000BR0231,BR,0231,2170,Bd De Lemenc,0,LA,5.9246513,45.5698731
73065000BR0292,BR,0292,243,8 Rue Pillet-Will,0,LA,5.9250933,45.5678453
73065000BR0173,BR,0173,408,1 Rue Pillet-Will,0,LA,5.924878,45.5678065
73065000BR0554,BR,0554,2054,21 Av Docteur Desfrancois,1,LA,5.9265117,45.5684552
73065000BR0332,BR,0332,380,Fg Reclus,0,CE,5.9243042,45.5682498
73065000BR0365,BR,0365,135,25 Fg Nezin,0,CE,5.9242977,45.5681092
73065000BR0172,BR,0172,196,18 Fg Nezin,1,LA,5.9247879,45.5680445
73065000BR0174,BR,0174,490,2 Bd De Lemenc,0,LA,5.9247052,45.5678717
73065000BR0060,BR,0060,2507,22 Av Docteur Desfrancois,1,LA,5.9250079,45.5688697
73065000BR0065,BR,0065,55,37 Fg Nezin,1,LA,5.9255421,45.569095
73065000BR0064,BR,0064,52,35 Fg Nezin,1,LA,5.9254933,45.5690589
73065000BR0063,BR,0063,34,33 Fg Nezin,1,LA,5.9254437,45.5690487
73065000BR0062,BR,0062,27,31 Fg Nezin,1,LA,5.925391,45.5690463
73065000BR0404,BR,0404,29,25 Fg Nezin,0,CE,5.9241523,45.5682156
73065000BR0452,BR,0452,11,25 Fg Nezin,1,CE,5.9241733,45.5681746
73065000BR0453,BR,0453,51,25 Fg Nezin,0,CE,5.9242218,45.5681001
73065000BR0442,BR,0442,42,30 Fg Nezin,0,LA,5.9254128,45.5686576
73065000BR0440,BR,0440,73,34 Fg Nezin,0,LA,5.9253974,45.5689169
73065000BR0444,BR,0444,216,Fg Nezin,0,LA,5.9253939,45.5688066
73065000BR0458,BR,0458,9170,14 Av Docteur Desfrancois,0,LA,5.9288418,45.5692765
73065000BR0518,BR,0518,1146,350 Quai Charles Ravet,0,LA,5.9253612,45.5678515
73065000BR0531,BR,0531,180,Fg Nezin,0,LA,5.9252938,45.5681632
73065000BR0558,BR,0558,54,20 Fg Nezin,0,LA,5.92513,45.5682362
73065000BR0559,BR,0559,2,20 Fg Nezin,0,LA,5.9250846,45.5682687
73065000BR0577,BR,0577,3,24 Fg Nezin,0,LA,5.9251845,45.5683278
73065000BR0575,BR,0575,1,26 Fg Nezin,0,LA,5.9252157,45.5683521
73065000BR0579,BR,0579,69,22 Fg Nezin,0,LA,5.9252239,45.5682335
73065000BR0569,BR,0569,105,20 Fg Nezin,0,LA,5.9253551,45.5681901
73065000BR0567,BR,0567,128,28 Fg Nezin,0,LA,5.9255407,45.5681624
73065000BR0573,BR,0573,1,26 Fg Nezin,0,LA,5.9252281,45.5683618
73065000BR0560,BR,0560,640,23 Av Docteur Desfrancois,0,LA,5.9258255,45.5683905
73065000BR0581,BR,0581,8,23 Av Docteur Desfrancois,0,LA,5.925277,45.5684398
73065000BR0571,BR,0571,2,28 Fg Nezin,0,LA,5.9252533,45.5684008
73065000BR0530,BR,0530,3,23 Av Docteur Desfrancois,0,LA,5.9257734,45.5681208
73065000BR0467,BR,0467,43,Che Des Martinettes,0,LA,5.9280126,45.568231
73065000BR0583,BR,0583,70,Fg Nezin,0,LA,5.9257077,45.5681275
73065000BR0515,BR,0515,130,Che Des Martinettes,0,LA,5.9295335,45.5681882
73065000BR0511,BR,0511,51,Che Des Martinettes,0,LA,5.9290051,45.5682511
73065000BR0487,BR,0487,19,Che Des Martinettes,0,LA,5.9275646,45.5680079
73065000BR0485,BR,0485,16,Rue Ernest Filliard,0,LA,5.9275664,45.5679331
73065000BR0483,BR,0483,34,Che Des Martinettes,0,LA,5.9275634,45.568047
73065000BR0481,BR,0481,16,Rue Ernest Filliard,0,LA,5.9275654,45.5679625
73065000BR0479,BR,0479,144,Che Des Martinettes,0,LA,5.9275603,45.5681543
73065000BR0475,BR,0475,43,Che Des Martinettes,0,LA,5.9286284,45.5682435
73065000BR0473,BR,0473,35,Che Des Martinettes,0,LA,5.9284861,45.5682444
73065000BR0471,BR,0471,50,Che Des Martinettes,0,LA,5.9283324,45.5682351
73065000BR0469,BR,0469,43,Che Des Martinettes,0,LA,5.928166,45.5682284
73065000BR0490,BR,0490,41,Che Des Martinettes,0,LA,5.9291727,45.5682547
73065000BR0509,BR,0509,56,Che Des Martinettes,0,LA,5.9288094,45.5682472
73065000BR0561,BR,0561,151,23 Av Docteur Desfrancois,0,LA,5.9272642,45.5681342
73065000BR0128,BR,0128,267,13 Av De Bassens,0,LA,5.9296626,45.5681088
73065000BR0107,BR,0107,268,2 Av Docteur Desfrancois,0,LA,5.9300389,45.568993
73065000BR0105,BR,0105,309,4 Av Docteur Desfrancois,0,LA,5.9298227,45.5690053
73065000BR0104,BR,0104,309,6 Av Docteur Desfrancois,0,LA,5.9296448,45.5690319
73065000BR0517,BR,0517,167,13 Av De Bassens,0,LA,5.9296274,45.5680255
73065000BR0513,BR,0513,15,Che Des Martinettes,0,LA,5.9292739,45.5682567
73065000BR0324,BR,0324,76,Fg Reclus,0,CE,5.9217717,45.5693376
73065000BR0229,BR,0229,1092,Bd De Lemenc,0,LA,5.922898,45.5696305
73065000BR0289,BR,0289,35,4 Av De Merande,1,LA,5.9257134,45.5700641
73065000BR0284,BR,0284,393,4 Av De Merande,1,LA,5.9259731,45.5699802
73065000BR0047,BR,0047,36,54 Fg Nezin,1,LA,5.9253846,45.5693047
73065000BR0051,BR,0051,43,53 Fg Nezin,1,LA,5.9256832,45.5692805
73065000BR0056,BR,0056,69,46 Fg Nezin,1,LA,5.9254727,45.5692024
73065000BR0057,BR,0057,61,46 Fg Nezin,1,LA,5.9253951,45.5691889
73065000BR0061,BR,0061,36,40 Fg Nezin,1,LA,5.9254128,45.5690954
73065000BR0464,BR,0464,45,2 Rue Burdin,0,LA,5.9254138,45.571025
73065000BR0273,BR,0273,273,283 Che Des Moulins,1,LA,5.9286231,45.570713
73065000BR0085,BR,0085,1795,Che Des Moulins,1,LA,5.9277849,45.57055
73065000BR0399,BR,0399,24,23 Che Du Glu,1,LA,5.9261725,45.5696047
73065000BR0267,BR,0267,24,43 Che Du Glu,1,LA,5.9262882,45.569602
73065000BR0400,BR,0400,24,23 Che Du Glu,1,LA,5.9261708,45.5695819
73065000BR0268,BR,0268,24,43 Che Du Glu,1,LA,5.9262868,45.5695839
73065000BR0269,BR,0269,26,43 Che Du Glu,1,LA,5.9262846,45.5695533
73065000BR0260,BR,0260,370,23 Che Du Glu,1,LA,5.9259973,45.5695476
73065000BR0263,BR,0263,40,43 Che Du Glu,1,LA,5.9261682,45.5695511
73065000BR0270,BR,0270,36,43 Che Du Glu,1,LA,5.9262826,45.5695221
73065000BR0264,BR,0264,23,43 Che Du Glu,1,LA,5.9261645,45.5695071
73065000BR0086,BR,0086,638,315 Che Des Moulins,1,LA,5.9282666,45.570558
73065000BR0274,BR,0274,206,283 Che Des Moulins,0,LA,5.928665,45.570484
73065000BR0407,BR,0407,297,Che Du Glu,0,LA,5.9268485,45.5696412
73065000BR0447,BR,0447,104,Che Des Moulins,0,LA,5.9274952,45.5704122
73065000BR0098,BR,0098,390,6 Imp La Fontaine,0,LA,5.9296883,45.5692382
73065000BR0106,BR,0106,376,25 Che Des Moulins,0,LA,5.9300601,45.5691173
73065000BR0460,BR,0460,102,8 Imp La Fontaine,0,LA,5.9295373,45.5691587
73065000BR0459,BR,0459,300,8 Imp La Fontaine,0,LA,5.9295071,45.5693276
73065000BR0463,BR,0463,16,2 Rue Burdin,0,LA,5.9251463,45.5711632
73065000BS0065,BS,0065,19,Fg Reclus,0,CE,5.9213865,45.5700827
73065000BS0211,BS,0211,346,Che De La Cassine,1,CE,5.9210445,45.570701
73065000BS0235,BS,0235,1092,152 Che De La Cassine,0,CE,5.9209439,45.5711967
73065000BS0081,BS,0081,312,303 Fg Reclus,1,CE,5.9213505,45.5713896
73065000BS0083,BS,0083,2754,192 Che De La Cassine,1,CE,5.9209057,45.5715474
73065000BS0301,BS,0301,543,118 Che De La Cassine,0,CE,5.9210294,45.5710003
73065000BS0303,BS,0303,8,118 Che De La Cassine,0,CE,5.9207502,45.5710196
73065000BS0304,BS,0304,185,136 Che De La Cassine,0,CE,5.9209603,45.5710734
73065000BS0024,BS,0024,117,Fg Reclus,0,CE,5.922712,45.5732408
73065000BS0029,BS,0029,122,488 Fg Reclus,1,CE,5.9222351,45.5729489
73065000BS0031,BS,0031,79,488 Fg Reclus,1,CE,5.9221775,45.572847
73065000BS0044,BS,0044,142,406 Fg Reclus,0,CE,5.9217476,45.5718983
73065000BS0246,BS,0246,355,Che De La Cassine,0,CE,5.9208624,45.5721856
73065000BS0086,BS,0086,733,270 Che De La Cassine,0,CE,5.9212517,45.5721474
73065000BS0247,BS,0247,1049,244 Che De La Cassine,0,CE,5.9210798,45.5720183
73065000BS0239,BS,0239,257,Che De La Cassine,0,CE,5.9210581,45.5719227
73065000BS0237,BS,0237,1025,230 Che De La Cassine,0,CE,5.9210374,45.5718094
73065000BS0268,BS,0268,44,Che De La Cassine,0,CE,5.9222643,45.5756428
73065000BS0145,BS,0145,180,Che De La Rotonde,0,CE,5.920665,45.5760164
73065000BS0117,BS,0117,23,Rue Docteur Vernier,0,CE,5.9200466,45.5763044
73065000BV0161,BV,0161,120,Rue Jean Pellerin,0,CE,5.9165741,45.5782998
73065000BV0156,BV,0156,882,Che Des Pervenches,0,HC,5.9156558,45.5805626
73065000BV0003,BV,0003,198,15 Che De Chantemerle,0,HC,5.9180996,45.5816559
73065000BW0031,BW,0031,1743,Rue De Saint - Ombre,0,HC,5.9215632,45.5816341
73065000BW0130,BW,0130,9262,134 Che De La Charmille,0,HC,5.9239597,45.5816603
73065000BW0323,BW,0323,25091,Che Des Trolles,0,HC,5.9194963,45.5837512
73065000BW0208,BW,0208,6247,213 Rue De Saint - Ombre,1,HC,5.9210677,45.5808675
73065000BW0131,BW,0131,7213,Av D Aix-Les-Bains,0,HC,5.9240921,45.5809201
73065000BW0295,BW,0295,37,Rue De Saint - Ombre,0,HC,5.9220003,45.5814084
73065000BW0294,BW,0294,144,Rue De Saint - Ombre,0,HC,5.9221075,45.5810314
73065000BW0251,BW,0251,1831,Che Des Edelweiss,0,HC,5.9178361,45.5839448
73065000BW0118,BW,0118,906,Rue De Saint - Ombre,0,HC,5.9200783,45.5831522
73065000BW0247,BW,0247,1882,All Des Bruyeres,0,HC,5.9204423,45.5837624
73065000BW0032,BW,0032,1370,5 Che Des Muguets,0,HC,5.9207984,45.5824564
73065000BW0355,BW,0355,90,Av D Aix-Les-Bains,0,HC,5.9243473,45.5835068
73065000BW0344,BW,0344,56,Av D Aix-Les-Bains,0,HC,5.9243704,45.5834194
73065000BW0331,BW,0331,54,Av D Aix-Les-Bains,0,HC,5.9243974,45.5830692
73065000BW0337,BW,0337,24,Av D Aix-Les-Bains,0,HC,5.9244514,45.5826254
73065000BW0335,BW,0335,94,898 Av D Aix-Les-Bains,0,HC,5.9244354,45.582836
73065000BW0334,BW,0334,82,898 Av D Aix-Les-Bains,0,HC,5.92451,45.5829106
73065000BW0343,BW,0343,114,Av D Aix-Les-Bains,0,HC,5.9243822,45.5831844
73065000BW0352,BW,0352,8,26 Rue De L Hermitage,0,HC,5.9246411,45.5833973
73065000BW0350,BW,0350,7,Av D Aix-Les-Bains,0,HC,5.9246637,45.5833984
73065000BW0345,BW,0345,28,Av D Aix-Les-Bains,0,HC,5.9244251,45.5834553
73065000BW0354,BW,0354,39,Av D Aix-Les-Bains,0,HC,5.924411,45.5835278
73065000BW0341,BW,0341,5,23 Rue De L Hermitage,0,HC,5.9243897,45.5835853
73065000BW0329,BW,0329,4,23 Rue De L Hermitage,0,HC,5.9244024,45.5835551
73065000BW0327,BW,0327,3,23 Rue De L Hermitage,0,HC,5.9244314,45.5836393
73065000BX0231,BX,0231,5850,Beauvoir,0,HC,5.9180238,45.5817379
73065000BX0027,BX,0027,5595,509 Che De Chantemerle,1,HC,5.9175523,45.5826176
73065000BX0225,BX,0225,137,Che Des Primeveres,0,HC,5.9120681,45.5830495
73065000BY0127,BY,0127,286,204 Av Du Grand Verger,0,CE,5.9092179,45.5795631
73065000BY0112,BY,0112,93,Av Du Grand Verger,0,CE,5.9092505,45.5789604
73065000BY0129,BY,0129,498,142 Av Du Grand Verger,0,CE,5.9092507,45.5792678
73065000BY0341,BY,0341,267,126 Av Du Grand Verger,0,CE,5.9095326,45.5790742
73065000BY0286,BY,0286,403,Av De La Boisse,0,CE,5.9118343,45.5800757
73065000BY0321,BY,0321,257,Av Du Grand Verger,0,CE,5.9091884,45.5799729
73065000BY0056,BY,0056,35,Av De La Boisse,0,CE,5.9132734,45.5788592
73065000BY0024,BY,0024,105,1015 Av De La Boisse,1,CE,5.9130994,45.579043
73065000BY0023,BY,0023,91,1029 Av De La Boisse,1,CE,5.912978,45.5791482
73065000BY0075,BY,0075,21,Av De La Boisse,0,CE,5.9123744,45.5795834
73065000BY0017,BY,0017,205,1267 Av De La Boisse,0,CE,5.9114665,45.5811454
73065000BY0224,BY,0224,53,Av Du Grand Verger,0,CE,5.909194,45.5797574
73065000BY0222,BY,0222,41,Av Du Grand Verger,0,CE,5.9091833,45.5802116
73065000BY0182,BY,0182,257,Av Du Grand Verger,0,CE,5.9109486,45.581731
73065000BY0288,BY,0288,58,Av De La Boisse,0,CE,5.9115266,45.5805363
73065000BY0018,BY,0018,234,1263 Av De La Boisse,1,CE,5.9115506,45.5809832
73065000BY0019,BY,0019,654,1241 Av De La Boisse,0,CE,5.9116571,45.5807565
73065000BY0071,BY,0071,333,1201 Av De La Boisse,0,CE,5.9117178,45.5806101
73065000BY0220,BY,0220,9,Av Du Grand Verger,0,CE,5.9091946,45.5802592
73065000BZ0229,BZ,0229,6300,18 Av Chevaliers Tireurs,0,CE,5.9079408,45.5769757
73065000BZ0349,BZ,0349,12284,18 Av Chevaliers Tireurs,0,CE,5.9094754,45.5764368
73065000BZ0250,BZ,0250,220,153 Rue Garibaldi,0,CE,5.9110749,45.5762006
73065000BZ0031,BZ,0031,235,80 Rue Francois Descotes,1,CE,5.9126318,45.5755105
73065000BZ0188,BZ,0188,157,Av Chevaliers Tireurs,0,CE,5.9095012,45.5760839
73065000BZ0437,BZ,0437,71,Pl Pierre De Coubertin,0,CE,5.9096719,45.5773001
73065000BZ0439,BZ,0439,31,Pl Pierre De Coubertin,0,CE,5.9104171,45.5772734
73065000BZ0352,BZ,0352,58,12 Pl Pierre De Coubertin,0,CE,5.9107497,45.5779587
73065000BZ0378,BZ,0378,8,Rue Francois Guise,0,CE,5.9092627,45.5778168
73065000BZ0392,BZ,0392,147,10 Pl Pierre De Coubertin,0,CE,5.910605,45.5782785
73065000BZ0389,BZ,0389,200,715 Quai Des Allobroges,0,CE,5.9109456,45.5783622
73065000BZ0386,BZ,0386,121,10 Pl Pierre De Coubertin,0,CE,5.9111144,45.5779115
73065000CD0201,CD,0201,3963,Av Alsace-Lorraine,0,CE,5.9088145,45.5737344
73065000CD0117,CD,0117,662,Rue Jules Bocquin,0,CE,5.9054489,45.572393
73065000CD0199,CD,0199,8365,1 Pl Du Stade,1,CE,5.9096164,45.5729601
73065000CD0148,CD,0148,106,Av Comte Vert,0,CE,5.9070712,45.573022
73065000CD0158,CD,0158,9821,235 Av Alsace-Lorraine,1,CE,5.9072852,45.5743467
73065000CD0208,CD,0208,2088,235 Av Alsace-Lorraine,0,CE,5.9083685,45.5741959
73065000CD0200,CD,0200,12634,1 Pl Du Stade,1,CE,5.9080691,45.5733671
73065000CD0016,CD,0016,38,17 Av Alsace-Lorraine,0,CE,5.9103052,45.5726275
73065000CD0197,CD,0197,829,235 Av Alsace-Lorraine,0,CE,5.9098134,45.5736733
73065000CD0202,CD,0202,191,Av Alsace-Lorraine,0,CE,5.909261,45.5735834
73065000CD0198,CD,0198,982,235 Av Alsace-Lorraine,0,CE,5.9074375,45.5746201
73065000CD0209,CD,0209,280,235 Av Alsace-Lorraine,0,CE,5.9068267,45.5752521
73065000CE0410,CE,0410,52,199 Av Comte Vert,0,CE,5.9128752,45.570956
73065000CE0396,CE,0396,3064,Rue Du Bon Pasteur,0,CE,5.9128859,45.5704887
73065000CE0186,CE,0186,435,119 Av Comte Vert,1,CE,5.9143848,45.5705216
73065000CE0439,CE,0439,5322,247 Quai Des Allobroges,1,CE,5.9156419,45.5723886
73065000CE0264,CE,0264,121,Rue Moliere,0,CE,5.9148309,45.5713025
73065000CE0339,CE,0339,79,Rue Corneille,0,CE,5.9158742,45.5714004
73065000CE0171,CE,0171,678,200 Av Mal Leclerc,1,CE,5.9168456,45.5705152
73065000CE0170,CE,0170,358,30 Rue Nicolas Parent,1,CE,5.9166513,45.5706213
73065000CE0342,CE,0342,27,Quai Des Allobroges,0,CE,5.9165372,45.5710545
73065000CE0338,CE,0338,93,Rue Racine,0,CE,5.9161694,45.5711656
73065000CE0346,CE,0346,36,Quai Des Allobroges,0,CE,5.9167035,45.5711613
73065000CE0465,CE,0465,49,11 Rue Lamartine,0,CE,5.9153228,45.5704225
73065000CE0374,CE,0374,1347,32 Bd Leon Gambetta,0,CE,5.9113312,45.5727994
73065000CE0084,CE,0084,395,2 Pl Du Stade,1,CE,5.9108735,45.5722572
73065000CE0397,CE,0397,85,Rue De La Dent Du Chat,0,CE,5.9114879,45.5721365
73065000CE0001,CE,0001,4735,222 Av Alsace-Lorraine,1,CE,5.9109534,45.5746649
73065000CE0368,CE,0368,35,Rue De La Dent Du Chat,0,CE,5.9125871,45.5723083
73065000CE0302,CE,0302,63,Rue Nicolas Parent,0,CE,5.9154253,45.5715795
73065000CE0141,CE,0141,1322,263 Rue Nicolas Parent,1,CE,5.9146845,45.5721267
73065000CE0094,CE,0094,72,322 Av Comte Vert,0,CE,5.9123642,45.5717776
73065000CE0372,CE,0372,278,312 Rue Nicolas Parent,1,CE,5.9146416,45.5728407
73065000CE0405,CE,0405,60,Quai Des Allobroges,0,CE,5.9151935,45.5730788
73065000CE0365,CE,0365,13,Rue De La Dent Du Chat,0,CE,5.9124847,45.5722693
73065000CE0359,CE,0359,52,Rue De La Dent Du Chat,0,CE,5.9123874,45.5722388
73065000CE0357,CE,0357,62,Rue De La Dent Du Chat,0,CE,5.9121987,45.5722107
73065000CE0389,CE,0389,2,Rue Nicolas Parent,0,CE,5.9158484,45.5715483
73065000CE0380,CE,0380,35,Rue Corneille,0,CE,5.916019,45.5714857
73065000CE0379,CE,0379,27,Rue Moliere,0,CE,5.9160959,45.5714996
73065000CE0383,CE,0383,85,Rue Moliere,0,CE,5.9158835,45.5715491
73065000CE0407,CE,0407,47,Quai Des Allobroges,0,CE,5.9153534,45.572977
73065000CH0058,CH,0058,15915,Sq Jules Gauthier,1,CE,5.9173255,45.5725032
73065000CH0130,CH,0130,42,Rue Frezier,0,CE,5.9209471,45.5689201
73065000CH0131,CH,0131,57,Rue Frezier,0,CE,5.9205724,45.5687641
73065000CH0069,CH,0069,216,40 Av Mal Leclerc,1,CE,5.9186706,45.5710038
73065000CH0026,CH,0026,477,55 Pl De La Gare,1,CE,5.919568,45.569801
73065000CH0112,CH,0112,800,60 Rue Cdt Joseph Perceval,1,CE,5.9194334,45.5700839
73065000CH0014,CH,0014,300,13 Av De La Boisse,1,CE,5.9190386,45.5711169
73065000CH0013,CH,0013,90,19 Av De La Boisse,1,CE,5.9190546,45.5712208
73065000CH0011,CH,0011,162,33 Av De La Boisse,1,CE,5.9189731,45.5713254
73065000CH0121,CH,0121,733,Bd Leon Gambetta,0,CE,5.915686,45.5738771
73065000CH0009,CH,0009,215,59 Av De La Boisse,1,CE,5.9187851,45.5715513
73065000CH0145,CH,0145,328,Bd Leon Gambetta,0,CE,5.9154497,45.5745502
73065000CI0122,CI,0122,568,1 Pl De Geneve,0,CE,5.9191911,45.5667639
73065000CI0125,CI,0125,218,8 Rue Bonivard,0,CE,5.9180466,45.56624
73065000CI0121,CI,0121,3648,5012 Les Halles,1,CE,5.9188538,45.5666732
73065000CI0128,CI,0128,215,30 Rue Macornet,0,CE,5.9212686,45.5671297
73065000CI0112,CI,0112,130,1 Rue De L Herberie,1,CE,5.9198164,45.5662037
73065000CI0065,CI,0065,3059,3 Rue Favre,1,CE,5.9198398,45.5668203
73065000CI0064,CI,0064,841,11 Pl De L Hotel De Ville,1,CE,5.9201573,45.5665963
73065000CI0029,CI,0029,935,19 Pl De L Hotel De Ville,1,CE,5.9206754,45.5664672
73065000CI0110,CI,0110,235,5 Pl De L Hotel De Ville,1,CE,5.9208995,45.5658718
73065000CI0081,CI,0081,369,3 Rue De Lans,1,CE,5.9204026,45.565879
73065000CI0043,CI,0043,100,1 Rue De Lans,0,CE,5.9206227,45.5658705
73065000CI0113,CI,0113,509,222 Pl Saint-Leger,1,CE,5.9202813,45.5656347
73065000CI0007,CI,0007,975,Rue Saint - Antoine,0,CE,5.9207702,45.5675263
73065000CI0078,CI,0078,494,11 Rue Jean-Pierre Veyrat,1,CE,5.9189965,45.5675075
73065000CI0077,CI,0077,1925,6 Pl De Geneve,1,CE,5.9193596,45.5673148
73065000CI0005,CI,0005,2777,1 Av General De Gaulle,1,CE,5.9205291,45.5672125
73065000CI0012,CI,0012,2258,2 Av General De Gaulle,1,CE,5.9215642,45.5666324
73065000CI0114,CI,0114,1207,49 Rue Vieille Monnaie,1,CE,5.921994,45.5664316
73065000CI0119,CI,0119,232,10 Pl De L Hotel De Ville,1,CE,5.9200641,45.5661435
73065000CI0009,CI,0009,575,4 Rue Notre Dame,1,CE,5.9213251,45.5675147
73065000CI0083,CI,0083,330,23 Bd Du Musee,1,CE,5.9203758,45.5681726
73065000CI0001,CI,0001,822,1 Pl Du Palais De Justice,1,CE,5.9197157,45.5681751
73065000CI0002,CI,0002,125,4 Pas Abbe De Mellarede,1,CE,5.9193776,45.567908
73065000CI0003,CI,0003,142,5 Pl Du Palais De Justice,1,CE,5.9193263,45.5677973
73065000CI0008,CI,0008,900,19 Bd De La Colonne,1,CE,5.9210557,45.5677245
73065000CI0082,CI,0082,983,4 Rue Saint - Antoine,1,CE,5.9200664,45.5679501
73065000CK0243,CK,0243,167,Rue Basse Du Chateau,0,CE,5.9184826,45.5653193
73065000CK0094,CK,0094,231,28 Pas Henry Murger,1,CE,5.920115,45.5643526
73065000CK0146,CK,0146,193,Pl Du Chateau,0,CE,5.9188553,45.5643219
73065000CK0194,CK,0194,351,10 Rue Porte-Reine,1,CE,5.9201249,45.5642238
73065000CK0282,CK,0282,42,22 Pas Henry Murger,1,CE,5.9199519,45.5642204
73065000CK0290,CK,0290,190,53 Pl Saint-Leger,0,CE,5.9210985,45.5640849
73065000CK0206,CK,0206,215,57 Pl Saint-Leger,1,CE,5.9211873,45.5642341
73065000CK0287,CK,0287,301,41 Pl Saint-Leger,1,CE,5.9214444,45.5640801
73065000CK0196,CK,0196,315,129 Pl Saint-Leger,1,CE,5.9204326,45.5646545
73065000CK0166,CK,0166,18,Pl Saint-Leger,0,CE,5.9203212,45.5646043
73065000CK0247,CK,0247,43,121 Pl Saint-Leger,0,CE,5.9204774,45.5645749
73065000CK0089,CK,0089,134,107 Pl Saint-Leger,1,CE,5.9207492,45.5645488
73065000CK0165,CK,0165,81,131 Pl Saint-Leger,1,CE,5.9202565,45.5645
73065000CK0085,CK,0085,60,117 Pl Saint-Leger,1,CE,5.9202894,45.5644618
73065000CK0202,CK,0202,46,27 Pl Saint-Leger,1,CE,5.921337,45.5638566
73065000CK0136,CK,0136,40,1 Pas Sebastien Charlety,0,CE,5.9207045,45.5635384
73065000CK0135,CK,0135,328,36 Pl Monge,0,CE,5.9208219,45.5635819
73065000CK0278,CK,0278,266,26 Pas Sebastien Charlety,1,CE,5.9205869,45.5635997
73065000CK0208,CK,0208,117,32 Pl Monge,1,CE,5.9213393,45.5636629
73065000CK0239,CK,0239,127,30 Pl Monge,1,CE,5.9214177,45.5636908
73065000CK0131,CK,0131,51,28 Pl Monge,1,CE,5.9216553,45.5636152
73065000CK0300,CK,0300,110,33 Pl Saint-Leger,0,CE,5.9209759,45.5636088
73065000CK0307,CK,0307,33,3 Rue Du Chateau,0,CE,5.9189494,45.5641186
73065000CK0306,CK,0306,23,3 Rue Du Chateau,0,CE,5.9189025,45.5641648
73065000CK0198,CK,0198,386,1 Rue De La Tresorerie,1,CE,5.9178559,45.5654096
73065000CK0021,CK,0021,323,15 Rue Bonivard,1,CE,5.9186083,45.566042
73065000CK0297,CK,0297,323,124 Rue Juiverie,1,CE,5.9181382,45.5656145
73065000CK0054,CK,0054,80,14 Rue Basse Du Chateau,1,CE,5.9198016,45.5653815
73065000CK0261,CK,0261,43,Rue Bonivard,0,CE,5.9191698,45.5660549
73065000CK0262,CK,0262,15,Rue Bonivard,0,CE,5.9191184,45.5660658
73065000CK0210,CK,0210,9,Rue Bonivard,0,CE,5.9188171,45.5659736
73065000CK0242,CK,0242,40,Rue Basse Du Chateau,0,CE,5.9187427,45.5652262
73065000CK0260,CK,0260,108,Rue Bonivard,0,CE,5.9189342,45.5661146
73065000CL0301,CL,0301,3894,79 Fg Mache,1,CE,5.9154705,45.5650935
73065000CL0330,CL,0330,1105,Av Des Bernardines,0,CE,5.9154408,45.5657964
73065000CL0335,CL,0335,3901,Av Du Covet,0,CE,5.9140665,45.5659304
73065000CL0223,CL,0223,436,Fg Mache,0,CE,5.9130738,45.564848
73065000CL0290,CL,0290,1696,Fg Mache,0,CE,5.9134594,45.564821
73065000CL0312,CL,0312,96,Fg Mache,0,CE,5.9137329,45.5648087
73065000CL0215,CL,0215,16,Av Du Covet,0,CE,5.9133147,45.5648841
73065000CL0226,CL,0226,2,Fg Mache,0,CE,5.9133911,45.5649036
73065000CL0212,CL,0212,220,Av Du Covet,0,CE,5.9131006,45.5649507
73065000CL0288,CL,0288,337,Fg Mache,0,CE,5.9142431,45.5649493
73065000CL0327,CL,0327,71,Fg Mache,0,CE,5.9143548,45.5650076
73065000CL0336,CL,0336,1997,Av Du Covet,0,CE,5.91303,45.5653055
73065000CL0338,CL,0338,1765,Av Du Covet,0,CE,5.9143798,45.5653423
73065000CL0216,CL,0216,8,Av Du Covet,0,CE,5.9136619,45.5647517
73065000CL0314,CL,0314,150,Fg Mache,0,CE,5.9139916,45.5648272
73065000CL0328,CL,0328,310,Fg Mache,0,CE,5.9148442,45.565165
73065000CL0295,CL,0295,40,Av Du Covet,0,CE,5.9146685,45.5649984
73065000CL0270,CL,0270,10,Fg Mache,0,CE,5.9146121,45.5649737
73065000CL0272,CL,0272,29,Fg Mache,0,CE,5.9146341,45.5649356
73065000CL0089,CL,0089,954,2 Che De L Esplanade,0,CE,5.9152153,45.5646601
73065000CL0280,CL,0280,2,Fg Mache,0,CE,5.9147023,45.5649848
73065000CL0349,CL,0349,40,Fg Mache,0,CE,5.9129427,45.5647285
73065000CL0351,CL,0351,11,Fg Mache,0,BO,5.9130411,45.5645192
73065000CL0350,CL,0350,67,Fg Mache,0,CE,5.9129793,45.5646647
73065000CL0305,CL,0305,1,Che De L Esplanade,0,CE,5.91684,45.5650434
73065000CL0304,CL,0304,212,Che De L Esplanade,0,CE,5.9163936,45.5650408
73065000CL0309,CL,0309,3,Che De L Esplanade,0,CE,5.9156972,45.5647505
73065000CL0306,CL,0306,114,Che De L Esplanade,0,CE,5.9166332,45.5647024
73065000CL0308,CL,0308,9,Che De L Esplanade,0,CE,5.9157255,45.5646947
73065000CL0298,CL,0298,14,Che De L Esplanade,0,CE,5.9153825,45.5648843
73065000CL0307,CL,0307,139,Che De L Esplanade,0,CE,5.9163621,45.5643845
73065000CL0355,CL,0355,263,394 Av Du Covet,1,CE,5.9143154,45.5657981
73065000CL0353,CL,0353,270,456 Av Du Covet,1,CE,5.9149725,45.5661658
73065000CL0316,CL,0316,4,Fg Mache,0,CE,5.9154848,45.5655533
73065000CL0318,CL,0318,6,Av Des Bernardines,0,CE,5.9155561,45.5656346
73065000CL0319,CL,0319,2,Av Des Bernardines,0,CE,5.9155745,45.565705
73065000CL0321,CL,0321,15,Av Des Bernardines,0,CE,5.915557,45.5657411
73065000CL0323,CL,0323,80,Av Des Bernardines,0,CE,5.9151088,45.5662241
73065000CL0325,CL,0325,54,Av Des Bernardines,0,CE,5.9150365,45.5662915
73065000CL0303,CL,0303,14,Che De L Esplanade,0,CE,5.9159074,45.5651684
73065000CL0078,CL,0078,329,19 Rue Paul Bert,1,CE,5.9172143,45.5661566
73065000CL0076,CL,0076,113,19 Rue De La Grenette,1,CE,5.9169703,45.5661981
73065000CL0069,CL,0069,128,69 Rue De La Grenette,1,CE,5.9167346,45.5659929
73065000CM0068,CM,0068,16803,81 All Georges Marie Raymond,1,CE,5.9173924,45.5677281
73065000CM0168,CM,0168,18507,Av Pierre Lanfrey,0,CE,5.9166436,45.5691651
73065000CM0595,CM,0595,3952,Rue De L Iseran,0,CE,5.9125298,45.566206
73065000CM0598,CM,0598,1722,Rue De L Iseran,0,CE,5.9121694,45.5667027
73065000CM0204,CM,0204,1077,65 Rue De La Reveriaz,1,CE,5.9106985,45.5676955
73065000CM0162,CM,0162,2962,77 Rue Ambroise Croizat,1,CE,5.911095,45.567784
73065000CM0592,CM,0592,709,Rue De L Iseran,0,CE,5.9114723,45.5663123
73065000CM0101,CM,0101,3556,167 Rue Paul Bert,0,CE,5.9160653,45.5667211
73065000CM0302,CM,0302,737,Av Jean Jaures,0,CE,5.9143818,45.5669925
73065000CM0317,CM,0317,38,Av Du Covet,0,CE,5.9129302,45.5657984
73065000CM0332,CM,0332,109,Av Du Covet,0,CE,5.9137967,45.5660798
73065000CM0301,CM,0301,579,All Des Bauges,0,CE,5.9137971,45.5667594
73065000CM0295,CM,0295,568,Rue Jean Girard Madoux,0,CE,5.9134941,45.5667907
73065000CM0367,CM,0367,80,Av Du Covet,0,CE,5.9139036,45.5662493
73065000CM0577,CM,0577,245,Rue De L Iseran,0,CE,5.9119751,45.5670485
73065000CM0600,CM,0600,165,Rue De L Iseran,0,CE,5.9130574,45.5657918
73065000CM0387,CM,0387,57,Rue De L Iseran,0,CE,5.9120594,45.5669544
73065000CM0545,CM,0545,559,Rue De L Iseran,0,CE,5.9133895,45.5670798
73065000CM0417,CM,0417,6,Rue De L Iseran,0,CE,5.9121352,45.5666726
73065000CM0351,CM,0351,5,Rue De L Iseran,0,CE,5.913074,45.566548
73065000CM0347,CM,0347,51,Rue De L Iseran,0,CE,5.9133466,45.5667614
73065000CM0349,CM,0349,16,Rue De L Iseran,0,CE,5.913211,45.5666053
73065000CM0416,CM,0416,3,Rue De L Iseran,0,CE,5.9119111,45.5665
73065000CM0446,CM,0446,6,Rue De L Iseran,0,CE,5.9129109,45.5664798
73065000CM0443,CM,0443,1405,70 All Des Bauges,0,CE,5.9132001,45.5665064
73065000CM0565,CM,0565,346,Av Du Covet,0,CE,5.9126179,45.565607
73065000CM0539,CM,0539,100,Rue Jean Girard Madoux,0,CE,5.913012,45.5673748
73065000CM0541,CM,0541,57,7 Rue Jean Girard Madoux,0,CE,5.9133126,45.567023
73065000CM0543,CM,0543,147,Rue De L Iseran,0,CE,5.9132741,45.5670828
73065000CM0572,CM,0572,10,All Des Bauges,0,CE,5.9137044,45.5664691
73065000CM0560,CM,0560,121,137 Rue De L Iseran,0,CE,5.9122595,45.5667085
73065000CM0575,CM,0575,45,Rue De L Iseran,0,CE,5.9122167,45.5673238
73065000CM0561,CM,0561,26,Av Du Covet,0,CE,5.9129258,45.5657125
73065000CM0564,CM,0564,3,Av Du Covet,0,CE,5.912855,45.5656701
73065000CM0571,CM,0571,136,331 Av Du Covet,0,CE,5.9134756,45.5659448
73065000CM0615,CM,0615,1512,447 Av Du Covet,1,CE,5.9143987,45.5666138
73065000CM0613,CM,0613,23,1 Rue Ronde,0,CE,5.9117908,45.567449
73065000CM0097,CM,0097,445,116 Av Des Bernardines,1,CE,5.9155824,45.5664672
73065000CM0105,CM,0105,65,109 Rue Des Ecoles,1,CE,5.9153481,45.567073
73065000CM0248,CM,0248,181,Rue Paul Bert,0,CE,5.9160984,45.5671138
73065000CM0089,CM,0089,915,54 Rue De La Grenette,1,CE,5.9167625,45.5663167
73065000CM0229,CM,0229,661,84 Rue Des Fleurs,1,CE,5.913571,45.5692134
73065000CM0230,CM,0230,23,Rue Du Bon Pasteur,0,CE,5.9135177,45.5693204
73065000CM0231,CM,0231,3872,Rue Du Bon Pasteur,1,CE,5.9131673,45.5694749
73065000CM0036,CM,0036,1023,38 Rue Des Fleurs,0,CE,5.9137942,45.569485
73065000CM0241,CM,0241,456,14 Av Jean Jaures,1,CE,5.9132697,45.5689953
73065000CM0242,CM,0242,290,Av Jean Jaures,0,CE,5.9134181,45.5690801
73065000CM0243,CM,0243,86,106 Rue Des Fleurs,1,CE,5.9133089,45.5691578
73065000CM0228,CM,0228,13,Rue Des Fleurs,0,CE,5.9134006,45.5692295
73065000CM0209,CM,0209,140,Av Jean Jaures,0,CE,5.9125571,45.5693304
73065000CM0063,CM,0063,3885,2 Pl Du Palais De Justice,1,CE,5.9184598,45.5685607
73065000CM0064,CM,0064,3668,37 Rue Waldeck Rousseau,1,CE,5.9176113,45.5683272
73065000CM0356,CM,0356,412,All Georges Marie Raymond,0,CE,5.9168574,45.5686658
73065000CM0061,CM,0061,775,24 All Georges Marie Raymond,1,CE,5.9165731,45.5686952
73065000CM0169,CM,0169,4232,Av Mal De Lattre De Tass,1,CE,5.9178144,45.5695762
73065000CM0608,CM,0608,338,268 Rue Marcoz,0,CE,5.9165034,45.568628
73065000CM0066,CM,0066,153,5 Pl Du Palais De Justice,1,CE,5.9188458,45.5677913
73065000CM0537,CM,0537,3,6 Rue Jean-Pierre Veyrat,0,CE,5.918526,45.5675602
73065000CM0227,CM,0227,10,Rue Des Fleurs,0,CE,5.9135557,45.5693781
73065000CM0207,CM,0207,64,Rue Du Bon Pasteur,0,CE,5.9118159,45.5696354
73065000CM0042,CM,0042,233,44 Av Pierre Lanfrey,1,CE,5.9151992,45.5695541
73065000CM0208,CM,0208,48,Rue Du Bon Pasteur,0,CE,5.9120106,45.5696772
73065000CM0550,CM,0550,40,181 Av Mal Leclerc,0,CE,5.9165198,45.5700348
73065000CM0548,CM,0548,60,181 Av Mal Leclerc,0,CE,5.9174135,45.5700858
73065000CM0549,CM,0549,58,181 Av Mal Leclerc,0,CE,5.9167887,45.5699038
73065000CN0322,CN,0322,101,Rue Pierre Termier,0,CE,5.9046261,45.5698007
73065000CN0340,CN,0340,116,Rue Pierre Termier,0,CE,5.9048972,45.5696115
73065000CN0326,CN,0326,119,Rue Pierre Termier,0,CE,5.9052233,45.5694256
73065000CN0334,CN,0334,59,Rue Charles Dullin,0,CE,5.9052375,45.5694545
73065000CN0324,CN,0324,17,Rue Pierre Termier,0,CE,5.9057793,45.5691023
73065000CN0257,CN,0257,62,Rue Pierre Termier,0,CE,5.905574,45.5692234
73065000CN0332,CN,0332,88,Rue Pierre Termier,0,CE,5.9056105,45.5692266
73065000CN0330,CN,0330,63,109 Rue Pierre Termier,0,CE,5.9049594,45.5696099
73065000CN0338,CN,0338,119,Rue Joseph Morion,0,CE,5.904146,45.570011
73065000CN0336,CN,0336,124,Rue Pierre Termier,0,CE,5.9040529,45.5700082
73065000CN0328,CN,0328,132,Rue Pierre Termier,0,CE,5.9045855,45.5697852
73065000CN0343,CN,0343,4,Rue Joseph Bonjean,0,CE,5.9087117,45.5705652
73065000CO0193,CO,0193,1611,Rue Ch Et Patrice Buet,0,BO,5.900964,45.564165
73065000CO0238,CO,0238,5370,Rue Francois Buloz,0,BO,5.9023251,45.5647446
73065000CO0207,CO,0207,5,Rue Ch Et Patrice Buet,0,BO,5.9035483,45.5644337
73065000CO0189,CO,0189,178,Rue Ch Et Patrice Buet,0,BO,5.9013041,45.5652673
73065000CO0190,CO,0190,1039,Rue Ch Et Patrice Buet,0,BO,5.9013516,45.56502
73065000CO0240,CO,0240,2556,Rue Ch Et Patrice Buet,0,BO,5.9017853,45.5649629
73065000CO0221,CO,0221,37,Bd Henry Bordeaux,0,BO,5.9035856,45.5638103
73065000CO0253,CO,0253,232,Bd Henry Bordeaux,0,CE,5.9038243,45.5654696
73065000CO0230,CO,0230,491,Rue Franz Liszt,0,CE,5.9060178,45.5658579
73065000CO0245,CO,0245,4,81 Rue Ch Et Patrice Buet,0,BO,5.90669,45.5637152
73065000CO0246,CO,0246,4,81 Rue Ch Et Patrice Buet,0,BO,5.9066958,45.56364
73065000CO0234,CO,0234,60,Rue Franz Liszt,0,CE,5.9039655,45.5655473
73065000CO0250,CO,0250,22,Bd Henry Bordeaux,0,CE,5.9036397,45.5669159
73065000CO0019,CO,0019,454,Rue George Sand,0,CE,5.9066247,45.5666949
73065000CO0236,CO,0236,200,Rue Franz Liszt,0,CE,5.9063883,45.5667485
73065000CO0231,CO,0231,120,Rue Franz Liszt,0,CE,5.9054941,45.5657188
73065000CO0235,CO,0235,22,Rue Franz Liszt,0,CE,5.9063459,45.566807
73065000CP0340,CP,0340,8027,Rue Stephane Mallarme,0,BO,5.9002307,45.5599176
73065000CP0239,CP,0239,2808,Rue Oradour-Sur-Glane,0,BO,5.9024062,45.5616505
73065000CP0349,CP,0349,5597,141 Rue De Salins,1,BO,5.9009497,45.5601976
73065000CP0203,CP,0203,13144,Rue Oradour-Sur-Glane,1,BO,5.9039273,45.5607406
73065000CP0208,CP,0208,6282,Av Georges Clemenceau,0,BO,5.9053306,45.5605472
73065000CP0271,CP,0271,12023,282 Che Du Biollay,0,BO,5.9074812,45.5620848
73065000CP0359,CP,0359,1404,141 Rue De Salins,0,BO,5.9025112,45.5584991
73065000CP0332,CP,0332,227,Rue Paul Verlaine,0,BO,5.9002702,45.5590854
73065000CP0335,CP,0335,1373,10 Rue Paul Verlaine,0,BO,5.8999187,45.5595707
73065000CP0351,CP,0351,3112,Rue Louis Bleriot,0,BO,5.9040416,45.5601384
73065000CP0060,CP,0060,1977,454 Rue De Salins,1,BO,5.9018891,45.5587424
73065000CP0241,CP,0241,21,Rue Saint - Exupery,0,BO,5.9034169,45.5582046
73065000CP0244,CP,0244,12,Rue Nungesser Et Coli,0,BO,5.902429,45.5589425
73065000CP0243,CP,0243,20,Rue Nungesser Et Coli,0,BO,5.9026035,45.5587326
73065000CP0246,CP,0246,10,Rue Jean Mermoz,0,BO,5.9022497,45.5593035
73065000CP0242,CP,0242,19,Rue Nungesser Et Coli,0,BO,5.9029171,45.5584844
73065000CP0245,CP,0245,21,Rue Jean Mermoz,0,BO,5.9023165,45.5591338
73065000CP0228,CP,0228,1636,Rue Nungesser Et Coli,0,BO,5.9031131,45.5589653
73065000CP0216,CP,0216,5819,Rue Louis Bleriot,0,BO,5.9044624,45.5592678
73065000CP0218,CP,0218,15,Rue Saint - Exupery,0,BO,5.903665,45.5584869
73065000CP0220,CP,0220,1772,Rue Saint - Exupery,0,BO,5.9039831,45.5584363
73065000CP0223,CP,0223,25,Rue Nungesser Et Coli,0,BO,5.9033761,45.558855
73065000CP0222,CP,0222,14,Rue Nungesser Et Coli,0,BO,5.9032204,45.5587327
73065000CP0224,CP,0224,1554,Rue Nungesser Et Coli,0,BO,5.9035708,45.5587239
73065000CP0227,CP,0227,18,Rue Nungesser Et Coli,0,BO,5.9030613,45.5591472
73065000CP0226,CP,0226,8,Rue Nungesser Et Coli,0,BO,5.902872,45.5590676
73065000CP0256,CP,0256,2010,Rue De Salins,0,BO,5.9021308,45.5583306
73065000CP0230,CP,0230,2350,Rue Jean Mermoz,0,BO,5.9028227,45.5593671
73065000CP0338,CP,0338,2,Rue Stephane Mallarme,0,BO,5.9000547,45.5592103
73065000CP0182,CP,0182,364,All Des Jeux,0,BO,5.9051707,45.5600171
73065000CP0240,CP,0240,73,Rue Saint - Exupery,0,BO,5.9037993,45.5579512
73065000CP0068,CP,0068,807,Rue De Salins,0,BO,5.9010084,45.5618188
73065000CP0337,CP,0337,288,Rue De Salins,0,BO,5.9003004,45.5603093
73065000CP0250,CP,0250,20,Rue Jean Mermoz,0,BO,5.9021675,45.5600151
73065000CP0171,CP,0171,1128,Rue General Buisson,0,BO,5.9034995,45.5613542
73065000CP0075,CP,0075,602,81 Pl Rene Vair,1,BO,5.9032592,45.5614996
73065000CP0047,CP,0047,394,119 Pl Rene Vair,1,BO,5.9031044,45.5615751
73065000CP0044,CP,0044,8176,21 Rue Jean Gotteland,1,BO,5.9034344,45.5625939
73065000CP0138,CP,0138,995,All Pere Georges E. Dussolier,0,BO,5.9042327,45.5614351
73065000CP0137,CP,0137,285,Pas Du Presbytere,0,BO,5.9044137,45.5617316
73065000CP0056,CP,0056,252,Rue Jean Mermoz,0,BO,5.9025613,45.5596191
73065000CP0057,CP,0057,1952,169 Rue Oradour-Sur-Glane,1,BO,5.9026965,45.5599073
73065000CP0248,CP,0248,12,Rue Jean Mermoz,0,BO,5.9021809,45.559771
73065000CP0235,CP,0235,147,Rue Oradour-Sur-Glane,0,BO,5.9029735,45.5603132
73065000CP0247,CP,0247,19,Rue Jean Mermoz,0,BO,5.9021939,45.5595797
73065000CP0082,CP,0082,103,Rue De Salins,0,BO,5.9014208,45.5596994
73065000CP0236,CP,0236,66,Rue Oradour-Sur-Glane,0,BO,5.9029887,45.5602031
73065000CP0252,CP,0252,189,Rue Jean Mermoz,0,BO,5.9022031,45.5605473
73065000CP0249,CP,0249,145,Rue Jean Mermoz,0,BO,5.9021172,45.5599101
73065000CP0251,CP,0251,12,Rue Jean Mermoz,0,BO,5.902149,45.5603288
73065000CP0233,CP,0233,143,Rue Oradour-Sur-Glane,0,BO,5.9029573,45.5606269
73065000CP0234,CP,0234,125,Rue Oradour-Sur-Glane,0,BO,5.9029747,45.56047
73065000CP0232,CP,0232,128,Rue Oradour-Sur-Glane,0,BO,5.9029569,45.5607942
73065000CP0266,CP,0266,10,170 Rue Oradour-Sur-Glane,0,BO,5.9035401,45.5601833
73065000CP0346,CP,0346,942,141 Rue De Salins,0,BO,5.9016093,45.5613194
73065000CP0291,CP,0291,443,240 Rue De Salins,1,BO,5.9003944,45.5602825
73065000CP0298,CP,0298,32,141 Rue De Salins,0,BO,5.9006699,45.5605545
73065000CP0292,CP,0292,21,240 Rue De Salins,0,BO,5.9004591,45.560558
73065000CP0294,CP,0294,85,Rue Stephane Mallarme,0,BO,5.9005558,45.5605547
73065000CP0296,CP,0296,31,Rue Stephane Mallarme,0,BO,5.9004116,45.5605594
73065000CP0299,CP,0299,331,141 Rue De Salins,0,BO,5.9009079,45.560415
73065000CP0345,CP,0345,1738,141 Rue De Salins,0,BO,5.9019612,45.5611955
73065000CP0212,CP,0212,38,Rue Louis Bleriot,0,BO,5.9044977,45.5595637
73065000CP0183,CP,0183,29,All Des Jeux,0,BO,5.9053581,45.559784
73065000CP0177,CP,0177,113,All Des Jeux,0,BO,5.9051711,45.5599178
73065000CP0181,CP,0181,419,All Des Jeux,0,BO,5.9047028,45.5607654
73065000CP0176,CP,0176,930,All Des Jeux,0,BO,5.9050242,45.559887
73065000CP0185,CP,0185,585,All Des Jeux,0,BO,5.9052682,45.560044
73065000CP0184,CP,0184,26,All Des Jeux,0,BO,5.9051659,45.5600954
73065000CP0174,CP,0174,438,All Des Jeux,0,BO,5.9048214,45.5601972
73065000CP0179,CP,0179,23,All Des Jeux,0,BO,5.9050165,45.5601791
73065000CP0180,CP,0180,44,All Des Jeux,0,BO,5.9048613,45.5604325
73065000CP0139,CP,0139,350,All Des Jeux,0,BO,5.9045282,45.5609994
73065000CP0209,CP,0209,14,Av Georges Clemenceau,0,BO,5.9060009,45.5597961
73065000CP0215,CP,0215,6,Rue Louis Bleriot,0,BO,5.9050863,45.5595804
73065000CP0211,CP,0211,38,Rue Louis Bleriot,0,BO,5.9042402,45.559549
73065000CP0213,CP,0213,27,Rue Louis Bleriot,0,BO,5.9047213,45.55957
73065000CP0214,CP,0214,33,Rue Louis Bleriot,0,BO,5.9049303,45.5595767
73065000CP0330,CP,0330,111,202 Av Georges Clemenceau,0,BO,5.9058826,45.5603406
73065000CP0329,CP,0329,1,202 Av Georges Clemenceau,0,BO,5.9056969,45.5606096
73065000CP0328,CP,0328,112,202 Av Georges Clemenceau,0,BO,5.9054811,45.5609513
73065000CP0327,CP,0327,1,202 Av Georges Clemenceau,0,BO,5.9053088,45.5612037
73065000CP0326,CP,0326,1052,202 Av Georges Clemenceau,0,BO,5.9052884,45.5617406
73065000CP0350,CP,0350,48,Rue Louis Bleriot,0,BO,5.9045646,45.5597546
73065000CP0352,CP,0352,5,Rue Ernest Grangeat,0,BO,5.9066706,45.5600146
73065000CP0096,CP,0096,87,Che Des Vieux Capucins,0,BO,5.9015387,45.5624306
73065000CP0098,CP,0098,9,Che Des Vieux Capucins,0,BO,5.901917,45.562644
73065000CP0014,CP,0014,137,1415 Av De Lyon,0,BO,5.9019064,45.5629874
73065000CP0166,CP,0166,133,360 Che Des Vieux Capucins,1,BO,5.9007724,45.562041
73065000CP0006,CP,0006,227,350 Che Des Vieux Capucins,1,BO,5.9006108,45.5621104
73065000CP0004,CP,0004,54,230 Che Des Vieux Capucins,0,BO,5.9007055,45.5622673
73065000CP0046,CP,0046,2957,20 Rue Jean Gotteland,0,BO,5.9024688,45.5624525
73065000CP0265,CP,0265,480,1261 Av De Lyon,0,BO,5.9038806,45.5634162
73065000CP0363,CP,0363,217,146 Che Des Vieux Capucins,0,BO,5.9023267,45.5628642
73065000CP0019,CP,0019,80,38 Che Des Vieux Capucins,0,BO,5.9041138,45.5634082
73065000CP0020,CP,0020,75,1221 Av De Lyon,0,BO,5.9042491,45.5634047
73065000CR0331,CR,0331,571,356 Che De Jacob,0,BO,5.9113221,45.5613252
73065000CR0329,CR,0329,887,336 Che De Jacob,0,BO,5.9119002,45.5613416
73065000CR0332,CR,0332,1,356 Che De Jacob,0,BO,5.9118889,45.5610275
73065000CR0373,CR,0373,1140,25 Rue Des Tilleuls,0,BO,5.9124961,45.5615645
73065000CR0377,CR,0377,219,336 Che De Jacob,0,BO,5.9125307,45.5609406
73065000CR0201,CR,0201,7263,577 Fg Mache,1,BO,5.909686,45.5634992
73065000CR0297,CR,0297,151,151 Fg Mache,0,BO,5.9095116,45.5632727
73065000CR0353,CR,0353,158,46 Sq De Massalaz,0,BO,5.9110873,45.5626039
73065000CR0376,CR,0376,483,336 Che De Jacob,0,BO,5.9126596,45.5617735
73065000CR0080,CR,0080,348,6 Mte Du Rucher,1,BO,5.9140361,45.562373
73065000CR0306,CR,0306,86,Av De Lyon,0,BO,5.9123488,45.5625701
73065000CR0316,CR,0316,74,20 Rue Des Tilleuls,0,BO,5.9126373,45.5623451
73065000CR0327,CR,0327,8,217 Che De Jacob,0,BO,5.9133829,45.5612894
73065000CR0358,CR,0358,72,Av De Lyon,0,BO,5.9117276,45.5625339
73065000CR0374,CR,0374,69,25 Rue Des Tilleuls,0,BO,5.9124899,45.5617151
73065000CR0299,CR,0299,59,Av De Lyon,0,BO,5.9142283,45.5634558
73065000CR0300,CR,0300,69,Mte Saint-Sebastien,0,BO,5.9144196,45.5634524
73065000CR0264,CR,0264,34,Mte Saint-Sebastien,0,BE,5.9153843,45.5638166
73065000CS0185,CS,0185,2070,Rue Albert Perriol,0,BE,5.9194949,45.5597865
73065000CS0026,CS,0026,4822,625 Bd De Bellevue,0,BE,5.9197286,45.5619586
73065000CS0238,CS,0238,390,Che De Miremont,0,BE,5.9181657,45.5591292
73065000CS0059,CS,0059,1990,35 Rue Emile Combes,1,BE,5.9184226,45.5592468
73065000CS0286,CS,0286,328,Rue De L' Universite,0,BE,5.9167271,45.5601894
73065000CS0070,CS,0070,60,Bd De Bellevue,0,BE,5.9169135,45.5601972
73065000CS0061,CS,0061,852,Rue Charles Baudelaire,0,BE,5.9176918,45.559544
73065000CS0250,CS,0250,1875,Rue Charles Baudelaire,0,BE,5.9168909,45.5594883
73065000CS0246,CS,0246,191,6 Rue Du Chaney,0,BE,5.9162726,45.5598501
73065000CS0248,CS,0248,44,6 Rue Du Chaney,0,BE,5.9163579,45.559885
73065000CS0260,CS,0260,20,Rue Balzac,0,BE,5.9160529,45.5599119
73065000CS0175,CS,0175,13,6 Rue Du Chaney,0,BE,5.915821,45.5599008
73065000CS0331,CS,0331,6282,Rue Lucien Chiron,0,BE,5.9198957,45.5610516
73065000CS0320,CS,0320,2951,Rue Lucien Chiron,0,BE,5.919981,45.5605443
73065000CS0269,CS,0269,2995,Rue Louis Pillet,0,BE,5.9196297,45.5615085
73065000CS0254,CS,0254,4495,Rue Albert Perriol,0,BE,5.9202507,45.5595608
73065000CS0284,CS,0284,454,102 Rue Anatole France,1,BE,5.9183387,45.5602167
73065000CS0289,CS,0289,500,Rue De L' Universite,0,BE,5.9163928,45.5600299
73065000CS0258,CS,0258,2222,Rue Henri Commandeur,0,BE,5.9177601,45.559278
73065000CS0341,CS,0341,2781,Rue Anatole France,0,BE,5.918829,45.5601398
73065000CS0338,CS,0338,2102,Rue Lucien Chiron,0,BE,5.9183973,45.5605458
73065000CS0319,CS,0319,1157,Rue Lucien Chiron,0,BE,5.9179854,45.5608062
73065000CS0409,CS,0409,2281,Rue Lucien Chiron,0,BE,5.9193479,45.5601992
73065000CS0031,CS,0031,257,Bd De Bellevue,0,BE,5.918923,45.5611485
73065000CS0029,CS,0029,438,Mte Valerieux,0,BE,5.9189506,45.5615322
73065000CS0198,CS,0198,2491,Rue Anatole France,1,BE,5.9220994,45.5603422
73065000CS0193,CS,0193,6345,Bd De Bellevue,0,BE,5.9231398,45.5605406
73065000CS0187,CS,0187,220,Rue Albert Perriol,0,BE,5.919239,45.5594317
73065000CS0256,CS,0256,482,Rue Emile Combes,0,BE,5.9192342,45.5591088
73065000CS0406,CS,0406,1,Rue Lucien Chiron,0,BE,5.9203432,45.5603321
73065000CS0404,CS,0404,52,Rue Lucien Chiron,0,BE,5.9202711,45.560294
73065000CS0411,CS,0411,31,Rue Anatole France,0,BE,5.9201997,45.5603268
73065000CS0407,CS,0407,42,Rue Lucien Chiron,0,BE,5.9206411,45.560356
73065000CS0200,CS,0200,113,Bd De Bellevue,0,BE,5.9224556,45.5597051
73065000CS0196,CS,0196,69,Bd De Bellevue,0,BE,5.9224911,45.5597731
73065000CS0192,CS,0192,2947,Bd De Bellevue,0,BE,5.9224717,45.5603327
73065000CS0011,CS,0011,1357,33 Bd De Bellevue,1,BE,5.9182511,45.5632305
73065000CS0022,CS,0022,4952,5 Mte Valerieux,0,BE,5.919987,45.5626814
73065000CS0023,CS,0023,3755,460 Bd De Bellevue,1,BE,5.9193403,45.56251
73065000CS0024,CS,0024,630,Bd De Bellevue,0,BE,5.9182279,45.5625323
73065000CS0025,CS,0025,788,503 Bd De Bellevue,0,BE,5.9186132,45.5623415
73065000CS0139,CS,0139,380,624 Bd De Bellevue,1,BE,5.9188604,45.5619709
73065000CS0020,CS,0020,3266,41 Pl Caffe,0,BE,5.920441,45.5631307
73065000CS0021,CS,0021,750,36 Rue Denis Papin,1,BE,5.9206521,45.5628127
73065000CS0272,CS,0272,246,Rue Louis Pillet,0,BE,5.919399,45.5611559
73065000CS0302,CS,0302,6,42 Imp Amedee Daille,0,BE,5.9203855,45.5615482
73065000CS0229,CS,0229,219,Bd Massenet,0,BE,5.9155357,45.5633289
73065000CS0393,CS,0393,41,19 Bd De Bellevue,0,BE,5.91889,45.5633919
73065000CS0396,CS,0396,104,21 Bd De Bellevue,0,BE,5.918796,45.5633866
73065000CT0031,CT,0031,2814,Av Grande Chartreuse,0,BE,5.9216746,45.5566388
73065000CT0101,CT,0101,2982,Rue Gerard Philippe,0,BE,5.922372,45.55727
73065000CT0032,CT,0032,1585,Av Grande Chartreuse,0,BE,5.9221013,45.5565485
73065000CV0004,CV,0004,390,33 Pl Monge,1,LA,5.9215356,45.5631599
73065000CV0118,CV,0118,538,29 Pl Monge,1,LA,5.9218381,45.5631145
73065000CV0002,CV,0002,763,35 Pl Monge,1,LA,5.9212571,45.5630537
73065000CV0127,CV,0127,236,106 Rue Dacquin,1,LA,5.9225421,45.5620399
73065000CV0122,CV,0122,165,171 Rue Michaud,1,LA,5.9229501,45.5629797
73065000CV0124,CV,0124,147,8 Rue Du Batonnet,1,LA,5.9231068,45.5629388
73065000CV0140,CV,0140,65,Rue Du Batonnet,0,LA,5.923297,45.5628715
73065000CV0069,CV,0069,190,Rue De La Calamine,0,LA,5.9237964,45.5609028
73065000CV0134,CV,0134,928,Rue Du Batonnet,0,LA,5.9225662,45.562483
73065000CV0024,CV,0024,198,27 Pl Monge,1,LA,5.9221421,45.5631752
73065000CW0137,CW,0137,35068,283 Rue De La Calamine,0,LA,5.925508,45.5613365
73065000CW0127,CW,0127,3111,Rue De La Republique,0,LA,5.9275732,45.5627879
73065000CW0111,CW,0111,440,Carre Curial,0,LA,5.9251622,45.5629916
73065000CW0088,CW,0088,5800,Carre Curial,1,LA,5.9250176,45.5633046
73065000CW0126,CW,0126,6282,50 Rue De La Republique,1,LA,5.9232831,45.5633724
73065000CW0078,CW,0078,3971,163 Rue De La Calamine,1,LA,5.9258363,45.5622035
73065000CW0108,CW,0108,2937,58 Pl De La Brigade De Savoie,1,LA,5.9255926,45.5633794
73065000CW0125,CW,0125,50,50 Rue De La Republique,0,LA,5.9231935,45.5630408
73065000CW0119,CW,0119,441,Pl Monge,0,LA,5.9238356,45.563554
73065000CW0114,CW,0114,233,Rue Michaud,0,LA,5.9246908,45.5627376
73065000CW0115,CW,0115,657,Carre Curial,0,LA,5.9249581,45.5627307
73065000CW0116,CW,0116,461,Carre Curial,0,LA,5.9244791,45.5628698
73065000CW0087,CW,0087,3803,Pl Monge,0,LA,5.9244939,45.5633177
73065000CW0130,CW,0130,193,Rue De La Republique,0,LA,5.9261623,45.5621705
73065000CW0129,CW,0129,2423,66 Rue Andre Jacques,1,LA,5.9265737,45.5621384
73065000CW0212,CW,0212,9000,Rue De La Republique,1,LA,5.9261449,45.5630041
73065000CW0133,CW,0133,1338,83 Rue Andre Jacques,1,LA,5.9264936,45.5628383
73065000CW0146,CW,0146,116,Rue De La Republique,0,LA,5.9277522,45.5630433
73065000CW0051,CW,0051,3373,157 Mte La Fontaine Saint - Martin,1,LA,5.9276377,45.5620266
73065000CW0128,CW,0128,622,Rue De La Republique,0,LA,5.9275079,45.5626348
73065000CW0136,CW,0136,10,283 Rue De La Calamine,0,LA,5.9268032,45.5620006
73065000CW0134,CW,0134,36,Rue De La Republique,0,LA,5.9263439,45.5625331
73065000CW0182,CW,0182,329,Rue De La Republique,0,LA,5.9263915,45.5637663
73065000CW0121,CW,0121,179,Rue De La Republique,0,LA,5.9249349,45.5641019
73065000CW0085,CW,0085,3469,11 Rue De La Banque,1,LA,5.9261278,45.5645482
73065000CW0150,CW,0150,1776,Rue De La Republique,0,LA,5.9254908,45.563689
73065000CW0122,CW,0122,576,256 Rue De La Republique,1,LA,5.9254596,45.5639089
73065000CW0109,CW,0109,67,Carre Curial,0,LA,5.9251737,45.563313
73065000CW0118,CW,0118,3,Rue Michaud,0,LA,5.9237983,45.5628855
73065000CW0117,CW,0117,21,Rue Michaud,0,LA,5.923945,45.5628647
73065000CW0180,CW,0180,466,Rue De La Republique,0,LA,5.9275946,45.5635936
73065000CW0153,CW,0153,51,Rue De La Republique,0,LA,5.9275516,45.5634326
73065000CW0142,CW,0142,138,Rue De La Republique,0,LA,5.9275182,45.5633787
73065000CW0144,CW,0144,7,Rue De La Republique,1,LA,5.9278314,45.5633661
73065000CW0166,CW,0166,792,3 Pas Michelet,0,LA,5.9266258,45.5646569
73065000CW0123,CW,0123,6,Rue De La Republique,0,LA,5.9256764,45.5639478
73065000CW0004,CW,0004,90,53 Rue De La Republique,0,LA,5.9264615,45.5639473
73065000CW0173,CW,0173,941,Rue De La Republique,0,LA,5.9270452,45.5640374
73065000CW0006,CW,0006,18,305 Rue De La Republique,1,LA,5.926406,45.5640661
73065000CW0174,CW,0174,551,313 Rue De La Republique,0,LA,5.9266025,45.564104
73065000CW0138,CW,0138,1304,331 Rue De La Republique,1,LA,5.9268591,45.5641513
73065000CW0176,CW,0176,104,Rue De La Republique,0,LA,5.9273645,45.5642677
73065000CW0192,CW,0192,431,305 Rue De La Republique,0,LA,5.9265961,45.5643215
73065000CW0175,CW,0175,46,Rue De La Republique,0,LA,5.9270584,45.5643401
73065000CW0023,CW,0023,207,Pas Michelet,0,LA,5.9270494,45.5643787
73065000CW0169,CW,0169,1160,7 Pas Michelet,0,LA,5.9270066,45.5645775
73065000CW0185,CW,0185,102,Rue De La Republique,0,LA,5.9279956,45.5632432
73065000CW0208,CW,0208,3,Rue De La Republique,0,LA,5.9266945,45.5631502
73065000CW0098,CW,0098,7,Rue D Alexandry,0,LA,5.9297986,45.5628211
73065000CX0047,CX,0047,1363,5 Rue De La Banque,0,LA,5.9263342,45.5653625
73065000CX0035,CX,0035,814,7 Rue Du Chardonnet,1,LA,5.9269255,45.5654775
73065000CX0094,CX,0094,1310,8 Rue Jules Ferry,0,LA,5.9289974,45.5661194
73065000CX0029,CX,0029,27,4 Rue Jules Ferry,0,LA,5.9294539,45.5661097
73065000CY0074,CY,0074,10250,190 All Du Colombier,1,LA,5.93652,45.5640463
73065000CY0153,CY,0153,13065,Rue Sainte - Rose,0,LA,5.939877,45.5652045
73065000CY0151,CY,0151,15980,Rue Sainte - Rose,0,LA,5.9387594,45.5656812
73065000CY0184,CY,0184,327,Rue Costa De Beauregard,0,LA,5.9296133,45.5632002
73065000CY0185,CY,0185,89,Rue Costa De Beauregard,0,LA,5.9289201,45.5633331
73065000CY0083,CY,0083,4937,224 Rue Pasteur,0,LA,5.928773,45.5644386
73065000CY0228,CY,0228,1349,Rue Plaisance,0,LA,5.9285255,45.5636037
73065000CY0204,CY,0204,9,Rue Costa De Beauregard,0,LA,5.9319346,45.5639871
73065000CY0203,CY,0203,5,Rue Costa De Beauregard,0,LA,5.9323149,45.5643213
73065000CY0196,CY,0196,34,Rue Costa De Beauregard,0,LA,5.930239,45.563237
73065000CY0183,CY,0183,158,Rue Costa De Beauregard,0,LA,5.9300199,45.563254
73065000CY0195,CY,0195,1,Rue Costa De Beauregard,0,LA,5.9301928,45.563258
73065000CY0189,CY,0189,539,Rue Du Cdt Michard,0,LA,5.9292515,45.5638801
73065000CY0213,CY,0213,676,Av Marius Berroir,0,LA,5.9322533,45.563547
73065000CY0218,CY,0218,34,Rue Costa De Beauregard,0,LA,5.9319711,45.5640112
73065000CY0131,CY,0131,3921,Av Marius Berroir,0,LA,5.9356488,45.5646638
73065000CY0073,CY,0073,11800,29 Rue Henri Oreiller,1,LA,5.9370186,45.5655744
73065000CY0152,CY,0152,615,Rue Sainte - Rose,0,LA,5.9391758,45.5651139
73065000CY0028,CY,0028,154,614 Fg Montmelian,1,LA,5.9338339,45.5660818
73065000CY0035,CY,0035,579,Rue Sainte - Rose,0,LA,5.9349102,45.5660638
73065000CY0029,CY,0029,522,14 Rue Sainte - Rose,0,LA,5.9346242,45.5661137
73065000CY0124,CY,0124,277,Rue Sainte - Rose,0,LA,5.9352045,45.5662395
73065000CY0118,CY,0118,191,Rue Sainte - Rose,0,LA,5.9355082,45.5662579
73065000CY0069,CY,0069,43,Rue Sainte - Rose,0,LA,5.9356966,45.5662639
73065000CY0150,CY,0150,36,Rue Sainte - Rose,0,LA,5.9385755,45.5661877
73065000CY0149,CY,0149,38,Rue Sainte - Rose,0,LA,5.9383381,45.566251
73065000CZ0003,CZ,0003,5445,Che Des Acacias,0,LA,5.9357485,45.5618967
73065000CZ0024,CZ,0024,1092,Che Des Acacias,0,LA,5.9309444,45.5609977
73065000CZ0041,CZ,0041,21,Che Des Charmettes,0,LA,5.9306382,45.5623605
73065000CZ0040,CZ,0040,141,Che Des Charmettes,0,LA,5.9306946,45.5623705
73065000CZ0039,CZ,0039,16,Che Des Charmettes,0,LA,5.9305598,45.5624334
73065000CZ0065,CZ,0065,99,Che De La Cardiniere,0,LA,5.9308792,45.5622475
73065000CZ0038,CZ,0038,138,Che Des Charmettes,0,LA,5.9306506,45.5624893
73065000CZ0045,CZ,0045,1729,Rue Costa De Beauregard,0,LA,5.9330947,45.56297
73065000CZ0064,CZ,0064,12,Che De La Cardiniere,0,LA,5.9311926,45.5623733
73065000CZ0069,CZ,0069,482,Rue Costa De Beauregard,0,LA,5.9307883,45.5627804
73065000CZ0061,CZ,0061,14,Che De La Cardiniere,0,LA,5.9311382,45.5623908
73065000CZ0060,CZ,0060,9,Che De La Cardiniere,0,LA,5.9310017,45.5625362
73065000CZ0062,CZ,0062,512,Che De La Cardiniere,0,LA,5.9308855,45.562409
73065000CZ0070,CZ,0070,585,Rue Costa De Beauregard,0,LA,5.930516,45.5626148
73065000CZ0067,CZ,0067,427,Rue Costa De Beauregard,0,LA,5.9300833,45.5628567
73065000CZ0034,CZ,0034,2992,Che De La Cardiniere,0,LA,5.9353987,45.5624431
73065000CZ0047,CZ,0047,1567,Rue Costa De Beauregard,0,LA,5.9334814,45.5625044
73065000CZ0046,CZ,0046,530,Rue Costa De Beauregard,0,LA,5.9336405,45.5627279
73065000CZ0043,CZ,0043,53,Rue Costa De Beauregard,0,LA,5.9317106,45.5635831
73065000CZ0056,CZ,0056,4,Rue Costa De Beauregard,0,LA,5.9301072,45.5630149
73065000DE0131,DE,0131,11932,Les Charmettes Nord,0,LA,5.932552,45.5562347
73065000DE0082,DE,0082,8324,Le Tir,0,LA,5.9339557,45.5600897
73065000DE0087,DE,0087,8928,Le Tir,0,LA,5.9323279,45.5592786
73065000DE0081,DE,0081,18808,Le Tir,0,LA,5.9332125,45.5595976
73065000DE0094,DE,0094,11002,Les Charmettes Nord,0,LA,5.9343127,45.5582241
73065000DE0086,DE,0086,5194,Le Tir,0,LA,5.9353528,45.5596076
73065000DE0085,DE,0085,8206,Le Tir,0,LA,5.9346959,45.5596246
73065000DE0133,DE,0133,1738,Les Charmettes Nord,0,LA,5.9331576,45.5559381
73065000DE0093,DE,0093,2839,Les Charmettes Nord,0,LA,5.9349919,45.5581731
73065000DE0134,DE,0134,2782,Les Charmettes Nord,0,LA,5.9321889,45.5560751
73065000DE0166,DE,0166,95,Les Charmettes Nord,0,LA,5.9313161,45.556293
73065000DE0270,DE,0270,3417,Les Charmettes Nord,0,LA,5.9326158,45.5569101
73065000DE0129,DE,0129,1115,Les Charmettes Nord,0,LA,5.9328623,45.5568387
73065000DE0130,DE,0130,2980,Les Charmettes Nord,0,LA,5.933122,45.5568256
73065000DE0132,DE,0132,1547,Les Charmettes Nord,0,LA,5.933986,45.5562956
73065000DE0261,DE,0261,5,Che De Jean-Jacques,0,LA,5.9271809,45.5574366
73065000DE0193,DE,0193,8109,Les Charmettes Nord,0,LA,5.9329332,45.5582533
73065000DE0079,DE,0079,540,Le Tir,0,LA,5.9311457,45.5597546
73065000DE0276,DE,0276,3,Che Amedee V Le Grand,0,LA,5.9306052,45.5596291
73065000DE0083,DE,0083,465,Le Tir,0,LA,5.9353107,45.5604605
73065000DE0084,DE,0084,1029,Le Tir,0,LA,5.9354534,45.5604176
73065000DH0089,DH,0089,26,Au Mollard A Clochet,0,LA,5.9288259,45.5503026
73065000DH0087,DH,0087,97,Au Mollard A Clochet,0,LA,5.9288985,45.5502142
73065000DH0070,DH,0070,4015,Au Mollard A Clochet,0,LA,5.9283248,45.5531915
73065000DH0085,DH,0085,1768,Les Charmettes,0,LA,5.9295625,45.55349
73065000DH0018,DH,0018,732,892 Che Des Charmettes,1,LA,5.9297257,45.5530317
73065000DH0019,DH,0019,1388,890 Che Des Charmettes,0,LA,5.9298339,45.5531559
73065000DH0020,DH,0020,897,Les Charmettes,0,LA,5.9297454,45.5534854
73065000DI0077,DI,0077,20312,26 Che De Rosemond,1,LA,5.9252056,45.5559811
73065000DI0049,DI,0049,23918,Le Bois Des Soeurs,0,LA,5.9252463,45.5547585
73065000DI0090,DI,0090,885,Che Des Rendez-Vous,0,LA,5.9249448,45.5575075
73065000DI0114,DI,0114,112,Sur Les Charmettes,0,LA,5.9280545,45.5555533
73065000DI0081,DI,0081,288,Sur Les Charmettes,0,LA,5.9271816,45.5550054
73065000DI0067,DI,0067,587,Sur Les Charmettes,0,LA,5.927354,45.5546931
73065000DI0085,DI,0085,238,Sur Les Charmettes,0,LA,5.9273284,45.5546722
73065000DI0142,DI,0142,825,Sur Les Charmettes,0,LA,5.9273076,45.5557285
73065000DI0050,DI,0050,1273,Le Bois Des Soeurs,1,LA,5.9247397,45.555347
73065000DI0108,DI,0108,1197,Sur Les Charmettes,0,LA,5.9267778,45.5564374
73065000DI0120,DI,0120,403,Sur Les Charmettes,0,LA,5.9253534,45.5565301
73065000DI0078,DI,0078,128,Le Bois Des Soeurs,0,LA,5.9244989,45.556827
73065000DI0091,DI,0091,3287,Fontaine Saint Martin,0,LA,5.9242814,45.5573311
73065000DI0107,DI,0107,17,Sur Les Charmettes,0,LA,5.9255882,45.5563494
73065000DI0115,DI,0115,112,Sur Les Charmettes,0,LA,5.9278461,45.556516
73065000DI0113,DI,0113,31,Sur Les Charmettes,0,LA,5.9282394,45.5549898
73065000DI0109,DI,0109,787,Sur Les Charmettes,0,LA,5.9271851,45.5567733
73065000DI0116,DI,0116,190,Sur Les Charmettes,0,LA,5.9273833,45.5572063
73065000DI0117,DI,0117,99,Sur Les Charmettes,0,LA,5.9260081,45.5579335
73065000DI0061,DI,0061,11,Fontaine Saint Martin,0,LA,5.9249645,45.560182
73065000DI0002,DI,0002,839,559 Av Grande Chartreuse,0,LA,5.9252459,45.5601877
73065000DL0025,DL,0025,20620,Rue Sainte - Rose,0,LA,5.9364772,45.562577
73065000DL0032,DL,0032,89275,Rue Sainte - Rose,1,LA,5.9385334,45.5622085
73065000DL0023,DL,0023,11500,Rue Sainte - Rose,0,LA,5.9380462,45.5642923
73065000DL0030,DL,0030,17594,193 All Du Colombier,1,LA,5.9404,45.5641156
73065000DL0008,DL,0008,4365,Rue Sainte - Rose,0,LA,5.9393524,45.5640228
73065000DL0014,DL,0014,1400,Rue Sainte - Rose,0,LA,5.9399979,45.5628851
73065000DL0013,DL,0013,6100,All Du Colombier,0,LA,5.9404368,45.5627226
73065000DL0026,DL,0026,63,Rue Sainte - Rose,0,LA,5.9359546,45.5617759
73065000DL0020,DL,0020,2580,Rue Sainte - Rose,0,LA,5.9385352,45.5634765
73065000DL0018,DL,0018,186,Rue Sainte - Rose,0,LA,5.9381558,45.5611183
73065000DL0017,DL,0017,88,Rue Sainte - Rose,0,LA,5.9384222,45.5609472
73065000DL0011,DL,0011,1860,Rue Sainte - Rose,0,LA,5.9384827,45.5643872
73065000DL0006,DL,0006,109,Rue Sainte - Rose,0,LA,5.9392727,45.5643665
73065000DL0010,DL,0010,620,Rue Sainte - Rose,0,LA,5.9387034,45.5643293
73065000DL0024,DL,0024,835,Rue Sainte - Rose,1,LA,5.9373083,45.5642949
73065000DL0022,DL,0022,1095,192 All Du Colombier,1,LA,5.9389168,45.5638296
73065000DL0012,DL,0012,11,Rue Sainte - Rose,0,LA,5.9394765,45.563713
73065000DL0021,DL,0021,635,All Du Colombier,0,LA,5.9391827,45.5634856
73065000DL0019,DL,0019,1250,Rue Sainte - Rose,0,LA,5.9378473,45.5635693
73065000DL0009,DL,0009,105,Rue Sainte - Rose,0,LA,5.9380809,45.5648491
73065000HA0009,HA,0009,12164,193 Rue Du Pre Demaison,1,BI,5.8956426,45.5861232
73065000HA0034,HA,0034,100,Av Du Grand Arietaz,0,BI,5.8958792,45.58382
73065000HA0006,HA,0006,16,181 Rue Du Pre Demaison,0,BI,5.8960216,45.5874071
73065000HA0022,HA,0022,25,Rue General Borson,0,BI,5.8989219,45.5871564
73065000HB0075,HB,0075,372,1306 Av De La Houille Blanche,0,BI,5.890116,45.5887025
73065000HB0107,HB,0107,1263,1426 Av De La Houille Blanche,0,BI,5.8904038,45.5886359
73065000HB0039,HB,0039,42,1426 Av De La Houille Blanche,0,BI,5.8908631,45.5887475
73065000HB0076,HB,0076,21,1306 Av De La Houille Blanche,0,BI,5.8901621,45.5885395
73065000HB0074,HB,0074,8,1306 Av De La Houille Blanche,0,BI,5.890176,45.5889031
73065000HB0099,HB,0099,6154,1426 Av De La Houille Blanche,0,BI,5.8907038,45.5899567
73065000HB0118,HB,0118,1247,1306 Av De La Houille Blanche,1,BI,5.8903197,45.5893508
73065000HB0114,HB,0114,1299,Rue Felix Esclangon,0,BI,5.8894516,45.5903214
73065000HC0045,HC,0045,356,La Croix Nord,0,BI,5.8898163,45.5813871
73065000HC0058,HC,0058,14,Av De La Motte Servolex,0,BI,5.887847,45.5819383
73065000HC0057,HC,0057,1540,728 Av De La Motte Servolex,1,BI,5.8882312,45.582024
73065000HC0035,HC,0035,547,Rue Emile Romanet,0,BI,5.8908417,45.5837118
73065000HD0170,HD,0170,12902,Sq De La Chevaliere,0,BI,5.8844686,45.5819405
73065000HD0688,HD,0688,2022,Chamoux Dessus,0,BI,5.8787846,45.5816695
73065000HD0449,HD,0449,3096,Chamoux Dessus,0,BI,5.8796372,45.5817414
73065000HD0314,HD,0314,4006,All Des Cimes,0,BI,5.8837497,45.58243
73065000HD0442,HD,0442,63,Chamoux Dessus,0,BI,5.8794423,45.5804801
73065000HD0503,HD,0503,3257,Chamoux Dessus,0,BI,5.880389,45.5813339
73065000HD0522,HD,0522,14,La Bataillarde,0,BI,5.8800683,45.5795152
73065000HD0458,HD,0458,432,Chamoux Dessus,0,BI,5.8824385,45.5813425
73065000HD0510,HD,0510,810,La Bataillarde,0,BI,5.8820786,45.5801805
73065000HD0531,HD,0531,48,La Bataillarde,0,BI,5.8821613,45.5797927
73065000HD0443,HD,0443,61,Chamoux Dessus,0,BI,5.8797043,45.580552
73065000HD0543,HD,0543,60,Chamoux Dessus,0,BI,5.8800186,45.5809939
73065000HD0466,HD,0466,96,Chamoux Dessus,0,BI,5.8800568,45.5818349
73065000HD0659,HD,0659,140,Chamoux,0,BI,5.8823926,45.5818045
73065000HD0481,HD,0481,106,Chamoux Dessus,0,BI,5.8808377,45.5811948
73065000HD0542,HD,0542,44,Chamoux Dessus,0,BI,5.8803149,45.5810635
73065000HD0467,HD,0467,36,252 Rue De La Pointe Du Gleyzin,0,BI,5.8802844,45.5817198
73065000HD0663,HD,0663,74,Rte De Chamoux,0,BI,5.8819957,45.5821857
73065000HD0595,HD,0595,10,Che De La Chevaliere,0,BI,5.8863792,45.581291
73065000HD0581,HD,0581,412,Chamoux,0,BI,5.8872783,45.5816308
73065000HD0580,HD,0580,564,Chamoux,0,BI,5.8866546,45.5825505
73065000HD0404,HD,0404,110,Chamoux Dessus,0,BI,5.8793403,45.5832223
73065000HD0403,HD,0403,1243,Chamoux Dessus,0,BI,5.879469,45.5833335
73065000HD0583,HD,0583,20,Chamoux,0,BI,5.8843578,45.5834222
73065000HD0582,HD,0582,163,Chamoux,0,BI,5.8844911,45.5833047
73065000HE0131,HE,0131,2321,Av De Chatillon,0,BI,5.8748131,45.582328
73065000HE0132,HE,0132,4777,Av De Chatillon,0,BI,5.8752402,45.5837357
73065000HE0063,HE,0063,59,Av De Chatillon,0,BI,5.8747137,45.5814984
73065000HE0073,HE,0073,35,Che Des Hauts De Chamoux,0,BI,5.8757061,45.5829061
73065000HE0133,HE,0133,116,Av De Chatillon,0,BI,5.877277,45.5829847
73065000HE0170,HE,0170,1039,Rue De La Charve,0,BI,5.8781665,45.5841729
73065000HE0174,HE,0174,293,Rue De La Charve,0,BI,5.8777526,45.5835342
73065000HE0171,HE,0171,95,Rue De La Charve,0,BI,5.8778209,45.5835135
73065000HE0187,HE,0187,6,825 Rte De Chamoux,0,BI,5.878191,45.5833812
73065000IA0071,IA,0071,17095,230 All Jacques Prevert,1,BI,5.8865079,45.5789609
73065000IA0028,IA,0028,1761,L Eglise,0,BI,5.8870165,45.5783211
73065000IA0030,IA,0030,1785,L Eglise,0,BI,5.8869737,45.577972
73065000IA0031,IA,0031,2090,456 Rte De La Labiaz,0,BI,5.8867499,45.5777944
73065000IA0039,IA,0039,1185,L Eglise,0,BI,5.8846678,45.5791607
73065000IA0040,IA,0040,1983,L Eglise,0,BI,5.8850485,45.5790019
73065000IA0037,IA,0037,1600,L Eglise,0,BI,5.8845192,45.578744
73065000IA0041,IA,0041,1630,L Eglise,0,BI,5.8857089,45.5787199
73065000IA0036,IA,0036,1247,L Eglise,0,BI,5.8843004,45.5786444
73065000IA0029,IA,0029,326,L Eglise,0,BI,5.8869928,45.5781621
73065000IA0032,IA,0032,862,L Eglise,0,BI,5.8863114,45.577833
73065000IA0044,IA,0044,734,L Eglise,0,BI,5.8847416,45.5797923
73065000IA0043,IA,0043,910,75 Rte De Chaloz,1,BI,5.884838,45.5794063
73065000IA0042,IA,0042,554,L Eglise,0,BI,5.8850926,45.5794277
73065000IA0038,IA,0038,682,L Eglise,0,BI,5.884869,45.5787199
73065000IB0094,IB,0094,1093,La Petite Foret,0,BI,5.8879869,45.5730487
73065000IB0062,IB,0062,102,All De La Petite Foret,0,BI,5.890111,45.5722
73065000IB0071,IB,0071,498,La Petite Foret,0,BI,5.8886101,45.5726885
73065000IB0096,IB,0096,44,La Petite Foret,0,BI,5.8885599,45.5728194
73065000IB0065,IB,0065,159,La Petite Foret,0,BI,5.889528,45.5728897
73065000IB0066,IB,0066,24,La Petite Foret,0,BI,5.8894353,45.5729378
73065000IB0075,IB,0075,25,La Petite Foret,0,BI,5.8880578,45.5724743
73065000IB0087,IB,0087,7,La Petite Foret,0,BI,5.8880099,45.5724761
73065000IB0074,IB,0074,176,La Petite Foret,0,BI,5.8881999,45.5725025
73065000IC0033,IC,0033,9905,Che De La Cote De Bissy,1,BI,5.8759603,45.5796346
73065000IC0049,IC,0049,108,La Foret,0,BI,5.8845002,45.577526
73065000KA0024,KA,0024,218,Bessy,0,CV,5.89056,45.6120211
73065000KA0035,KA,0035,245,Bessy,0,CV,5.8875644,45.6125955
73065000KA0255,KA,0255,47,201 Av Du Bourget Du Lac,0,CV,5.8855074,45.6132091
73065000KA0254,KA,0254,205,Av Du Bourget Du Lac,0,CV,5.885889,45.6133151
73065000KA0386,KA,0386,24,Bessy,0,CV,5.8888525,45.6127235
73065000KA0387,KA,0387,11,Bessy,0,CV,5.8888274,45.6127406
73065000KA0277,KA,0277,106,Bessy,0,CV,5.8871897,45.615208
73065000KA0209,KA,0209,794,Bessy,0,CV,5.8903039,45.6149559
73065000KA0211,KA,0211,126,Bessy,0,CV,5.8906176,45.6149789
73065000KA0215,KA,0215,175,Bessy,0,CV,5.890255,45.6150623
73065000KA0213,KA,0213,235,Bessy,0,CV,5.8902052,45.6150966
73065000KA0214,KA,0214,2485,Bessy,0,CV,5.8901333,45.6154
73065000KA0106,KA,0106,240,Bessy,0,CV,5.8905847,45.6153657
73065000KA0219,KA,0219,195,Bessy,0,CV,5.889684,45.6157267
73065000KA0212,KA,0212,536,Bessy,0,CV,5.8906607,45.6157053
73065000KA0109,KA,0109,3710,Bessy,0,CV,5.8901588,45.6158494
73065000KA0279,KA,0279,10,Bessy,0,CV,5.8872256,45.6153151
73065000KA0107,KA,0107,320,Bessy,0,CV,5.8900895,45.6155526
73065000KA0108,KA,0108,85,Bessy,0,CV,5.8906362,45.6159671
73065000KB0060,KB,0060,7741,Champ Plat,0,CV,5.8937891,45.6146284
73065000KB0110,KB,0110,5406,Fromaget,0,CV,5.8962178,45.6135007
73065000KB0093,KB,0093,853,Fromaget,0,CV,5.8954414,45.6135055
73065000KB0086,KB,0086,10219,Champ Plat,0,CV,5.8955276,45.6149894
73065000KB0059,KB,0059,4011,Champ Plat,0,CV,5.8942083,45.614201
73065000KB0087,KB,0087,17871,Che Des Vernatiaux,1,CV,5.8948119,45.6143824
73065000KB0072,KB,0072,220,Fromaget,0,CV,5.8961737,45.610906
73065000KB0055,KB,0055,3666,Champ Plat,0,CV,5.8940785,45.6129017
73065000KB0053,KB,0053,527,Champ Plat,0,CV,5.8946659,45.6123597
73065000KB0094,KB,0094,16,Rue Du Carre,0,CV,5.8997248,45.6112399
73065000KB0092,KB,0092,76,Fromaget,0,CV,5.8956862,45.6142488
73065000KB0091,KB,0091,2163,Champ Plat,0,CV,5.8958772,45.6145972
73065000KB0085,KB,0085,399,Champ Plat,0,CV,5.8956507,45.6146543
73065000KB0064,KB,0064,1633,Champ Plat,0,CV,5.8962113,45.6151552
73065000KB0084,KB,0084,36,Champ Plat,0,CV,5.8957973,45.6140935
73065000KB0090,KB,0090,19,Champ Plat,0,CV,5.8958242,45.6141165
73065000KB0089,KB,0089,89,Champ Plat,0,CV,5.8947121,45.6157514
73065000KB0088,KB,0088,15,Champ Plat,0,CV,5.8949121,45.6157771
73065000KC0114,KC,0114,37955,Cote Bardon,0,CV,5.9003146,45.6080963
73065000KC0082,KC,0082,10619,Combe Noire,0,CV,5.9041728,45.6070849
73065000KC0190,KC,0190,71,1372 Rue Du Bois De Candie,0,CV,5.8962546,45.6074237
73065000KC0189,KC,0189,26,1372 Rue Du Bois De Candie,0,CV,5.896397,45.6074176
73065000KC0129,KC,0129,17,Cote Bardon,0,CV,5.8960412,45.6074497
73065000KC0202,KC,0202,6,Cote Bardon,0,CV,5.8959638,45.6075095
73065000KC0132,KC,0132,3,Cote Bardon,0,CV,5.8967423,45.6083051
73065000KC0133,KC,0133,20,Cote Bardon,0,CV,5.8963958,45.608428
73065000KC0107,KC,0107,555,Combe Noire,0,CV,5.9023139,45.6075079
73065000KC0265,KC,0265,64,Combe Noire,0,CV,5.9027347,45.6069169
73065000KC0282,KC,0282,16,Combe Noire,0,CV,5.9017298,45.6074431
73065000KC0277,KC,0277,142,Combe Noire,0,CV,5.9018837,45.6073912
73065000KC0285,KC,0285,76,Combe Noire,0,CV,5.9015338,45.6074899
73065000KC0271,KC,0271,85,Combe Noire,0,CV,5.9026509,45.6072707
73065000KC0272,KC,0272,99,Combe Noire,0,CV,5.9024707,45.6069911
73065000KC0278,KC,0278,190,Combe Noire,0,CV,5.9018508,45.6071766
73065000KC0267,KC,0267,54,Combe Noire,0,CV,5.9026672,45.6072941
73065000KC0264,KC,0264,124,Combe Noire,0,CV,5.9028443,45.6072122
73065000KC0257,KC,0257,26,Combe Noire,0,CV,5.9032909,45.6071999
73065000KC0261,KC,0261,75,Combe Noire,0,CV,5.9030178,45.606845
73065000KC0258,KC,0258,449,Combe Noire,0,CV,5.9044701,45.6075478
73065000KC0254,KC,0254,15,Combe Noire,0,CV,5.9047353,45.6075509
73065000KC0263,KC,0263,13,Combe Noire,0,CV,5.9028723,45.6072296
73065000KC0260,KC,0260,113,Combe Noire,0,CV,5.9031396,45.6071658
73065000KC0360,KC,0360,801,Les Bois,0,CV,5.8996707,45.6096587
73065000KC0137,KC,0137,547,Cote Bardon,0,CV,5.896422,45.6092687
73065000KC0286,KC,0286,781,All Des Iris,0,CV,5.9005025,45.6106111
73065000KC0305,KC,0305,288,Les Bois,0,CV,5.900078,45.609961
73065000KC0232,KC,0232,19,All Des Iris,0,CV,5.900206,45.6104348
73065000KC0227,KC,0227,76,All Des Iris,0,CV,5.9005072,45.6105067
73065000KC0234,KC,0234,44,All Des Iris,0,CV,5.900023,45.6103534
73065000KC0248,KC,0248,40,All Des Iris,0,CV,5.8998128,45.6103195
73065000KC0358,KC,0358,25,Les Bois,0,CV,5.8996263,45.609688
73065000KC0053,KC,0053,15,Les Bois,0,CV,5.9038072,45.6095934
73065000KC0197,KC,0197,29,Les Bois,0,CV,5.9037134,45.6095309
73065000KC0200,KC,0200,29,Les Bois,0,CV,5.9035529,45.6095202
73065000KD0026,KD,0026,3987,La Cote Bastienne,0,CV,5.9034637,45.6015359
73065000KD0055,KD,0055,2742,La Cote Bastienne,0,CV,5.9009285,45.6070599
73065000KD0040,KD,0040,46,La Cote Bastienne,0,CV,5.9026551,45.6065282
73065000KD0070,KD,0070,28,Le Champet,0,CV,5.9061497,45.6062766
73065000KD0068,KD,0068,44,Che De La Combe Noire,0,CV,5.9061596,45.6061125
73065000KE0024,KE,0024,1557,All Des Blacheres,0,CV,5.8961686,45.5987137
73065000KE0018,KE,0018,10,1680 Av Des Landiers,0,CV,5.8970218,45.5973216
73065000KH0109,KH,0109,68,Roberty,0,CV,5.8940124,45.6047765
73065000KH0084,KH,0084,101,Rue De Voglans,0,CV,5.8939281,45.6054629
73065000KH0062,KH,0062,91,Les Epinettes,0,CV,5.893692,45.6067718
73065000KH0039,KH,0039,12,Rue De Voglans,0,CV,5.893747,45.6063645
73065000KH0042,KH,0042,13,Rue De Voglans,0,CV,5.8937598,45.6061918
73065000KH0088,KH,0088,79,1066 Rue De Voglans,0,CV,5.8938389,45.6061996
73065000KH0086,KH,0086,120,10 Rue Des Epinettes,0,CV,5.8938068,45.6065699
73065000KH0090,KH,0090,87,Rue Des Epinettes,0,CV,5.8938658,45.6059298
73065000KH0112,KH,0112,62,Rue De Voglans,0,CV,5.8939882,45.6050241
73065000KH0106,KH,0106,60,Roberty,0,CV,5.8939683,45.6051948
73065000KH0004,KH,0004,169,Le Quart,0,CV,5.8944131,45.6074095
73065000KI0002,KI,0002,318,2874 Av Des Landiers,0,CV,5.8919404,45.6065749
73065000KL0072,KL,0072,968,Bessy,0,CV,5.8908677,45.6098512
73065000KL0022,KL,0022,4391,Bessy,0,CV,5.8915157,45.6075437
73065000KL0105,KL,0105,154,Rue De Belle-Eau,0,CV,5.88758,45.6097625
73065000KL0071,KL,0071,31,Bessy,0,CV,5.8873731,45.6100605
73065000KL0005,KL,0005,28,550 Rue De Belle-Eau,0,CV,5.8890489,45.6100737
73065000KL0048,KL,0048,1205,Le Quart,0,CV,5.8939637,45.6115156
73065000LA0230,LA,0230,1888,Puttigny Dessus,0,CV,5.9073321,45.608651
73065000LA0186,LA,0186,13,Rue Des Bois,0,CV,5.9096379,45.6039688
73065000LA0202,LA,0202,196,All De La Valiere,0,CV,5.910227,45.6046068
73065000LA0215,LA,0215,1282,All De La Valiere,0,CV,5.9118121,45.605458
73065000LA0292,LA,0292,26,77 Che De La Combe Noire,0,CV,5.9062279,45.6061039
73065000LA0294,LA,0294,3,Puttigny Dessus,0,CV,5.9062456,45.6059837
73065000LA0297,LA,0297,43,75 Che De La Combe Noire,0,CV,5.9062174,45.6063099
73065000LA0088,LA,0088,3,Che De Grive Sac,0,CV,5.9100596,45.6060228
73065000LA0015,LA,0015,11,674 Rue De Putigny,0,CV,5.911041,45.6060249
73065000LA0216,LA,0216,29,All De La Valiere,0,CV,5.9110226,45.6050275
73065000LA0199,LA,0199,340,All De La Valiere,0,CV,5.9105056,45.604916
73065000LA0275,LA,0275,730,All De La Valiere,0,CV,5.9116871,45.6058337
73065000LA0060,LA,0060,52,Puttigny Dessus,0,CV,5.90908,45.6064885
73065000LA0231,LA,0231,536,Puttigny Dessus,0,CV,5.9081932,45.6088679
73065000LA0161,LA,0161,286,Puttigny Dessus,0,CV,5.9070438,45.6081754
73065000LA0228,LA,0228,1525,Puttigny Dessus,0,CV,5.9079497,45.6095049
73065000LA0062,LA,0062,120,345 Che De Grive Sac,0,CV,5.908423,45.6085462
73065000LA0067,LA,0067,46,Puttigny Dessus,0,CV,5.9069723,45.6088532
73065000LA0157,LA,0157,4,Puttigny Dessus,0,CV,5.9072533,45.6088896
73065000LB0152,LB,0152,7,188 Rue Des Ancolies,0,CV,5.9142245,45.60545
73065000LB0002,LB,0002,19,Morraz Dessus,0,CV,5.9115081,45.6068303
73065000LB0134,LB,0134,32,Morraz Dessus,0,CV,5.9114408,45.606832
73065000LB0154,LB,0154,57,Rue De Sonnaz,0,CV,5.9161546,45.6068051
73065000LD0025,LD,0025,12845,Morraz Dessous,0,HC,5.9166709,45.6029112
73065000LD0287,LD,0287,95,Morraz Dessus,0,HC,5.9143378,45.6017081
73065000LD0267,LD,0267,124,Morraz Dessus,0,HC,5.9138249,45.6023092
73065000LD0270,LD,0270,359,Morraz Dessus,0,HC,5.9145846,45.6017343
73065000LD0268,LD,0268,15,Morraz Dessus,0,HC,5.9140965,45.6018674
73065000LD0121,LD,0121,57,Rue De Sonnaz,0,HC,5.9187332,45.6037353
73065000LD0166,LD,0166,95,Rue De Sonnaz,0,CV,5.918664,45.603979
73065000LD0168,LD,0168,36,Rue De Sonnaz,0,CV,5.9186133,45.6041686
73065000LD0176,LD,0176,2,Corlet,0,CV,5.920267,45.6054148
73065000LD0174,LD,0174,2,Corlet,0,CV,5.9185771,45.6049616
73065000LD0070,LD,0070,250,Morraz Dessous,0,CV,5.9179521,45.605512
73065000LD0170,LD,0170,11,Rue De Sonnaz,0,CV,5.9185533,45.6044383
73065000LD0315,LD,0315,105,Morraz Dessous,0,CV,5.9199227,45.6059
73065000LD0313,LD,0313,24,Morraz Dessous,0,CV,5.9201042,45.6056072
73065000LE0196,LE,0196,20,Puttigny Dessous,0,CV,5.9085163,45.6021541
73065000LE0197,LE,0197,22,Puttigny Dessous,0,CV,5.9082826,45.6021746
73065000LE0050,LE,0050,1111,Puttigny Dessous,0,CV,5.913151,45.6015734
73065000LE0138,LE,0138,806,Puttigny Dessous,0,CV,5.9122466,45.6013567
73065000LE0241,LE,0241,13,Puttigny Dessous,0,CV,5.9098262,45.6008749
73065000LE0239,LE,0239,2,Puttigny Dessous,0,CV,5.9097039,45.6008521
73065000LE0004,LE,0004,39,Puttigny Dessous,0,CV,5.9073778,45.6026351
73065000LE0246,LE,0246,3,Puttigny Dessous,0,CV,5.9093663,45.6023634
73065000LE0259,LE,0259,22,Rue Du Champet,0,CV,5.9078948,45.603964
73065000MA0047,MA,0047,19487,La Combe,1,HC,5.9094984,45.5976633
73065000MA0048,MA,0048,2747,La Combe,0,CV,5.9074721,45.5979235
73065000MA0194,MA,0194,10968,Rue Du Bertillet,0,HC,5.9142022,45.600205
73065000MA0207,MA,0207,349,Rue Du Pre De L Ane,0,HC,5.9135317,45.5999744
73065000MA0204,MA,0204,4843,Rue Du Pre De L Ane,0,HC,5.9129499,45.5999942
73065000MA0049,MA,0049,7769,La Combe,0,CV,5.9072773,45.5975443
73065000MA0091,MA,0091,1984,La Combe,0,CV,5.9059629,45.5971996
73065000MA0097,MA,0097,249,La Combe,0,CV,5.9059195,45.5976403
73065000MA0059,MA,0059,5631,290 Rue Du Goleron,0,CV,5.906733,45.5991793
73065000MA0046,MA,0046,443,La Combe,0,HC,5.9102968,45.5978007
73065000MA0044,MA,0044,2036,La Combe,0,HC,5.9102908,45.5978876
73065000MA0045,MA,0045,639,La Combe,0,HC,5.9095485,45.5981848
73065000MA0043,MA,0043,218,Vers Le Bois,0,HC,5.9112022,45.597523
73065000MA0025,MA,0025,423,La Combe,0,CV,5.9091003,45.6001273
73065000MA0172,MA,0172,58,366 Rue Du Goleron,0,CV,5.9077812,45.6003086
73065000MA0110,MA,0110,29,646 Rue Commandant Bulle,0,CV,5.9094765,45.5985181
73065000MA0076,MA,0076,242,La Combe,0,CV,5.9082693,45.6001785
73065000MA0121,MA,0121,64,27 All Du Poitou,0,CV,5.9091162,45.6001784
73065000MA0168,MA,0168,38,63 All Du Poitou,0,CV,5.9092781,45.5997303
73065000MA0206,MA,0206,1001,Rue Du Pre De L Ane,0,HC,5.9129454,45.6008172
73065000MA0003,MA,0003,2474,Rue Du Bertillet,0,HC,5.9136761,45.6003901
73065000MA0137,MA,0137,164,Rue Du Pre De L Ane,0,HC,5.9132278,45.5989255
73065000MA0205,MA,0205,574,Rue Du Pre De L Ane,0,HC,5.9123407,45.6007863
73065000MA0212,MA,0212,415,Rue Du Pre De L Ane,0,HC,5.9132216,45.6000355
73065000MA0196,MA,0196,1060,Rue De Pragondran,0,HC,5.9127198,45.6007944
73065000MA0209,MA,0209,55,Rue Du Pre De L Ane,0,HC,5.9133792,45.6002087
73065000MA0203,MA,0203,8,861 Rue Du Pre De L Ane,0,HC,5.9135316,45.5997009
73065000MA0202,MA,0202,173,861 Rue Du Pre De L Ane,0,HC,5.9135609,45.5996375
73065000MA0210,MA,0210,53,Rue Du Pre De L Ane,0,HC,5.9135068,45.5999698
73065000MA0133,MA,0133,7,861 Rue Du Pre De L Ane,0,HC,5.9137121,45.5996157
73065000MA0134,MA,0134,9,Rue Du Montbazin,0,HC,5.9137181,45.5989404
73065000MA0211,MA,0211,29,Rue Du Pre De L Ane,0,HC,5.913616,45.5997652
73065000MA0015,MA,0015,5,La Combe,0,CV,5.9089371,45.6005032
73065000MA0077,MA,0077,51,La Combe,0,CV,5.9086453,45.600551
73065000MA0120,MA,0120,39,27 All Du Poitou,0,CV,5.9090144,45.6004579
73065000MA0173,MA,0173,8,366 Rue Du Goleron,0,CV,5.9081809,45.6003789
73065000MA0191,MA,0191,1605,Rue De La Doria,0,HC,5.9116659,45.6010259
73065000MA0192,MA,0192,938,Rue De La Doria,0,HC,5.9124076,45.6011108
73065000MA0197,MA,0197,9,Rue De Pragondran,0,HC,5.9129233,45.6011084
73065000MA0193,MA,0193,1,Rue De La Doria,0,HC,5.912888,45.6011727
73065000MA0198,MA,0198,2,Rue De Pragondran,0,HC,5.9128802,45.6005069
73065000MA0195,MA,0195,115,Rue Du Bertillet,0,HC,5.9127417,45.6012951
73065000MA0208,MA,0208,30,Rue Du Pre De L Ane,0,HC,5.9132686,45.6004159
73065000MB0344,MB,0344,5966,Le Bourg,0,CV,5.902556,45.5962377
73065000MB0204,MB,0204,13,Pre Michel,0,CV,5.9015101,45.5940973
73065000MB0205,MB,0205,3599,Pre Michel,0,CV,5.9010792,45.5943957
73065000MB0028,MB,0028,3765,Pre Michel,0,CV,5.9021848,45.5947979
73065000MB0033,MB,0033,1138,Pl Paul Vachez,0,CV,5.903872,45.5949379
73065000MB0042,MB,0042,1262,Le Bourg,0,CV,5.9029885,45.5968728
73065000MB0039,MB,0039,3881,47 Rue Commandant Bulle,0,CV,5.9029727,45.5955777
73065000MB0345,MB,0345,3725,Le Bourg,0,CV,5.9027635,45.5967516
73065000MB0384,MB,0384,5164,187 Rue Commandant Bulle,1,CV,5.9035533,45.5969839
73065000MB0304,MB,0304,573,Le Bourg,0,CV,5.9029256,45.5963212
73065000MB0041,MB,0041,1315,27 Rue De Roberty,1,CV,5.9032712,45.5962939
73065000MB0040,MB,0040,1235,Le Bourg,0,CV,5.9034054,45.5960102
73065000MB0037,MB,0037,2042,1 Pl Paul Vachez,1,CV,5.9035884,45.5953477
73065000MB0029,MB,0029,587,325 Rue Du Bourg,1,CV,5.9024824,45.595314
73065000MB0036,MB,0036,461,5 Pl Paul Vachez,0,CV,5.9040595,45.5951942
73065000MB0188,MB,0188,825,Le Bourg,0,CV,5.9033883,45.5950977
73065000MB0035,MB,0035,431,5 Pl Paul Vachez,1,CV,5.9041269,45.5950651
73065000MB0034,MB,0034,1265,Pl Paul Vachez,0,CV,5.9043594,45.5949884
73065000MB0123,MB,0123,548,Le Bourg,0,CV,5.9043144,45.5973022
73065000MB0383,MB,0383,2346,Le Bourg,0,CV,5.9040297,45.5967513
73065000MB0045,MB,0045,12,Le Bourg,0,CV,5.9025432,45.5974136
73065000MB0319,MB,0319,20,Rue Commandant Bulle,0,CV,5.9053709,45.5967969
73065000MB0387,MB,0387,18,Le Bourg,0,CV,5.9044112,45.5965192
73065000MB0385,MB,0385,107,Le Bourg,0,CV,5.9046303,45.5965915
73065000MB0323,MB,0323,8,All De Roberty,0,CV,5.9007532,45.5983841
73065000MC0070,MC,0070,28641,Vers Le Bois,0,CV,5.9116553,45.5963539
73065000MC0005,MC,0005,53232,Nant Bertaux,0,CV,5.9044484,45.5921272
73065000MC0006,MC,0006,9662,Nant Bertaux,0,CV,5.9055942,45.5926966
73065000MC0048,MC,0048,5212,Vers Le Bois,0,CV,5.9074688,45.5944209
73065000MC0055,MC,0055,992,Vers Le Bois,0,CV,5.9071283,45.5942704
73065000MC0062,MC,0062,3880,Vers Le Bois,0,CV,5.9069419,45.5948129
73065000MC0040,MC,0040,32837,Vers Le Bois,0,CV,5.9107723,45.5950411
73065000MC0101,MC,0101,2294,Vers Le Bois,0,CV,5.9062987,45.595762
73065000MC0060,MC,0060,1152,Vers Le Bois,0,CV,5.9060746,45.5946061
73065000MC0059,MC,0059,1177,Vers Le Bois,0,CV,5.9061241,45.5942008
73065000MC0014,MC,0014,1037,Nant Bertaux,0,CV,5.9023592,45.5942439
73065000MC0007,MC,0007,8146,Nant Bertaux,0,CV,5.9046905,45.5941691
73065000MC0008,MC,0008,1804,Nant Bertaux,0,CV,5.9044427,45.5938413
73065000MC0081,MC,0081,3001,Nant Bertaux,0,CV,5.9043231,45.5944989
73065000MC0096,MC,0096,2371,Vers Le Bois,0,CV,5.9057441,45.5947579
73065000MC0019,MC,0019,787,Vers Le Bois,0,CV,5.9064346,45.5942865
73065000MC0058,MC,0058,247,Vers Le Bois,0,CV,5.9072062,45.5943157
73065000MC0049,MC,0049,871,Nant Bertaux,0,CV,5.9062408,45.5929245
73065000MC0039,MC,0039,6328,Vers Le Bois,0,CV,5.9120585,45.5948168
73065000MC0093,MC,0093,4,Vers Le Bois,0,CV,5.9045851,45.5951865
73065000MC0106,MC,0106,1,Vers Le Bois,0,CV,5.9060377,45.5947963
73065000MC0104,MC,0104,218,Vers Le Bois,0,CV,5.9061052,45.5948886
73065000MC0057,MC,0057,176,Vers Le Bois,0,CV,5.9077711,45.5953494
73065000MC0061,MC,0061,236,Vers Le Bois,0,CV,5.9072969,45.5955245
73065000MC0090,MC,0090,777,Vers Le Bois,0,CV,5.9064896,45.594638
73065000MC0097,MC,0097,964,14 Che Du Petit Bois,0,CV,5.9063178,45.5968598
73065000MC0099,MC,0099,2,Vers Le Bois,0,CV,5.9062915,45.596627
73065000MC0110,MC,0110,70,14 Che Du Petit Bois,0,CV,5.9061548,45.5966645
73065000MC0113,MC,0113,94,Che Du Petit Bois,0,CV,5.9062395,45.5966775
73065000MC0108,MC,0108,124,Che Du Petit Bois,0,CV,5.9062202,45.596564
73065000MC0032,MC,0032,977,Vers Le Bois,0,CV,5.9074414,45.5970743
73065000MC0086,MC,0086,167,Che Du Petit Bois,0,CV,5.906628,45.5969688
73065000MC0088,MC,0088,23,Che Du Petit Bois,0,CV,5.9062567,45.5967419
73065000MD0027,MD,0027,6871,La Balme,0,CV,5.9080523,45.5888418
73065000MD0022,MD,0022,5300,La Balme,0,CV,5.9089497,45.5878905
73065000MD0079,MD,0079,1320,169 Rue Des Arves,0,CV,5.906542,45.588398
73065000MD0018,MD,0018,1830,La Balme,0,CV,5.9074416,45.5910154
73065000MD0043,MD,0043,3279,La Balme,0,CV,5.9072702,45.5904491
73065000MD0029,MD,0029,23,La Balme,0,CV,5.9075958,45.5890694
73065000MD0020,MD,0020,30,La Balme,0,CV,5.9086148,45.5894496
73065000MD0011,MD,0011,18,La Mouchette,0,CV,5.9112294,45.5888892
