{
"type": "FeatureCollection",
"name": "referentiel_voies",
"xy_coordinate_resolution": 1e-07,
"features": [
{ "type": "Feature", "properties": { "id_voie": "73065_3370", "nom": "Rue Ronde", "type_voie": "Rue", "longueur_m": 220.6, "quartier": "CE" }, "geometry": { "type": "LineString", "coordinates": [ [ 5.9113863, 45.5678899 ], [ 5.9112948, 45.5679787 ], [ 5.9111169, 45.5681591 ], [ 5.9107849, 45.5685786 ], [ 5.9106885, 45.568746 ], [ 5.9106611, 45.5688115 ], [ 5.9106504, 45.5688767 ], [ 5.9106561, 45.5689613 ], [ 5.9106904, 45.5690523 ], [ 5.910759, 45.5691857 ], [ 5.9108667, 45.5693307 ], [ 5.9110736, 45.5695821 ], [ 5.9111603, 45.5696438 ] ] } },
{ "type": "Feature", "properties": { "id_voie": "73065_3617", "nom": "Rue de Sologne", "type_voie": "Rue", "longueur_m": 56.2, "quartier": "CV" }, "geometry": { "type": "LineString", "coordinates": [ [ 5.913157, 45.6020989 ], [ 5.9130525, 45.6020385 ], [ 5.9128867, 45.6019374 ], [ 5.9126305, 45.6021197 ] ] } },
{ "type": "Feature", "properties": { "id_voie": "73065_1390", "nom": "Rue Fodéré", "type_voie": "Rue", "longueur_m": 106.7, "quartier": "LA" }, "geometry": { "type": "MultiLineString", "coordinates": [ [ [ 5.9214557, 45.5624076 ], [ 5.9214657, 45.5624281 ], [ 5.9214917, 45.5624833 ], [ 5.9215174, 45.5625565 ], [ 5.9215389, 45.5626244 ], [ 5.9215549, 45.5626853 ] ], [ [ 5.921764, 45.5633421 ], [ 5.9216856, 45.5631432 ], [ 5.9215893, 45.5628024 ], [ 5.9215549, 45.5626853 ] ] ] } },
{ "type": "Feature", "properties": { "id_voie": "73065_0899", "nom": "Chemin de la Combe", "type_voie": "Chemin", "longueur_m": 91.1, "quartier": "CV" }, "geometry": { "type": "LineString", "coordinates": [ [ 5.917666, 45.6070092 ], [ 5.9173031, 45.606969 ], [ 5.9165067, 45.6069113 ] ] } },
{ "type": "Feature", "properties": { "id_voie": "73065_1280", "nom": "Rue des Entremonts", "type_voie": "Rue", "longueur_m": 94.3, "quartier": "BI" }, "geometry": { "type": "LineString", "coordinates": [ [ 5.8984001, 45.5739637 ], [ 5.8987662, 45.5736533 ], [ 5.8991863, 45.5733198 ] ] } },
{ "type": "Feature", "properties": { "id_voie": "73065_0514", "nom": "Rue Camille Chambre", "type_voie": "Rue", "longueur_m": 70.5, "quartier": "HC" }, "geometry": { "type": "LineString", "coordinates": [ [ 5.9131811, 45.5930117 ], [ 5.9123457, 45.5927702 ] ] } },
{ "type": "Feature", "properties": { "id_voie": "73065_1956", "nom": "Allée des Iris", "type_voie": "Allée", "longueur_m": 87.3, "quartier": "CV" }, "geometry": { "type": "LineString", "coordinates": [ [ 5.8995106, 45.6103019 ], [ 5.9004965, 45.6104468 ], [ 5.9006073, 45.6104556 ] ] } },
{ "type": "Feature", "properties": { "id_voie": "73065_1210", "nom": "Rue Ducis", "type_voie": "Rue", "longueur_m": 110.9, "quartier": "CE" }, "geometry": { "type": "MultiLineString", "coordinates": [ [ [ 5.9238134, 45.5653496 ], [ 5.9235389, 45.5656667 ], [ 5.9234675, 45.5657722 ] ], [ [ 5.9241815, 45.5649102 ], [ 5.9239846, 45.5651424 ], [ 5.9238134, 45.5653496 ] ] ] } },
{ "type": "Feature", "properties": { "id_voie": "73065_0150", "nom": "Rue de l'Arclusaz", "type_voie": "Rue", "longueur_m": 217.9, "quartier": "BI" }, "geometry": { "type": "LineString", "coordinates": [ [ 5.904382, 45.5785498 ], [ 5.9015942, 45.5786561 ] ] } },
{ "type": "Feature", "properties": { "id_voie": "73065_3550", "nom": "Rue Salteur", "type_voie": "Rue", "longueur_m": 81.9, "quartier": "CE" }, "geometry": { "type": "MultiLineString", "coordinates": [ [ [ 5.9238605, 45.5666325 ], [ 5.9239866, 45.5664931 ], [ 5.9240872, 45.5663815 ], [ 5.9241429, 45.5663196 ] ], [ [ 5.9238605, 45.5666325 ], [ 5.9236246, 45.5668783 ], [ 5.9235713, 45.5669374 ] ] ] } },
{ "type": "Feature", "properties": { "id_voie": "73065_2650", "nom": "Rue de la Métropole", "type_voie": "Rue", "longueur_m": 105.8, "quartier": "CE" }, "geometry": { "type": "MultiLineString", "coordinates": [ [ [ 5.9220153, 45.5649693 ], [ 5.9217154, 45.5648302 ], [ 5.9213107, 45.5645992 ], [ 5.9211893, 45.5645096 ] ], [ [ 5.9223019, 45.5650276 ], [ 5.9220153, 45.5649693 ] ] ] } },
{ "type": "Feature", "properties": { "id_voie": "73065_3900", "nom": "Rue Waldeck-Rousseau", "type_voie": "Rue", "longueur_m": 69.6, "quartier": "CE" }, "geometry": { "type": "LineString", "coordinates": [ [ 5.9185535, 45.5681257 ], [ 5.9184339, 45.5681927 ], [ 5.9182887, 45.5682605 ], [ 5.9178204, 45.5684808 ] ] } },
{ "type": "Feature", "properties": { "id_voie": "73065_2319", "nom": "Allée du Léman", "type_voie": "Allée", "longueur_m": 53.9, "quartier": "HC" }, "geometry": { "type": "LineString", "coordinates": [ [ 5.9213768, 45.5900281 ], [ 5.9215644, 45.5904945 ] ] } },
{ "type": "Feature", "properties": { "id_voie": "73065_3410", "nom": "Passage Saint-Benoît", "type_voie": "Passage", "longueur_m": 44.4, "quartier": "LA" }, "geometry": { "type": "LineString", "coordinates": [ [ 5.9264714, 45.5665393 ], [ 5.9265197, 45.5661415 ] ] } },
{ "type": "Feature", "properties": { "id_voie": "73065_0358", "nom": "Rue des Bissières", "type_voie": "Rue", "longueur_m": 192.6, "quartier": "BI" }, "geometry": { "type": "MultiLineString", "coordinates": [ [ [ 5.8930316, 45.5811863 ], [ 5.8934409, 45.5813578 ] ], [ [ 5.8913282, 45.5804624 ], [ 5.8930316, 45.5811863 ] ] ] } },
{ "type": "Feature", "properties": { "id_voie": "73065_3920", "nom": "Rue Yolande de France", "type_voie": "Rue", "longueur_m": 54.6, "quartier": "LA" }, "geometry": { "type": "LineString", "coordinates": [ [ 5.9326956, 45.5608335 ], [ 5.9327627, 45.5605974 ], [ 5.932815, 45.5603492 ] ] } },
{ "type": "Feature", "properties": { "id_voie": "73065_2850", "nom": "Rue Mouxy de Loche", "type_voie": "Rue", "longueur_m": 128.3, "quartier": "LA" }, "geometry": { "type": "LineString", "coordinates": [ [ 5.9304216, 45.571687 ], [ 5.9301494, 45.5714166 ], [ 5.9300244, 45.571309 ], [ 5.92989, 45.5712179 ], [ 5.9295536, 45.5709707 ], [ 5.929333, 45.5708269 ] ] } },
{ "type": "Feature", "properties": { "id_voie": "73065_0550", "nom": "Rue Carnot", "type_voie": "Rue", "longueur_m": 86.4, "quartier": "CE" }, "geometry": { "type": "LineString", "coordinates": [ [ 5.9080873, 45.5658226 ], [ 5.9081946, 45.5657901 ], [ 5.9083987, 45.5657443 ], [ 5.9086226, 45.5657069 ], [ 5.9091154, 45.5656383 ], [ 5.9091545, 45.5656499 ] ] } },
{ "type": "Feature", "properties": { "id_voie": "73065_0060", "nom": "Rue des Alpes", "type_voie": "Rue", "longueur_m": 188.0, "quartier": "BI" }, "geometry": { "type": "LineString", "coordinates": [ [ 5.8934063, 45.5784833 ], [ 5.8924053, 45.5791182 ], [ 5.8916204, 45.5796178 ] ] } },
{ "type": "Feature", "properties": { "id_voie": "73065_0630", "nom": "Rue des Champs", "type_voie": "Rue", "longueur_m": 170.1, "quartier": "BI" }, "geometry": { "type": "LineString", "coordinates": [ [ 5.8929336, 45.5737288 ], [ 5.8929926, 45.5736786 ], [ 5.8930936, 45.5735985 ], [ 5.8932361, 45.5735263 ], [ 5.8933956, 45.5734592 ], [ 5.8935347, 45.5733709 ], [ 5.8937264, 45.5732344 ], [ 5.8939006, 45.5731064 ], [ 5.8941259, 45.5728997 ], [ 5.8944195, 45.5726245 ] ] } },
{ "type": "Feature", "properties": { "id_voie": "73065_2270", "nom": "Rue de Lans", "type_voie": "Rue", "longueur_m": 67.8, "quartier": "CE" }, "geometry": { "type": "LineString", "coordinates": [ [ 5.9197675, 45.565818 ], [ 5.9202557, 45.5659278 ], [ 5.9204756, 45.5660113 ], [ 5.920519, 45.5660796 ] ] } },
{ "type": "Feature", "properties": { "id_voie": "73065_2821", "nom": "Rue de la Mouchette", "type_voie": "Rue", "longueur_m": 90.7, "quartier": "HC" }, "geometry": { "type": "LineString", "coordinates": [ [ 5.9117275, 45.5932422 ], [ 5.9120455, 45.5933096 ], [ 5.9125844, 45.5934533 ], [ 5.9128214, 45.5935166 ] ] } },
{ "type": "Feature", "properties": { "id_voie": "73065_t338hu", "nom": "Rue Francisque Gardien", "type_voie": "Rue", "longueur_m": 88.1, "quartier": "BI" }, "geometry": { "type": "LineString", "coordinates": [ [ 5.8944593, 45.5777606 ], [ 5.8951515, 45.578387 ] ] } },
{ "type": "Feature", "properties": { "id_voie": "73065_1180", "nom": "Rue Docteur Vernier", "type_voie": "Rue", "longueur_m": 265.1, "quartier": "CE" }, "geometry": { "type": "LineString", "coordinates": [ [ 5.9223722, 45.5757316 ], [ 5.9223609, 45.5757608 ], [ 5.9223316, 45.5757886 ], [ 5.9222993, 45.5758092 ], [ 5.9222503, 45.5758285 ], [ 5.921738, 45.5759689 ], [ 5.9209202, 45.5761785 ], [ 5.920062, 45.5764017 ], [ 5.9195009, 45.5765641 ], [ 5.9192637, 45.5766414 ] ] } },
{ "type": "Feature", "properties": { "id_voie": "73065_1083", "nom": "Rue de la Dent de Pleuven", "type_voie": "Rue", "longueur_m": 46.3, "quartier": "BI" }, "geometry": { "type": "LineString", "coordinates": [ [ 5.8799314, 45.582495 ], [ 5.880164, 45.5824773 ], [ 5.880205, 45.5824762 ], [ 5.880244, 45.5824851 ], [ 5.880268, 45.5825035 ], [ 5.8803634, 45.5826596 ] ] } },
{ "type": "Feature", "properties": { "id_voie": "IGN-2338639374", "nom": "Pont De La Motte", "type_voie": "Pont", "longueur_m": 27.6, "quartier": "BI" }, "geometry": { "type": "LineString", "coordinates": [ [ 5.8922539, 45.5971194 ], [ 5.8926065, 45.5971356 ] ] } },
{ "type": "Feature", "properties": { "id_voie": "IGN-2338639379", "nom": "Rte D'Apremont", "type_voie": "Route", "longueur_m": 211.1, "quartier": null }, "geometry": { "type": "MultiLineString", "coordinates": [ [ [ 5.9380608, 45.5663405 ], [ 5.9383368, 45.5662963 ], [ 5.9385232, 45.5662545 ] ], [ [ 5.9403176, 45.5657399 ], [ 5.9405871, 45.5656697 ] ], [ [ 5.9385232, 45.5662545 ], [ 5.9388533, 45.5661647 ], [ 5.9392401, 45.5660555 ], [ 5.9396872, 45.5659231 ], [ 5.9403176, 45.5657399 ] ] ] } },
{ "type": "Feature", "properties": { "id_voie": "73065_2230", "nom": "Rue du Jura", "type_voie": "Rue", "longueur_m": 161.5, "quartier": "BI" }, "geometry": { "type": "MultiLineString", "coordinates": [ [ [ 5.8932068, 45.5778307 ], [ 5.8932454, 45.5778828 ], [ 5.8932746, 45.5779506 ], [ 5.8933052, 45.5780462 ], [ 5.8934063, 45.5784833 ] ], [ [ 5.8934063, 45.5784833 ], [ 5.8935081, 45.5789817 ], [ 5.8936221, 45.5792491 ] ] ] } },
{ "type": "Feature", "properties": { "id_voie": "IGN-2338642107", "nom": "Imp Sur R Dessaix", "type_voie": "Impasse", "longueur_m": 43.7, "quartier": "CE" }, "geometry": { "type": "LineString", "coordinates": [ [ 5.9229213, 45.5644898 ], [ 5.9231057, 45.5641182 ] ] } },
{ "type": "Feature", "properties": { "id_voie": "73065_0799", "nom": "Allée de Chautagne", "type_voie": "Allée", "longueur_m": 42.2, "quartier": "BI" }, "geometry": { "type": "LineString", "coordinates": [ [ 5.8799504, 45.5841462 ], [ 5.879486, 45.5839517 ] ] } },
{ "type": "Feature", "properties": { "id_voie": "73065_3733", "nom": "Allée des Tourelles", "type_voie": "Allée", "longueur_m": 181.3, "quartier": "LA" }, "geometry": { "type": "LineString", "coordinates": [ [ 5.9352709, 45.5714847 ], [ 5.9351803, 45.5712754 ], [ 5.9349005, 45.570523 ], [ 5.9348531, 45.5704756 ], [ 5.9348112, 45.5704596 ], [ 5.9346695, 45.5704498 ], [ 5.9343824, 45.5704555 ], [ 5.9341521, 45.5706354 ] ] } },
{ "type": "Feature", "properties": { "id_voie": "IGN-2338644664", "nom": "Promenade Jean Monnet", "type_voie": "Promenade", "longueur_m": 156.1, "quartier": "LA" }, "geometry": { "type": "LineString", "coordinates": [ [ 5.9259243, 45.5624941 ], [ 5.926086, 45.5628827 ], [ 5.9266526, 45.5637997 ] ] } },
{ "type": "Feature", "properties": { "id_voie": "73065_3136", "nom": "Rue de Plainpalais", "type_voie": "Rue", "longueur_m": 221.4, "quartier": "BI" }, "geometry": { "type": "LineString", "coordinates": [ [ 5.8875488, 45.5797405 ], [ 5.8880103, 45.5799043 ], [ 5.8883319, 45.5800168 ], [ 5.8883963, 45.5800215 ], [ 5.8884537, 45.5799912 ], [ 5.8889231, 45.5795177 ], [ 5.8894881, 45.5789364 ] ] } },
{ "type": "Feature", "properties": { "id_voie": "73065_0520", "nom": "Chemin des Campanules", "type_voie": "Chemin", "longueur_m": 87.4, "quartier": "HC" }, "geometry": { "type": "MultiLineString", "coordinates": [ [ [ 5.920077, 45.5816799 ], [ 5.9195141, 45.5816883 ] ], [ [ 5.920077, 45.5816799 ], [ 5.9206335, 45.5816961 ] ] ] } },
{ "type": "Feature", "properties": { "id_voie": "73065_1830", "nom": "Rue d'Hautecombe", "type_voie": "Rue", "longueur_m": 145.3, "quartier": "BI" }, "geometry": { "type": "MultiLineString", "coordinates": [ [ [ 5.9025938, 45.5764262 ], [ 5.9031789, 45.5762075 ] ], [ [ 5.9031789, 45.5762075 ], [ 5.9032338, 45.5762024 ], [ 5.9033058, 45.5761808 ], [ 5.9040711, 45.575897 ], [ 5.9042528, 45.5758391 ] ] ] } },
{ "type": "Feature", "properties": { "id_voie": "73065_2564", "nom": "Avenue Marius Berroir", "type_voie": "Avenue", "longueur_m": 362.3, "quartier": "LA" }, "geometry": { "type": "MultiLineString", "coordinates": [ [ [ 5.9337623, 45.5655985 ], [ 5.9332686, 45.5651419 ], [ 5.9329801, 45.5648539 ], [ 5.9327011, 45.5645755 ] ], [ [ 5.9319771, 45.5638384 ], [ 5.9321123, 45.5639692 ], [ 5.9323567, 45.5642241 ], [ 5.9327011, 45.5645755 ] ], [ [ 5.9341201, 45.5659586 ], [ 5.9341924, 45.5660649 ] ], [ [ 5.9337623, 45.5655985 ], [ 5.9339673, 45.5657635 ], [ 5.9340438, 45.5658516 ], [ 5.9341201, 45.5659586 ] ], [ [ 5.9340833, 45.5660875 ], [ 5.9340179, 45.5659676 ], [ 5.9339055, 45.5658065 ], [ 5.9337623, 45.5655985 ] ] ] } },
{ "type": "Feature", "properties": { "id_voie": "73065_2260", "nom": "Rue Lamartine", "type_voie": "Rue", "longueur_m": 161.5, "quartier": "CE" }, "geometry": { "type": "MultiLineString", "coordinates": [ [ [ 5.9162543, 45.570803 ], [ 5.9160464, 45.5706561 ], [ 5.9157015, 45.5704407 ], [ 5.9153846, 45.5702705 ] ], [ [ 5.9162543, 45.570803 ], [ 5.9166051, 45.5710336 ], [ 5.9169127, 45.5712473 ] ] ] } },
{ "type": "Feature", "properties": { "id_voie": "73065_2430", "nom": "Place Maché", "type_voie": "Place", "longueur_m": 46.8, "quartier": "CE" }, "geometry": { "type": "MultiLineString", "coordinates": [ [ [ 5.9170698, 45.5655042 ], [ 5.9171154, 45.5655174 ], [ 5.9172128, 45.5655635 ] ], [ [ 5.9169996, 45.5656565 ], [ 5.9171578, 45.5656398 ], [ 5.9172974, 45.5656352 ] ], [ [ 5.9172128, 45.5655635 ], [ 5.9172974, 45.5656352 ] ] ] } },
{ "type": "Feature", "properties": { "id_voie": "73065_1354", "nom": "Rue de l'Etendard", "type_voie": "Rue", "longueur_m": 168.2, "quartier": "BI" }, "geometry": { "type": "LineString", "coordinates": [ [ 5.8890273, 45.5805333 ], [ 5.8889179, 45.5804523 ], [ 5.8888864, 45.5804143 ], [ 5.8889033, 45.5803689 ], [ 5.8892023, 45.5801485 ], [ 5.8902215, 45.5794411 ] ] } },
{ "type": "Feature", "properties": { "id_voie": "73065_3885", "nom": "Rue des Vosges", "type_voie": "Rue", "longueur_m": 162.2, "quartier": "CV" }, "geometry": { "type": "MultiLineString", "coordinates": [ [ [ 5.9113499, 45.6011518 ], [ 5.9112707, 45.6013314 ], [ 5.9111997, 45.6013963 ], [ 5.9111283, 45.6014297 ], [ 5.9110564, 45.6014532 ], [ 5.9108806, 45.6014793 ], [ 5.9107883, 45.6014817 ], [ 5.9105435, 45.6014646 ] ], [ [ 5.9105435, 45.6014646 ], [ 5.9104687, 45.6014593 ], [ 5.9103443, 45.6014364 ], [ 5.9097982, 45.6012559 ], [ 5.9096035, 45.6012132 ] ] ] } },
{ "type": "Feature", "properties": { "id_voie": "73065_2530", "nom": "Square Maréchal Franchet d'Espérey", "type_voie": "Square", "longueur_m": 29.7, "quartier": "BO" }, "geometry": { "type": "LineString", "coordinates": [ [ 5.9052825, 45.5596452 ], [ 5.9053168, 45.5595164 ], [ 5.9054316, 45.5594062 ] ] } },
{ "type": "Feature", "properties": { "id_voie": "73065_1376", "nom": "Allée du Fer-à-Cheval", "type_voie": "Allée", "longueur_m": 242.4, "quartier": "HC" }, "geometry": { "type": "MultiLineString", "coordinates": [ [ [ 5.917777, 45.6033884 ], [ 5.9177352, 45.6033516 ], [ 5.9175033, 45.6029945 ], [ 5.9174759, 45.6029367 ], [ 5.9174726, 45.6028989 ], [ 5.9174786, 45.6028654 ], [ 5.9175597, 45.6027723 ], [ 5.9175955, 45.6027461 ], [ 5.9176222, 45.60274 ], [ 5.9176581, 45.60274 ], [ 5.9176979, 45.6027408 ], [ 5.9185343, 45.6029002 ] ], [ [ 5.9188607, 45.6035396 ], [ 5.9179729, 45.6034518 ], [ 5.9178963, 45.6034358 ], [ 5.917835, 45.6034184 ], [ 5.917777, 45.6033884 ] ] ] } },
{ "type": "Feature", "properties": { "id_voie": "73065_1380", "nom": "Rue des Fleurs", "type_voie": "Rue", "longueur_m": 164.1, "quartier": "CE" }, "geometry": { "type": "MultiLineString", "coordinates": [ [ [ 5.9144962, 45.5698935 ], [ 5.9137473, 45.5691425 ] ], [ [ 5.9137473, 45.5691425 ], [ 5.9134957, 45.5688724 ], [ 5.9133848, 45.5687626 ], [ 5.9132834, 45.5686895 ] ] ] } },
{ "type": "Feature", "properties": { "id_voie": "73065_0320", "nom": "Rue Berthet-Burlet", "type_voie": "Rue", "longueur_m": 65.9, "quartier": "CE" }, "geometry": { "type": "LineString", "coordinates": [ [ 5.9071345, 45.5646804 ], [ 5.9070824, 45.5646898 ], [ 5.9068286, 45.5646937 ], [ 5.9067592, 45.564691 ], [ 5.9067074, 45.5646815 ], [ 5.9066433, 45.5646588 ], [ 5.9065904, 45.5646278 ], [ 5.9064852, 45.5645539 ], [ 5.906411, 45.5644846 ] ] } },
{ "type": "Feature", "properties": { "id_voie": "73065_3760", "nom": "Rue des Trois Dauphins", "type_voie": "Rue", "longueur_m": 144.6, "quartier": "CE" }, "geometry": { "type": "LineString", "coordinates": [ [ 5.9073692, 45.5665377 ], [ 5.9073681, 45.5664188 ], [ 5.9073795, 45.5662455 ], [ 5.9074272, 45.5660307 ], [ 5.9074276, 45.5659884 ], [ 5.9074009, 45.565944 ], [ 5.9073139, 45.5658507 ], [ 5.9072535, 45.5657991 ], [ 5.9071549, 45.5656818 ], [ 5.9071196, 45.565644 ], [ 5.9071092, 45.5656172 ], [ 5.9071192, 45.5655872 ], [ 5.9072323, 45.5654681 ], [ 5.907281, 45.5654191 ], [ 5.9072993, 45.5653771 ], [ 5.9072936, 45.5653421 ] ] } },
{ "type": "Feature", "properties": { "id_voie": "73065_0730", "nom": "Rue Charles Peguy", "type_voie": "Rue", "longueur_m": 66.7, "quartier": "CE" }, "geometry": { "type": "LineString", "coordinates": [ [ 5.9070926, 45.5700456 ], [ 5.9071137, 45.5706452 ] ] } },
{ "type": "Feature", "properties": { "id_voie": "73065_2400", "nom": "Rue Lucien Chiron", "type_voie": "Rue", "longueur_m": 322.2, "quartier": "BE" }, "geometry": { "type": "MultiLineString", "coordinates": [ [ [ 5.9170169, 45.5605487 ], [ 5.9170931, 45.560535 ], [ 5.9172394, 45.56056 ], [ 5.9182445, 45.5607448 ], [ 5.918914, 45.560767 ], [ 5.9190793, 45.5607627 ] ], [ [ 5.9190793, 45.5607627 ], [ 5.9199062, 45.5607791 ], [ 5.9204081, 45.560785 ], [ 5.9209368, 45.5607883 ], [ 5.9211014, 45.5607967 ] ] ] } },
{ "type": "Feature", "properties": { "id_voie": "73065_0773", "nom": "Place des Chasseurs Alpins et du 13ème BCA", "type_voie": "Place", "longueur_m": 64.9, "quartier": "LA" }, "geometry": { "type": "LineString", "coordinates": [ [ 5.9344733, 45.5697232 ], [ 5.9347183, 45.5691653 ] ] } },
{ "type": "Feature", "properties": { "id_voie": "73065_1770", "nom": "Rue du Granier", "type_voie": "Rue", "longueur_m": 192.8, "quartier": "BI" }, "geometry": { "type": "LineString", "coordinates": [ [ 5.9015623, 45.5780712 ], [ 5.9040274, 45.5779526 ] ] } },
{ "type": "Feature", "properties": { "id_voie": "73065_0100", "nom": "Rue Anatole France", "type_voie": "Rue", "longueur_m": 397.3, "quartier": "BE" }, "geometry": { "type": "MultiLineString", "coordinates": [ [ [ 5.9191233, 45.5603561 ], [ 5.9182588, 45.5603335 ], [ 5.9171027, 45.5603266 ], [ 5.9169663, 45.5603184 ] ], [ [ 5.9219718, 45.5606632 ], [ 5.921636, 45.5606701 ], [ 5.9215168, 45.5606714 ], [ 5.9214197, 45.5606541 ], [ 5.9213226, 45.5606125 ], [ 5.9211177, 45.5605466 ], [ 5.9207223, 45.5604425 ], [ 5.9204357, 45.5603842 ], [ 5.920282, 45.5603629 ], [ 5.9200701, 45.5603585 ], [ 5.9196441, 45.560357 ], [ 5.9191233, 45.5603561 ] ] ] } },
{ "type": "Feature", "properties": { "id_voie": "73065_2771", "nom": "Rue du Mont d'Armène", "type_voie": "Rue", "longueur_m": 135.0, "quartier": "BI" }, "geometry": { "type": "LineString", "coordinates": [ [ 5.8937275, 45.569986 ], [ 5.8937392, 45.5700884 ], [ 5.8937126, 45.5701936 ], [ 5.8935563, 45.5703941 ], [ 5.8929894, 45.571061 ] ] } },
{ "type": "Feature", "properties": { "id_voie": "73065_3855", "nom": "Chemin de Vitonne", "type_voie": "Chemin", "longueur_m": 539.4, "quartier": "BE" }, "geometry": { "type": "MultiLineString", "coordinates": [ [ [ 5.9236514, 45.5587029 ], [ 5.9236459, 45.5588896 ], [ 5.9236298, 45.5589494 ], [ 5.923589, 45.5590028 ] ], [ [ 5.923589, 45.5590028 ], [ 5.9234193, 45.5591901 ], [ 5.9233461, 45.5592371 ], [ 5.9232526, 45.5592638 ], [ 5.9231556, 45.5592745 ], [ 5.9230733, 45.5592694 ], [ 5.9229928, 45.5592508 ], [ 5.9228585, 45.5591606 ] ], [ [ 5.9224757, 45.5549895 ], [ 5.9225347, 45.5552808 ], [ 5.9225578, 45.5553541 ], [ 5.9225937, 45.555427 ], [ 5.9227883, 45.5556643 ], [ 5.9228346, 45.5557397 ], [ 5.9228872, 45.5558861 ], [ 5.9230465, 45.5562064 ], [ 5.9230804, 45.5562902 ], [ 5.9231506, 45.5565506 ], [ 5.9231818, 45.5566327 ], [ 5.9232607, 45.556791 ], [ 5.9233345, 45.5569738 ], [ 5.923596, 45.5576753 ], [ 5.9236861, 45.5580721 ], [ 5.923736, 45.5584574 ], [ 5.9237554, 45.5585587 ], [ 5.9236514, 45.5587029 ] ] ] } },
{ "type": "Feature", "properties": { "id_voie": "73065_1690", "nom": "Rue Georges Guynemer", "type_voie": "Rue", "longueur_m": 136.2, "quartier": "BO" }, "geometry": { "type": "MultiLineString", "coordinates": [ [ [ 5.9041263, 45.5631146 ], [ 5.9042203, 45.5629734 ], [ 5.9044045, 45.5627181 ], [ 5.9045252, 45.5625492 ], [ 5.9046975, 45.5622888 ] ], [ [ 5.9049859, 45.5620633 ], [ 5.9049195, 45.562093 ], [ 5.9047969, 45.5621781 ], [ 5.9046975, 45.5622888 ] ] ] } },
{ "type": "Feature", "properties": { "id_voie": "73065_3020", "nom": "Rue Paul Verlaine", "type_voie": "Rue", "longueur_m": 99.9, "quartier": "BO" }, "geometry": { "type": "LineString", "coordinates": [ [ 5.9011751, 45.5595937 ], [ 5.9010922, 45.5595535 ], [ 5.9010019, 45.5594945 ], [ 5.9005313, 45.5591057 ], [ 5.9004425, 45.5590512 ], [ 5.9003473, 45.5589969 ], [ 5.9002664, 45.5589711 ] ] } },
{ "type": "Feature", "properties": { "id_voie": "73065_1970", "nom": "Place d'Italie", "type_voie": "Place", "longueur_m": 88.6, "quartier": "CE" }, "geometry": { "type": "MultiLineString", "coordinates": [ [ [ 5.9258849, 45.5657327 ], [ 5.9258984, 45.5658423 ], [ 5.9258856, 45.5658922 ], [ 5.9258584, 45.5659353 ], [ 5.9258083, 45.5659825 ], [ 5.9257601, 45.5660424 ] ], [ [ 5.9257601, 45.5660424 ], [ 5.9257482, 45.5660841 ], [ 5.9257446, 45.5661365 ], [ 5.9257431, 45.5662068 ], [ 5.9257359, 45.5663133 ], [ 5.9257251, 45.5663767 ], [ 5.9256984, 45.5664287 ], [ 5.9256451, 45.5664887 ] ] ] } },
{ "type": "Feature", "properties": { "id_voie": "73065_0145", "nom": "Rue d'Aoste", "type_voie": "Rue", "longueur_m": 69.1, "quartier": "HC" }, "geometry": { "type": "LineString", "coordinates": [ [ 5.9156515, 45.5962006 ], [ 5.9157552, 45.5962186 ], [ 5.916225, 45.5963407 ], [ 5.9164888, 45.5964023 ] ] } },
{ "type": "Feature", "properties": { "id_voie": "73065_1276", "nom": "Square l'Ensoleillé", "type_voie": "Square", "longueur_m": 38.6, "quartier": "CV" }, "geometry": { "type": "LineString", "coordinates": [ [ 5.9111859, 45.6036737 ], [ 5.9111431, 45.6035928 ], [ 5.9111211, 45.6035159 ], [ 5.9111071, 45.6034459 ], [ 5.9111223, 45.6034167 ], [ 5.9111504, 45.6033899 ], [ 5.9112014, 45.6033579 ] ] } },
{ "type": "Feature", "properties": { "id_voie": "73065_2170", "nom": "Rue Jules Challier", "type_voie": "Rue", "longueur_m": 132.4, "quartier": "CE" }, "geometry": { "type": "MultiLineString", "coordinates": [ [ [ 5.9075107, 45.5705565 ], [ 5.9075785, 45.5705539 ], [ 5.9076826, 45.5705566 ], [ 5.9078173, 45.570581 ], [ 5.9080197, 45.5706488 ], [ 5.9081903, 45.5707219 ], [ 5.9083202, 45.5707761 ], [ 5.9083732, 45.5707847 ], [ 5.9084369, 45.5707758 ] ], [ [ 5.9071137, 45.5706452 ], [ 5.9068747, 45.5707361 ] ], [ [ 5.9075107, 45.5705565 ], [ 5.907345, 45.5705779 ], [ 5.9072487, 45.5706011 ], [ 5.9071137, 45.5706452 ] ] ] } },
{ "type": "Feature", "properties": { "id_voie": "73065_2440", "nom": "Rue Macornet", "type_voie": "Rue", "longueur_m": 102.1, "quartier": "CE" }, "geometry": { "type": "LineString", "coordinates": [ [ 5.9212656, 45.5669802 ], [ 5.9207826, 45.5673334 ], [ 5.9205436, 45.5675207 ], [ 5.9204502, 45.5675997 ], [ 5.92038, 45.5676556 ] ] } },
{ "type": "Feature", "properties": { "id_voie": "73065_1339", "nom": "Rue des Evettes", "type_voie": "Rue", "longueur_m": 177.8, "quartier": "BI" }, "geometry": { "type": "MultiLineString", "coordinates": [ [ [ 5.8959735, 45.5753562 ], [ 5.8963854, 45.5750122 ], [ 5.8972547, 45.5743635 ] ], [ [ 5.8972547, 45.5743635 ], [ 5.8975092, 45.574175 ] ] ] } },
{ "type": "Feature", "properties": { "id_voie": "73065_3530", "nom": "Rue Sainte-Rose", "type_voie": "Rue", "longueur_m": 291.9, "quartier": "LA" }, "geometry": { "type": "MultiLineString", "coordinates": [ [ [ 5.9343308, 45.5662316 ], [ 5.9351994, 45.5662828 ], [ 5.9368171, 45.5663549 ] ], [ [ 5.9368171, 45.5663549 ], [ 5.9373109, 45.5663754 ], [ 5.9374904, 45.5663734 ], [ 5.9376312, 45.5663688 ], [ 5.9378065, 45.5663597 ], [ 5.9380608, 45.5663405 ] ] ] } },
{ "type": "Feature", "properties": { "id_voie": "73065_1442", "nom": "Chemin des Fourches", "type_voie": "Chemin", "longueur_m": 120.5, "quartier": "CV" }, "geometry": { "type": "MultiLineString", "coordinates": [ [ [ 5.9099862, 45.6097222 ], [ 5.9100441, 45.6096757 ], [ 5.9101088, 45.609637 ], [ 5.9101819, 45.6096099 ], [ 5.91025, 45.6095865 ], [ 5.9103232, 45.609563 ] ], [ [ 5.9103458, 45.6096751 ], [ 5.9102425, 45.6096642 ], [ 5.9101514, 45.6096657 ], [ 5.9100665, 45.6096859 ], [ 5.9099862, 45.6097222 ] ], [ [ 5.909749, 45.6098266 ], [ 5.9096599, 45.6098415 ], [ 5.9095785, 45.6098562 ], [ 5.9095001, 45.609879 ], [ 5.9094356, 45.6098978 ], [ 5.9093781, 45.6099272 ], [ 5.9093285, 45.60996 ] ], [ [ 5.9099862, 45.6097222 ], [ 5.9099153, 45.6097664 ], [ 5.9098363, 45.6098018 ], [ 5.909749, 45.6098266 ] ] ] } },
{ "type": "Feature", "properties": { "id_voie": "73065_2290", "nom": "Rue du Lautaret", "type_voie": "Rue", "longueur_m": 190.4, "quartier": "BI" }, "geometry": { "type": "MultiLineString", "coordinates": [ [ [ 5.8909688, 45.5749742 ], [ 5.8909679, 45.5749562 ], [ 5.8909906, 45.5748997 ], [ 5.8911303, 45.5747745 ], [ 5.8913417, 45.5746212 ] ], [ [ 5.8915958, 45.5741056 ], [ 5.8914969, 45.5741757 ], [ 5.8914406, 45.5742781 ], [ 5.8913417, 45.5746212 ] ], [ [ 5.8924576, 45.5743673 ], [ 5.8923302, 45.5744102 ], [ 5.8922631, 45.5744029 ], [ 5.8921624, 45.574365 ], [ 5.8916566, 45.574114 ], [ 5.8915958, 45.5741056 ] ] ] } },
{ "type": "Feature", "properties": { "id_voie": "73065_1798", "nom": "Rue Henri Commandeur", "type_voie": "Rue", "longueur_m": 70.4, "quartier": "BE" }, "geometry": { "type": "LineString", "coordinates": [ [ 5.9171311, 45.5593545 ], [ 5.9172395, 45.5593913 ], [ 5.9175325, 45.5594513 ], [ 5.917998, 45.5595221 ] ] } },
{ "type": "Feature", "properties": { "id_voie": "73065_0070", "nom": "Rue de l'Alpette", "type_voie": "Rue", "longueur_m": 241.4, "quartier": "BI" }, "geometry": { "type": "LineString", "coordinates": [ [ 5.8904998, 45.5808171 ], [ 5.8908022, 45.5809805 ], [ 5.8921698, 45.5816139 ], [ 5.893041, 45.5820547 ] ] } },
{ "type": "Feature", "properties": { "id_voie": "73065_1205", "nom": "Rue de la Doria", "type_voie": "Rue", "longueur_m": 95.9, "quartier": "HC" }, "geometry": { "type": "LineString", "coordinates": [ [ 5.9110576, 45.6007187 ], [ 5.9120032, 45.6009799 ], [ 5.9120463, 45.6009698 ], [ 5.912106, 45.6008601 ] ] } },
{ "type": "Feature", "properties": { "id_voie": "73065_1820", "nom": "Montée Haute Bise", "type_voie": "Montée", "longueur_m": 417.2, "quartier": "CE" }, "geometry": { "type": "MultiLineString", "coordinates": [ [ [ 5.9216459, 45.5694492 ], [ 5.9216426, 45.5694123 ], [ 5.921636, 45.5693846 ] ], [ [ 5.9217684, 45.5706301 ], [ 5.9217726, 45.570466 ], [ 5.92171, 45.5702765 ], [ 5.9216775, 45.5701467 ], [ 5.9216384, 45.5698918 ], [ 5.9216421, 45.5697926 ], [ 5.9216349, 45.5696802 ] ], [ [ 5.922556, 45.5726226 ], [ 5.9223745, 45.5725138 ], [ 5.922278, 45.5724595 ], [ 5.9219957, 45.5723137 ], [ 5.9219552, 45.572276 ], [ 5.9219392, 45.5722386 ], [ 5.9218928, 45.571846 ], [ 5.9218531, 45.5717263 ], [ 5.921795, 45.5715962 ], [ 5.9217638, 45.5715169 ], [ 5.9217463, 45.5714281 ], [ 5.9217335, 45.571332 ], [ 5.9217453, 45.5711163 ], [ 5.9217684, 45.5706301 ] ], [ [ 5.923135, 45.5729455 ], [ 5.9230203, 45.5728872 ], [ 5.9228421, 45.5727927 ], [ 5.9226581, 45.5726857 ], [ 5.922556, 45.5726226 ] ] ] } },
{ "type": "Feature", "properties": { "id_voie": "73065_0255", "nom": "Rue du Beaujolais", "type_voie": "Rue", "longueur_m": 167.8, "quartier": "HC" }, "geometry": { "type": "MultiLineString", "coordinates": [ [ [ 5.9163241, 45.5897124 ], [ 5.9162187, 45.5896854 ] ], [ [ 5.9182391, 45.5902033 ], [ 5.9163865, 45.5897288 ], [ 5.9163241, 45.5897124 ] ] ] } },
{ "type": "Feature", "properties": { "id_voie": "73065_0580", "nom": "Rue Casimir Angelier", "type_voie": "Rue", "longueur_m": 57.4, "quartier": "CE" }, "geometry": { "type": "LineString", "coordinates": [ [ 5.9074977, 45.5700405 ], [ 5.9075049, 45.5704215 ], [ 5.9075107, 45.5705565 ] ] } },
{ "type": "Feature", "properties": { "id_voie": "73065_3157", "nom": "Rue du Pré-Pagnon", "type_voie": "Rue", "longueur_m": 307.7, "quartier": "CV" }, "geometry": { "type": "MultiLineString", "coordinates": [ [ [ 5.8915952, 45.6068049 ], [ 5.891298, 45.6067441 ], [ 5.8903496, 45.6065279 ], [ 5.8899247, 45.6064298 ] ], [ [ 5.8915952, 45.6068049 ], [ 5.8918144, 45.6068471 ], [ 5.8920734, 45.6068909 ], [ 5.8923848, 45.6069297 ], [ 5.8932846, 45.6069994 ], [ 5.8934877, 45.607005 ], [ 5.8936273, 45.6069987 ], [ 5.893759, 45.606989 ] ] ] } },
{ "type": "Feature", "properties": { "id_voie": "73065_1320", "nom": "Rue Ernest Filliard", "type_voie": "Rue", "longueur_m": 97.3, "quartier": "LA" }, "geometry": { "type": "MultiLineString", "coordinates": [ [ [ 5.9274539, 45.5681383 ], [ 5.9274733, 45.5680207 ], [ 5.9274791, 45.5679124 ] ], [ [ 5.9274855, 45.5682763 ], [ 5.9274637, 45.5682282 ], [ 5.9274541, 45.5681924 ], [ 5.9274539, 45.5681383 ] ], [ [ 5.9274855, 45.5682763 ], [ 5.9274568, 45.5683158 ], [ 5.9274337, 45.5685345 ] ], [ [ 5.9273393, 45.5686423 ], [ 5.9273665, 45.5686218 ], [ 5.9273921, 45.5685959 ], [ 5.9274138, 45.5685692 ], [ 5.9274337, 45.5685345 ] ], [ [ 5.9274337, 45.5685345 ], [ 5.9274507, 45.5686124 ], [ 5.927459, 45.5686491 ] ] ] } },
{ "type": "Feature", "properties": { "id_voie": "73065_0536", "nom": "Rue des Carrières", "type_voie": "Rue", "longueur_m": 80.7, "quartier": "HC" }, "geometry": { "type": "LineString", "coordinates": [ [ 5.9232963, 45.5880472 ], [ 5.9223292, 45.5877903 ] ] } },
{ "type": "Feature", "properties": { "id_voie": "73065_0148", "nom": "Rue de l'Arcalod", "type_voie": "Rue", "longueur_m": 358.3, "quartier": "BI" }, "geometry": { "type": "MultiLineString", "coordinates": [ [ [ 5.8929894, 45.571061 ], [ 5.8921857, 45.5706807 ] ], [ [ 5.8943348, 45.5715688 ], [ 5.8942305, 45.5715364 ], [ 5.8939198, 45.5714579 ], [ 5.8936799, 45.5713857 ] ], [ [ 5.8936799, 45.5713857 ], [ 5.8936956, 45.5714393 ], [ 5.8936884, 45.5714738 ], [ 5.8936621, 45.5715844 ], [ 5.893648, 45.5716343 ], [ 5.8936492, 45.5716577 ], [ 5.8936576, 45.571671 ], [ 5.8936777, 45.5716867 ], [ 5.8942592, 45.571988 ], [ 5.8942818, 45.5720036 ], [ 5.8942958, 45.5720258 ], [ 5.8942984, 45.5720501 ], [ 5.894293, 45.57207 ], [ 5.8942823, 45.5720856 ], [ 5.8941659, 45.5721904 ], [ 5.8941501, 45.572208 ], [ 5.8941421, 45.5722262 ], [ 5.8941425, 45.5722595 ], [ 5.894153, 45.5723124 ], [ 5.8941641, 45.5723292 ], [ 5.8944484, 45.5724913 ] ], [ [ 5.8936799, 45.5713857 ], [ 5.8934983, 45.5713219 ], [ 5.893366, 45.5712451 ], [ 5.8929894, 45.571061 ] ] ] } },
{ "type": "Feature", "properties": { "id_voie": "73065_0356", "nom": "Allée des Blachères", "type_voie": "Allée", "longueur_m": 211.3, "quartier": "CV" }, "geometry": { "type": "LineString", "coordinates": [ [ 5.8964083, 45.5997842 ], [ 5.8967149, 45.5993645 ], [ 5.896191, 45.5987211 ], [ 5.8958116, 45.5982668 ], [ 5.8956677, 45.5981399 ] ] } },
{ "type": "Feature", "properties": { "id_voie": "73065_2490", "nom": "Rue Marcelin Berthelot", "type_voie": "Rue", "longueur_m": 245.4, "quartier": "CE" }, "geometry": { "type": "LineString", "coordinates": [ [ 5.9089475, 45.5693317 ], [ 5.9088134, 45.5693442 ], [ 5.908418, 45.5693634 ], [ 5.9081311, 45.5693718 ], [ 5.9078699, 45.569383 ], [ 5.9073844, 45.5693974 ], [ 5.9067701, 45.5694259 ], [ 5.9066649, 45.569425 ], [ 5.9066439, 45.5694174 ], [ 5.9066251, 45.5693999 ], [ 5.9066028, 45.5693662 ], [ 5.9064741, 45.5690172 ], [ 5.9064438, 45.5689045 ], [ 5.9064515, 45.5688538 ] ] } },
{ "type": "Feature", "properties": { "id_voie": "73065_1013", "nom": "Rue Ambroise Croizat", "type_voie": "Rue", "longueur_m": 77.7, "quartier": "CE" }, "geometry": { "type": "LineString", "coordinates": [ [ 5.9113863, 45.5678899 ], [ 5.9116725, 45.567623 ], [ 5.9117544, 45.567546 ], [ 5.9118875, 45.5674417 ], [ 5.9119614, 45.5673839 ], [ 5.9120107, 45.5673457 ] ] } },
{ "type": "Feature", "properties": { "id_voie": "73065_1000", "nom": "Rue Croix d'Or", "type_voie": "Rue", "longueur_m": 202.1, "quartier": "CE" }, "geometry": { "type": "MultiLineString", "coordinates": [ [ [ 5.9239928, 45.5648358 ], [ 5.9237567, 45.5647375 ], [ 5.9234176, 45.5646318 ], [ 5.923261, 45.564581 ], [ 5.9231101, 45.5645416 ], [ 5.9229566, 45.5645006 ] ], [ [ 5.9229566, 45.5645006 ], [ 5.9229213, 45.5644898 ] ], [ [ 5.9229213, 45.5644898 ], [ 5.9225847, 45.5643823 ] ], [ [ 5.9225847, 45.5643823 ], [ 5.9219669, 45.5640028 ] ], [ [ 5.9239928, 45.5648358 ], [ 5.9241815, 45.5649102 ] ] ] } },
{ "type": "Feature", "properties": { "id_voie": "73065_2220", "nom": "Square Jules Gauthier", "type_voie": "Square", "longueur_m": 768.8, "quartier": "CE" }, "geometry": { "type": "MultiLineString", "coordinates": [ [ [ 5.9174412, 45.5717562 ], [ 5.9173743, 45.5717291 ], [ 5.9164582, 45.5729973 ], [ 5.9172204, 45.5732658 ], [ 5.9181659, 45.5720212 ], [ 5.9174412, 45.5717562 ] ], [ [ 5.9183658, 45.5710654 ], [ 5.9184264, 45.5710963 ], [ 5.9184644, 45.5711601 ], [ 5.9184919, 45.5712919 ], [ 5.9184581, 45.5714541 ], [ 5.9183801, 45.571703 ], [ 5.9183128, 45.571839 ] ], [ [ 5.9183658, 45.5710654 ], [ 5.9184867, 45.5708775 ], [ 5.9185269, 45.5708125 ] ], [ [ 5.9185823, 45.5719365 ], [ 5.9184739, 45.5719006 ], [ 5.9183128, 45.571839 ] ], [ [ 5.9183128, 45.571839 ], [ 5.918063, 45.5717491 ], [ 5.9176483, 45.5715958 ] ], [ [ 5.9176483, 45.5715958 ], [ 5.9177938, 45.5714118 ], [ 5.9178802, 45.5712726 ], [ 5.917977, 45.571162 ], [ 5.9180672, 45.5710966 ], [ 5.9181553, 45.5710646 ], [ 5.918243, 45.5710487 ], [ 5.9183658, 45.5710654 ] ], [ [ 5.9176483, 45.5715958 ], [ 5.9175522, 45.5716479 ], [ 5.9174883, 45.5717018 ], [ 5.9174412, 45.5717562 ] ] ] } },
{ "type": "Feature", "properties": { "id_voie": "73065_1792", "nom": "Chemin de Grive-Sac", "type_voie": "Chemin", "longueur_m": 346.9, "quartier": "CV" }, "geometry": { "type": "MultiLineString", "coordinates": [ [ [ 5.909039, 45.6068921 ], [ 5.9085816, 45.6083529 ], [ 5.9085399, 45.6085116 ] ], [ [ 5.9099647, 45.6062329 ], [ 5.9100141, 45.6060496 ], [ 5.9100353, 45.60594 ] ], [ [ 5.909039, 45.6068921 ], [ 5.9091243, 45.6066105 ], [ 5.9091528, 45.6065413 ], [ 5.909246, 45.6065074 ], [ 5.9093889, 45.6064901 ], [ 5.9095582, 45.6064867 ], [ 5.9098136, 45.6065098 ], [ 5.9098853, 45.6065061 ], [ 5.9099109, 45.6064802 ], [ 5.9099647, 45.6062329 ] ] ] } },
{ "type": "Feature", "properties": { "id_voie": "73065_1790", "nom": "Rue de la Grenette", "type_voie": "Rue", "longueur_m": 69.5, "quartier": "CE" }, "geometry": { "type": "LineString", "coordinates": [ [ 5.9170103, 45.5664699 ], [ 5.9168137, 45.56622 ], [ 5.9165888, 45.5659195 ] ] } },
{ "type": "Feature", "properties": { "id_voie": "73065_2010", "nom": "Rue Jean Gotteland", "type_voie": "Rue", "longueur_m": 48.7, "quartier": "BO" }, "geometry": { "type": "LineString", "coordinates": [ [ 5.9026746, 45.5629502 ], [ 5.902936, 45.5625524 ] ] } },
{ "type": "Feature", "properties": { "id_voie": "73065_0120", "nom": "Chemin des Anémones", "type_voie": "Chemin", "longueur_m": 67.5, "quartier": "HC" }, "geometry": { "type": "LineString", "coordinates": [ [ 5.920077, 45.5816799 ], [ 5.9204629, 45.5811365 ] ] } },
{ "type": "Feature", "properties": { "id_voie": "73065_0177", "nom": "Rue Auguste Mudry", "type_voie": "Rue", "longueur_m": 102.5, "quartier": "LA" }, "geometry": { "type": "MultiLineString", "coordinates": [ [ [ 5.9331065, 45.5695462 ], [ 5.9330574, 45.5694916 ], [ 5.9330536, 45.5694431 ], [ 5.9330809, 45.5693775 ] ], [ [ 5.9330809, 45.5693775 ], [ 5.9332906, 45.5689269 ] ], [ [ 5.9332906, 45.5689269 ], [ 5.933408, 45.5686733 ] ] ] } },
{ "type": "Feature", "properties": { "id_voie": "73065_2559", "nom": "Allée des Marguerites", "type_voie": "Allée", "longueur_m": 106.4, "quartier": "HC" }, "geometry": { "type": "MultiLineString", "coordinates": [ [ [ 5.9163299, 45.5817024 ], [ 5.9162404, 45.5815867 ], [ 5.9161864, 45.5815359 ], [ 5.9160955, 45.5814923 ], [ 5.9160152, 45.5814772 ], [ 5.9159091, 45.5814854 ], [ 5.9157893, 45.5815002 ], [ 5.9156714, 45.5815285 ], [ 5.9155003, 45.5815924 ] ], [ [ 5.9155003, 45.5815924 ], [ 5.9154296, 45.581615 ], [ 5.9152431, 45.5816802 ], [ 5.915184, 45.5816781 ] ] ] } },
{ "type": "Feature", "properties": { "id_voie": "73065_2550", "nom": "Rue du Margériaz", "type_voie": "Rue", "longueur_m": 172.7, "quartier": "CE" }, "geometry": { "type": "MultiLineString", "coordinates": [ [ [ 5.9123401, 45.5682923 ], [ 5.9118377, 45.5680818 ], [ 5.9116014, 45.5679798 ], [ 5.9113863, 45.5678899 ] ], [ [ 5.9132834, 45.5686895 ], [ 5.913104, 45.5686194 ], [ 5.9128231, 45.5684996 ], [ 5.9123401, 45.5682923 ] ] ] } },
{ "type": "Feature", "properties": { "id_voie": "73065_3060", "nom": "Chemin des Perce-Neige", "type_voie": "Chemin", "longueur_m": 419.2, "quartier": "HC" }, "geometry": { "type": "MultiLineString", "coordinates": [ [ [ 5.9172563, 45.5791905 ], [ 5.9173634, 45.579103 ], [ 5.9174836, 45.5790476 ], [ 5.9175854, 45.5790062 ], [ 5.9179483, 45.5788319 ] ], [ [ 5.9143607, 45.5810552 ], [ 5.9144609, 45.5810075 ], [ 5.914524, 45.5809879 ], [ 5.914593, 45.5809572 ], [ 5.9147281, 45.5808916 ], [ 5.9148623, 45.5807845 ], [ 5.9149392, 45.5807077 ], [ 5.9150564, 45.580546 ], [ 5.9151355, 45.5804151 ], [ 5.9152481, 45.5802626 ], [ 5.915332, 45.5801748 ], [ 5.9157318, 45.5798716 ], [ 5.9158682, 45.579805 ], [ 5.9160343, 45.5797674 ], [ 5.9161448, 45.5797708 ], [ 5.9163744, 45.5798171 ], [ 5.9166027, 45.5798635 ], [ 5.9167011, 45.5798798 ], [ 5.916763, 45.5798863 ], [ 5.916847, 45.5798733 ], [ 5.9169304, 45.5798486 ], [ 5.9170192, 45.579804 ], [ 5.9170531, 45.5797671 ], [ 5.9170869, 45.5797013 ], [ 5.9171327, 45.579573 ], [ 5.9171902, 45.5793229 ], [ 5.9172265, 45.5792336 ], [ 5.9172563, 45.5791905 ] ] ] } },
{ "type": "Feature", "properties": { "id_voie": "73065_1995", "nom": "Allée Jacques Prévert", "type_voie": "Allée", "longueur_m": 312.7, "quartier": "BI" }, "geometry": { "type": "MultiLineString", "coordinates": [ [ [ 5.8875402, 45.5796236 ], [ 5.8874502, 45.5795952 ] ], [ [ 5.8874502, 45.5795952 ], [ 5.8872704, 45.579544 ], [ 5.8868503, 45.5794349 ], [ 5.8865597, 45.5793505 ], [ 5.8865518, 45.5793462 ] ], [ [ 5.8856272, 45.5789626 ], [ 5.8855812, 45.5790152 ] ], [ [ 5.8865518, 45.5793462 ], [ 5.8863231, 45.5792421 ], [ 5.886161, 45.5791589 ], [ 5.8856583, 45.5789682 ], [ 5.8856372, 45.5789579 ], [ 5.8856296, 45.5789599 ], [ 5.8856272, 45.5789626 ] ], [ [ 5.8855812, 45.5790152 ], [ 5.8853115, 45.5793068 ], [ 5.885003, 45.5796175 ], [ 5.8847313, 45.5799678 ], [ 5.8846896, 45.5800049 ], [ 5.8846458, 45.5800259 ], [ 5.8845984, 45.580028 ] ] ] } },
{ "type": "Feature", "properties": { "id_voie": "73065_3151", "nom": "Chemin de Pré-Bron", "type_voie": "Chemin", "longueur_m": 158.0, "quartier": "LA" }, "geometry": { "type": "MultiLineString", "coordinates": [ [ [ 5.9334239, 45.5731432 ], [ 5.9334553, 45.5730577 ], [ 5.9334763, 45.5729932 ], [ 5.9334931, 45.5729234 ] ], [ [ 5.9334931, 45.5729234 ], [ 5.9336059, 45.5726546 ] ], [ [ 5.9336059, 45.5726546 ], [ 5.9337353, 45.5723611 ] ], [ [ 5.9337353, 45.5723611 ], [ 5.9339458, 45.5719501 ], [ 5.934027, 45.5717876 ] ] ] } },
{ "type": "Feature", "properties": { "id_voie": "73065_3590", "nom": "Rue du Sénat de Savoie", "type_voie": "Rue", "longueur_m": 64.6, "quartier": "CE" }, "geometry": { "type": "LineString", "coordinates": [ [ 5.9196657, 45.5663928 ], [ 5.9196723, 45.5662998 ], [ 5.919684, 45.5661328 ], [ 5.9197077, 45.565997 ], [ 5.9197406, 45.5658908 ], [ 5.9197675, 45.565818 ] ] } },
{ "type": "Feature", "properties": { "id_voie": "73065_0330", "nom": "Rue Berthollet", "type_voie": "Rue", "longueur_m": 87.3, "quartier": "CE" }, "geometry": { "type": "LineString", "coordinates": [ [ 5.9196657, 45.5663928 ], [ 5.9197747, 45.5664666 ], [ 5.9203166, 45.5668409 ], [ 5.9204643, 45.5669424 ] ] } },
{ "type": "Feature", "properties": { "id_voie": "73065_1290", "nom": "Chemin de l'Epée", "type_voie": "Chemin", "longueur_m": 136.4, "quartier": "BI" }, "geometry": { "type": "LineString", "coordinates": [ [ 5.8924864, 45.5764435 ], [ 5.8939593, 45.5771048 ] ] } },
{ "type": "Feature", "properties": { "id_voie": "73065_2355", "nom": "Rue du Lindar", "type_voie": "Rue", "longueur_m": 72.5, "quartier": "BI" }, "geometry": { "type": "LineString", "coordinates": [ [ 5.8963409, 45.5722227 ], [ 5.896684, 45.572404 ], [ 5.8970813, 45.5726163 ] ] } },
{ "type": "Feature", "properties": { "id_voie": "73065_3470", "nom": "Place Saint-Pierre de Maché", "type_voie": "Place", "longueur_m": 93.1, "quartier": "BO" }, "geometry": { "type": "MultiLineString", "coordinates": [ [ [ 5.9147569, 45.5644811 ], [ 5.9147742, 45.5644194 ], [ 5.9148428, 45.5641392 ], [ 5.9148643, 45.5640359 ] ], [ [ 5.9147569, 45.5644811 ], [ 5.9147125, 45.5646607 ], [ 5.914684, 45.5647776 ], [ 5.9146627, 45.5648611 ] ] ] } },
{ "type": "Feature", "properties": { "id_voie": "73065_2588", "nom": "Rue Marilyn Monroe", "type_voie": "Rue", "longueur_m": 77.4, "quartier": "HC" }, "geometry": { "type": "LineString", "coordinates": [ [ 5.9190244, 45.5994831 ], [ 5.9195827, 45.5995308 ], [ 5.9196771, 45.599495 ], [ 5.9199939, 45.599539 ] ] } },
{ "type": "Feature", "properties": { "id_voie": "73065_3678", "nom": "Allée Albert Sylvestre", "type_voie": "Allée", "longueur_m": 172.4, "quartier": "CE" }, "geometry": { "type": "MultiLineString", "coordinates": [ [ [ 5.9095325, 45.5811136 ], [ 5.9095031, 45.5811891 ], [ 5.9094608, 45.5813119 ], [ 5.9094494, 45.5813897 ], [ 5.9094603, 45.5814732 ], [ 5.9095051, 45.5816423 ], [ 5.9096399, 45.5820596 ], [ 5.9098199, 45.5825803 ] ], [ [ 5.9095454, 45.5810655 ], [ 5.9095325, 45.5811136 ] ] ] } },
{ "type": "Feature", "properties": { "id_voie": "73065_3858", "nom": "Allée du Vert Bois", "type_voie": "Allée", "longueur_m": 262.2, "quartier": "HC" }, "geometry": { "type": "MultiLineString", "coordinates": [ [ [ 5.9106521, 45.6009905 ], [ 5.9107916, 45.6007391 ] ], [ [ 5.9107916, 45.6007391 ], [ 5.9109457, 45.6003486 ], [ 5.9109884, 45.6002339 ], [ 5.9109966, 45.6001932 ], [ 5.910979, 45.6001531 ], [ 5.9109402, 45.6001225 ], [ 5.9108775, 45.6001007 ], [ 5.9103832, 45.5999784 ] ], [ [ 5.9103832, 45.5999784 ], [ 5.9102179, 45.5999826 ], [ 5.910157, 45.5999977 ], [ 5.9099814, 45.6003429 ], [ 5.909735, 45.6008088 ] ] ] } },
{ "type": "Feature", "properties": { "id_voie": "73065_2920", "nom": "Rue des Nonnes", "type_voie": "Rue", "longueur_m": 66.4, "quartier": "CE" }, "geometry": { "type": "LineString", "coordinates": [ [ 5.9219669, 45.5640028 ], [ 5.9218822, 45.5639041 ], [ 5.9218161, 45.5637706 ], [ 5.9217858, 45.5636822 ], [ 5.9217623, 45.563553 ], [ 5.9217573, 45.5634333 ] ] } },
{ "type": "Feature", "properties": { "id_voie": "73065_0821", "nom": "Square de la Chevalière", "type_voie": "Square", "longueur_m": 121.5, "quartier": "BI" }, "geometry": { "type": "MultiLineString", "coordinates": [ [ [ 5.8834235, 45.581025 ], [ 5.8836993, 45.5809233 ] ], [ [ 5.8830753, 45.580669 ], [ 5.8834235, 45.581025 ] ], [ [ 5.8834235, 45.581025 ], [ 5.8833385, 45.5810677 ], [ 5.8833518, 45.5811016 ], [ 5.883165, 45.5811857 ], [ 5.8833024, 45.5813354 ] ] ] } },
{ "type": "Feature", "properties": { "id_voie": "73065_3335", "nom": "Allée de Roberty", "type_voie": "Allée", "longueur_m": 56.4, "quartier": "CV" }, "geometry": { "type": "LineString", "coordinates": [ [ 5.9006816, 45.5988297 ], [ 5.9007949, 45.5986655 ], [ 5.9007983, 45.5985816 ], [ 5.9007377, 45.5984543 ], [ 5.9006799, 45.5983558 ] ] } },
{ "type": "Feature", "properties": { "id_voie": "73065_1530", "nom": "Rue Gabriel Pérouse", "type_voie": "Rue", "longueur_m": 223.1, "quartier": "CE" }, "geometry": { "type": "LineString", "coordinates": [ [ 5.9131421, 45.5742529 ], [ 5.9126266, 45.574087 ], [ 5.9121249, 45.5739387 ], [ 5.911847, 45.5738522 ], [ 5.911439, 45.5737294 ], [ 5.9112005, 45.5736589 ], [ 5.9109748, 45.5735873 ], [ 5.9107598, 45.5735253 ], [ 5.9107078, 45.5735122 ], [ 5.9106557, 45.5734973 ], [ 5.910591, 45.5734864 ], [ 5.9105092, 45.5734939 ] ] } },
{ "type": "Feature", "properties": { "id_voie": "73065_2250", "nom": "Impasse La Fontaine", "type_voie": "Impasse", "longueur_m": 115.8, "quartier": "LA" }, "geometry": { "type": "LineString", "coordinates": [ [ 5.9299634, 45.5691362 ], [ 5.9297924, 45.569129 ], [ 5.9296209, 45.5690893 ], [ 5.9295101, 45.5690796 ], [ 5.9294519, 45.5691189 ], [ 5.9294076, 45.5692273 ], [ 5.9293717, 45.5693012 ], [ 5.92928, 45.5693135 ], [ 5.9287083, 45.5692753 ] ] } },
{ "type": "Feature", "properties": { "id_voie": "73065_3570", "nom": "Rue de la Savoisienne", "type_voie": "Rue", "longueur_m": 200.0, "quartier": "CE" }, "geometry": { "type": "LineString", "coordinates": [ [ 5.912385, 45.5750313 ], [ 5.9125416, 45.5750822 ], [ 5.9133264, 45.5752195 ], [ 5.9142015, 45.5753662 ], [ 5.9146611, 45.5754453 ], [ 5.9148665, 45.5754706 ] ] } },
{ "type": "Feature", "properties": { "id_voie": "73065_1084", "nom": "Rue de la Dent de Rossane", "type_voie": "Rue", "longueur_m": 99.1, "quartier": "BI" }, "geometry": { "type": "MultiLineString", "coordinates": [ [ [ 5.8813642, 45.5807561 ], [ 5.8812989, 45.5809813 ], [ 5.881227, 45.5812769 ] ], [ [ 5.881227, 45.5812769 ], [ 5.8812187, 45.5813149 ], [ 5.8811593, 45.5816039 ], [ 5.8811673, 45.5816352 ] ] ] } },
{ "type": "Feature", "properties": { "id_voie": "73065_1651", "nom": "Allée du Genevois", "type_voie": "Allée", "longueur_m": 58.8, "quartier": "HC" }, "geometry": { "type": "LineString", "coordinates": [ [ 5.9205541, 45.5905622 ], [ 5.9209507, 45.5906844 ], [ 5.9212548, 45.5907567 ] ] } },
{ "type": "Feature", "properties": { "id_voie": "IGN-2338658017", "nom": "All Des Edelweiss", "type_voie": "Allée", "longueur_m": 44.4, "quartier": "HC" }, "geometry": { "type": "LineString", "coordinates": [ [ 5.919263, 45.583205 ], [ 5.9195393, 45.5835538 ] ] } },
{ "type": "Feature", "properties": { "id_voie": "IGN-2338658020", "nom": "All Des Jeux", "type_voie": "Allée", "longueur_m": 238.3, "quartier": "BO" }, "geometry": { "type": "MultiLineString", "coordinates": [ [ [ 5.9049545, 45.5601673 ], [ 5.9052384, 45.5601753 ], [ 5.9052825, 45.5596452 ] ], [ [ 5.9045179, 45.5613825 ], [ 5.9045069, 45.5613188 ], [ 5.9044828, 45.5612509 ] ], [ [ 5.9047326, 45.5607309 ], [ 5.9049054, 45.560429 ], [ 5.9049492, 45.5603342 ], [ 5.9049545, 45.5601673 ] ], [ [ 5.9047295, 45.5613806 ], [ 5.9046705, 45.5612587 ], [ 5.9046086, 45.5611783 ], [ 5.9045867, 45.5611041 ], [ 5.9045841, 45.5610293 ], [ 5.90462, 45.5609311 ], [ 5.9047326, 45.5607309 ] ] ] } },
{ "type": "Feature", "properties": { "id_voie": "IGN-2338658024", "nom": "All Deyres", "type_voie": "Allée", "longueur_m": 75.3, "quartier": "CE" }, "geometry": { "type": "LineString", "coordinates": [ [ 5.9205479, 45.5650218 ], [ 5.9212781, 45.5654651 ] ] } },
{ "type": "Feature", "properties": { "id_voie": "IGN-2338658025", "nom": "All D'Oncieux", "type_voie": "Allée", "longueur_m": 95.1, "quartier": "CE" }, "geometry": { "type": "LineString", "coordinates": [ [ 5.9215869, 45.5642163 ], [ 5.9215142, 45.5641515 ], [ 5.9213998, 45.56405 ], [ 5.921322, 45.563961 ], [ 5.9212689, 45.563902 ], [ 5.9213918, 45.5638501 ], [ 5.9214198, 45.5638944 ], [ 5.9215019, 45.5639905 ], [ 5.9216099, 45.5641166 ], [ 5.9216637, 45.5641647 ] ] } },
{ "type": "Feature", "properties": { "id_voie": "IGN-2338658028", "nom": "All Jean-Jacques Rousseau", "type_voie": "Allée", "longueur_m": 70.8, "quartier": "CE" }, "geometry": { "type": "LineString", "coordinates": [ [ 5.921527, 45.5651973 ], [ 5.9214186, 45.5651119 ], [ 5.9212567, 45.5649863 ], [ 5.9210624, 45.5648526 ], [ 5.9208986, 45.5647388 ] ] } },
{ "type": "Feature", "properties": { "id_voie": "IGN-2338658029", "nom": "Le Rocher Blanc", "type_voie": null, "longueur_m": 96.4, "quartier": "BI" }, "geometry": { "type": "MultiLineString", "coordinates": [ [ [ 5.8786494, 45.5848427 ], [ 5.8788785, 45.5845584 ] ], [ [ 5.8783115, 45.5847099 ], [ 5.8786494, 45.5848427 ] ], [ [ 5.8784706, 45.5850806 ], [ 5.8786494, 45.5848427 ] ] ] } },
{ "type": "Feature", "properties": { "id_voie": "IGN-2338658030", "nom": "Pl Salvador Allende", "type_voie": "Place", "longueur_m": 39.5, "quartier": "CE" }, "geometry": { "type": "LineString", "coordinates": [ [ 5.9146367, 45.5671478 ], [ 5.9146681, 45.5671119 ], [ 5.9147216, 45.5670546 ], [ 5.9147522, 45.5670015 ], [ 5.9148116, 45.5668883 ], [ 5.9148377, 45.5668236 ] ] } },
{ "type": "Feature", "properties": { "id_voie": "IGN-2338658031", "nom": "Pont Des Chevres", "type_voie": "Pont", "longueur_m": 23.8, "quartier": "CE" }, "geometry": { "type": "LineString", "coordinates": [ [ 5.9097402, 45.5833582 ], [ 5.909533, 45.5832014 ] ] } },
{ "type": "Feature", "properties": { "id_voie": "73065_1610", "nom": "Rue Général Buisson", "type_voie": "Rue", "longueur_m": 175.7, "quartier": "BO" }, "geometry": { "type": "MultiLineString", "coordinates": [ [ [ 5.9034238, 45.5618252 ], [ 5.903715, 45.5619223 ], [ 5.9041064, 45.5620725 ], [ 5.9041208, 45.5620785 ] ], [ [ 5.9027154, 45.5615498 ], [ 5.9029083, 45.5616565 ], [ 5.9030825, 45.561725 ], [ 5.9034238, 45.5618252 ] ], [ [ 5.9041208, 45.5620785 ], [ 5.9046975, 45.5622888 ] ] ] } },
{ "type": "Feature", "properties": { "id_voie": "73065_3610", "nom": "Rue du Sire", "type_voie": "Rue", "longueur_m": 81.6, "quartier": "BI" }, "geometry": { "type": "MultiLineString", "coordinates": [ [ [ 5.8916204, 45.5796178 ], [ 5.8915328, 45.5795633 ], [ 5.8914499, 45.579523 ] ], [ [ 5.8922101, 45.5800261 ], [ 5.8916204, 45.5796178 ] ] ] } },
{ "type": "Feature", "properties": { "id_voie": "73065_3199", "nom": "Chemin du Puits", "type_voie": "Chemin", "longueur_m": 162.6, "quartier": "CV" }, "geometry": { "type": "LineString", "coordinates": [ [ 5.9080693, 45.6025793 ], [ 5.9080429, 45.6025665 ], [ 5.9079927, 45.6025633 ], [ 5.9076703, 45.6025608 ], [ 5.9074108, 45.6025567 ], [ 5.9073443, 45.6025611 ], [ 5.9073101, 45.6025692 ], [ 5.9072827, 45.6025852 ], [ 5.9072621, 45.6026083 ], [ 5.9072485, 45.6026429 ], [ 5.9072261, 45.6027056 ], [ 5.9072005, 45.6027568 ], [ 5.9071669, 45.6028018 ], [ 5.9071245, 45.6028488 ], [ 5.9070644, 45.6029027 ], [ 5.9069954, 45.6029576 ], [ 5.9068681, 45.603051 ], [ 5.9068039, 45.6031004 ], [ 5.906771, 45.6031346 ], [ 5.9067599, 45.6031664 ], [ 5.9067573, 45.6032152 ], [ 5.9067653, 45.6032708 ], [ 5.9067869, 45.603364 ] ] } },
{ "type": "Feature", "properties": { "id_voie": "73065_3785", "nom": "Rue de l'Université", "type_voie": "Rue", "longueur_m": 84.3, "quartier": "BE" }, "geometry": { "type": "LineString", "coordinates": [ [ 5.9168453, 45.5602855 ], [ 5.9167678, 45.5602515 ], [ 5.9162545, 45.5599557 ], [ 5.9160914, 45.5598779 ], [ 5.9159922, 45.559822 ] ] } },
{ "type": "Feature", "properties": { "id_voie": "73065_3810", "nom": "Rue Vaugelas", "type_voie": "Rue", "longueur_m": 32.4, "quartier": "CE" }, "geometry": { "type": "LineString", "coordinates": [ [ 5.9222508, 45.5662743 ], [ 5.9224255, 45.5660102 ] ] } },
{ "type": "Feature", "properties": { "id_voie": "73065_enekys", "nom": "Allée Edith Piaf", "type_voie": "Allée", "longueur_m": 59.1, "quartier": "HC" }, "geometry": { "type": "MultiLineString", "coordinates": [ [ [ 5.9204812, 45.5995039 ], [ 5.9206305, 45.599463 ], [ 5.920692, 45.5994371 ] ], [ [ 5.920692, 45.5994371 ], [ 5.9207411, 45.599371 ], [ 5.9207581, 45.5992786 ], [ 5.9208093, 45.5990808 ] ] ] } },
{ "type": "Feature", "properties": { "id_voie": "73065_0240", "nom": "Rue du Beaufortin", "type_voie": "Rue", "longueur_m": 191.6, "quartier": "BI" }, "geometry": { "type": "LineString", "coordinates": [ [ 5.8913417, 45.5746212 ], [ 5.8913795, 45.5746077 ], [ 5.8914414, 45.5746133 ], [ 5.8915253, 45.5746481 ], [ 5.8918223, 45.5748062 ], [ 5.8925892, 45.5751929 ], [ 5.8928443, 45.5753359 ], [ 5.8931086, 45.5755327 ], [ 5.8931721, 45.575568 ], [ 5.8932671, 45.5756431 ] ] } },
{ "type": "Feature", "properties": { "id_voie": "73065_2620", "nom": "Rue de Maurienne", "type_voie": "Rue", "longueur_m": 247.8, "quartier": "BO" }, "geometry": { "type": "MultiLineString", "coordinates": [ [ [ 5.9112495, 45.5611326 ], [ 5.9108496, 45.5611141 ], [ 5.9104151, 45.5610947 ], [ 5.9099406, 45.5610728 ] ], [ [ 5.9099406, 45.5610728 ], [ 5.9093962, 45.56104 ], [ 5.9088839, 45.5610064 ], [ 5.9080825, 45.5609875 ] ] ] } },
{ "type": "Feature", "properties": { "id_voie": "73065_1450", "nom": "Rue François Cachoud", "type_voie": "Rue", "longueur_m": 327.3, "quartier": "BI" }, "geometry": { "type": "MultiLineString", "coordinates": [ [ [ 5.8950624, 45.5766061 ], [ 5.8953849, 45.5768113 ], [ 5.8956031, 45.5769111 ], [ 5.8956919, 45.5769656 ], [ 5.895714, 45.57702 ], [ 5.8957216, 45.5772649 ], [ 5.8957127, 45.5773633 ], [ 5.8956853, 45.5774542 ], [ 5.8956059, 45.5775788 ], [ 5.8954579, 45.5776934 ] ], [ [ 5.8932671, 45.5756431 ], [ 5.8935219, 45.5757807 ], [ 5.8945116, 45.5762553 ], [ 5.8950624, 45.5766061 ] ] ] } },
{ "type": "Feature", "properties": { "id_voie": "73065_1768", "nom": "Allée de la Grande Pièce", "type_voie": "Allée", "longueur_m": 121.3, "quartier": "CV" }, "geometry": { "type": "MultiLineString", "coordinates": [ [ [ 5.9074283, 45.6084665 ], [ 5.9074211, 45.6085261 ], [ 5.9073881, 45.608582 ], [ 5.9072, 45.6088869 ] ], [ [ 5.9072, 45.6088869 ], [ 5.9068392, 45.6094738 ] ] ] } },
{ "type": "Feature", "properties": { "id_voie": "73065_0830", "nom": "Avenue des Chevaliers Tireurs", "type_voie": "Avenue", "longueur_m": 904.2, "quartier": "CE" }, "geometry": { "type": "MultiLineString", "coordinates": [ [ [ 5.9085573, 45.5756368 ], [ 5.9082866, 45.575687 ], [ 5.907899, 45.5757583 ], [ 5.9076285, 45.5758122 ], [ 5.9074075, 45.575854 ], [ 5.9072307, 45.5758847 ] ], [ [ 5.9071638, 45.5758323 ], [ 5.9074684, 45.5757677 ], [ 5.9077579, 45.5757097 ], [ 5.9080513, 45.5756526 ], [ 5.908355, 45.575597 ], [ 5.9085279, 45.5755664 ] ], [ [ 5.9090796, 45.5755422 ], [ 5.9088102, 45.5755906 ], [ 5.9085573, 45.5756368 ] ], [ [ 5.9085279, 45.5755664 ], [ 5.9086615, 45.575544 ], [ 5.9089833, 45.5754906 ], [ 5.9090544, 45.575477 ] ], [ [ 5.9096935, 45.5754308 ], [ 5.9093619, 45.5754925 ], [ 5.9090796, 45.5755422 ] ], [ [ 5.9090544, 45.575477 ], [ 5.9093062, 45.5754336 ], [ 5.9096239, 45.5753758 ], [ 5.9100406, 45.5752965 ], [ 5.9103649, 45.5752413 ], [ 5.9105477, 45.5752527 ] ], [ [ 5.9105477, 45.5752527 ], [ 5.9104113, 45.5752941 ], [ 5.9102922, 45.5753225 ], [ 5.910057, 45.5753637 ], [ 5.9098663, 45.5753984 ], [ 5.9096935, 45.5754308 ] ], [ [ 5.9122102, 45.5750006 ], [ 5.9115939, 45.5750905 ], [ 5.9110388, 45.5751743 ], [ 5.9105477, 45.5752527 ] ], [ [ 5.9065738, 45.5759828 ], [ 5.90664, 45.575972 ] ], [ [ 5.90664, 45.575972 ], [ 5.9068942, 45.5759267 ] ], [ [ 5.9072307, 45.5758847 ], [ 5.9070075, 45.5759103 ] ], [ [ 5.9070075, 45.5759103 ], [ 5.9071638, 45.5758323 ] ], [ [ 5.9068942, 45.5759267 ], [ 5.9070075, 45.5759103 ] ], [ [ 5.9065738, 45.5759828 ], [ 5.9051488, 45.5762368 ], [ 5.9047101, 45.5763139 ], [ 5.9045515, 45.5763468 ] ] ] } },
{ "type": "Feature", "properties": { "id_voie": "73065_0860", "nom": "Chemin du Clos Carron", "type_voie": "Chemin", "longueur_m": 434.1, "quartier": "BI" }, "geometry": { "type": "MultiLineString", "coordinates": [ [ [ 5.8919318, 45.5711018 ], [ 5.8916888, 45.571017 ], [ 5.8914128, 45.5709412 ], [ 5.8913247, 45.5709255 ] ], [ [ 5.8921389, 45.5711866 ], [ 5.8919318, 45.5711018 ] ], [ [ 5.892391, 45.5724281 ], [ 5.8923531, 45.5724137 ], [ 5.8921615, 45.572333 ], [ 5.8920913, 45.5722889 ], [ 5.8920325, 45.5722454 ], [ 5.891964, 45.5721363 ], [ 5.891988, 45.5720798 ], [ 5.8920876, 45.5719484 ], [ 5.892557, 45.5714038 ] ], [ [ 5.892391, 45.5724281 ], [ 5.8921493, 45.5726641 ] ], [ [ 5.892557, 45.5714038 ], [ 5.8929342, 45.5716013 ], [ 5.8930575, 45.5716765 ], [ 5.893065, 45.5717232 ], [ 5.8929515, 45.5718577 ], [ 5.892391, 45.5724281 ] ], [ [ 5.892557, 45.5714038 ], [ 5.8923679, 45.5712951 ], [ 5.8921966, 45.5712103 ], [ 5.8921389, 45.5711866 ] ] ] } },
{ "type": "Feature", "properties": { "id_voie": "73065_3737", "nom": "Rue de la Touvière", "type_voie": "Rue", "longueur_m": 184.6, "quartier": null }, "geometry": { "type": "MultiLineString", "coordinates": [ [ [ 5.9304869, 45.5993039 ], [ 5.9302569, 45.5993721 ], [ 5.9301488, 45.5994163 ], [ 5.9300734, 45.5994706 ], [ 5.9299586, 45.5995321 ], [ 5.9298592, 45.5995951 ], [ 5.9297611, 45.599658 ], [ 5.9295962, 45.5997425 ], [ 5.9294263, 45.5998082 ], [ 5.9291544, 45.5999099 ] ], [ [ 5.9306604, 45.5992597 ], [ 5.9305755, 45.5992791 ], [ 5.9304869, 45.5993039 ] ], [ [ 5.9312037, 45.5991203 ], [ 5.9310674, 45.5991635 ], [ 5.9309841, 45.59919 ], [ 5.9309046, 45.5992164 ], [ 5.9308324, 45.5992345 ], [ 5.9307586, 45.5992473 ], [ 5.9306604, 45.5992597 ] ] ] } },
{ "type": "Feature", "properties": { "id_voie": "73065_1170", "nom": "Rue Docteur Julliand", "type_voie": "Rue", "longueur_m": 176.2, "quartier": "CE" }, "geometry": { "type": "MultiLineString", "coordinates": [ [ [ 5.9089528, 45.5700209 ], [ 5.9087968, 45.5700294 ], [ 5.9074977, 45.5700405 ] ], [ [ 5.9070926, 45.5700456 ], [ 5.9068257, 45.5700453 ], [ 5.9066968, 45.5700333 ] ], [ [ 5.9074977, 45.5700405 ], [ 5.9070926, 45.5700456 ] ] ] } },
{ "type": "Feature", "properties": { "id_voie": "73065_2126", "nom": "Rue Joseph Bonjean", "type_voie": "Rue", "longueur_m": 227.7, "quartier": "CE" }, "geometry": { "type": "MultiLineString", "coordinates": [ [ [ 5.9097611, 45.5701423 ], [ 5.9093338, 45.5703372 ], [ 5.9088273, 45.570563 ], [ 5.9086846, 45.5706298 ], [ 5.9086423, 45.5706552 ], [ 5.9085881, 45.5706989 ] ], [ [ 5.9089257, 45.5701387 ], [ 5.9090778, 45.5700798 ], [ 5.9093433, 45.5699558 ], [ 5.9096633, 45.5698196 ], [ 5.9096839, 45.5698208 ], [ 5.9097128, 45.5698336 ], [ 5.9097528, 45.5698632 ], [ 5.9098184, 45.569939 ], [ 5.9099036, 45.5700233 ], [ 5.9099136, 45.570042 ], [ 5.9099071, 45.5700647 ], [ 5.90984, 45.5701061 ], [ 5.9097611, 45.5701423 ] ] ] } },
{ "type": "Feature", "properties": { "id_voie": "73065_0200", "nom": "Rue de la Banque", "type_voie": "Rue", "longueur_m": 200.5, "quartier": "CE" }, "geometry": { "type": "MultiLineString", "coordinates": [ [ [ 5.9257904, 45.5650125 ], [ 5.9257862, 45.564982 ], [ 5.9257456, 45.5647461 ], [ 5.9256864, 45.5645962 ], [ 5.9255515, 45.5644474 ], [ 5.9254673, 45.5643839 ], [ 5.9254225, 45.5643616 ], [ 5.9253675, 45.5643405 ], [ 5.9252308, 45.5643008 ], [ 5.9251797, 45.5642805 ], [ 5.9251504, 45.5642614 ], [ 5.9251009, 45.5642231 ], [ 5.9250613, 45.5641773 ], [ 5.9250558, 45.564145 ] ], [ [ 5.9257904, 45.5650125 ], [ 5.9258045, 45.5650842 ], [ 5.9258352, 45.5652529 ], [ 5.9258849, 45.5657327 ] ] ] } },
{ "type": "Feature", "properties": { "id_voie": "73065_2709", "nom": "Rue du Mont d'Ambin", "type_voie": "Rue", "longueur_m": 396.2, "quartier": "BI" }, "geometry": { "type": "MultiLineString", "coordinates": [ [ [ 5.8782606, 45.5834587 ], [ 5.8782555, 45.582792 ], [ 5.8782882, 45.5827047 ] ], [ [ 5.8782882, 45.5827047 ], [ 5.8783016, 45.5826665 ], [ 5.878358, 45.5825668 ], [ 5.8783833, 45.5825112 ], [ 5.8785587, 45.5822301 ], [ 5.8786525, 45.5820366 ], [ 5.8787665, 45.5817102 ], [ 5.8790373, 45.5810203 ], [ 5.8792457, 45.5804374 ] ], [ [ 5.8792457, 45.5804374 ], [ 5.8793959, 45.5800181 ], [ 5.8793868, 45.5800165 ] ] ] } },
{ "type": "Feature", "properties": { "id_voie": "73065_3lxzb8", "nom": "Montée du Roussillon", "type_voie": "Montée", "longueur_m": 75.5, "quartier": "HC" }, "geometry": { "type": "MultiLineString", "coordinates": [ [ [ 5.9220895, 45.5884048 ], [ 5.9221453, 45.5883907 ], [ 5.9222071, 45.5883702 ], [ 5.9222343, 45.5883749 ], [ 5.9222753, 45.5883981 ], [ 5.922304, 45.5884325 ], [ 5.9223382, 45.588447 ], [ 5.9223891, 45.5884393 ], [ 5.9224465, 45.5884333 ], [ 5.9224776, 45.5884145 ], [ 5.9225607, 45.5883592 ], [ 5.922607, 45.5883372 ] ], [ [ 5.9217566, 45.5883711 ], [ 5.9219252, 45.5884036 ], [ 5.9220154, 45.5884112 ], [ 5.9220895, 45.5884048 ] ] ] } },
{ "type": "Feature", "properties": { "id_voie": "73065_3009", "nom": "Rue Paul Gidon", "type_voie": "Rue", "longueur_m": 365.2, "quartier": "BI" }, "geometry": { "type": "MultiLineString", "coordinates": [ [ [ 5.8886733, 45.5949885 ], [ 5.8893331, 45.5950869 ], [ 5.8894627, 45.5951115 ] ], [ [ 5.8890166, 45.5968945 ], [ 5.8889577, 45.596577 ], [ 5.8889514, 45.5964825 ], [ 5.8889864, 45.5963167 ], [ 5.8894627, 45.5951115 ] ], [ [ 5.8889616, 45.594289 ], [ 5.8889592, 45.5942918 ], [ 5.8889133, 45.5943723 ], [ 5.8886733, 45.5949885 ] ], [ [ 5.8886733, 45.5949885 ], [ 5.8885222, 45.5949698 ] ], [ [ 5.8885222, 45.5949698 ], [ 5.8884548, 45.594958 ] ] ] } },
{ "type": "Feature", "properties": { "id_voie": "73065_3130", "nom": "Rue du Piochet", "type_voie": "Rue", "longueur_m": 384.5, "quartier": "HC" }, "geometry": { "type": "MultiLineString", "coordinates": [ [ [ 5.9203979, 45.5874278 ], [ 5.9206584, 45.5870146 ], [ 5.9208869, 45.5866257 ], [ 5.9209447, 45.586553 ], [ 5.9210378, 45.5864443 ], [ 5.9211557, 45.5863448 ], [ 5.9212435, 45.5862569 ], [ 5.9213361, 45.5861626 ], [ 5.9215893, 45.5858785 ], [ 5.92176, 45.5856605 ], [ 5.9218586, 45.5855588 ] ], [ [ 5.9203077, 45.587568 ], [ 5.9203979, 45.5874278 ] ], [ [ 5.9203096, 45.5877013 ], [ 5.9202961, 45.5876395 ], [ 5.9203077, 45.587568 ] ], [ [ 5.9218586, 45.5855588 ], [ 5.9220269, 45.58544 ] ], [ [ 5.9220269, 45.58544 ], [ 5.9221639, 45.5855563 ], [ 5.9223447, 45.5856507 ] ], [ [ 5.9225248, 45.5857316 ], [ 5.9229555, 45.5858916 ], [ 5.9230374, 45.5859129 ] ], [ [ 5.9223447, 45.5856507 ], [ 5.9225248, 45.5857316 ] ] ] } },
{ "type": "Feature", "properties": { "id_voie": "73065_3010", "nom": "Rue Paul Girod", "type_voie": "Rue", "longueur_m": 403.4, "quartier": "BI" }, "geometry": { "type": "MultiLineString", "coordinates": [ [ [ 5.8846164, 45.5870055 ], [ 5.8849851, 45.5871609 ], [ 5.8853694, 45.5873195 ], [ 5.8860629, 45.5876 ], [ 5.8864665, 45.5877608 ], [ 5.8874275, 45.5881254 ] ], [ [ 5.8842637, 45.5868613 ], [ 5.8841558, 45.5868614 ], [ 5.8841008, 45.5868646 ], [ 5.8840321, 45.5868754 ], [ 5.8839495, 45.586891 ], [ 5.8837336, 45.5869596 ] ], [ [ 5.8842637, 45.5868613 ], [ 5.8838946, 45.5867492 ] ], [ [ 5.8840571, 45.5864918 ], [ 5.8840821, 45.5865795 ], [ 5.8841048, 45.5866446 ], [ 5.8841363, 45.5867078 ], [ 5.8841914, 45.5867794 ], [ 5.8842637, 45.5868613 ] ], [ [ 5.8842637, 45.5868613 ], [ 5.8846164, 45.5870055 ] ] ] } },
{ "type": "Feature", "properties": { "id_voie": "73065_3600", "nom": "Rue de Serbie", "type_voie": "Rue", "longueur_m": 113.7, "quartier": "LA" }, "geometry": { "type": "MultiLineString", "coordinates": [ [ [ 5.9340902, 45.566291 ], [ 5.9340762, 45.5663175 ], [ 5.9340088, 45.566377 ], [ 5.9340003, 45.5663862 ], [ 5.9339079, 45.5664832 ], [ 5.9338549, 45.5665729 ], [ 5.933835, 45.5666329 ], [ 5.9338017, 45.5669005 ], [ 5.9337576, 45.5671089 ] ], [ [ 5.9337576, 45.5671089 ], [ 5.933744, 45.5671669 ], [ 5.933731, 45.567261 ] ] ] } },
{ "type": "Feature", "properties": { "id_voie": "73065_1860", "nom": "Boulevard Henry Bordeaux", "type_voie": "Boulevard", "longueur_m": 845.8, "quartier": "BO" }, "geometry": { "type": "MultiLineString", "coordinates": [ [ [ 5.9034198, 45.5645412 ], [ 5.9032368, 45.5651127 ], [ 5.9032216, 45.5651906 ], [ 5.9032136, 45.5652575 ], [ 5.9032169, 45.5653944 ], [ 5.903234, 45.5655489 ], [ 5.9032522, 45.5656269 ], [ 5.9033089, 45.5658038 ], [ 5.9034989, 45.5662233 ], [ 5.9035441, 45.5663744 ], [ 5.9035525, 45.5664625 ], [ 5.9035194, 45.5667364 ], [ 5.9034996, 45.5668973 ], [ 5.9034454, 45.5674294 ], [ 5.9034279, 45.5675362 ], [ 5.903412, 45.5675763 ] ], [ [ 5.9033266, 45.567783 ], [ 5.9033032, 45.5677773 ], [ 5.9032626, 45.5677621 ], [ 5.9032306, 45.5677387 ], [ 5.9032059, 45.5677069 ], [ 5.9032034, 45.5676835 ], [ 5.9032072, 45.5676582 ] ], [ [ 5.9033266, 45.567783 ], [ 5.9032347, 45.5679872 ], [ 5.9031343, 45.568152 ] ], [ [ 5.9032072, 45.5676582 ], [ 5.9032178, 45.5676408 ], [ 5.9032323, 45.5676233 ], [ 5.9032681, 45.5675962 ], [ 5.9033007, 45.5675828 ], [ 5.9033413, 45.5675736 ], [ 5.9033811, 45.5675735 ], [ 5.903412, 45.5675763 ] ], [ [ 5.9035096, 45.5677251 ], [ 5.9034975, 45.5677399 ], [ 5.9034692, 45.5677613 ], [ 5.9034199, 45.567777 ], [ 5.9033829, 45.5677807 ], [ 5.9033561, 45.5677823 ], [ 5.9033266, 45.567783 ] ], [ [ 5.903412, 45.5675763 ], [ 5.9034601, 45.5675894 ], [ 5.9034895, 45.5676103 ], [ 5.9035137, 45.5676322 ], [ 5.9035204, 45.5676618 ], [ 5.903522, 45.5676924 ], [ 5.9035096, 45.5677251 ] ], [ [ 5.9031343, 45.568152 ], [ 5.9030552, 45.5682595 ], [ 5.9028293, 45.5685267 ], [ 5.9027261, 45.5686627 ], [ 5.9026424, 45.5687549 ], [ 5.902564, 45.5688498 ], [ 5.9025074, 45.5689459 ], [ 5.9023962, 45.5691992 ], [ 5.9023626, 45.5693407 ] ], [ [ 5.9023626, 45.5693407 ], [ 5.902353, 45.5694031 ], [ 5.9023519, 45.5695049 ], [ 5.9023659, 45.5696001 ], [ 5.9024057, 45.5698207 ], [ 5.9024332, 45.56993 ], [ 5.9024708, 45.5700344 ], [ 5.9025118, 45.5701072 ], [ 5.9025585, 45.5701916 ], [ 5.9026296, 45.5702745 ], [ 5.9028358, 45.5704881 ], [ 5.9030064, 45.5706351 ] ], [ [ 5.9033702, 45.5638397 ], [ 5.9033978, 45.5639011 ], [ 5.9034556, 45.564097 ], [ 5.9034646, 45.5641958 ], [ 5.903464, 45.564331 ], [ 5.9034571, 45.5643961 ], [ 5.9034198, 45.5645412 ] ] ] } },
{ "type": "Feature", "properties": { "id_voie": "73065_3605", "nom": "Rue du Signal", "type_voie": "Rue", "longueur_m": 642.1, "quartier": "BI" }, "geometry": { "type": "MultiLineString", "coordinates": [ [ [ 5.8957873, 45.5704168 ], [ 5.8958901, 45.5702718 ], [ 5.8959741, 45.5701371 ], [ 5.896, 45.570068 ], [ 5.895992, 45.5699889 ], [ 5.8959545, 45.5699088 ], [ 5.8958985, 45.5698444 ], [ 5.8958316, 45.5697921 ], [ 5.8957455, 45.5697393 ], [ 5.8956861, 45.5697075 ] ], [ [ 5.8954084, 45.5709248 ], [ 5.8955326, 45.570773 ], [ 5.8957873, 45.5704168 ] ], [ [ 5.8953398, 45.5710113 ], [ 5.8953917, 45.5710469 ], [ 5.8955967, 45.5711651 ], [ 5.8956904, 45.5711906 ] ], [ [ 5.8953398, 45.5710113 ], [ 5.8954084, 45.5709248 ] ], [ [ 5.8948351, 45.5718128 ], [ 5.894957, 45.5717889 ], [ 5.8950064, 45.5717516 ], [ 5.8950247, 45.5716835 ], [ 5.8950219, 45.5714827 ], [ 5.8950428, 45.5714172 ], [ 5.8950806, 45.5713541 ], [ 5.8951764, 45.5712471 ], [ 5.8953398, 45.5710113 ] ], [ [ 5.8954084, 45.5709248 ], [ 5.8953101, 45.5709094 ], [ 5.8950088, 45.5708396 ], [ 5.8948963, 45.5707984 ], [ 5.8948143, 45.5707257 ], [ 5.8947875, 45.5706795 ], [ 5.8947771, 45.5706275 ], [ 5.8947833, 45.5705751 ], [ 5.8948273, 45.5704604 ], [ 5.8952041, 45.5700101 ] ], [ [ 5.8956861, 45.5697075 ], [ 5.8955805, 45.5696508 ], [ 5.8955083, 45.5695941 ], [ 5.8954366, 45.5695238 ], [ 5.8953819, 45.5694351 ], [ 5.8953674, 45.5693535 ], [ 5.8953974, 45.5692644 ], [ 5.8955196, 45.5690982 ], [ 5.8959644, 45.5685272 ], [ 5.8960239, 45.5684869 ] ], [ [ 5.8957873, 45.5704168 ], [ 5.896217, 45.5705868 ] ] ] } },
{ "type": "Feature", "properties": { "id_voie": "73065_0480", "nom": "Rue Burdin", "type_voie": "Rue", "longueur_m": 455.0, "quartier": "LA" }, "geometry": { "type": "MultiLineString", "coordinates": [ [ [ 5.9234041, 45.5720887 ], [ 5.923587, 45.5721263 ], [ 5.923729, 45.5721659 ] ], [ [ 5.923729, 45.5721659 ], [ 5.9238386, 45.5722018 ], [ 5.923932, 45.572221 ], [ 5.9240033, 45.572211 ] ], [ [ 5.923084, 45.5721736 ], [ 5.9234041, 45.5720887 ] ], [ [ 5.9230803, 45.5719809 ], [ 5.9232765, 45.5720533 ], [ 5.9234041, 45.5720887 ] ], [ [ 5.9249864, 45.5697606 ], [ 5.9251084, 45.5696898 ] ], [ [ 5.9246109, 45.5703029 ], [ 5.924682, 45.5700938 ], [ 5.9247499, 45.5699704 ], [ 5.9249165, 45.5698219 ], [ 5.9249864, 45.5697606 ] ], [ [ 5.9246109, 45.5703029 ], [ 5.9248133, 45.570759 ], [ 5.9249022, 45.5710333 ], [ 5.9249265, 45.57113 ], [ 5.9249485, 45.5713024 ] ], [ [ 5.9240033, 45.572211 ], [ 5.9240478, 45.5721774 ], [ 5.9240937, 45.572124 ], [ 5.9241649, 45.5720383 ], [ 5.924228, 45.5719213 ], [ 5.9242392, 45.5718417 ], [ 5.924231, 45.5717843 ] ], [ [ 5.924231, 45.5717843 ], [ 5.9243509, 45.5716982 ], [ 5.9245388, 45.5715861 ], [ 5.9246878, 45.5715165 ], [ 5.9247737, 45.5714674 ], [ 5.9248098, 45.5714466 ], [ 5.9248291, 45.5714236 ], [ 5.9248392, 45.5713963 ], [ 5.9248481, 45.571369 ], [ 5.9248401, 45.5713395 ], [ 5.9248379, 45.5712981 ] ], [ [ 5.9243706, 45.5701488 ], [ 5.9244326, 45.5701571 ], [ 5.9244901, 45.5701772 ], [ 5.9245442, 45.5702055 ], [ 5.9246109, 45.5703029 ] ] ] } },
{ "type": "Feature", "properties": { "id_voie": "73065_0030", "nom": "Avenue d'Aix-les-Bains", "type_voie": "Avenue", "longueur_m": 2083.3, "quartier": "HC" }, "geometry": { "type": "MultiLineString", "coordinates": [ [ [ 5.9214285, 45.588403 ], [ 5.9213319, 45.5885434 ], [ 5.9212324, 45.588701 ], [ 5.9205713, 45.5896967 ] ], [ [ 5.9233908, 45.5753141 ], [ 5.9232437, 45.5750548 ], [ 5.9231811, 45.574915 ], [ 5.9231485, 45.5748068 ], [ 5.9231454, 45.5747492 ], [ 5.9231455, 45.574678 ] ], [ [ 5.9233908, 45.5753141 ], [ 5.9235731, 45.5756085 ] ], [ [ 5.9235731, 45.5756085 ], [ 5.9237125, 45.5758428 ], [ 5.9239013, 45.5761875 ], [ 5.9240484, 45.576445 ], [ 5.9241317, 45.5765906 ], [ 5.9243611, 45.576973 ], [ 5.924583, 45.5773367 ], [ 5.9246479, 45.5774476 ] ], [ [ 5.9215828, 45.5881656 ], [ 5.9219063, 45.5877292 ], [ 5.92201, 45.587603 ], [ 5.9220602, 45.5874828 ], [ 5.9224577, 45.5869165 ], [ 5.9228271, 45.5863771 ], [ 5.9229881, 45.5861449 ], [ 5.9230394, 45.5860967 ], [ 5.9230933, 45.5860484 ] ], [ [ 5.9237449, 45.5850187 ], [ 5.9236032, 45.5852287 ], [ 5.9234009, 45.5855538 ], [ 5.923207, 45.5858671 ] ], [ [ 5.9232661, 45.5860142 ], [ 5.9232353, 45.5860393 ], [ 5.9231657, 45.5860574 ], [ 5.9230933, 45.5860484 ] ], [ [ 5.9230374, 45.5859129 ], [ 5.9230896, 45.5858809 ], [ 5.9231452, 45.5858642 ], [ 5.923207, 45.5858671 ] ], [ [ 5.9230933, 45.5860484 ], [ 5.92306, 45.586025 ], [ 5.92303, 45.5859906 ], [ 5.9230213, 45.5859485 ], [ 5.9230374, 45.5859129 ] ], [ [ 5.923207, 45.5858671 ], [ 5.9232596, 45.5858918 ], [ 5.923286, 45.5859299 ], [ 5.9232895, 45.5859721 ], [ 5.9232661, 45.5860142 ] ], [ [ 5.9240851, 45.5843412 ], [ 5.9240077, 45.5845279 ], [ 5.9238289, 45.5848849 ], [ 5.9237449, 45.5850187 ] ], [ [ 5.9242509, 45.5835683 ], [ 5.9241837, 45.5839476 ], [ 5.9240851, 45.5843412 ] ], [ [ 5.9242569, 45.5835348 ], [ 5.9242509, 45.5835683 ] ], [ [ 5.9248238, 45.5805383 ], [ 5.9247924, 45.5806238 ], [ 5.9247577, 45.5807698 ], [ 5.9246786, 45.5811188 ], [ 5.9245522, 45.5816897 ], [ 5.9244122, 45.5823431 ], [ 5.9243293, 45.5829616 ], [ 5.9242805, 45.583399 ], [ 5.9242569, 45.5835348 ] ], [ [ 5.9248238, 45.5805383 ], [ 5.9248806, 45.5803016 ], [ 5.9249058, 45.5801712 ], [ 5.924943, 45.5800252 ] ], [ [ 5.9250541, 45.5800385 ], [ 5.9250092, 45.5801604 ], [ 5.9249696, 45.5802867 ], [ 5.9249183, 45.5804079 ], [ 5.9248238, 45.5805383 ] ], [ [ 5.924943, 45.5800252 ], [ 5.9249709, 45.5798983 ], [ 5.924968, 45.5797929 ], [ 5.9249564, 45.5796473 ], [ 5.9249541, 45.5794329 ] ], [ [ 5.9249541, 45.5794329 ], [ 5.9250134, 45.5796088 ], [ 5.9250638, 45.5798833 ], [ 5.9250541, 45.5800385 ] ], [ [ 5.9246479, 45.5774476 ], [ 5.9246971, 45.5775301 ], [ 5.9247945, 45.5776979 ], [ 5.9248291, 45.5777691 ], [ 5.9248589, 45.5778476 ], [ 5.9248845, 45.5780407 ], [ 5.9249166, 45.5788193 ], [ 5.9249541, 45.5794329 ] ], [ [ 5.9246479, 45.5774476 ], [ 5.9248239, 45.57738 ], [ 5.9249074, 45.5773327 ], [ 5.9249461, 45.5772623 ], [ 5.9249745, 45.5771201 ], [ 5.9249623, 45.5769871 ], [ 5.924965, 45.5769158 ], [ 5.9249575, 45.5768475 ], [ 5.9249527, 45.5768053 ], [ 5.9249784, 45.5767812 ], [ 5.925017, 45.5767838 ], [ 5.925058, 45.5768062 ], [ 5.9251006, 45.5768348 ], [ 5.9251593, 45.5768774 ], [ 5.9252025, 45.5768934 ], [ 5.9252479, 45.5769039 ], [ 5.9253134, 45.576905 ], [ 5.9253474, 45.5768924 ], [ 5.9253717, 45.5768665 ], [ 5.9253778, 45.5768357 ], [ 5.9253565, 45.5767966 ], [ 5.9253328, 45.5767612 ], [ 5.9252867, 45.5767146 ], [ 5.9252476, 45.5766787 ], [ 5.9252481, 45.5766399 ], [ 5.9252948, 45.5766261 ], [ 5.9253632, 45.5766333 ], [ 5.9254104, 45.5766528 ], [ 5.9254529, 45.5766787 ], [ 5.9254994, 45.5766847 ], [ 5.925561, 45.5766615 ] ] ] } },
{ "type": "Feature", "properties": { "id_voie": "73065_0910", "nom": "Rue Commandant Joseph Perceval", "type_voie": "Rue", "longueur_m": 149.4, "quartier": "CE" }, "geometry": { "type": "LineString", "coordinates": [ [ 5.918519, 45.5700774 ], [ 5.9188747, 45.5702295 ], [ 5.9191245, 45.5703203 ], [ 5.9193359, 45.5703869 ], [ 5.9194689, 45.5703546 ], [ 5.9195373, 45.5702654 ], [ 5.9196187, 45.5701543 ], [ 5.9197003, 45.5700467 ], [ 5.9198023, 45.5699378 ], [ 5.9199444, 45.5698818 ] ] } },
{ "type": "Feature", "properties": { "id_voie": "73065_3375", "nom": "Chemin de Rosemond", "type_voie": "Chemin", "longueur_m": 238.7, "quartier": "LA" }, "geometry": { "type": "MultiLineString", "coordinates": [ [ [ 5.925045, 45.5570609 ], [ 5.9251073, 45.5569286 ] ], [ [ 5.9251073, 45.5569286 ], [ 5.9251962, 45.5567415 ], [ 5.9252306, 45.5566875 ], [ 5.9253083, 45.55658 ], [ 5.9254062, 45.5564676 ], [ 5.925475, 45.5564099 ], [ 5.9255456, 45.5563621 ], [ 5.9256134, 45.5563333 ] ], [ [ 5.9256134, 45.5563333 ], [ 5.9256944, 45.5563141 ], [ 5.9260275, 45.5563054 ], [ 5.9262814, 45.5562799 ], [ 5.9265792, 45.5562126 ], [ 5.9266706, 45.5561931 ], [ 5.9267474, 45.5561902 ], [ 5.9267893, 45.5562072 ], [ 5.926828, 45.556235 ], [ 5.9268504, 45.5562705 ], [ 5.9268508, 45.5563515 ], [ 5.9267629, 45.5565088 ], [ 5.9267557, 45.5565432 ], [ 5.9267436, 45.5565814 ], [ 5.9267436, 45.5566301 ] ] ] } },
{ "type": "Feature", "properties": { "id_voie": "73065_0540", "nom": "Chemin de la Cardinière", "type_voie": "Chemin", "longueur_m": 337.8, "quartier": "LA" }, "geometry": { "type": "MultiLineString", "coordinates": [ [ [ 5.9321116, 45.5620634 ], [ 5.9321764, 45.562004 ], [ 5.9322562, 45.5619352 ], [ 5.9323236, 45.5618767 ], [ 5.932393, 45.5618064 ], [ 5.9324319, 45.5617405 ], [ 5.9324471, 45.5617131 ], [ 5.93247, 45.5616846 ], [ 5.9325238, 45.5616345 ], [ 5.9326073, 45.5615882 ], [ 5.932744, 45.5615296 ], [ 5.9328314, 45.561485 ], [ 5.9329441, 45.5614091 ], [ 5.9330128, 45.5613496 ], [ 5.9330742, 45.5612966 ], [ 5.9331183, 45.5612333 ], [ 5.9331457, 45.5611939 ], [ 5.9331938, 45.5611566 ], [ 5.9332375, 45.5611347 ], [ 5.9333026, 45.5611042 ] ], [ [ 5.9321116, 45.5620634 ], [ 5.9320874, 45.562091 ], [ 5.9320716, 45.5621068 ], [ 5.9320521, 45.5621262 ], [ 5.93198, 45.5621713 ], [ 5.9319014, 45.5622121 ], [ 5.9318157, 45.5622414 ], [ 5.931727, 45.5622626 ], [ 5.9314413, 45.5623169 ], [ 5.9313349, 45.5623431 ], [ 5.9312925, 45.5623668 ], [ 5.9312554, 45.5623921 ], [ 5.931188, 45.5624515 ], [ 5.9310893, 45.5625748 ], [ 5.9309645, 45.5627123 ], [ 5.930944, 45.5627381 ], [ 5.9305073, 45.5632857 ] ] ] } },
{ "type": "Feature", "properties": { "id_voie": "73065_2875", "nom": "Chemin du Nant", "type_voie": "Chemin", "longueur_m": 49.4, "quartier": "BI" }, "geometry": { "type": "LineString", "coordinates": [ [ 5.8775153, 45.5692534 ], [ 5.8774606, 45.5693611 ], [ 5.8773999, 45.5695501 ], [ 5.8773619, 45.5696835 ] ] } },
{ "type": "Feature", "properties": { "id_voie": "73065_2480", "nom": "Rue Marc-Claude de Buttet", "type_voie": "Rue", "longueur_m": 158.0, "quartier": "LA" }, "geometry": { "type": "MultiLineString", "coordinates": [ [ [ 5.9228412, 45.5711446 ], [ 5.9231382, 45.5710594 ], [ 5.9232132, 45.5710466 ], [ 5.9232953, 45.5710472 ], [ 5.9233781, 45.5710595 ], [ 5.9238308, 45.5711531 ] ], [ [ 5.9238308, 45.5711531 ], [ 5.9238601, 45.5711731 ], [ 5.9239304, 45.571265 ], [ 5.9239995, 45.5713848 ], [ 5.9241366, 45.5716236 ], [ 5.924231, 45.5717843 ] ] ] } },
{ "type": "Feature", "properties": { "id_voie": "73065_0388", "nom": "Chemin de Bon Pas", "type_voie": "Chemin", "longueur_m": 633.3, "quartier": "BI" }, "geometry": { "type": "MultiLineString", "coordinates": [ [ [ 5.8750288, 45.570165 ], [ 5.8754702, 45.5699185 ], [ 5.8758535, 45.5697393 ], [ 5.8760622, 45.569633 ], [ 5.8762162, 45.5695597 ], [ 5.8763648, 45.569455 ], [ 5.8764323, 45.569373 ], [ 5.8764722, 45.5692999 ], [ 5.8765643, 45.5691958 ], [ 5.8766473, 45.5691396 ], [ 5.8767664, 45.5690861 ], [ 5.8768988, 45.5690421 ] ], [ [ 5.8774672, 45.5691906 ], [ 5.8775153, 45.5692534 ] ], [ [ 5.8768988, 45.5690421 ], [ 5.8769217, 45.5690379 ], [ 5.8769988, 45.5690395 ], [ 5.8770453, 45.5690465 ], [ 5.8773151, 45.5691026 ], [ 5.8773751, 45.5691227 ], [ 5.8774239, 45.5691467 ], [ 5.8774672, 45.5691906 ] ], [ [ 5.8775153, 45.5692534 ], [ 5.8775769, 45.569278 ], [ 5.8779634, 45.5693329 ], [ 5.8784643, 45.5693444 ] ], [ [ 5.8717838, 45.5708733 ], [ 5.8717346, 45.5708646 ], [ 5.8715669, 45.5708482 ], [ 5.8713498, 45.5708177 ] ], [ [ 5.8717838, 45.5708733 ], [ 5.87194, 45.5708927 ], [ 5.8721296, 45.5709122 ], [ 5.8723269, 45.5709071 ], [ 5.8725366, 45.5708937 ], [ 5.8728362, 45.570832 ], [ 5.873089, 45.5707588 ], [ 5.8733045, 45.570683 ], [ 5.8734992, 45.5706032 ], [ 5.8736819, 45.57054 ], [ 5.8738778, 45.5704809 ], [ 5.8741614, 45.5704097 ], [ 5.8743888, 45.570366 ], [ 5.8745603, 45.5703337 ], [ 5.8747436, 45.5702804 ], [ 5.8749058, 45.5702176 ], [ 5.8750288, 45.570165 ] ] ] } },
{ "type": "Feature", "properties": { "id_voie": "73065_3856", "nom": "Rue Victor Hugo", "type_voie": "Rue", "longueur_m": 157.4, "quartier": "CE" }, "geometry": { "type": "MultiLineString", "coordinates": [ [ [ 5.9241429, 45.5663196 ], [ 5.9239764, 45.5662519 ], [ 5.9237679, 45.5661654 ], [ 5.9235736, 45.5660822 ] ], [ [ 5.9244325, 45.5664356 ], [ 5.9243539, 45.5664043 ], [ 5.9241429, 45.5663196 ] ], [ [ 5.9247454, 45.5665545 ], [ 5.9245492, 45.5664821 ], [ 5.9244325, 45.5664356 ] ], [ [ 5.9253294, 45.5667781 ], [ 5.9252075, 45.5667281 ], [ 5.9247454, 45.5665545 ] ] ] } },
{ "type": "Feature", "properties": { "id_voie": "73065_3260", "nom": "Quai Raymond Poincaré", "type_voie": "Quai", "longueur_m": 313.2, "quartier": "LA" }, "geometry": { "type": "MultiLineString", "coordinates": [ [ [ 5.9297278, 45.5670816 ], [ 5.9299793, 45.5670831 ], [ 5.930748, 45.5671108 ], [ 5.9314309, 45.5671426 ], [ 5.9317936, 45.5671611 ] ], [ [ 5.9317936, 45.5671611 ], [ 5.9320677, 45.5671764 ] ], [ [ 5.9320677, 45.5671764 ], [ 5.9328601, 45.5672161 ], [ 5.9334065, 45.5672388 ] ], [ [ 5.9334065, 45.5672388 ], [ 5.933731, 45.567261 ] ] ] } },
{ "type": "Feature", "properties": { "id_voie": "73065_0457", "nom": "Chemin de la Brondelle", "type_voie": "Chemin", "longueur_m": 140.7, "quartier": "CV" }, "geometry": { "type": "MultiLineString", "coordinates": [ [ [ 5.9179159, 45.6097303 ], [ 5.917929, 45.6098092 ], [ 5.9179832, 45.6100088 ], [ 5.917993, 45.6100969 ], [ 5.9179932, 45.6101752 ] ], [ [ 5.9179932, 45.6101752 ], [ 5.9181787, 45.6101857 ], [ 5.9184227, 45.6102128 ], [ 5.9185191, 45.610213 ] ], [ [ 5.9185191, 45.610213 ], [ 5.9186127, 45.6101871 ], [ 5.918741, 45.610136 ], [ 5.9188152, 45.610035 ], [ 5.9188095, 45.6098774 ] ] ] } },
{ "type": "Feature", "properties": { "id_voie": "73065_0178", "nom": "Rue d'Auvergne", "type_voie": "Rue", "longueur_m": 144.9, "quartier": "CV" }, "geometry": { "type": "LineString", "coordinates": [ [ 5.91095, 45.6020912 ], [ 5.9109206, 45.6021424 ], [ 5.9108874, 45.6021721 ], [ 5.9108241, 45.6021872 ], [ 5.9107216, 45.6021917 ], [ 5.9106339, 45.6021841 ], [ 5.9102159, 45.6021201 ], [ 5.9101124, 45.6021047 ], [ 5.9099956, 45.6020798 ], [ 5.9097666, 45.6020227 ], [ 5.9096659, 45.6019874 ], [ 5.9095636, 45.6019459 ], [ 5.9094973, 45.6018801 ], [ 5.9094757, 45.6017869 ], [ 5.9094801, 45.6017246 ] ] } },
{ "type": "Feature", "properties": { "id_voie": "73065_0450", "nom": "Rue de Bourgogne", "type_voie": "Rue", "longueur_m": 275.8, "quartier": "HC" }, "geometry": { "type": "LineString", "coordinates": [ [ 5.9209949, 45.5880656 ], [ 5.9215029, 45.5873072 ], [ 5.9218492, 45.5867926 ], [ 5.92217, 45.5863283 ], [ 5.92247, 45.5858114 ] ] } },
{ "type": "Feature", "properties": { "id_voie": "73065_3083", "nom": "Allée de Picardie", "type_voie": "Allée", "longueur_m": 190.8, "quartier": "HC" }, "geometry": { "type": "LineString", "coordinates": [ [ 5.9217566, 45.5883711 ], [ 5.9217613, 45.5884358 ], [ 5.9217554, 45.5884927 ], [ 5.9217633, 45.58857 ], [ 5.9217989, 45.5886367 ], [ 5.9218448, 45.5886805 ], [ 5.9219111, 45.5887212 ], [ 5.9219929, 45.5887623 ], [ 5.9223307, 45.588913 ], [ 5.9223712, 45.5889516 ], [ 5.9223733, 45.5889912 ], [ 5.9223553, 45.5890394 ], [ 5.9219702, 45.5894522 ], [ 5.9216968, 45.5897423 ] ] } },
{ "type": "Feature", "properties": { "id_voie": "73065_2370", "nom": "Rue Louis Bleriot", "type_voie": "Rue", "longueur_m": 153.6, "quartier": "BO" }, "geometry": { "type": "LineString", "coordinates": [ [ 5.9052825, 45.5596452 ], [ 5.9051476, 45.5596415 ], [ 5.9047416, 45.5596295 ], [ 5.9043922, 45.5596196 ], [ 5.9039578, 45.5595795 ], [ 5.9036927, 45.5595386 ], [ 5.9033435, 45.5594593 ] ] } },
{ "type": "Feature", "properties": { "id_voie": "73065_1837", "nom": "Chemin de Chamoux", "type_voie": "Chemin", "longueur_m": 1001.8, "quartier": "BI" }, "geometry": { "type": "MultiLineString", "coordinates": [ [ [ 5.8836932, 45.5804603 ], [ 5.8835286, 45.5805033 ], [ 5.8833973, 45.5805454 ], [ 5.8832219, 45.5806013 ], [ 5.8830753, 45.580669 ] ], [ [ 5.8836932, 45.5804603 ], [ 5.8839892, 45.5803797 ], [ 5.8843537, 45.5802821 ], [ 5.8844974, 45.5802568 ], [ 5.8845753, 45.5802493 ] ], [ [ 5.8825523, 45.5812474 ], [ 5.8825801, 45.5811908 ], [ 5.8826156, 45.5811079 ], [ 5.8826575, 45.5810257 ], [ 5.8827028, 45.5809588 ] ], [ [ 5.8830753, 45.580669 ], [ 5.8829793, 45.5807237 ], [ 5.8829008, 45.580769 ], [ 5.8828402, 45.580812 ], [ 5.8827769, 45.5808776 ], [ 5.8827028, 45.5809588 ] ], [ [ 5.8825523, 45.5812474 ], [ 5.8824805, 45.5813979 ], [ 5.8823962, 45.5816028 ], [ 5.8823529, 45.5816823 ], [ 5.8823165, 45.5817481 ], [ 5.8822905, 45.5817893 ] ], [ [ 5.8822905, 45.5817893 ], [ 5.8818292, 45.5822724 ] ], [ [ 5.8782606, 45.5834587 ], [ 5.8785658, 45.5835049 ], [ 5.8787604, 45.5835441 ] ], [ [ 5.8782606, 45.5834587 ], [ 5.8780676, 45.5834248 ], [ 5.8778832, 45.5833818 ] ], [ [ 5.8773116, 45.582062 ], [ 5.8773281, 45.5821318 ], [ 5.8773435, 45.5822071 ], [ 5.8773496, 45.5823728 ], [ 5.877342, 45.5825478 ], [ 5.8773747, 45.5828578 ], [ 5.8773875, 45.58298 ] ], [ [ 5.8778832, 45.5833818 ], [ 5.8776838, 45.5832995 ], [ 5.8775623, 45.5832324 ], [ 5.8774833, 45.5831686 ], [ 5.8774237, 45.5830836 ], [ 5.8773875, 45.58298 ] ], [ [ 5.8787604, 45.5835441 ], [ 5.8788122, 45.5835545 ], [ 5.8790553, 45.5836149 ], [ 5.879158, 45.5836636 ] ], [ [ 5.879158, 45.5836636 ], [ 5.8792159, 45.5837162 ], [ 5.8792402, 45.5837643 ] ], [ [ 5.8792402, 45.5837643 ], [ 5.8794642, 45.5835558 ], [ 5.8795464, 45.5834825 ], [ 5.8796208, 45.5834337 ], [ 5.8798076, 45.5833488 ], [ 5.8801132, 45.5832292 ] ], [ [ 5.8801132, 45.5832292 ], [ 5.8803296, 45.5831696 ], [ 5.8806213, 45.5830792 ], [ 5.880798, 45.5830467 ], [ 5.8809458, 45.5830258 ] ], [ [ 5.8814126, 45.5826994 ], [ 5.881146, 45.5829027 ], [ 5.8809877, 45.5829941 ], [ 5.8809458, 45.5830258 ] ], [ [ 5.8814126, 45.5826994 ], [ 5.8816329, 45.5828893 ], [ 5.8817832, 45.5829656 ], [ 5.8819323, 45.5830456 ], [ 5.8819716, 45.5831104 ], [ 5.8819384, 45.5831869 ], [ 5.8816266, 45.5835094 ] ], [ [ 5.8818292, 45.5822724 ], [ 5.8817098, 45.5824179 ], [ 5.8815968, 45.5825406 ], [ 5.881537, 45.5825998 ], [ 5.8814717, 45.5826519 ], [ 5.8814508, 45.5826696 ], [ 5.8814126, 45.5826994 ] ] ] } },
{ "type": "Feature", "properties": { "id_voie": "73065_1735", "nom": "Allée des Grainetiers", "type_voie": "Allée", "longueur_m": 76.2, "quartier": "BI" }, "geometry": { "type": "LineString", "coordinates": [ [ 5.8953944, 45.5760118 ], [ 5.8953933, 45.5763579 ], [ 5.8950624, 45.5766061 ] ] } },
{ "type": "Feature", "properties": { "id_voie": "IGN-2338711141", "nom": "Chemin Des Évettes", "type_voie": "Chemin", "longueur_m": 139.4, "quartier": "BI" }, "geometry": { "type": "LineString", "coordinates": [ [ 5.8959019, 45.5735442 ], [ 5.8961549, 45.5736954 ], [ 5.8965388, 45.5739216 ], [ 5.8969707, 45.5741825 ], [ 5.8972002, 45.5743271 ], [ 5.8972547, 45.5743635 ] ] } },
{ "type": "Feature", "properties": { "id_voie": "73065_3460", "nom": "Rue de Saint-Ombre", "type_voie": "Rue", "longueur_m": 2525.6, "quartier": "HC" }, "geometry": { "type": "MultiLineString", "coordinates": [ [ [ 5.9202383, 45.5831824 ], [ 5.919677, 45.5834889 ], [ 5.9195393, 45.5835538 ] ], [ [ 5.9195393, 45.5835538 ], [ 5.9191463, 45.5837199 ], [ 5.918895, 45.5838201 ], [ 5.9187138, 45.5838897 ], [ 5.9185231, 45.5839712 ], [ 5.9183674, 45.5840365 ] ], [ [ 5.9183674, 45.5840365 ], [ 5.918283, 45.5840667 ], [ 5.9181496, 45.5841161 ] ], [ [ 5.9151838, 45.5865052 ], [ 5.9152094, 45.586309 ], [ 5.9152415, 45.586237 ], [ 5.9152668, 45.5862039 ], [ 5.9154074, 45.5860714 ], [ 5.9155701, 45.5859203 ], [ 5.9163341, 45.585368 ] ], [ [ 5.9163341, 45.585368 ], [ 5.9163649, 45.5853428 ], [ 5.9165033, 45.5852419 ], [ 5.9175455, 45.5843435 ] ], [ [ 5.9181496, 45.5841161 ], [ 5.9178897, 45.5842012 ], [ 5.9175455, 45.5843435 ] ], [ [ 5.9206395, 45.5828818 ], [ 5.920415, 45.5830778 ], [ 5.9203194, 45.5831388 ], [ 5.9202383, 45.5831824 ] ], [ [ 5.9206764, 45.5828502 ], [ 5.9206395, 45.5828818 ] ], [ [ 5.9209234, 45.5825951 ], [ 5.9206764, 45.5828502 ] ], [ [ 5.912034, 45.5873032 ], [ 5.9120694, 45.5872429 ], [ 5.9120919, 45.5872071 ], [ 5.9121617, 45.5871432 ], [ 5.9122358, 45.5870881 ], [ 5.912343, 45.5870276 ], [ 5.9124483, 45.5869798 ], [ 5.9126015, 45.5869407 ] ], [ [ 5.9126015, 45.5869407 ], [ 5.9126801, 45.5869225 ], [ 5.9128432, 45.5869011 ], [ 5.9131629, 45.586855 ], [ 5.9134659, 45.5868318 ], [ 5.9141109, 45.5867971 ], [ 5.9143982, 45.5867698 ], [ 5.9145507, 45.5867415 ], [ 5.9149506, 45.5866591 ], [ 5.9150675, 45.5866119 ], [ 5.9151467, 45.5865576 ], [ 5.9151838, 45.5865052 ] ], [ [ 5.912034, 45.5873032 ], [ 5.911948, 45.5874488 ], [ 5.911869, 45.5875824 ], [ 5.9117775, 45.5876965 ], [ 5.9116981, 45.5877976 ], [ 5.9116169, 45.5879124 ], [ 5.9115623, 45.5880228 ], [ 5.9115309, 45.5881327 ], [ 5.9115204, 45.5882501 ], [ 5.9115178, 45.5883475 ], [ 5.91149, 45.5884284 ], [ 5.9114291, 45.5885156 ], [ 5.9113607, 45.5886066 ], [ 5.9112786, 45.5887051 ], [ 5.911196, 45.5888415 ] ], [ [ 5.9065705, 45.5921916 ], [ 5.9067617, 45.5919469 ], [ 5.907161, 45.5914356 ], [ 5.9072245, 45.5913493 ], [ 5.9073254, 45.5912412 ], [ 5.9073819, 45.5911929 ], [ 5.9074426, 45.5911526 ], [ 5.9075913, 45.5910505 ], [ 5.90773, 45.5909541 ], [ 5.9078719, 45.5908694 ], [ 5.9081097, 45.5907551 ], [ 5.9081928, 45.5907241 ], [ 5.9085419, 45.5906024 ], [ 5.9086852, 45.5905447 ], [ 5.9089328, 45.5904211 ], [ 5.909175, 45.5903157 ], [ 5.9092646, 45.5902864 ], [ 5.9093685, 45.5902612 ], [ 5.9094779, 45.590243 ], [ 5.9097991, 45.5901752 ], [ 5.9099819, 45.5901137 ], [ 5.9103716, 45.5899333 ], [ 5.9104576, 45.5898599 ], [ 5.9105209, 45.5897952 ], [ 5.9105508, 45.5897296 ], [ 5.9106035, 45.5896074 ], [ 5.910631, 45.5895446 ], [ 5.9106649, 45.5895067 ], [ 5.9107631, 45.5894447 ], [ 5.9109203, 45.5893361 ], [ 5.9110224, 45.5892515 ], [ 5.9110612, 45.5892072 ], [ 5.9110862, 45.5891705 ], [ 5.9110923, 45.5891163 ], [ 5.9110878, 45.5890047 ], [ 5.9111029, 45.5889502 ], [ 5.9111391, 45.5889078 ], [ 5.911196, 45.5888415 ] ], [ [ 5.9053037, 45.594468 ], [ 5.9054097, 45.5944328 ], [ 5.9055117, 45.5943951 ], [ 5.9056064, 45.5943413 ], [ 5.9056818, 45.5942618 ], [ 5.9057259, 45.5941967 ], [ 5.905772, 45.5941225 ], [ 5.9058297, 45.5940219 ], [ 5.9058568, 45.5939275 ], [ 5.9058924, 45.5937734 ] ], [ [ 5.9058924, 45.5937734 ], [ 5.9059129, 45.5936999 ], [ 5.9059514, 45.5936268 ], [ 5.9059981, 45.5935391 ] ], [ [ 5.9061393, 45.5936364 ], [ 5.9060441, 45.5936577 ], [ 5.9059802, 45.5936864 ], [ 5.9059335, 45.5937255 ], [ 5.9058924, 45.5937734 ] ], [ [ 5.9063051, 45.5933221 ], [ 5.906373, 45.5932951 ], [ 5.9064595, 45.5932568 ], [ 5.906517, 45.5932031 ], [ 5.9065265, 45.5931389 ] ], [ [ 5.9065265, 45.5931389 ], [ 5.9065388, 45.5932025 ], [ 5.9065308, 45.5932694 ], [ 5.9065034, 45.5933359 ], [ 5.9064393, 45.5934096 ] ], [ [ 5.9065705, 45.5921916 ], [ 5.9063311, 45.5925213 ], [ 5.9063039, 45.5926157 ], [ 5.9063085, 45.5927273 ], [ 5.9063219, 45.5927864 ], [ 5.9063816, 45.5928975 ], [ 5.9065031, 45.5930845 ], [ 5.9065265, 45.5931389 ] ], [ [ 5.9043619, 45.595306 ], [ 5.904439, 45.5952599 ], [ 5.9045018, 45.5952087 ], [ 5.9045598, 45.5951396 ], [ 5.9045935, 45.5950721 ] ], [ [ 5.9045935, 45.5950721 ], [ 5.9046155, 45.5950021 ], [ 5.9046391, 45.5949132 ], [ 5.9046652, 45.5948233 ], [ 5.904703, 45.5947377 ], [ 5.9047634, 45.5946649 ], [ 5.9048292, 45.5946236 ], [ 5.9049242, 45.5945742 ], [ 5.9050248, 45.5945347 ] ], [ [ 5.9051915, 45.5944088 ], [ 5.90522, 45.5944134 ], [ 5.9052461, 45.5944227 ], [ 5.9052699, 45.5944347 ], [ 5.9052887, 45.5944504 ], [ 5.9053037, 45.594468 ] ], [ [ 5.9053037, 45.594468 ], [ 5.9053124, 45.5944876 ], [ 5.9053173, 45.5945073 ], [ 5.9053145, 45.5945272 ], [ 5.9053079, 45.5945472 ], [ 5.9052947, 45.5945656 ], [ 5.9052776, 45.5945822 ], [ 5.9052552, 45.5945954 ] ], [ [ 5.9052552, 45.5945954 ], [ 5.9052301, 45.594606 ], [ 5.9052022, 45.5946121 ], [ 5.9051741, 45.5946156 ], [ 5.9051458, 45.5946136 ], [ 5.9051173, 45.5946089 ], [ 5.9050911, 45.5945997 ], [ 5.9050674, 45.5945877 ], [ 5.9050486, 45.5945719 ], [ 5.9050336, 45.5945543 ], [ 5.9050248, 45.5945347 ] ], [ [ 5.9050248, 45.5945347 ], [ 5.9050199, 45.594515 ], [ 5.9050227, 45.5944951 ], [ 5.9050294, 45.5944751 ], [ 5.9050426, 45.5944568 ], [ 5.9050597, 45.5944401 ], [ 5.9050821, 45.5944269 ], [ 5.9051072, 45.5944163 ], [ 5.9051351, 45.5944102 ], [ 5.9051631, 45.5944068 ], [ 5.9051915, 45.5944088 ] ], [ [ 5.9221404, 45.5808505 ], [ 5.9220873, 45.580914 ], [ 5.9220492, 45.5809961 ], [ 5.9220118, 45.5810881 ], [ 5.9219984, 45.5811759 ], [ 5.9219975, 45.5812552 ], [ 5.9219906, 45.5813202 ], [ 5.9219379, 45.5813667 ], [ 5.9218541, 45.5813833 ] ], [ [ 5.9218541, 45.5813833 ], [ 5.9217823, 45.5813599 ], [ 5.9217486, 45.5813049 ], [ 5.9217462, 45.5812365 ], [ 5.9217486, 45.5811598 ], [ 5.9217468, 45.581077 ], [ 5.9217371, 45.5809898 ], [ 5.9217248, 45.5809036 ], [ 5.9217223, 45.5808307 ], [ 5.9217163, 45.580766 ], [ 5.9216811, 45.5807074 ], [ 5.9216109, 45.5806903 ], [ 5.9215209, 45.5807107 ], [ 5.9214782, 45.5807523 ], [ 5.9214879, 45.5808143 ], [ 5.921522, 45.5808783 ], [ 5.9215357, 45.5809428 ], [ 5.9215433, 45.5810129 ], [ 5.9215384, 45.5810905 ], [ 5.9215287, 45.5811745 ], [ 5.9215093, 45.5812688 ] ], [ [ 5.9215093, 45.5812688 ], [ 5.9214919, 45.5814026 ], [ 5.9213795, 45.5818993 ], [ 5.9213497, 45.5819902 ], [ 5.921296, 45.5821403 ], [ 5.9212489, 45.5822208 ], [ 5.9211211, 45.5823764 ], [ 5.9209234, 45.5825951 ] ] ] } },
{ "type": "Feature", "properties": { "id_voie": "73065_2865", "nom": "Allée des Mûriers", "type_voie": "Allée", "longueur_m": 182.0, "quartier": "BI" }, "geometry": { "type": "LineString", "coordinates": [ [ 5.8892138, 45.5747066 ], [ 5.8891832, 45.5747849 ], [ 5.8891498, 45.5748335 ], [ 5.8891103, 45.5748877 ], [ 5.8890697, 45.5749455 ], [ 5.889029, 45.5750015 ], [ 5.8889895, 45.5750557 ], [ 5.8889524, 45.5751071 ], [ 5.8889178, 45.5751575 ], [ 5.8889025, 45.5752084 ], [ 5.8889116, 45.5752604 ], [ 5.8889487, 45.5753072 ], [ 5.888992, 45.5753512 ], [ 5.8890341, 45.5753943 ], [ 5.8890748, 45.5754374 ], [ 5.8890964, 45.5754828 ], [ 5.8890859, 45.5755281 ], [ 5.8890536, 45.5755731 ], [ 5.8890126, 45.5756228 ], [ 5.8889692, 45.5756771 ], [ 5.8889269, 45.5757268 ], [ 5.8888858, 45.5757747 ], [ 5.8888242, 45.5758493 ], [ 5.8887768, 45.5758992 ], [ 5.8886685, 45.5759137 ], [ 5.8885555, 45.5758868 ], [ 5.8884718, 45.5758565 ], [ 5.8884847, 45.5757841 ] ] } },
{ "type": "Feature", "properties": { "id_voie": "73065_2000", "nom": "Rue Jean Girard-Madoux", "type_voie": "Rue", "longueur_m": 681.5, "quartier": "CE" }, "geometry": { "type": "MultiLineString", "coordinates": [ [ [ 5.9137294, 45.5666307 ], [ 5.9139269, 45.5664093 ], [ 5.9141482, 45.5661531 ] ], [ [ 5.9111603, 45.5696438 ], [ 5.9107567, 45.5700706 ], [ 5.9105079, 45.5702681 ], [ 5.910426, 45.5703198 ], [ 5.9103172, 45.5703739 ], [ 5.9102169, 45.5704189 ], [ 5.9100881, 45.5704826 ] ], [ [ 5.9100881, 45.5704826 ], [ 5.9094215, 45.570835 ], [ 5.9091572, 45.5709807 ], [ 5.9090593, 45.5710472 ] ], [ [ 5.9123401, 45.5682923 ], [ 5.9120803, 45.5685964 ], [ 5.9119143, 45.5687827 ], [ 5.9117135, 45.5690141 ], [ 5.9114587, 45.5693171 ], [ 5.9111603, 45.5696438 ] ], [ [ 5.9126561, 45.5679327 ], [ 5.9123401, 45.5682923 ] ], [ [ 5.9129916, 45.5675302 ], [ 5.9128227, 45.5677337 ], [ 5.9126561, 45.5679327 ] ], [ [ 5.9129916, 45.5675302 ], [ 5.9132, 45.5672725 ], [ 5.9134741, 45.5669464 ], [ 5.9136523, 45.5667255 ] ], [ [ 5.9136523, 45.5667255 ], [ 5.9137294, 45.5666307 ] ] ] } },
{ "type": "Feature", "properties": { "id_voie": "73065_3488", "nom": "Route de Saint-Saturnin", "type_voie": "Route", "longueur_m": 2395.3, "quartier": "HC" }, "geometry": { "type": "MultiLineString", "coordinates": [ [ [ 5.9250654, 45.5963011 ], [ 5.9250794, 45.596299 ], [ 5.9251157, 45.5963043 ], [ 5.9251422, 45.5963217 ], [ 5.9251451, 45.5963279 ] ], [ [ 5.9249987, 45.5961317 ], [ 5.9250311, 45.5962101 ], [ 5.9250654, 45.5963011 ] ], [ [ 5.9247892, 45.5950072 ], [ 5.9247681, 45.595215 ], [ 5.9248055, 45.595414 ], [ 5.9249178, 45.5958626 ], [ 5.9249987, 45.5961317 ] ], [ [ 5.9240456, 45.5932964 ], [ 5.9240888, 45.593362 ], [ 5.924188, 45.5935135 ], [ 5.9243154, 45.593666 ], [ 5.9244279, 45.5937793 ], [ 5.9245587, 45.5938751 ], [ 5.9247374, 45.5939776 ] ], [ [ 5.9247374, 45.5939776 ], [ 5.924799, 45.5940265 ], [ 5.9248553, 45.5940953 ], [ 5.9248942, 45.5941511 ], [ 5.9249195, 45.5942171 ], [ 5.9249256, 45.5942845 ], [ 5.9248738, 45.5945184 ], [ 5.9247892, 45.5950072 ] ], [ [ 5.9249182, 45.5887944 ], [ 5.9249703, 45.5891489 ], [ 5.9249683, 45.5892337 ], [ 5.9249401, 45.5893795 ], [ 5.9248299, 45.5896743 ], [ 5.9247177, 45.5899575 ], [ 5.9245876, 45.5902402 ], [ 5.9243841, 45.5905429 ], [ 5.9242984, 45.5906929 ], [ 5.9242165, 45.5908932 ], [ 5.9241918, 45.5909831 ], [ 5.9241846, 45.5910428 ] ], [ [ 5.9241846, 45.5910428 ], [ 5.9241715, 45.5920839 ], [ 5.9241539, 45.5925277 ], [ 5.9240951, 45.5927274 ], [ 5.9239947, 45.5929652 ], [ 5.9239818, 45.5930358 ], [ 5.9239927, 45.5931698 ], [ 5.9240456, 45.5932964 ] ], [ [ 5.9232661, 45.5860142 ], [ 5.9233264, 45.5860622 ], [ 5.9234879, 45.5861562 ], [ 5.9235665, 45.5862118 ], [ 5.9236178, 45.5862583 ], [ 5.9238387, 45.5865292 ], [ 5.9238866, 45.5865613 ], [ 5.92395, 45.5865956 ], [ 5.9240532, 45.5866299 ] ], [ [ 5.9240532, 45.5866299 ], [ 5.9241836, 45.5866707 ], [ 5.9244161, 45.5867701 ], [ 5.9246181, 45.586927 ] ], [ [ 5.9246181, 45.586927 ], [ 5.9247705, 45.5870915 ], [ 5.9248125, 45.5871571 ], [ 5.9249269, 45.5873316 ], [ 5.924978, 45.5874484 ], [ 5.9249957, 45.587565 ], [ 5.9249991, 45.5876533 ], [ 5.9249896, 45.5878373 ], [ 5.9249601, 45.5881778 ], [ 5.9249131, 45.5886503 ], [ 5.9249182, 45.5887944 ] ], [ [ 5.9260209, 45.5961646 ], [ 5.9259939, 45.5961635 ], [ 5.9256301, 45.5961774 ], [ 5.9254862, 45.5962001 ] ], [ [ 5.9251451, 45.5963279 ], [ 5.9252334, 45.5962977 ], [ 5.9253768, 45.5962183 ], [ 5.9254862, 45.5962001 ] ], [ [ 5.9260209, 45.5961646 ], [ 5.9262409, 45.5961742 ], [ 5.9263752, 45.5961905 ], [ 5.9264663, 45.5962124 ], [ 5.9265599, 45.5962596 ], [ 5.926598, 45.5963 ], [ 5.9266238, 45.5964255 ], [ 5.9266423, 45.5967755 ], [ 5.9267045, 45.5971019 ], [ 5.9267311, 45.5971922 ], [ 5.9267671, 45.597267 ], [ 5.9267971, 45.5973005 ], [ 5.9270006, 45.5974339 ], [ 5.9271679, 45.5975161 ] ], [ [ 5.9271679, 45.5975161 ], [ 5.9272655, 45.5975649 ], [ 5.9273292, 45.5976038 ], [ 5.9274766, 45.5977216 ], [ 5.9279141, 45.5981058 ], [ 5.9280777, 45.5982151 ] ], [ [ 5.9280777, 45.5982151 ], [ 5.9284699, 45.5982031 ], [ 5.9286035, 45.5982059 ], [ 5.9289004, 45.598236 ], [ 5.9291496, 45.5982394 ], [ 5.9295048, 45.5982581 ], [ 5.9296941, 45.5982937 ] ], [ [ 5.9296941, 45.5982937 ], [ 5.9298791, 45.5983456 ], [ 5.9301632, 45.5984013 ], [ 5.930282, 45.5984154 ], [ 5.9306368, 45.598425 ], [ 5.9307631, 45.5984344 ], [ 5.930883, 45.5984682 ], [ 5.9309462, 45.5984981 ], [ 5.9310727, 45.598584 ], [ 5.9311632, 45.5986699 ], [ 5.9312782, 45.5987814 ], [ 5.9313316, 45.5988187 ], [ 5.9314094, 45.5988581 ], [ 5.9315029, 45.5989269 ], [ 5.9315896, 45.5989895 ], [ 5.9316577, 45.5990139 ], [ 5.931715, 45.5990304 ], [ 5.9318678, 45.5990561 ], [ 5.9320406, 45.5990949 ], [ 5.932166, 45.5991349 ], [ 5.9322838, 45.5992021 ], [ 5.9323343, 45.599235 ], [ 5.9324306, 45.5993316 ], [ 5.9325453, 45.5994863 ], [ 5.932575, 45.5995378 ], [ 5.9325804, 45.599544 ] ], [ [ 5.9325804, 45.599544 ], [ 5.9326271, 45.5996004 ], [ 5.9327592, 45.5996952 ], [ 5.932812, 45.5997227 ], [ 5.9329052, 45.5997391 ], [ 5.9332065, 45.5997547 ], [ 5.9332391, 45.5997647 ], [ 5.9332928, 45.5998101 ], [ 5.933408, 45.5999252 ], [ 5.9336016, 45.6000661 ], [ 5.9336796, 45.6001091 ], [ 5.9337585, 45.600144 ], [ 5.93412, 45.6002553 ], [ 5.9343739, 45.6002992 ], [ 5.9344421, 45.6003019 ], [ 5.9345433, 45.6002983 ] ], [ [ 5.9345433, 45.6002983 ], [ 5.9346195, 45.6002837 ], [ 5.9350102, 45.6001708 ], [ 5.9352545, 45.600105 ], [ 5.9354769, 45.6000622 ], [ 5.9360543, 45.6000093 ], [ 5.9363413, 45.5999757 ], [ 5.9364457, 45.5999585 ], [ 5.9366449, 45.5999398 ], [ 5.9367733, 45.5999157 ] ] ] } },
{ "type": "Feature", "properties": { "id_voie": "73065_1250", "nom": "Rue Emile Combes", "type_voie": "Rue", "longueur_m": 118.3, "quartier": "BE" }, "geometry": { "type": "MultiLineString", "coordinates": [ [ [ 5.9197399, 45.5591551 ], [ 5.9196902, 45.5592096 ], [ 5.9196384, 45.5592497 ] ], [ [ 5.9196384, 45.5592497 ], [ 5.9195224, 45.5592869 ], [ 5.9194201, 45.5592941 ], [ 5.9193428, 45.559288 ] ], [ [ 5.9193428, 45.559288 ], [ 5.91914, 45.5592852 ] ], [ [ 5.9187403, 45.5589531 ], [ 5.9187339, 45.5590515 ], [ 5.9187258, 45.5591896 ], [ 5.9187442, 45.5592477 ], [ 5.918783, 45.5592764 ], [ 5.91914, 45.5592852 ] ] ] } },
{ "type": "Feature", "properties": { "id_voie": "73065_3081", "nom": "Chemin du Petit Feu", "type_voie": "Chemin", "longueur_m": 351.6, "quartier": null }, "geometry": { "type": "MultiLineString", "coordinates": [ [ [ 5.8943252, 45.570377 ], [ 5.8943512, 45.5703592 ], [ 5.8943672, 45.5703461 ], [ 5.8944382, 45.5702551 ], [ 5.8945851, 45.570072 ], [ 5.8946936, 45.5699386 ], [ 5.8948529, 45.5697452 ], [ 5.8949468, 45.5696284 ], [ 5.8949685, 45.5696008 ], [ 5.89499, 45.5695705 ], [ 5.894999, 45.5695459 ], [ 5.8949978, 45.5695225 ], [ 5.8949889, 45.5695002 ], [ 5.8949763, 45.5694807 ], [ 5.8949482, 45.5694589 ], [ 5.8949085, 45.5694347 ], [ 5.8948255, 45.5693936 ], [ 5.8947544, 45.5693576 ], [ 5.8947201, 45.5693396 ], [ 5.8946896, 45.5693205 ], [ 5.8946458, 45.5692937 ] ], [ [ 5.8946458, 45.5692937 ], [ 5.8946226, 45.5693159 ], [ 5.8945512, 45.5693484 ], [ 5.8943884, 45.5694013 ], [ 5.8942292, 45.5694477 ], [ 5.8940896, 45.5694756 ] ], [ [ 5.8956683, 45.5680906 ], [ 5.8950472, 45.5688229 ], [ 5.8949253, 45.5689702 ], [ 5.8948181, 45.5691045 ], [ 5.894715, 45.5692171 ], [ 5.8946741, 45.5692705 ], [ 5.8946458, 45.5692937 ] ] ] } },
{ "type": "Feature", "properties": { "id_voie": "73065_3148", "nom": "Allée du Pré Aux Moutons", "type_voie": "Allée", "longueur_m": 90.7, "quartier": "HC" }, "geometry": { "type": "LineString", "coordinates": [ [ 5.916099, 45.6017271 ], [ 5.9160603, 45.6017731 ], [ 5.9160189, 45.6018634 ], [ 5.9159605, 45.6019749 ], [ 5.9159108, 45.6020789 ], [ 5.9158544, 45.6021785 ], [ 5.9157934, 45.602263 ], [ 5.9157532, 45.6023533 ], [ 5.915744, 45.6023977 ], [ 5.9157385, 45.6024384 ], [ 5.915735, 45.6024952 ] ] } },
{ "type": "Feature", "properties": { "id_voie": "73065_1670", "nom": "Rue George Sand", "type_voie": "Rue", "longueur_m": 222.4, "quartier": "CE" }, "geometry": { "type": "MultiLineString", "coordinates": [ [ [ 5.9082053, 45.5676325 ], [ 5.9079843, 45.5676995 ], [ 5.9078474, 45.567731 ], [ 5.9077318, 45.567752 ], [ 5.9076017, 45.5677671 ], [ 5.9073583, 45.5677734 ], [ 5.9072554, 45.567768 ], [ 5.9071623, 45.5677541 ], [ 5.9068263, 45.5676835 ] ], [ [ 5.9090482, 45.567462 ], [ 5.908767, 45.5675063 ], [ 5.9082053, 45.5676325 ] ], [ [ 5.9068263, 45.5676835 ], [ 5.9067103, 45.5676739 ], [ 5.9066324, 45.5676552 ], [ 5.9065071, 45.5675909 ], [ 5.9063988, 45.5674828 ] ] ] } },
{ "type": "Feature", "properties": { "id_voie": "73065_1330", "nom": "Rue Ernest Grangeat", "type_voie": "Rue", "longueur_m": 519.6, "quartier": "BO" }, "geometry": { "type": "MultiLineString", "coordinates": [ [ [ 5.9077384, 45.5603945 ], [ 5.9077037, 45.5603927 ], [ 5.9076141, 45.5603716 ], [ 5.9074911, 45.5603261 ], [ 5.9071392, 45.5601712 ] ], [ [ 5.9071392, 45.5601712 ], [ 5.9066914, 45.5599737 ] ], [ [ 5.9039363, 45.5579923 ], [ 5.9039037, 45.5579337 ], [ 5.9038699, 45.557876 ], [ 5.9037809, 45.5577684 ], [ 5.9037482, 45.5577557 ], [ 5.9037184, 45.5577511 ] ], [ [ 5.9039363, 45.5579923 ], [ 5.903978, 45.5580543 ], [ 5.9040742, 45.5581771 ] ], [ [ 5.9041338, 45.5588243 ], [ 5.9041327, 45.5587802 ], [ 5.9041555, 45.5587255 ], [ 5.9042002, 45.5586965 ], [ 5.9042671, 45.5586767 ], [ 5.9043184, 45.5586754 ], [ 5.9043701, 45.558683 ] ], [ [ 5.9043701, 45.558683 ], [ 5.9043718, 45.5585938 ], [ 5.9043139, 45.5584917 ], [ 5.904188, 45.5583174 ], [ 5.9040742, 45.5581771 ] ], [ [ 5.9044584, 45.5588511 ], [ 5.9044091, 45.5588884 ], [ 5.9043332, 45.5589093 ], [ 5.904282, 45.5589106 ], [ 5.9042042, 45.5588955 ], [ 5.904159, 45.558866 ], [ 5.9041338, 45.5588243 ] ], [ [ 5.9045977, 45.5588907 ], [ 5.904686, 45.5589344 ], [ 5.9047697, 45.5589908 ], [ 5.9049471, 45.5591205 ], [ 5.905223, 45.5592936 ], [ 5.9054316, 45.5594062 ] ], [ [ 5.9044584, 45.5588511 ], [ 5.9045977, 45.5588907 ] ], [ [ 5.9043701, 45.558683 ], [ 5.9044172, 45.5586998 ], [ 5.904451, 45.5587341 ], [ 5.9044657, 45.5587698 ], [ 5.9044676, 45.5588058 ], [ 5.9044584, 45.5588511 ] ], [ [ 5.9061884, 45.5598723 ], [ 5.906143, 45.5597636 ], [ 5.9060928, 45.5597117 ], [ 5.9060262, 45.5596657 ], [ 5.9058385, 45.5595831 ], [ 5.9054316, 45.5594062 ] ], [ [ 5.9066914, 45.5599737 ], [ 5.9065302, 45.5598833 ] ], [ [ 5.9065302, 45.5598833 ], [ 5.906385, 45.5598789 ], [ 5.9061884, 45.5598723 ] ] ] } },
{ "type": "Feature", "properties": { "id_voie": "73065_g34s14", "nom": "Allée Maréchal de Lattre de Tassigny", "type_voie": "Allée", "longueur_m": 331.0, "quartier": "CE" }, "geometry": { "type": "MultiLineString", "coordinates": [ [ [ 5.9166082, 45.5697513 ], [ 5.9164793, 45.5697889 ], [ 5.9162706, 45.56987 ], [ 5.9160708, 45.5699013 ] ], [ [ 5.9175366, 45.5693767 ], [ 5.917397, 45.5694307 ], [ 5.9172114, 45.5695122 ], [ 5.9170874, 45.5695694 ], [ 5.916993, 45.5696278 ], [ 5.9168029, 45.569721 ], [ 5.9166082, 45.5697513 ] ], [ [ 5.9180715, 45.5691798 ], [ 5.9177811, 45.5692928 ], [ 5.9175366, 45.5693767 ] ], [ [ 5.9191774, 45.5687663 ], [ 5.9190838, 45.5687679 ], [ 5.9189128, 45.5688327 ], [ 5.9186101, 45.5689568 ], [ 5.9183575, 45.5690562 ] ], [ [ 5.9183575, 45.5690562 ], [ 5.9180715, 45.5691798 ] ], [ [ 5.9197989, 45.5685321 ], [ 5.9193297, 45.568711 ], [ 5.9192238, 45.5687453 ], [ 5.9191774, 45.5687663 ] ] ] } },
{ "type": "Feature", "properties": { "id_voie": "73065_1769", "nom": "Allée de la Grande Pierre", "type_voie": "Allée", "longueur_m": 70.0, "quartier": "CV" }, "geometry": { "type": "LineString", "coordinates": [ [ 5.9090982, 45.6049631 ], [ 5.9090689, 45.6050161 ], [ 5.909028, 45.6050938 ], [ 5.9089835, 45.6051742 ], [ 5.908931, 45.6052756 ], [ 5.9088838, 45.6053796 ], [ 5.9088455, 45.6054562 ], [ 5.9088143, 45.6055219 ], [ 5.9087981, 45.6055566 ] ] } },
{ "type": "Feature", "properties": { "id_voie": "73065_3080", "nom": "Quai Pierre Bayard", "type_voie": "Quai", "longueur_m": 255.3, "quartier": "LA" }, "geometry": { "type": "LineString", "coordinates": [ [ 5.9336858, 45.5675226 ], [ 5.934419, 45.5675836 ], [ 5.9351015, 45.5676316 ], [ 5.9358697, 45.567698 ], [ 5.9363905, 45.5677457 ], [ 5.9369321, 45.5677991 ] ] } },
{ "type": "Feature", "properties": { "id_voie": "73065_1680", "nom": "Avenue Georges Clémenceau", "type_voie": "Avenue", "longueur_m": 411.8, "quartier": "BO" }, "geometry": { "type": "MultiLineString", "coordinates": [ [ [ 5.9051008, 45.5626172 ], [ 5.9052421, 45.5632083 ], [ 5.9052972, 45.5633537 ] ], [ [ 5.9050598, 45.5624218 ], [ 5.9050872, 45.5625284 ] ], [ [ 5.9050872, 45.5625284 ], [ 5.9051008, 45.5626172 ] ], [ [ 5.9049859, 45.5620633 ], [ 5.9050034, 45.5621521 ], [ 5.9050376, 45.5623161 ], [ 5.9050598, 45.5624218 ] ], [ [ 5.9051612, 45.5613695 ], [ 5.9051177, 45.5614949 ], [ 5.9050649, 45.5616612 ], [ 5.9050272, 45.5617991 ], [ 5.9049972, 45.5619125 ], [ 5.9049859, 45.5620633 ] ], [ [ 5.9061884, 45.5598723 ], [ 5.906131, 45.5598783 ], [ 5.9060637, 45.5599152 ], [ 5.9059625, 45.5600656 ], [ 5.9057826, 45.560327 ], [ 5.9055468, 45.560699 ], [ 5.9054372, 45.5608595 ], [ 5.9053254, 45.5610264 ], [ 5.9052313, 45.5611892 ], [ 5.9051612, 45.5613695 ] ] ] } },
{ "type": "Feature", "properties": { "id_voie": "73065_0815", "nom": "Allée des Chênes", "type_voie": "Allée", "longueur_m": 64.4, "quartier": "HC" }, "geometry": { "type": "LineString", "coordinates": [ [ 5.9163534, 45.5843195 ], [ 5.917124, 45.5845266 ] ] } },
{ "type": "Feature", "properties": { "id_voie": "73065_0500", "nom": "Rue de la Calamine", "type_voie": "Rue", "longueur_m": 315.2, "quartier": "LA" }, "geometry": { "type": "MultiLineString", "coordinates": [ [ [ 5.9249336, 45.5618053 ], [ 5.926369, 45.561804 ] ], [ [ 5.9251672, 45.5626345 ], [ 5.9251003, 45.5624119 ], [ 5.9250568, 45.5622445 ] ], [ [ 5.9249336, 45.5618053 ], [ 5.9249121, 45.561714 ], [ 5.9248935, 45.5616766 ], [ 5.9248664, 45.5616494 ], [ 5.9248345, 45.5616286 ], [ 5.9246615, 45.5615583 ], [ 5.9244734, 45.5614704 ], [ 5.9242847, 45.561396 ] ], [ [ 5.9250568, 45.5622445 ], [ 5.9250183, 45.5620987 ], [ 5.9249686, 45.5619333 ], [ 5.9249336, 45.5618053 ] ], [ [ 5.9242847, 45.561396 ], [ 5.9241706, 45.5613485 ], [ 5.9241135, 45.5613356 ], [ 5.9240386, 45.5613258 ], [ 5.9239525, 45.561347 ], [ 5.9238521, 45.5613901 ] ] ] } },
{ "type": "Feature", "properties": { "id_voie": "73065_1980", "nom": "Rue d'Italie", "type_voie": "Rue", "longueur_m": 152.3, "quartier": "CE" }, "geometry": { "type": "MultiLineString", "coordinates": [ [ [ 5.9245129, 45.5650656 ], [ 5.9244475, 45.5650412 ] ], [ [ 5.9248448, 45.5652768 ], [ 5.9246642, 45.5651608 ], [ 5.9245129, 45.5650656 ] ], [ [ 5.9249635, 45.5653629 ], [ 5.9248448, 45.5652768 ] ], [ [ 5.9249635, 45.5653629 ], [ 5.9251854, 45.5655329 ] ], [ [ 5.9251854, 45.5655329 ], [ 5.9253985, 45.5657049 ], [ 5.9255675, 45.5658446 ], [ 5.9257002, 45.565952 ], [ 5.9257601, 45.5660424 ] ] ] } },
{ "type": "Feature", "properties": { "id_voie": "73065_2160", "nom": "Rue Juiverie", "type_voie": "Rue", "longueur_m": 140.7, "quartier": "CE" }, "geometry": { "type": "MultiLineString", "coordinates": [ [ [ 5.9187587, 45.5655657 ], [ 5.9186513, 45.5655478 ], [ 5.918433, 45.5655192 ], [ 5.9181815, 45.565469 ], [ 5.9180538, 45.5654327 ] ], [ [ 5.919215, 45.5656791 ], [ 5.9189953, 45.5656236 ], [ 5.9187587, 45.5655657 ] ], [ [ 5.9197675, 45.565818 ], [ 5.9196463, 45.5657824 ], [ 5.919215, 45.5656791 ] ] ] } },
{ "type": "Feature", "properties": { "id_voie": "73065_2780", "nom": "Boulevard des Monts", "type_voie": "Boulevard", "longueur_m": 694.9, "quartier": "LA" }, "geometry": { "type": "MultiLineString", "coordinates": [ [ [ 5.9232606, 45.5730647 ], [ 5.9233566, 45.5730857 ], [ 5.9234727, 45.5731457 ], [ 5.9235685, 45.5732108 ], [ 5.9236888, 45.573278 ], [ 5.9237827, 45.5733062 ] ], [ [ 5.9274873, 45.573581 ], [ 5.9270181, 45.573395 ], [ 5.926799, 45.5733024 ], [ 5.9264905, 45.5731708 ], [ 5.9263199, 45.573123 ], [ 5.9261265, 45.5730812 ], [ 5.9259727, 45.5730599 ], [ 5.9257948, 45.5730438 ], [ 5.9255321, 45.5730507 ], [ 5.9251118, 45.5731094 ], [ 5.9249527, 45.5731324 ], [ 5.9245537, 45.5732059 ], [ 5.9242038, 45.5732628 ], [ 5.9240339, 45.5733014 ], [ 5.9239178, 45.5733126 ], [ 5.9237827, 45.5733062 ] ], [ [ 5.9278161, 45.5737103 ], [ 5.9274873, 45.573581 ] ], [ [ 5.929316, 45.5743173 ], [ 5.9290894, 45.5742051 ], [ 5.9289339, 45.5741029 ], [ 5.9288624, 45.5740606 ], [ 5.9287002, 45.5739783 ] ], [ [ 5.9298682, 45.5745435 ], [ 5.9297856, 45.5745114 ], [ 5.9295653, 45.5744207 ], [ 5.929316, 45.5743173 ] ], [ [ 5.9312183, 45.5751075 ], [ 5.9310367, 45.5750221 ], [ 5.9308391, 45.5749489 ], [ 5.9306162, 45.5748583 ], [ 5.9303209, 45.5747335 ], [ 5.9301133, 45.5746425 ], [ 5.9301107, 45.5746417 ], [ 5.9300201, 45.5746026 ], [ 5.9298682, 45.5745435 ] ], [ [ 5.9287002, 45.5739783 ], [ 5.9283578, 45.5738854 ], [ 5.928157, 45.573824 ], [ 5.9278973, 45.5737406 ], [ 5.9278161, 45.5737103 ] ] ] } },
{ "type": "Feature", "properties": { "id_voie": "73065_0400", "nom": "Rue Bonivard", "type_voie": "Rue", "longueur_m": 197.8, "quartier": "CE" }, "geometry": { "type": "MultiLineString", "coordinates": [ [ [ 5.9176611, 45.5656231 ], [ 5.9177834, 45.5658524 ] ], [ [ 5.9177834, 45.5658524 ], [ 5.917827, 45.5659243 ] ], [ [ 5.917827, 45.5659243 ], [ 5.9178555, 45.5659532 ], [ 5.9179632, 45.5660991 ], [ 5.9180629, 45.5661659 ] ], [ [ 5.9180629, 45.5661659 ], [ 5.9181158, 45.5661474 ], [ 5.9181915, 45.5661464 ], [ 5.9182778, 45.566154 ], [ 5.9183569, 45.5661691 ], [ 5.918485, 45.5661892 ] ], [ [ 5.9196657, 45.5663928 ], [ 5.9195863, 45.5663714 ], [ 5.9194592, 45.566345 ], [ 5.9189485, 45.56627 ], [ 5.9188178, 45.5662499 ], [ 5.9187287, 45.5662387 ], [ 5.918485, 45.5661892 ] ] ] } },
{ "type": "Feature", "properties": { "id_voie": "73065_3910", "nom": "Rue de Warens", "type_voie": "Rue", "longueur_m": 119.1, "quartier": "LA" }, "geometry": { "type": "MultiLineString", "coordinates": [ [ [ 5.9323825, 45.5657553 ], [ 5.9322561, 45.5657658 ] ], [ [ 5.9337623, 45.5655985 ], [ 5.9336238, 45.5656238 ], [ 5.9334478, 45.5656437 ], [ 5.93318, 45.5656732 ], [ 5.9327632, 45.5657237 ], [ 5.9323825, 45.5657553 ] ] ] } },
{ "type": "Feature", "properties": { "id_voie": "73065_3840", "nom": "Rue du Verger", "type_voie": "Rue", "longueur_m": 60.8, "quartier": "CE" }, "geometry": { "type": "LineString", "coordinates": [ [ 5.9224255, 45.5660102 ], [ 5.9224446, 45.5659827 ], [ 5.9230901, 45.5662308 ] ] } },
{ "type": "Feature", "properties": { "id_voie": "73065_0980", "nom": "Avenue du Covet", "type_voie": "Avenue", "longueur_m": 452.3, "quartier": "CE" }, "geometry": { "type": "MultiLineString", "coordinates": [ [ [ 5.9142557, 45.5660268 ], [ 5.9141482, 45.5661531 ] ], [ [ 5.9150085, 45.5665083 ], [ 5.9141482, 45.5661531 ] ], [ [ 5.9127848, 45.5655964 ], [ 5.9127085, 45.5656092 ], [ 5.9125716, 45.5656163 ], [ 5.9124407, 45.5656161 ], [ 5.912335, 45.5656063 ], [ 5.9122399, 45.5656024 ], [ 5.9120459, 45.565621 ] ], [ [ 5.9129982, 45.5650683 ], [ 5.9128458, 45.5652443 ], [ 5.9127521, 45.5653648 ], [ 5.9127266, 45.565442 ], [ 5.9127321, 45.5655212 ], [ 5.9127848, 45.5655964 ] ], [ [ 5.9130757, 45.5657132 ], [ 5.9127848, 45.5655964 ] ], [ [ 5.9130757, 45.5657132 ], [ 5.9132143, 45.5655925 ] ], [ [ 5.9142557, 45.5660268 ], [ 5.9132143, 45.5655925 ] ], [ [ 5.9141482, 45.5661531 ], [ 5.9130757, 45.5657132 ] ] ] } },
{ "type": "Feature", "properties": { "id_voie": "73065_2738", "nom": "Rue de Montagny", "type_voie": "Rue", "longueur_m": 1733.3, "quartier": "HC" }, "geometry": { "type": "MultiLineString", "coordinates": [ [ [ 5.9266514, 45.6017593 ], [ 5.9266913, 45.6017132 ], [ 5.9267447, 45.6016532 ], [ 5.9268389, 45.6015895 ], [ 5.9269616, 45.6015313 ], [ 5.9271198, 45.601465 ], [ 5.9272618, 45.6014316 ], [ 5.927419, 45.6014167 ], [ 5.9275499, 45.6013935 ], [ 5.9276614, 45.6013644 ] ], [ [ 5.92625, 45.602059 ], [ 5.9264879, 45.601896 ], [ 5.9266514, 45.6017593 ] ], [ [ 5.92625, 45.602059 ], [ 5.9263047, 45.6021206 ] ], [ [ 5.9253919, 45.6011478 ], [ 5.9258985, 45.6016734 ], [ 5.9260797, 45.6018724 ], [ 5.92625, 45.602059 ] ], [ [ 5.9263047, 45.6021206 ], [ 5.9263483, 45.60217 ], [ 5.9264988, 45.6023444 ], [ 5.9265338, 45.6024003 ], [ 5.9266164, 45.6025297 ], [ 5.9266671, 45.6026392 ], [ 5.9266856, 45.6027703 ], [ 5.9266784, 45.6028534 ], [ 5.926658, 45.6029296 ], [ 5.9265009, 45.6034059 ], [ 5.9262947, 45.6039744 ], [ 5.9259811, 45.6048666 ], [ 5.9257149, 45.6055863 ], [ 5.9255467, 45.6059267 ], [ 5.9253042, 45.6063431 ], [ 5.9251093, 45.6066392 ], [ 5.9249323, 45.6068618 ], [ 5.924751, 45.6070504 ], [ 5.9245689, 45.6072489 ], [ 5.9242731, 45.6075305 ], [ 5.9240458, 45.6077473 ], [ 5.9239968, 45.6077936 ] ], [ [ 5.9239968, 45.6077936 ], [ 5.9236482, 45.6080955 ] ], [ [ 5.9236482, 45.6080955 ], [ 5.9235432, 45.6081739 ], [ 5.9232985, 45.6083299 ], [ 5.9230931, 45.6084767 ], [ 5.9229489, 45.6085913 ], [ 5.922893, 45.6086504 ], [ 5.9228572, 45.608727 ], [ 5.9228194, 45.6088848 ], [ 5.9228155, 45.6091282 ], [ 5.9228162, 45.6091417 ] ], [ [ 5.9252346, 45.5986784 ], [ 5.9252308, 45.5987523 ], [ 5.9252094, 45.5988088 ], [ 5.9251198, 45.5988868 ], [ 5.9249669, 45.5989818 ], [ 5.924586, 45.5991575 ], [ 5.9243842, 45.5992988 ], [ 5.9242443, 45.5994214 ], [ 5.9241787, 45.5995159 ], [ 5.9241374, 45.5996089 ], [ 5.924134, 45.5996901 ], [ 5.924146, 45.5997718 ], [ 5.9241645, 45.5998308 ], [ 5.9242064, 45.5998945 ], [ 5.9242581, 45.5999752 ], [ 5.9243707, 45.6000642 ], [ 5.9250212, 45.6007636 ], [ 5.9253919, 45.6011478 ] ], [ [ 5.9251508, 45.5984291 ], [ 5.9252069, 45.5985673 ], [ 5.9252283, 45.5986317 ], [ 5.9252346, 45.5986784 ] ], [ [ 5.9249998, 45.59744 ], [ 5.9249789, 45.597555 ], [ 5.9249522, 45.5978026 ], [ 5.9249468, 45.5978478 ], [ 5.92495, 45.5979072 ], [ 5.9249769, 45.5980038 ], [ 5.925108, 45.5983239 ], [ 5.9251508, 45.5984291 ] ], [ [ 5.9250554, 45.5971565 ], [ 5.9249998, 45.59744 ] ], [ [ 5.9250678, 45.5963948 ], [ 5.9250227, 45.5965375 ], [ 5.9250746, 45.5968641 ], [ 5.9250673, 45.5970896 ], [ 5.9250554, 45.5971565 ] ] ] } },
{ "type": "Feature", "properties": { "id_voie": "73065_0790", "nom": "Rue du Château", "type_voie": "Rue", "longueur_m": 94.9, "quartier": "CE" }, "geometry": { "type": "MultiLineString", "coordinates": [ [ [ 5.9194205, 45.5641978 ], [ 5.919456, 45.5641167 ], [ 5.9194978, 45.5639849 ], [ 5.9195156, 45.5639088 ], [ 5.9195163, 45.5638493 ] ], [ [ 5.9194205, 45.5641978 ], [ 5.9193705, 45.5643208 ], [ 5.9192318, 45.5645361 ], [ 5.9191863, 45.564622 ], [ 5.9191884, 45.5646634 ] ] ] } },
{ "type": "Feature", "properties": { "id_voie": "73065_0038", "nom": "Route Alexander Fleming", "type_voie": "Route", "longueur_m": 244.3, "quartier": "BI" }, "geometry": { "type": "MultiLineString", "coordinates": [ [ [ 5.8956795, 45.5968186 ], [ 5.8958178, 45.5965915 ] ], [ [ 5.8960281, 45.5967852 ], [ 5.8959049, 45.5967839 ], [ 5.8958026, 45.596792 ], [ 5.8957517, 45.5968014 ], [ 5.8956795, 45.5968186 ] ], [ [ 5.8936931, 45.5972229 ], [ 5.8946645, 45.5972664 ] ], [ [ 5.8946645, 45.5972664 ], [ 5.8947403, 45.597269 ], [ 5.8953081, 45.5973012 ], [ 5.8953415, 45.5973021 ], [ 5.8953666, 45.5972907 ], [ 5.8956795, 45.5968186 ] ] ] } },
{ "type": "Feature", "properties": { "id_voie": "73065_3078", "nom": "Allée de la Petite Forêt", "type_voie": "Allée", "longueur_m": 336.2, "quartier": "BI" }, "geometry": { "type": "MultiLineString", "coordinates": [ [ [ 5.8892467, 45.5716718 ], [ 5.8893008, 45.5717002 ] ], [ [ 5.8892467, 45.5716718 ], [ 5.8891531, 45.5716472 ], [ 5.8890592, 45.571619 ], [ 5.8889302, 45.571579 ], [ 5.8887316, 45.5715598 ], [ 5.8885637, 45.5715641 ], [ 5.8883932, 45.5715911 ], [ 5.8882218, 45.5716252 ], [ 5.8880304, 45.5716707 ], [ 5.8878482, 45.5717195 ], [ 5.8877157, 45.5717616 ] ], [ [ 5.8893008, 45.5717002 ], [ 5.8894255, 45.5717537 ], [ 5.8896113, 45.5718472 ], [ 5.8897952, 45.5719299 ], [ 5.8899305, 45.5719651 ], [ 5.8900284, 45.5719734 ] ], [ [ 5.8901134, 45.5719794 ], [ 5.8900284, 45.5719734 ] ], [ [ 5.8868347, 45.57278 ], [ 5.8869083, 45.5726898 ], [ 5.8872027, 45.5724056 ], [ 5.887253, 45.5723376 ], [ 5.8872871, 45.5722773 ], [ 5.8873142, 45.5722063 ], [ 5.8873969, 45.5720708 ], [ 5.8875018, 45.5719411 ], [ 5.887603, 45.5718402 ], [ 5.8877157, 45.5717616 ] ] ] } },
{ "type": "Feature", "properties": { "id_voie": "73065_0660", "nom": "Chemin de Chantemerle", "type_voie": "Chemin", "longueur_m": 660.2, "quartier": "HC" }, "geometry": { "type": "MultiLineString", "coordinates": [ [ [ 5.9172142, 45.5835348 ], [ 5.9171916, 45.5835931 ], [ 5.9171498, 45.583651 ], [ 5.9170763, 45.5837907 ], [ 5.91691, 45.5841185 ] ], [ [ 5.9171747, 45.5834169 ], [ 5.9172076, 45.5834575 ], [ 5.9172142, 45.5835348 ] ], [ [ 5.9185574, 45.5820898 ], [ 5.9178783, 45.5826435 ], [ 5.9172633, 45.583247 ], [ 5.9172363, 45.5832964 ], [ 5.9172083, 45.5833728 ], [ 5.9171747, 45.5834169 ] ], [ [ 5.9192587, 45.5817111 ], [ 5.9189831, 45.581766 ], [ 5.9189156, 45.5818002 ], [ 5.918855, 45.5818432 ], [ 5.9185574, 45.5820898 ] ], [ [ 5.9195141, 45.5816883 ], [ 5.9193734, 45.5816955 ], [ 5.919279, 45.5817079 ], [ 5.9192587, 45.5817111 ] ], [ [ 5.9204824, 45.5806295 ], [ 5.9203573, 45.5807644 ], [ 5.9201898, 45.5809462 ], [ 5.9199897, 45.5811677 ], [ 5.9198357, 45.5813861 ], [ 5.9197376, 45.5814734 ], [ 5.9196159, 45.5815495 ], [ 5.9195359, 45.5816147 ], [ 5.9195141, 45.5816883 ] ], [ [ 5.9221404, 45.5808505 ], [ 5.9220332, 45.5807406 ], [ 5.9218347, 45.5806025 ], [ 5.9216639, 45.5805015 ], [ 5.9215811, 45.5804649 ], [ 5.9214008, 45.5804038 ], [ 5.9212929, 45.5803778 ], [ 5.9211729, 45.5803656 ], [ 5.9210447, 45.5803671 ], [ 5.9209218, 45.5803721 ], [ 5.9208082, 45.5804084 ], [ 5.9206948, 45.5804717 ], [ 5.9206039, 45.5805255 ], [ 5.9204824, 45.5806295 ] ] ] } },
{ "type": "Feature", "properties": { "id_voie": "73065_2801", "nom": "Chemin de Morraz-Dessus", "type_voie": "Chemin", "longueur_m": 139.9, "quartier": "CV" }, "geometry": { "type": "MultiLineString", "coordinates": [ [ [ 5.912222, 45.6067781 ], [ 5.9122712, 45.6067372 ], [ 5.9123324, 45.6067041 ], [ 5.9124218, 45.6066964 ], [ 5.9125477, 45.6066976 ], [ 5.9126818, 45.6067095 ], [ 5.9128878, 45.6067447 ], [ 5.9130048, 45.6067957 ] ], [ [ 5.9113036, 45.6067686 ], [ 5.9114618, 45.6067987 ], [ 5.9116479, 45.6068219 ], [ 5.9117559, 45.6068254 ], [ 5.9119919, 45.606822 ], [ 5.9120866, 45.606815 ], [ 5.9121642, 45.6068022 ], [ 5.912222, 45.6067781 ] ] ] } },
{ "type": "Feature", "properties": { "id_voie": "73065_3280", "nom": "Chemin des Rendez-Vous", "type_voie": "Chemin", "longueur_m": 548.7, "quartier": "LA" }, "geometry": { "type": "MultiLineString", "coordinates": [ [ [ 5.9250858, 45.5582718 ], [ 5.9250703, 45.5582686 ], [ 5.9250433, 45.5582431 ], [ 5.9250231, 45.5581283 ], [ 5.9250001, 45.5579109 ], [ 5.9249922, 45.5575903 ], [ 5.9250307, 45.5571045 ], [ 5.925045, 45.5570609 ] ], [ [ 5.925045, 45.5570609 ], [ 5.9250265, 45.5570496 ], [ 5.924819, 45.5570559 ], [ 5.9246032, 45.5570489 ], [ 5.9244916, 45.5570248 ], [ 5.9243009, 45.5569604 ], [ 5.9242079, 45.5569241 ], [ 5.9241289, 45.5568856 ], [ 5.9240864, 45.556857 ], [ 5.9240264, 45.5568144 ], [ 5.9239402, 45.5567364 ], [ 5.923541, 45.5562449 ], [ 5.9233771, 45.5560788 ], [ 5.923227, 45.5559088 ], [ 5.9231759, 45.5558624 ], [ 5.9229942, 45.5556031 ], [ 5.9228449, 45.5554241 ], [ 5.9226761, 45.5552392 ], [ 5.9225646, 45.555143 ], [ 5.9225237, 45.5550963 ], [ 5.9224757, 45.5549895 ] ], [ [ 5.9224757, 45.5549895 ], [ 5.9224317, 45.5548843 ], [ 5.9223795, 45.5547712 ] ], [ [ 5.9216923, 45.5546548 ], [ 5.9218154, 45.5546291 ], [ 5.9220093, 45.5546096 ], [ 5.9220889, 45.5546111 ], [ 5.9221586, 45.5546192 ], [ 5.9222265, 45.5546409 ], [ 5.922291, 45.5546726 ], [ 5.9223287, 45.5547067 ], [ 5.9223395, 45.5547164 ], [ 5.9223795, 45.5547712 ] ] ] } },
{ "type": "Feature", "properties": { "id_voie": "73065_2057", "nom": "Rue Jean-Louis Gasparini", "type_voie": "Rue", "longueur_m": 277.3, "quartier": "HC" }, "geometry": { "type": "MultiLineString", "coordinates": [ [ [ 5.9204138, 45.5932331 ], [ 5.9208026, 45.5924769 ] ], [ [ 5.9212953, 45.5916955 ], [ 5.921509, 45.5912448 ], [ 5.9217, 45.5909235 ] ], [ [ 5.9208026, 45.5924769 ], [ 5.9208364, 45.592412 ], [ 5.9209527, 45.5923297 ], [ 5.9210204, 45.5922748 ], [ 5.9212953, 45.5916955 ] ] ] } },
{ "type": "Feature", "properties": { "id_voie": "73065_3282", "nom": "Place René Vair", "type_voie": "Place", "longueur_m": 219.3, "quartier": "BO" }, "geometry": { "type": "MultiLineString", "coordinates": [ [ [ 5.9023693, 45.5618723 ], [ 5.9024384, 45.5619183 ], [ 5.9025342, 45.56196 ] ], [ [ 5.9025342, 45.56196 ], [ 5.9026055, 45.5619734 ], [ 5.9029083, 45.5620728 ], [ 5.9029475, 45.5621106 ], [ 5.9029393, 45.5621504 ], [ 5.9028842, 45.5621771 ] ], [ [ 5.9028842, 45.5621771 ], [ 5.9027874, 45.5621643 ], [ 5.9026109, 45.5621022 ], [ 5.9025357, 45.5620627 ], [ 5.9025112, 45.5620101 ], [ 5.9025342, 45.56196 ] ], [ [ 5.9030618, 45.562359 ], [ 5.9032894, 45.5620261 ], [ 5.9034238, 45.5618252 ] ], [ [ 5.9028842, 45.5621771 ], [ 5.9030618, 45.562359 ] ], [ [ 5.902936, 45.5625524 ], [ 5.9030618, 45.562359 ] ] ] } },
{ "type": "Feature", "properties": { "id_voie": "73065_el195w", "nom": "Allée Pére Georges Emile Dussollier", "type_voie": "Allée", "longueur_m": 99.8, "quartier": "BO" }, "geometry": { "type": "MultiLineString", "coordinates": [ [ [ 5.9043705, 45.5613845 ], [ 5.9043253, 45.5614028 ], [ 5.9042387, 45.5614645 ], [ 5.9041191, 45.5615811 ], [ 5.9040792, 45.5616506 ] ], [ [ 5.9045179, 45.5613825 ], [ 5.9043705, 45.5613845 ] ], [ [ 5.9047295, 45.5613806 ], [ 5.9045179, 45.5613825 ] ], [ [ 5.9051612, 45.5613695 ], [ 5.9048948, 45.5613772 ], [ 5.9047295, 45.5613806 ] ] ] } },
{ "type": "Feature", "properties": { "id_voie": "73065_0901", "nom": "Chemin de la Combe Noire", "type_voie": "Chemin", "longueur_m": 582.7, "quartier": "CV" }, "geometry": { "type": "MultiLineString", "coordinates": [ [ [ 5.9005381, 45.6071216 ], [ 5.9007051, 45.6072957 ], [ 5.900797, 45.60736 ], [ 5.9009169, 45.6073938 ], [ 5.9010428, 45.6073951 ], [ 5.9011951, 45.6073605 ], [ 5.9019933, 45.6070858 ], [ 5.9024953, 45.6069386 ], [ 5.9030923, 45.6067934 ], [ 5.903882, 45.6066487 ], [ 5.9042836, 45.6065708 ], [ 5.9043795, 45.6065629 ], [ 5.9044922, 45.6066068 ], [ 5.9046734, 45.606685 ], [ 5.9048068, 45.6066816 ], [ 5.9049667, 45.6066468 ], [ 5.905624, 45.6065001 ], [ 5.9062153, 45.606392 ] ], [ [ 5.9074578, 45.6066077 ], [ 5.9073334, 45.6065848 ], [ 5.9069634, 45.6065321 ], [ 5.9062915, 45.6064252 ], [ 5.9062209, 45.6064009 ], [ 5.9062153, 45.606392 ] ] ] } },
{ "type": "Feature", "properties": { "id_voie": "73065_1160", "nom": "Place Docteur Francois Chiron", "type_voie": "Place", "longueur_m": 343.0, "quartier": "BO" }, "geometry": { "type": "MultiLineString", "coordinates": [ [ [ 5.9103226, 45.5643437 ], [ 5.9103921, 45.564323 ], [ 5.9104618, 45.5643059 ], [ 5.9106694, 45.5642527 ], [ 5.9108544, 45.5642101 ] ], [ [ 5.9098181, 45.5641658 ], [ 5.9100621, 45.5642198 ], [ 5.9101878, 45.564267 ], [ 5.9102593, 45.5643093 ], [ 5.9103226, 45.5643437 ] ], [ [ 5.9103226, 45.5643437 ], [ 5.9101675, 45.5643946 ], [ 5.9098996, 45.5644953 ], [ 5.9097227, 45.5645719 ], [ 5.909544, 45.5646621 ] ], [ [ 5.909544, 45.5646621 ], [ 5.9094511, 45.5646519 ], [ 5.9093937, 45.5646345 ], [ 5.9093298, 45.5646145 ], [ 5.9092855, 45.5646004 ] ], [ [ 5.909544, 45.5646621 ], [ 5.9094565, 45.5647311 ], [ 5.9093397, 45.5648269 ] ], [ [ 5.9093397, 45.5648269 ], [ 5.9093253, 45.5647237 ], [ 5.9093091, 45.5646592 ], [ 5.9092855, 45.5646004 ] ], [ [ 5.9089727, 45.5642381 ], [ 5.908999, 45.5641771 ], [ 5.9090742, 45.5641192 ], [ 5.9091269, 45.5640972 ], [ 5.9091937, 45.5640747 ] ], [ [ 5.9092855, 45.5646004 ], [ 5.9092003, 45.5644926 ], [ 5.909083, 45.5643605 ], [ 5.9089727, 45.5642381 ] ], [ [ 5.9089727, 45.5642381 ], [ 5.9088715, 45.5641425 ], [ 5.9087248, 45.5640616 ], [ 5.9086053, 45.5640079 ] ] ] } },
{ "type": "Feature", "properties": { "id_voie": "73065_0380", "nom": "Avenue de la Boisse", "type_voie": "Avenue", "longueur_m": 1897.5, "quartier": "CE" }, "geometry": { "type": "MultiLineString", "coordinates": [ [ [ 5.9149859, 45.5767417 ], [ 5.9155438, 45.5760541 ], [ 5.9157277, 45.5758168 ], [ 5.9159444, 45.5755463 ], [ 5.9161661, 45.5752738 ], [ 5.9163839, 45.5749987 ], [ 5.9166256, 45.5746906 ], [ 5.9169713, 45.5742383 ], [ 5.9173505, 45.5737148 ] ], [ [ 5.9149293, 45.5768116 ], [ 5.9149859, 45.5767417 ] ], [ [ 5.9149293, 45.5768116 ], [ 5.9149049, 45.5769087 ], [ 5.9148521, 45.5769776 ], [ 5.9147843, 45.5770316 ] ], [ [ 5.9147843, 45.5770316 ], [ 5.9144732, 45.577483 ] ], [ [ 5.9193901, 45.5710757 ], [ 5.919299, 45.5711961 ], [ 5.9190613, 45.571506 ], [ 5.9189227, 45.5717006 ], [ 5.9187074, 45.5719729 ], [ 5.9184604, 45.5723028 ], [ 5.9182148, 45.5726093 ], [ 5.9180102, 45.572866 ], [ 5.9177786, 45.5731712 ], [ 5.9175072, 45.5735224 ], [ 5.9173505, 45.5737148 ] ], [ [ 5.9173329, 45.573526 ], [ 5.9179739, 45.5727128 ], [ 5.9185823, 45.5719365 ] ], [ [ 5.9098154, 45.5834473 ], [ 5.9098798, 45.5833789 ] ], [ [ 5.9096155, 45.5837949 ], [ 5.9098857, 45.5834662 ], [ 5.9099347, 45.5833964 ], [ 5.9102239, 45.5829907 ] ], [ [ 5.9098798, 45.5833789 ], [ 5.9099151, 45.583342 ], [ 5.9102239, 45.5829907 ] ], [ [ 5.9105578, 45.582581 ], [ 5.9102239, 45.5829907 ] ], [ [ 5.9112751, 45.5817001 ], [ 5.9105578, 45.582581 ] ], [ [ 5.9144732, 45.577483 ], [ 5.9140746, 45.5780295 ], [ 5.9135011, 45.5788121 ] ], [ [ 5.9135011, 45.5788121 ], [ 5.9133695, 45.5789939 ] ], [ [ 5.9133695, 45.5789939 ], [ 5.9131153, 45.579333 ], [ 5.9126634, 45.5799142 ], [ 5.9112751, 45.5817001 ] ], [ [ 5.9096122, 45.5836589 ], [ 5.9097741, 45.5834907 ], [ 5.9098154, 45.5834473 ] ] ] } },
{ "type": "Feature", "properties": { "id_voie": "73065_0329", "nom": "Rue Louis Berthollet", "type_voie": "Rue", "longueur_m": 94.1, "quartier": "BI" }, "geometry": { "type": "LineString", "coordinates": [ [ 5.8940927, 45.583126 ], [ 5.8941471, 45.5830616 ], [ 5.8942045, 45.583006 ], [ 5.8943052, 45.5829439 ], [ 5.8944785, 45.5828214 ], [ 5.8945764, 45.5827063 ], [ 5.8946195, 45.582597 ], [ 5.8946511, 45.5824647 ], [ 5.8946662, 45.5824111 ] ] } },
{ "type": "Feature", "properties": { "id_voie": "73065_0665", "nom": "Rue Vincente Chapot", "type_voie": "Rue", "longueur_m": 68.4, "quartier": "CE" }, "geometry": { "type": "LineString", "coordinates": [ [ 5.9103918, 45.5782466 ], [ 5.9104126, 45.5782506 ], [ 5.9104582, 45.5782638 ], [ 5.910509, 45.5782787 ], [ 5.9105753, 45.578295 ], [ 5.9106507, 45.5783138 ], [ 5.9107301, 45.5783343 ], [ 5.9108067, 45.578353 ], [ 5.910877, 45.578371 ], [ 5.9109419, 45.5783864 ], [ 5.9110029, 45.5783993 ], [ 5.9110548, 45.5784096 ], [ 5.9111002, 45.5784193 ], [ 5.9111391, 45.5784273 ], [ 5.911169, 45.5784346 ], [ 5.9111937, 45.5784394 ], [ 5.9112093, 45.5784435 ], [ 5.9112197, 45.5784468 ] ] } },
{ "type": "Feature", "properties": { "id_voie": "73065_0090", "nom": "Chemin Amédée V le Grand", "type_voie": "Chemin", "longueur_m": 85.1, "quartier": "LA" }, "geometry": { "type": "MultiLineString", "coordinates": [ [ [ 5.9305039, 45.5600905 ], [ 5.9306109, 45.5598092 ], [ 5.9306357, 45.5597203 ], [ 5.930668, 45.5596528 ], [ 5.9306994, 45.5595907 ], [ 5.93074, 45.5595346 ], [ 5.9308142, 45.559457 ] ], [ [ 5.9308142, 45.559457 ], [ 5.9309084, 45.559396 ] ] ] } },
{ "type": "Feature", "properties": { "id_voie": "73065_1010", "nom": "Chemin des Cyclamens", "type_voie": "Chemin", "longueur_m": 314.6, "quartier": "HC" }, "geometry": { "type": "MultiLineString", "coordinates": [ [ [ 5.9180404, 45.5836765 ], [ 5.9179515, 45.5835472 ], [ 5.9178693, 45.5834241 ], [ 5.9178432, 45.5833419 ], [ 5.9178363, 45.5832844 ], [ 5.9178662, 45.5832197 ], [ 5.918014, 45.5830771 ], [ 5.9184436, 45.5827055 ], [ 5.918724, 45.5824747 ], [ 5.9188195, 45.5824119 ], [ 5.9189949, 45.5823307 ] ], [ [ 5.9189949, 45.5823307 ], [ 5.9191757, 45.5822801 ], [ 5.9193574, 45.582269 ], [ 5.9200509, 45.5822555 ], [ 5.9206081, 45.58226 ] ] ] } },
{ "type": "Feature", "properties": { "id_voie": "73065_1850", "nom": "Rue Henri Lang", "type_voie": "Rue", "longueur_m": 99.5, "quartier": "BO" }, "geometry": { "type": "MultiLineString", "coordinates": [ [ [ 5.9053672, 45.562486 ], [ 5.9050872, 45.5625284 ] ], [ [ 5.9055685, 45.5619951 ], [ 5.9057073, 45.5623916 ], [ 5.9057018, 45.5624332 ], [ 5.9056832, 45.5624454 ], [ 5.9055992, 45.5624583 ], [ 5.9053672, 45.562486 ] ] ] } },
{ "type": "Feature", "properties": { "id_voie": "73065_1060", "nom": "Rue Denfert-Rochereau", "type_voie": "Rue", "longueur_m": 99.0, "quartier": "CE" }, "geometry": { "type": "LineString", "coordinates": [ [ 5.9243836, 45.5649969 ], [ 5.9244069, 45.564953 ], [ 5.9246018, 45.5645127 ], [ 5.9247221, 45.5641915 ], [ 5.9247388, 45.5641424 ] ] } },
{ "type": "Feature", "properties": { "id_voie": "73065_1248", "nom": "Allée d'Elvire", "type_voie": "Allée", "longueur_m": 61.9, "quartier": null }, "geometry": { "type": "LineString", "coordinates": [ [ 5.8754, 45.583157 ], [ 5.8752123, 45.5831762 ], [ 5.8748265, 45.5831852 ], [ 5.8746123, 45.5832114 ] ] } },
{ "type": "Feature", "properties": { "id_voie": "73065_2970", "nom": "Rue de la Paix", "type_voie": "Rue", "longueur_m": 152.5, "quartier": "CE" }, "geometry": { "type": "MultiLineString", "coordinates": [ [ [ 5.9097586, 45.572369 ], [ 5.909788, 45.572416 ] ], [ [ 5.9096997, 45.5722723 ], [ 5.9097586, 45.572369 ] ], [ [ 5.9096997, 45.5722723 ], [ 5.908722, 45.5712695 ] ] ] } },
{ "type": "Feature", "properties": { "id_voie": "73065_2406", "nom": "Rue Lucien Rose", "type_voie": "Rue", "longueur_m": 347.1, "quartier": "LA" }, "geometry": { "type": "MultiLineString", "coordinates": [ [ [ 5.9359423, 45.5687306 ], [ 5.9363405, 45.5688121 ], [ 5.9368738, 45.5689252 ], [ 5.936997, 45.5689508 ], [ 5.9370606, 45.5689636 ] ], [ [ 5.9380416, 45.569174 ], [ 5.9383063, 45.5692293 ], [ 5.9386814, 45.5693123 ], [ 5.9387433, 45.569317 ], [ 5.9388032, 45.5693109 ], [ 5.9388583, 45.5692851 ], [ 5.9389038, 45.569247 ], [ 5.9389867, 45.5690925 ], [ 5.9390689, 45.5689002 ] ], [ [ 5.9370606, 45.5689636 ], [ 5.937381, 45.5690309 ], [ 5.9377951, 45.5691219 ], [ 5.9380416, 45.569174 ] ], [ [ 5.9390999, 45.5688319 ], [ 5.9391655, 45.5686914 ], [ 5.9392425, 45.5685218 ], [ 5.9393188, 45.568363 ] ], [ [ 5.9390689, 45.5689002 ], [ 5.9390999, 45.5688319 ] ] ] } },
{ "type": "Feature", "properties": { "id_voie": "73065_0050", "nom": "Quai des Allobroges", "type_voie": "Quai", "longueur_m": 806.2, "quartier": "CE" }, "geometry": { "type": "MultiLineString", "coordinates": [ [ [ 5.9143823, 45.5770231 ], [ 5.9143371, 45.5769702 ] ], [ [ 5.9143265, 45.576939 ], [ 5.9143231, 45.5768994 ], [ 5.9143279, 45.5768669 ], [ 5.9143415, 45.5768332 ], [ 5.9143628, 45.5768002 ], [ 5.9144221, 45.576732 ] ], [ [ 5.9146895, 45.5762781 ], [ 5.9146047, 45.5764218 ], [ 5.9145178, 45.5765258 ], [ 5.9144221, 45.576732 ] ], [ [ 5.9146422, 45.5766722 ], [ 5.9146895, 45.5762781 ] ], [ [ 5.9146895, 45.5762781 ], [ 5.9147658, 45.5759229 ] ], [ [ 5.9148665, 45.5754706 ], [ 5.9147658, 45.5759229 ] ], [ [ 5.9148665, 45.5754706 ], [ 5.91492, 45.5751719 ] ], [ [ 5.91492, 45.5751719 ], [ 5.9149416, 45.5750199 ], [ 5.9149819, 45.5748351 ], [ 5.9150858, 45.5744206 ] ], [ [ 5.9157261, 45.572909 ], [ 5.9157011, 45.5729692 ], [ 5.9154955, 45.5733548 ] ], [ [ 5.9154955, 45.5733548 ], [ 5.9153936, 45.5736115 ], [ 5.9152436, 45.5739804 ], [ 5.9150858, 45.5744206 ] ], [ [ 5.9159148, 45.5726176 ], [ 5.9157261, 45.572909 ] ], [ [ 5.9163574, 45.5719826 ], [ 5.9162357, 45.5721578 ], [ 5.9160985, 45.5723533 ], [ 5.9159148, 45.5726176 ] ], [ [ 5.9163574, 45.5719826 ], [ 5.9164639, 45.5718365 ], [ 5.9165813, 45.5716785 ], [ 5.9168503, 45.5713291 ], [ 5.9169127, 45.5712473 ] ], [ [ 5.9172427, 45.5708873 ], [ 5.9169127, 45.5712473 ] ], [ [ 5.9174975, 45.5707554 ], [ 5.9175279, 45.5707222 ], [ 5.9175624, 45.5706952 ] ], [ [ 5.9172427, 45.5708873 ], [ 5.9173388, 45.5708587 ], [ 5.9174139, 45.5708243 ], [ 5.917461, 45.5707924 ], [ 5.9174975, 45.5707554 ] ], [ [ 5.9143371, 45.5769702 ], [ 5.9143265, 45.576939 ] ] ] } },
{ "type": "Feature", "properties": { "id_voie": "73065_1070", "nom": "Rue Denis Papin", "type_voie": "Rue", "longueur_m": 315.6, "quartier": "BE" }, "geometry": { "type": "MultiLineString", "coordinates": [ [ [ 5.9220891, 45.5619397 ], [ 5.9218361, 45.5620814 ], [ 5.9217104, 45.5621541 ], [ 5.9216137, 45.5622179 ] ], [ [ 5.9224815, 45.56116 ], [ 5.922706, 45.5611839 ], [ 5.9227325, 45.5612003 ], [ 5.9227468, 45.561227 ], [ 5.9227415, 45.561274 ], [ 5.9226839, 45.5613728 ], [ 5.922622, 45.5614402 ], [ 5.9225655, 45.5615119 ], [ 5.922478, 45.5616286 ], [ 5.9222151, 45.561849 ], [ 5.9220891, 45.5619397 ] ], [ [ 5.9216137, 45.5622179 ], [ 5.9214557, 45.5624076 ] ], [ [ 5.9214557, 45.5624076 ], [ 5.9213352, 45.5625081 ], [ 5.9212252, 45.5625857 ], [ 5.921102, 45.5626592 ], [ 5.9209382, 45.5627401 ], [ 5.9208737, 45.5627805 ], [ 5.9208548, 45.5628116 ], [ 5.9208612, 45.5628601 ], [ 5.9209316, 45.5631259 ], [ 5.9209797, 45.5632598 ], [ 5.9209831, 45.5633228 ] ] ] } },
{ "type": "Feature", "properties": { "id_voie": "73065_1260", "nom": "Rue Emile Romanet", "type_voie": "Rue", "longueur_m": 616.0, "quartier": "BI" }, "geometry": { "type": "MultiLineString", "coordinates": [ [ [ 5.8927855, 45.5846329 ], [ 5.8923536, 45.5844972 ], [ 5.8908196, 45.5839464 ], [ 5.8907325, 45.5839496 ], [ 5.8906521, 45.5839823 ] ], [ [ 5.8882078, 45.5838658 ], [ 5.8884898, 45.5840316 ], [ 5.8888004, 45.5842299 ], [ 5.8889498, 45.5843153 ], [ 5.8890262, 45.5843512 ], [ 5.8894189, 45.5845006 ], [ 5.8897407, 45.5846167 ], [ 5.8898981, 45.5846586 ], [ 5.8899806, 45.5846645 ], [ 5.8900565, 45.5846446 ], [ 5.8901227, 45.5846095 ], [ 5.8901791, 45.5845594 ], [ 5.8902847, 45.5844423 ], [ 5.8903858, 45.5843153 ], [ 5.8905944, 45.5840324 ], [ 5.8906521, 45.5839823 ] ], [ [ 5.8871973, 45.5832385 ], [ 5.8876593, 45.5835105 ], [ 5.8882078, 45.5838658 ] ], [ [ 5.8865519, 45.5828712 ], [ 5.8869496, 45.5830917 ], [ 5.8871973, 45.5832385 ] ] ] } },
{ "type": "Feature", "properties": { "id_voie": "73065_1640", "nom": "Rue Général Sevez", "type_voie": "Rue", "longueur_m": 131.0, "quartier": "CE" }, "geometry": { "type": "LineString", "coordinates": [ [ 5.9081279, 45.5664748 ], [ 5.9081106, 45.5665122 ], [ 5.9081027, 45.5665575 ], [ 5.908089, 45.5667363 ], [ 5.9080666, 45.566872 ], [ 5.9080515, 45.567195 ], [ 5.9080546, 45.5672787 ], [ 5.9080669, 45.5673415 ], [ 5.9081137, 45.5674754 ], [ 5.9082053, 45.5676325 ] ] } },
{ "type": "Feature", "properties": { "id_voie": "73065_3390", "nom": "Montée du Rucher", "type_voie": "Montée", "longueur_m": 233.2, "quartier": "BO" }, "geometry": { "type": "LineString", "coordinates": [ [ 5.9146497, 45.5628574 ], [ 5.9146537, 45.5626645 ], [ 5.9146425, 45.5625008 ], [ 5.9146259, 45.5624039 ], [ 5.9145917, 45.5623156 ], [ 5.9145547, 45.5622462 ], [ 5.9144625, 45.562127 ], [ 5.9144055, 45.5620906 ], [ 5.9143743, 45.5620842 ], [ 5.9143079, 45.5620886 ], [ 5.9141904, 45.5621241 ], [ 5.9141586, 45.5621529 ], [ 5.9141358, 45.5622328 ], [ 5.9141439, 45.5622884 ], [ 5.9141846, 45.5624036 ], [ 5.9141964, 45.5624574 ], [ 5.9141964, 45.5625799 ], [ 5.9141852, 45.5626343 ], [ 5.9141631, 45.5627015 ], [ 5.9141036, 45.56284 ], [ 5.9139591, 45.5630673 ], [ 5.913893, 45.5631041 ], [ 5.9137751, 45.5631063 ] ] } },
{ "type": "Feature", "properties": { "id_voie": "73065_2255", "nom": "Chemin de la Laitière", "type_voie": "Chemin", "longueur_m": 160.1, "quartier": "BI" }, "geometry": { "type": "LineString", "coordinates": [ [ 5.8814002, 45.5848308 ], [ 5.8814012, 45.584874 ], [ 5.8813777, 45.584916 ], [ 5.8813377, 45.5849621 ], [ 5.8811985, 45.5850729 ], [ 5.8811398, 45.5851285 ], [ 5.8810421, 45.585249 ], [ 5.8810204, 45.5853009 ], [ 5.8810186, 45.5853406 ], [ 5.8810332, 45.5853745 ], [ 5.8810764, 45.5853905 ], [ 5.8811312, 45.5853828 ], [ 5.8811951, 45.5853289 ], [ 5.8812942, 45.5852606 ], [ 5.8813753, 45.5852161 ], [ 5.8814722, 45.5851794 ], [ 5.8815415, 45.5851551 ], [ 5.8816714, 45.5851112 ], [ 5.8817823, 45.5850462 ], [ 5.8819588, 45.5849363 ] ] } },
{ "type": "Feature", "properties": { "id_voie": "73065_2825", "nom": "Rue Michel Mouhica", "type_voie": "Rue", "longueur_m": 40.0, "quartier": "LA" }, "geometry": { "type": "LineString", "coordinates": [ [ 5.9356446, 45.5694313 ], [ 5.9354538, 45.5693912 ], [ 5.9351541, 45.5693279 ] ] } },
{ "type": "Feature", "properties": { "id_voie": "IGN-2338712394", "nom": "Chemin De Morraz Dessous", "type_voie": "Chemin", "longueur_m": 94.5, "quartier": "CV" }, "geometry": { "type": "LineString", "coordinates": [ [ 5.9126869, 45.6076113 ], [ 5.9127787, 45.6073062 ], [ 5.9128011, 45.6072443 ], [ 5.912869, 45.6071443 ], [ 5.9129434, 45.6070208 ], [ 5.9129733, 45.6069533 ], [ 5.9129902, 45.6068853 ], [ 5.9130048, 45.6067957 ] ] } },
{ "type": "Feature", "properties": { "id_voie": "73065_0875", "nom": "Rue du Clos Saint-Jacques", "type_voie": "Rue", "longueur_m": 225.3, "quartier": "BI" }, "geometry": { "type": "LineString", "coordinates": [ [ 5.8822905, 45.5817893 ], [ 5.8829198, 45.5819985 ], [ 5.8829491, 45.5820175 ], [ 5.8833287, 45.5824574 ], [ 5.8833369, 45.5824915 ], [ 5.8833349, 45.5825276 ], [ 5.8830056, 45.583055 ], [ 5.8829478, 45.5831034 ], [ 5.8828916, 45.5831093 ], [ 5.8828337, 45.5831063 ], [ 5.8827741, 45.5830952 ], [ 5.8827063, 45.5830744 ], [ 5.8825641, 45.5830285 ] ] } },
{ "type": "Feature", "properties": { "id_voie": "73065_2773", "nom": "Rue du Mont-Jovet", "type_voie": "Rue", "longueur_m": 310.3, "quartier": "BI" }, "geometry": { "type": "MultiLineString", "coordinates": [ [ [ 5.8976296, 45.5729437 ], [ 5.8971189, 45.5734335 ], [ 5.8971082, 45.5734753 ], [ 5.8971364, 45.5735241 ], [ 5.8975961, 45.5737519 ] ], [ [ 5.8976296, 45.5729437 ], [ 5.8978088, 45.5727895 ], [ 5.8978912, 45.5727207 ], [ 5.8979572, 45.5726586 ], [ 5.8980041, 45.5725979 ], [ 5.8979979, 45.5725278 ], [ 5.8979558, 45.5724586 ], [ 5.8976944, 45.5722446 ], [ 5.8975798, 45.5721637 ], [ 5.8974035, 45.57208 ], [ 5.8972703, 45.5720104 ] ], [ [ 5.8976296, 45.5729437 ], [ 5.8977836, 45.573019 ], [ 5.8980219, 45.5731345 ], [ 5.8981563, 45.5732031 ] ] ] } },
{ "type": "Feature", "properties": { "id_voie": "73065_2720", "nom": "Rue du Mont-Cenis", "type_voie": "Rue", "longueur_m": 197.2, "quartier": "BI" }, "geometry": { "type": "LineString", "coordinates": [ [ 5.8980576, 45.5745285 ], [ 5.897593, 45.5749189 ], [ 5.8970025, 45.5754054 ], [ 5.8964164, 45.5758773 ] ] } },
{ "type": "Feature", "properties": { "id_voie": "73065_2090", "nom": "Rue Jean-Pierre Veyrat", "type_voie": "Rue", "longueur_m": 281.1, "quartier": "CE" }, "geometry": { "type": "MultiLineString", "coordinates": [ [ [ 5.9172974, 45.5656352 ], [ 5.9173934, 45.5657787 ], [ 5.9175281, 45.5659735 ], [ 5.9175737, 45.5660362 ] ], [ [ 5.9175737, 45.5660362 ], [ 5.9177741, 45.5663329 ], [ 5.917942, 45.5665727 ] ], [ [ 5.917942, 45.5665727 ], [ 5.9179653, 45.5666028 ] ], [ [ 5.9179653, 45.5666028 ], [ 5.9182127, 45.566891 ], [ 5.9183783, 45.5670642 ] ], [ [ 5.9183783, 45.5670642 ], [ 5.9186634, 45.5673605 ] ], [ [ 5.9186634, 45.5673605 ], [ 5.9191006, 45.5678186 ] ] ] } },
{ "type": "Feature", "properties": { "id_voie": "73065_2980", "nom": "Place du Palais de Justice", "type_voie": "Place", "longueur_m": 237.3, "quartier": "CE" }, "geometry": { "type": "MultiLineString", "coordinates": [ [ [ 5.9197989, 45.5685321 ], [ 5.9196794, 45.5684073 ], [ 5.9195126, 45.5682368 ], [ 5.919294, 45.5680082 ] ], [ [ 5.9191774, 45.5687663 ], [ 5.9190483, 45.5686282 ], [ 5.9187778, 45.5683406 ], [ 5.9185535, 45.5681257 ] ], [ [ 5.9191006, 45.5678186 ], [ 5.91878, 45.5680171 ], [ 5.9185535, 45.5681257 ] ], [ [ 5.919294, 45.5680082 ], [ 5.919187, 45.5679011 ], [ 5.9191006, 45.5678186 ] ] ] } },
{ "type": "Feature", "properties": { "id_voie": "73065_1940", "nom": "Avenue de la Houille Blanche", "type_voie": "Avenue", "longueur_m": 1750.8, "quartier": "BI" }, "geometry": { "type": "MultiLineString", "coordinates": [ [ [ 5.8940054, 45.583322 ], [ 5.8938833, 45.5834901 ], [ 5.8935285, 45.5839695 ], [ 5.8932574, 45.5843072 ], [ 5.8931941, 45.5843719 ] ], [ [ 5.8928671, 45.5847714 ], [ 5.8927495, 45.5849267 ], [ 5.8924773, 45.5852933 ], [ 5.8922642, 45.5855619 ], [ 5.8921176, 45.585753 ] ], [ [ 5.8919207, 45.5857915 ], [ 5.8921423, 45.5855127 ], [ 5.8923915, 45.5851982 ], [ 5.8927854, 45.5847294 ] ], [ [ 5.8927854, 45.5847294 ], [ 5.8927679, 45.5846893 ], [ 5.8927721, 45.5846468 ], [ 5.8927855, 45.5846329 ] ], [ [ 5.8928671, 45.5847714 ], [ 5.8928059, 45.5847532 ], [ 5.8927854, 45.5847294 ] ], [ [ 5.8927855, 45.5846329 ], [ 5.8928037, 45.5846126 ], [ 5.8928681, 45.5845939 ], [ 5.8929052, 45.5845911 ] ], [ [ 5.8929907, 45.5847286 ], [ 5.8929488, 45.5847621 ], [ 5.8929096, 45.584773 ], [ 5.8928671, 45.5847714 ] ], [ [ 5.8929052, 45.5845911 ], [ 5.8929705, 45.5846138 ], [ 5.8929935, 45.5846357 ] ], [ [ 5.8931941, 45.5843719 ], [ 5.8931296, 45.5844403 ], [ 5.8930513, 45.5845378 ], [ 5.8929935, 45.5846357 ] ], [ [ 5.8929935, 45.5846357 ], [ 5.8930143, 45.5846649 ], [ 5.8930107, 45.5846938 ] ], [ [ 5.8930107, 45.5846938 ], [ 5.8929907, 45.5847286 ] ], [ [ 5.8929052, 45.5845911 ], [ 5.893024, 45.5844087 ], [ 5.8933876, 45.5839498 ], [ 5.8937881, 45.5834348 ], [ 5.8939274, 45.5833015 ] ], [ [ 5.8921176, 45.585753 ], [ 5.8908498, 45.5873535 ], [ 5.8904032, 45.5879453 ], [ 5.8895166, 45.5890566 ] ], [ [ 5.888543, 45.5900746 ], [ 5.8886611, 45.5899292 ], [ 5.8886853, 45.5898998 ], [ 5.8893947, 45.5890075 ], [ 5.8902789, 45.5878999 ], [ 5.8905442, 45.5875479 ], [ 5.8907254, 45.5873072 ], [ 5.8919207, 45.5857915 ] ], [ [ 5.8895166, 45.5890566 ], [ 5.8887831, 45.5899784 ], [ 5.8886722, 45.5901173 ] ] ] } },
{ "type": "Feature", "properties": { "id_voie": "73065_2810", "nom": "Avenue de la Motte Servolex", "type_voie": "Avenue", "longueur_m": 1670.3, "quartier": "BI" }, "geometry": { "type": "MultiLineString", "coordinates": [ [ [ 5.8951515, 45.578387 ], [ 5.8955537, 45.5781523 ] ], [ [ 5.8946966, 45.5786438 ], [ 5.8951515, 45.578387 ] ], [ [ 5.8955537, 45.5781523 ], [ 5.8956658, 45.5780863 ] ], [ [ 5.8956658, 45.5780863 ], [ 5.8958101, 45.5779997 ] ], [ [ 5.8891082, 45.5813962 ], [ 5.8886422, 45.5815893 ], [ 5.8885681, 45.5816201 ], [ 5.888283, 45.5817139 ], [ 5.8881589, 45.5817459 ] ], [ [ 5.8897825, 45.5811356 ], [ 5.8891082, 45.5813962 ] ], [ [ 5.8897825, 45.5811356 ], [ 5.8900558, 45.5810132 ], [ 5.8904998, 45.5808171 ] ], [ [ 5.8904998, 45.5808171 ], [ 5.8907998, 45.5806886 ], [ 5.890855, 45.5806647 ] ], [ [ 5.890855, 45.5806647 ], [ 5.8913282, 45.5804624 ] ], [ [ 5.8945158, 45.5787449 ], [ 5.8946966, 45.5786438 ] ], [ [ 5.8936221, 45.5792491 ], [ 5.8945158, 45.5787449 ] ], [ [ 5.8922101, 45.5800261 ], [ 5.8931594, 45.5795043 ], [ 5.8936221, 45.5792491 ] ], [ [ 5.8913282, 45.5804624 ], [ 5.8916932, 45.5802998 ], [ 5.8922101, 45.5800261 ] ], [ [ 5.8876955, 45.5818912 ], [ 5.8877768, 45.5818494 ], [ 5.8879001, 45.5818274 ], [ 5.8880411, 45.5817994 ], [ 5.8881589, 45.5817459 ] ], [ [ 5.8877115, 45.5817538 ], [ 5.8877819, 45.5817745 ], [ 5.8878556, 45.5817871 ], [ 5.8879443, 45.5817884 ], [ 5.8880387, 45.5817787 ], [ 5.8881589, 45.5817459 ] ], [ [ 5.8876588, 45.5817038 ], [ 5.8876882, 45.5817256 ], [ 5.8877115, 45.5817538 ] ], [ [ 5.8875117, 45.5816878 ], [ 5.8875886, 45.5816849 ], [ 5.8876588, 45.5817038 ] ], [ [ 5.8876955, 45.5818912 ], [ 5.8876327, 45.5819162 ], [ 5.8875856, 45.5819237 ], [ 5.8875126, 45.5819265 ] ], [ [ 5.8877115, 45.5817538 ], [ 5.8877279, 45.5817984 ], [ 5.8877239, 45.5818436 ], [ 5.8876955, 45.5818912 ] ], [ [ 5.8873908, 45.5818305 ], [ 5.8873994, 45.5817735 ], [ 5.8874268, 45.5817323 ], [ 5.8874689, 45.5817042 ], [ 5.8875117, 45.5816878 ] ], [ [ 5.8875126, 45.5819265 ], [ 5.8874577, 45.5819072 ], [ 5.8874137, 45.581875 ], [ 5.8873908, 45.5818305 ] ], [ [ 5.8870965, 45.5822165 ], [ 5.8872207, 45.5821124 ], [ 5.8873757, 45.5820075 ], [ 5.887448, 45.5819678 ], [ 5.8875126, 45.5819265 ] ], [ [ 5.8870965, 45.5822165 ], [ 5.8873189, 45.5819522 ], [ 5.8873705, 45.5818833 ], [ 5.8873908, 45.5818305 ] ], [ [ 5.8865519, 45.5828712 ], [ 5.8869026, 45.5824099 ], [ 5.8870818, 45.5822295 ], [ 5.8870965, 45.5822165 ] ], [ [ 5.8865519, 45.5828712 ], [ 5.886404, 45.5830615 ], [ 5.8862824, 45.5832395 ] ], [ [ 5.8831855, 45.5877225 ], [ 5.8835532, 45.5871922 ], [ 5.8837336, 45.5869596 ] ], [ [ 5.8837336, 45.5869596 ], [ 5.8838946, 45.5867492 ] ], [ [ 5.8838946, 45.5867492 ], [ 5.8840571, 45.5864918 ] ], [ [ 5.8840571, 45.5864918 ], [ 5.8845557, 45.5857653 ], [ 5.8848253, 45.5853484 ], [ 5.8850506, 45.5850174 ], [ 5.8858159, 45.583893 ], [ 5.8862824, 45.5832395 ] ] ] } },
{ "type": "Feature", "properties": { "id_voie": "73065_0647", "nom": "Chemin de Chanaz", "type_voie": "Chemin", "longueur_m": 595.8, "quartier": "LA" }, "geometry": { "type": "MultiLineString", "coordinates": [ [ [ 5.9309648, 45.55908 ], [ 5.9310413, 45.5590708 ], [ 5.9311128, 45.5590879 ], [ 5.9311843, 45.5591311 ], [ 5.9312309, 45.5591875 ], [ 5.9312904, 45.5592689 ], [ 5.9313741, 45.5593487 ], [ 5.931477, 45.5593775 ], [ 5.9315709, 45.5593823 ], [ 5.9316525, 45.5593739 ], [ 5.9317324, 45.5593556 ], [ 5.9317726, 45.5593401 ], [ 5.9318442, 45.5592869 ], [ 5.9318917, 45.5592397 ], [ 5.9319396, 45.5591753 ], [ 5.9319871, 45.5591263 ], [ 5.932049, 45.5590842 ], [ 5.9321252, 45.5590453 ], [ 5.93221, 45.559025 ] ], [ [ 5.93221, 45.559025 ], [ 5.9323257, 45.5590049 ], [ 5.9327401, 45.5589589 ], [ 5.933602, 45.5588833 ], [ 5.9338928, 45.5588288 ] ], [ [ 5.9354136, 45.558407 ], [ 5.9353211, 45.5583554 ], [ 5.935129, 45.5581928 ], [ 5.9350473, 45.5580787 ], [ 5.9349949, 45.5579611 ], [ 5.9349551, 45.5577909 ], [ 5.9349248, 45.5576304 ], [ 5.9349227, 45.5575169 ] ], [ [ 5.9349227, 45.5575169 ], [ 5.9348325, 45.5574616 ], [ 5.9347173, 45.5573925 ], [ 5.9345978, 45.5573164 ], [ 5.9345141, 45.5572609 ], [ 5.934449, 45.5572193 ], [ 5.9343801, 45.5571779 ], [ 5.9343144, 45.5571481 ], [ 5.9342399, 45.5570977 ], [ 5.9341735, 45.557031 ], [ 5.9340827, 45.5569378 ], [ 5.9340418, 45.5568939 ], [ 5.9340402, 45.5568624 ], [ 5.9340517, 45.5568377 ] ], [ [ 5.9338928, 45.5588288 ], [ 5.9340969, 45.5588072 ], [ 5.9342913, 45.5587959 ], [ 5.9346756, 45.5587867 ], [ 5.934884, 45.5587966 ], [ 5.9350593, 45.5588146 ], [ 5.9352586, 45.5588472 ], [ 5.9353759, 45.5588585 ] ] ] } },
{ "type": "Feature", "properties": { "id_voie": "73065_2060", "nom": "Rue Jean Mermoz", "type_voie": "Rue", "longueur_m": 341.3, "quartier": "BO" }, "geometry": { "type": "MultiLineString", "coordinates": [ [ [ 5.9030141, 45.5595624 ], [ 5.9025089, 45.5595412 ], [ 5.9022942, 45.5595315 ] ], [ [ 5.9032469, 45.5597456 ], [ 5.9029252, 45.5597251 ], [ 5.9022765, 45.5597076 ] ], [ [ 5.9032037, 45.5601441 ], [ 5.9026985, 45.5601247 ], [ 5.9024197, 45.5601157 ], [ 5.9022565, 45.56011 ] ], [ [ 5.9022565, 45.56011 ], [ 5.9022116, 45.5606248 ] ], [ [ 5.9022942, 45.5595315 ], [ 5.9022765, 45.5597076 ] ], [ [ 5.9022765, 45.5597076 ], [ 5.9022565, 45.56011 ] ], [ [ 5.9023033, 45.5594114 ], [ 5.9022942, 45.5595315 ] ] ] } },
{ "type": "Feature", "properties": { "id_voie": "73065_1600", "nom": "Rue Garibaldi", "type_voie": "Rue", "longueur_m": 208.0, "quartier": "CE" }, "geometry": { "type": "MultiLineString", "coordinates": [ [ [ 5.9122485, 45.5750717 ], [ 5.9122191, 45.5750977 ], [ 5.9119542, 45.5752578 ], [ 5.9115432, 45.5755189 ], [ 5.9115066, 45.5755532 ] ], [ [ 5.9115066, 45.5755532 ], [ 5.9113941, 45.5756345 ], [ 5.9113425, 45.5756791 ], [ 5.9112953, 45.5757326 ], [ 5.9112542, 45.5758048 ], [ 5.911211, 45.5759357 ], [ 5.911155, 45.5761408 ], [ 5.9110616, 45.5765361 ], [ 5.911044, 45.5766411 ] ] ] } },
{ "type": "Feature", "properties": { "id_voie": "73065_3090", "nom": "Rue Pierre et Marie Curie", "type_voie": "Rue", "longueur_m": 669.6, "quartier": "CE" }, "geometry": { "type": "MultiLineString", "coordinates": [ [ [ 5.9072936, 45.5653421 ], [ 5.907455, 45.5653371 ], [ 5.9079224, 45.5653205 ] ], [ [ 5.9079224, 45.5653205 ], [ 5.9088312, 45.5652825 ], [ 5.9091299, 45.5652775 ], [ 5.9092378, 45.5652819 ] ], [ [ 5.9043894, 45.5652469 ], [ 5.9044034, 45.5652934 ], [ 5.9044282, 45.565327 ], [ 5.9044605, 45.565355 ], [ 5.9045027, 45.5653774 ], [ 5.9046005, 45.5654082 ], [ 5.9046576, 45.5654193 ], [ 5.9047735, 45.565428 ], [ 5.9056972, 45.5654042 ], [ 5.9059248, 45.5653911 ], [ 5.9072936, 45.5653421 ] ], [ [ 5.906411, 45.5644846 ], [ 5.9062299, 45.5645542 ], [ 5.9050592, 45.5648584 ], [ 5.9046373, 45.5649585 ], [ 5.9045358, 45.5650053 ], [ 5.9044547, 45.5650723 ], [ 5.9044295, 45.5651071 ], [ 5.904395, 45.5651819 ], [ 5.9043858, 45.5652263 ], [ 5.9043894, 45.5652469 ] ], [ [ 5.906411, 45.5644846 ], [ 5.9065754, 45.5643902 ], [ 5.9066903, 45.5643062 ], [ 5.9067501, 45.5642479 ], [ 5.9068625, 45.5640927 ], [ 5.9069821, 45.5639274 ], [ 5.9070045, 45.5638899 ], [ 5.9070411, 45.5638294 ], [ 5.9070627, 45.5638001 ] ] ] } },
{ "type": "Feature", "properties": { "id_voie": "73065_0780", "nom": "Place du Château", "type_voie": "Place", "longueur_m": 116.5, "quartier": "CE" }, "geometry": { "type": "MultiLineString", "coordinates": [ [ [ 5.9184279, 45.5651292 ], [ 5.9185558, 45.5650736 ], [ 5.9186521, 45.5650026 ] ], [ [ 5.9186521, 45.5650026 ], [ 5.9186992, 45.5649717 ] ], [ [ 5.9186992, 45.5649717 ], [ 5.9189249, 45.5648225 ], [ 5.9191, 45.5647144 ], [ 5.9191884, 45.5646634 ] ], [ [ 5.91956, 45.5648736 ], [ 5.9192714, 45.5647279 ], [ 5.9192156, 45.5646915 ], [ 5.9191884, 45.5646634 ] ] ] } },
{ "type": "Feature", "properties": { "id_voie": "73065_0610", "nom": "Rue de la Chambotte", "type_voie": "Rue", "longueur_m": 367.7, "quartier": "BI" }, "geometry": { "type": "MultiLineString", "coordinates": [ [ [ 5.8979455, 45.5798207 ], [ 5.8970162, 45.579423 ], [ 5.8966963, 45.579269 ], [ 5.895923, 45.57886 ] ], [ [ 5.895923, 45.57886 ], [ 5.8959123, 45.5795145 ] ], [ [ 5.8959361, 45.5785452 ], [ 5.895923, 45.57886 ] ], [ [ 5.8959446, 45.5779223 ], [ 5.8959361, 45.5785452 ] ] ] } },
{ "type": "Feature", "properties": { "id_voie": "73065_1730", "nom": "Rue Gounod", "type_voie": "Rue", "longueur_m": 154.3, "quartier": "BE" }, "geometry": { "type": "MultiLineString", "coordinates": [ [ [ 5.9193375, 45.5618662 ], [ 5.919061, 45.5618292 ] ], [ [ 5.919061, 45.5618292 ], [ 5.9188393, 45.5618079 ] ], [ [ 5.9188393, 45.5618079 ], [ 5.9183042, 45.561756 ], [ 5.9176334, 45.5616842 ], [ 5.9174965, 45.5616671 ], [ 5.9173876, 45.5616456 ] ] ] } },
{ "type": "Feature", "properties": { "id_voie": "73065_3143", "nom": "Rue Plaisance", "type_voie": "Rue", "longueur_m": 160.0, "quartier": "LA" }, "geometry": { "type": "MultiLineString", "coordinates": [ [ [ 5.9281995, 45.5649137 ], [ 5.9282011, 45.5647974 ], [ 5.928193, 45.5644751 ], [ 5.928199, 45.5641992 ] ], [ [ 5.9282364, 45.5634746 ], [ 5.9282215, 45.5637255 ], [ 5.9282108, 45.5639366 ], [ 5.928199, 45.5641992 ] ] ] } },
{ "type": "Feature", "properties": { "id_voie": "73065_0260", "nom": "Chemin de Beauvoir", "type_voie": "Chemin", "longueur_m": 580.6, "quartier": "HC" }, "geometry": { "type": "MultiLineString", "coordinates": [ [ [ 5.913865, 45.5825602 ], [ 5.9136217, 45.5825458 ] ], [ [ 5.9129668, 45.5811463 ], [ 5.9130479, 45.581127 ], [ 5.913233, 45.5810583 ], [ 5.9133536, 45.5810092 ], [ 5.9134809, 45.5809906 ], [ 5.9135883, 45.5810076 ] ], [ [ 5.9135883, 45.5810076 ], [ 5.9135136, 45.5811249 ], [ 5.9131671, 45.5813934 ], [ 5.912904, 45.5816111 ], [ 5.9126644, 45.5818633 ] ], [ [ 5.9126644, 45.5818633 ], [ 5.9126257, 45.581931 ], [ 5.9126213, 45.5819941 ], [ 5.9126446, 45.5820224 ], [ 5.9126847, 45.5820294 ], [ 5.9127451, 45.5820054 ], [ 5.9128174, 45.5819656 ], [ 5.9129314, 45.5818636 ], [ 5.9130441, 45.5817624 ], [ 5.9131875, 45.581683 ], [ 5.9133228, 45.5816444 ], [ 5.9134357, 45.5816198 ], [ 5.9135721, 45.5815541 ], [ 5.9137103, 45.5814496 ], [ 5.9138012, 45.581395 ], [ 5.9138561, 45.5813899 ], [ 5.9139023, 45.5814158 ], [ 5.9139287, 45.5814538 ], [ 5.9139298, 45.581498 ], [ 5.9138142, 45.581619 ], [ 5.9136746, 45.5817461 ], [ 5.9135933, 45.5818104 ], [ 5.913478, 45.5819116 ], [ 5.9133776, 45.5820034 ], [ 5.9133412, 45.5820674 ], [ 5.9133158, 45.5821221 ], [ 5.9133344, 45.582182 ], [ 5.9134169, 45.5823367 ], [ 5.913506, 45.5824686 ], [ 5.9135613, 45.5825203 ], [ 5.9136217, 45.5825458 ] ], [ [ 5.9123116, 45.5818643 ], [ 5.912371, 45.5817735 ], [ 5.9124366, 45.5816781 ], [ 5.9126715, 45.5814107 ], [ 5.9129668, 45.5811463 ] ] ] } },
{ "type": "Feature", "properties": { "id_voie": "73065_0432", "nom": "Rue du Bourg", "type_voie": "Rue", "longueur_m": 504.3, "quartier": "CV" }, "geometry": { "type": "MultiLineString", "coordinates": [ [ [ 5.9021589, 45.5937293 ], [ 5.902241, 45.5937776 ], [ 5.9022534, 45.5938187 ], [ 5.902242, 45.5938704 ], [ 5.9021803, 45.5939675 ], [ 5.9021125, 45.5940945 ], [ 5.9021108, 45.5941847 ], [ 5.9021386, 45.5942723 ], [ 5.9021857, 45.5943629 ], [ 5.9022559, 45.5944539 ], [ 5.9023766, 45.5946022 ], [ 5.9024371, 45.5947043 ], [ 5.9024894, 45.5948192 ], [ 5.9024941, 45.5948857 ], [ 5.9024942, 45.5949614 ], [ 5.9024733, 45.5950764 ], [ 5.9024861, 45.5951499 ], [ 5.9025264, 45.5951831 ], [ 5.9026015, 45.5951956 ], [ 5.9026447, 45.5951873 ], [ 5.9026764, 45.5951558 ], [ 5.9027034, 45.5951065 ], [ 5.9028216, 45.5947908 ], [ 5.9028782, 45.5946703 ], [ 5.9029031, 45.5946319 ], [ 5.9029557, 45.5946062 ], [ 5.9030089, 45.594594 ], [ 5.9030628, 45.5945926 ], [ 5.9031067, 45.5945978 ], [ 5.9032076, 45.5946384 ], [ 5.9033194, 45.5947139 ], [ 5.9034803, 45.594844 ], [ 5.9036594, 45.5950295 ], [ 5.9037962, 45.59519 ] ], [ [ 5.9019306, 45.5936342 ], [ 5.9019187, 45.5936273 ], [ 5.9018973, 45.5935864 ], [ 5.9018972, 45.593536 ], [ 5.9019165, 45.5934886 ], [ 5.9019549, 45.5934372 ], [ 5.9020098, 45.5933817 ], [ 5.9020713, 45.5933306 ], [ 5.9022251, 45.5931797 ], [ 5.9023021, 45.593057 ], [ 5.9023207, 45.5928727 ], [ 5.9023196, 45.5927051 ], [ 5.902298, 45.5926615 ], [ 5.9022645, 45.5926083 ], [ 5.902202, 45.5925685 ] ], [ [ 5.9019306, 45.5936342 ], [ 5.9021589, 45.5937293 ] ] ] } },
{ "type": "Feature", "properties": { "id_voie": "73065_2840", "nom": "Chemin de la Moutarde", "type_voie": "Chemin", "longueur_m": 200.7, "quartier": "CE" }, "geometry": { "type": "MultiLineString", "coordinates": [ [ [ 5.9090593, 45.5710472 ], [ 5.9089591, 45.570947 ], [ 5.9088958, 45.5709135 ], [ 5.9087541, 45.5708541 ], [ 5.9086068, 45.570785 ] ], [ [ 5.910224, 45.5721668 ], [ 5.9101195, 45.572083 ], [ 5.910021, 45.57199 ], [ 5.9098431, 45.5718036 ], [ 5.9093283, 45.5713078 ], [ 5.909161, 45.5711509 ], [ 5.9090593, 45.5710472 ] ] ] } },
{ "type": "Feature", "properties": { "id_voie": "73065_0920", "nom": "Rue Commandant Michard", "type_voie": "Rue", "longueur_m": 148.4, "quartier": "LA" }, "geometry": { "type": "MultiLineString", "coordinates": [ [ [ 5.9293443, 45.564218 ], [ 5.9300998, 45.5642172 ] ], [ [ 5.928199, 45.5641992 ], [ 5.9283724, 45.5642028 ], [ 5.9291852, 45.5642167 ], [ 5.9293443, 45.564218 ] ] ] } },
{ "type": "Feature", "properties": { "id_voie": "73065_2712", "nom": "Square du Mont-Blanc", "type_voie": "Square", "longueur_m": 146.9, "quartier": "CE" }, "geometry": { "type": "MultiLineString", "coordinates": [ [ [ 5.9240132, 45.5655868 ], [ 5.9244361, 45.5657488 ], [ 5.9247174, 45.5658532 ] ], [ [ 5.9247174, 45.5658532 ], [ 5.924968, 45.5659098 ] ], [ [ 5.924968, 45.5659098 ], [ 5.9250143, 45.5659113 ], [ 5.9250878, 45.5659193 ], [ 5.9252004, 45.565938 ], [ 5.9253473, 45.5659738 ], [ 5.9254629, 45.5660014 ], [ 5.9255588, 45.5660206 ], [ 5.9256209, 45.5660307 ], [ 5.9256624, 45.5660377 ], [ 5.9257601, 45.5660424 ] ] ] } },
{ "type": "Feature", "properties": { "id_voie": "73065_3015", "nom": "Place Paul Vachez", "type_voie": "Place", "longueur_m": 80.5, "quartier": "CV" }, "geometry": { "type": "MultiLineString", "coordinates": [ [ [ 5.9038637, 45.5955721 ], [ 5.9039354, 45.5953477 ] ], [ [ 5.9037962, 45.59519 ], [ 5.9039354, 45.5953477 ] ], [ [ 5.9039354, 45.5953477 ], [ 5.9041946, 45.5953473 ], [ 5.9042687, 45.5953409 ], [ 5.9043619, 45.595306 ] ] ] } },
{ "type": "Feature", "properties": { "id_voie": "73065_3540", "nom": "Rue de Salins", "type_voie": "Rue", "longueur_m": 600.5, "quartier": "BO" }, "geometry": { "type": "MultiLineString", "coordinates": [ [ [ 5.9011751, 45.5595937 ], [ 5.9011112, 45.5596728 ], [ 5.9010527, 45.5597545 ], [ 5.9010017, 45.5598595 ], [ 5.9009752, 45.5599647 ] ], [ [ 5.9010118, 45.5602476 ], [ 5.9010359, 45.5603407 ], [ 5.9010447, 45.560436 ], [ 5.9010509, 45.5605548 ], [ 5.9010523, 45.5606547 ] ], [ [ 5.9009752, 45.5599647 ], [ 5.9009823, 45.5601006 ], [ 5.9010118, 45.5602476 ] ], [ [ 5.9010523, 45.5606547 ], [ 5.9010507, 45.5607719 ], [ 5.9010593, 45.5608618 ], [ 5.9010716, 45.5609246 ], [ 5.9011052, 45.5609787 ] ], [ [ 5.9011052, 45.5609787 ], [ 5.9011686, 45.5610149 ], [ 5.9012468, 45.5610372 ], [ 5.90134, 45.5610528 ], [ 5.9014311, 45.5610784 ], [ 5.9015047, 45.5611134 ], [ 5.901559, 45.5611706 ], [ 5.901592, 45.5612373 ], [ 5.9016055, 45.5612982 ], [ 5.9016059, 45.5613307 ], [ 5.9015932, 45.5613814 ] ], [ [ 5.9015932, 45.5613814 ], [ 5.9015649, 45.561429 ], [ 5.9015172, 45.5614979 ], [ 5.9014399, 45.5615909 ], [ 5.9014085, 45.5616268 ] ], [ [ 5.9014085, 45.5616268 ], [ 5.9013726, 45.5616773 ], [ 5.9012932, 45.5617776 ], [ 5.9012063, 45.5618825 ], [ 5.9010624, 45.5620484 ] ], [ [ 5.9011751, 45.5595937 ], [ 5.9012676, 45.5595228 ], [ 5.901392, 45.5594484 ], [ 5.9014961, 45.55938 ], [ 5.9016245, 45.5592847 ], [ 5.9017477, 45.5591878 ], [ 5.9018622, 45.5590704 ], [ 5.9019713, 45.5589496 ], [ 5.9020811, 45.558817 ], [ 5.9021818, 45.5586837 ], [ 5.9022961, 45.5585627 ], [ 5.9024275, 45.5584512 ], [ 5.9028377, 45.5581766 ], [ 5.9033139, 45.5578895 ], [ 5.9034098, 45.5578347 ], [ 5.903495, 45.5577956 ], [ 5.9035705, 45.5577684 ], [ 5.9036175, 45.5577582 ], [ 5.9037184, 45.5577511 ] ] ] } },
{ "type": "Feature", "properties": { "id_voie": "73065_0990", "nom": "Chemin de la Croix de Bissy", "type_voie": "Chemin", "longueur_m": 239.8, "quartier": "BI" }, "geometry": { "type": "MultiLineString", "coordinates": [ [ [ 5.8890273, 45.5805333 ], [ 5.8886988, 45.5805814 ], [ 5.8885915, 45.5805913 ], [ 5.8885382, 45.5806026 ], [ 5.8883122, 45.5807229 ], [ 5.8882399, 45.5807644 ], [ 5.8881061, 45.5808561 ] ], [ [ 5.8893536, 45.5807871 ], [ 5.8890273, 45.5805333 ] ], [ [ 5.8893536, 45.5807871 ], [ 5.8894601, 45.5808844 ], [ 5.8897825, 45.5811356 ] ], [ [ 5.8881061, 45.5808561 ], [ 5.8880685, 45.5808733 ], [ 5.8879333, 45.5810119 ], [ 5.8878476, 45.5811394 ] ], [ [ 5.8878476, 45.5811394 ], [ 5.8878148, 45.5811763 ], [ 5.8877727, 45.5812287 ], [ 5.8877234, 45.5812444 ], [ 5.8876733, 45.5813655 ] ] ] } },
{ "type": "Feature", "properties": { "id_voie": "73065_0455", "nom": "Allée de Bresse", "type_voie": "Allée", "longueur_m": 218.2, "quartier": "HC" }, "geometry": { "type": "MultiLineString", "coordinates": [ [ [ 5.9141451, 45.5973813 ], [ 5.9136457, 45.5972582 ], [ 5.9136067, 45.5972241 ] ], [ [ 5.9138122, 45.597544 ], [ 5.9140321, 45.5976005 ] ], [ [ 5.9136067, 45.5972241 ], [ 5.9133391, 45.5971634 ], [ 5.9130021, 45.5970766 ], [ 5.9128856, 45.5973031 ], [ 5.9138122, 45.597544 ] ] ] } },
{ "type": "Feature", "properties": { "id_voie": "73065_3830", "nom": "Quai de Verdun", "type_voie": "Quai", "longueur_m": 335.1, "quartier": "CE" }, "geometry": { "type": "MultiLineString", "coordinates": [ [ [ 5.9161313, 45.5730508 ], [ 5.9160718, 45.5731398 ], [ 5.916004, 45.5732407 ], [ 5.9159125, 45.5734278 ] ], [ [ 5.9178863, 45.5707553 ], [ 5.9178119, 45.5708788 ], [ 5.9172268, 45.571559 ], [ 5.9166861, 45.5723038 ], [ 5.9165842, 45.5724408 ], [ 5.9162172, 45.5729278 ], [ 5.9161313, 45.5730508 ] ] ] } },
{ "type": "Feature", "properties": { "id_voie": "73065_0930", "nom": "Avenue du Comte Vert", "type_voie": "Avenue", "longueur_m": 1339.0, "quartier": "CE" }, "geometry": { "type": "MultiLineString", "coordinates": [ [ [ 5.9153846, 45.5702705 ], [ 5.9156711, 45.5701315 ], [ 5.9158531, 45.570006 ] ], [ [ 5.914399, 45.5706556 ], [ 5.9149358, 45.5704461 ], [ 5.9152553, 45.5703234 ], [ 5.9153846, 45.5702705 ] ], [ [ 5.9102961, 45.5723659 ], [ 5.910141, 45.572369 ], [ 5.9099148, 45.5724118 ], [ 5.9087458, 45.5727259 ], [ 5.9071808, 45.5731476 ] ], [ [ 5.9081786, 45.5728469 ], [ 5.9087655, 45.5726857 ], [ 5.9090022, 45.5726238 ] ], [ [ 5.909788, 45.572416 ], [ 5.9099461, 45.5723722 ], [ 5.9100758, 45.5723256 ], [ 5.9102086, 45.5722402 ] ], [ [ 5.9090022, 45.5726238 ], [ 5.909788, 45.572416 ] ], [ [ 5.9106129, 45.5721703 ], [ 5.9112303, 45.5719299 ] ], [ [ 5.9112303, 45.5719299 ], [ 5.9115023, 45.5718084 ], [ 5.9117854, 45.5717019 ], [ 5.9121814, 45.5715466 ] ], [ [ 5.912793, 45.5712956 ], [ 5.9131058, 45.5711676 ], [ 5.9135201, 45.5709965 ], [ 5.914092, 45.5707708 ], [ 5.914399, 45.5706556 ] ], [ [ 5.9121814, 45.5715466 ], [ 5.9124777, 45.5714245 ], [ 5.912793, 45.5712956 ] ], [ [ 5.9067673, 45.5732384 ], [ 5.9068931, 45.573191 ], [ 5.9069888, 45.5731561 ], [ 5.9076459, 45.5729877 ], [ 5.9081786, 45.5728469 ] ], [ [ 5.9071808, 45.5731476 ], [ 5.907016, 45.5732104 ], [ 5.906938, 45.5732638 ], [ 5.9068863, 45.5733057 ] ], [ [ 5.9068681, 45.5734719 ], [ 5.9067677, 45.5735151 ] ], [ [ 5.9067673, 45.5732384 ], [ 5.9068484, 45.573267 ], [ 5.9068863, 45.5733057 ] ], [ [ 5.9068863, 45.5733057 ], [ 5.906904, 45.5733484 ], [ 5.9069085, 45.5733853 ], [ 5.9068953, 45.573428 ], [ 5.9068681, 45.5734719 ] ], [ [ 5.9067677, 45.5735151 ], [ 5.9067284, 45.5735242 ], [ 5.9066836, 45.5735254 ], [ 5.9066295, 45.5735222 ], [ 5.906554, 45.5735017 ] ], [ [ 5.9065017, 45.5733111 ], [ 5.9065417, 45.5732659 ], [ 5.9066135, 45.5732415 ], [ 5.9066927, 45.5732341 ], [ 5.9067673, 45.5732384 ] ], [ [ 5.906554, 45.5735017 ], [ 5.9065062, 45.5734696 ], [ 5.9064799, 45.5734333 ] ], [ [ 5.9064799, 45.5734333 ], [ 5.9064742, 45.5733992 ], [ 5.9064797, 45.5733558 ], [ 5.9065017, 45.5733111 ] ], [ [ 5.9059684, 45.5733925 ], [ 5.9062545, 45.5733436 ], [ 5.9064403, 45.5733145 ], [ 5.9065017, 45.5733111 ] ], [ [ 5.9064799, 45.5734333 ], [ 5.9063079, 45.5734324 ], [ 5.9061035, 45.5734503 ], [ 5.9058917, 45.5734954 ], [ 5.9057093, 45.5735415 ] ], [ [ 5.9056354, 45.5734777 ], [ 5.9059684, 45.5733925 ] ], [ [ 5.9054218, 45.5736121 ], [ 5.9056676, 45.5735525 ] ], [ [ 5.905605, 45.5734848 ], [ 5.9056354, 45.5734777 ] ], [ [ 5.9057093, 45.5735415 ], [ 5.9056676, 45.5735525 ] ], [ [ 5.9053736, 45.5735493 ], [ 5.9054937, 45.5735156 ], [ 5.905605, 45.5734848 ] ] ] } },
{ "type": "Feature", "properties": { "id_voie": "73065_3207", "nom": "Rue de Pugnet", "type_voie": "Rue", "longueur_m": 335.8, "quartier": "HC" }, "geometry": { "type": "MultiLineString", "coordinates": [ [ [ 5.9148298, 45.5897547 ], [ 5.9153994, 45.5887019 ] ], [ [ 5.9153994, 45.5887019 ], [ 5.915471, 45.5885748 ] ], [ [ 5.9143724, 45.5905992 ], [ 5.9148298, 45.5897547 ] ], [ [ 5.9142602, 45.5908076 ], [ 5.9142999, 45.5907326 ], [ 5.9143724, 45.5905992 ] ], [ [ 5.9139669, 45.5914054 ], [ 5.9142508, 45.5908258 ], [ 5.9142602, 45.5908076 ] ] ] } },
{ "type": "Feature", "properties": { "id_voie": "73065_2740", "nom": "Rue Montaigne", "type_voie": "Rue", "longueur_m": 89.4, "quartier": "CE" }, "geometry": { "type": "MultiLineString", "coordinates": [ [ [ 5.9095527, 45.5691061 ], [ 5.9095715, 45.5691957 ], [ 5.909576, 45.5692803 ] ], [ [ 5.909576, 45.5692803 ], [ 5.9096032, 45.5694562 ] ], [ [ 5.909576, 45.5692803 ], [ 5.9095006, 45.5692858 ], [ 5.9089591, 45.5694062 ] ] ] } },
{ "type": "Feature", "properties": { "id_voie": "73065_1410", "nom": "Chemin de la Fontaine Ferrugineuse", "type_voie": "Chemin", "longueur_m": 338.5, "quartier": "HC" }, "geometry": { "type": "MultiLineString", "coordinates": [ [ [ 5.9123116, 45.5818643 ], [ 5.912206, 45.5820274 ], [ 5.9120701, 45.5822013 ], [ 5.9118791, 45.5824991 ], [ 5.9118534, 45.5825718 ], [ 5.9118163, 45.5826214 ], [ 5.9117563, 45.5827248 ], [ 5.9117435, 45.5827756 ], [ 5.9117459, 45.5828206 ], [ 5.9117853, 45.5829358 ], [ 5.9117901, 45.582978 ], [ 5.9117842, 45.5830368 ], [ 5.9117532, 45.5830826 ], [ 5.9116935, 45.5831175 ], [ 5.9115783, 45.5831484 ], [ 5.9115255, 45.5831696 ], [ 5.911466, 45.583209 ], [ 5.9113545, 45.5833101 ] ], [ [ 5.9104234, 45.5844444 ], [ 5.9104088, 45.5843853 ], [ 5.9104031, 45.5843025 ], [ 5.9104022, 45.5842359 ], [ 5.9104156, 45.5841724 ], [ 5.910467, 45.5841252 ], [ 5.9106071, 45.5840314 ], [ 5.9107218, 45.5839428 ], [ 5.9108174, 45.5838331 ], [ 5.9110208, 45.5836503 ], [ 5.9110838, 45.5835802 ], [ 5.9111642, 45.583498 ], [ 5.9112734, 45.5834023 ], [ 5.9113545, 45.5833101 ] ] ] } },
{ "type": "Feature", "properties": { "id_voie": "73065_3170", "nom": "Rue Porte-Reine", "type_voie": "Rue", "longueur_m": 145.8, "quartier": "CE" }, "geometry": { "type": "MultiLineString", "coordinates": [ [ [ 5.9197151, 45.5638973 ], [ 5.9199075, 45.5639932 ], [ 5.9201515, 45.5640968 ], [ 5.9202955, 45.5641517 ] ], [ [ 5.919577, 45.5638324 ], [ 5.9197151, 45.5638973 ] ], [ [ 5.920529, 45.5642726 ], [ 5.9206336, 45.5643348 ], [ 5.9208967, 45.5645334 ], [ 5.9210182, 45.5646474 ] ], [ [ 5.9202955, 45.5641517 ], [ 5.9204311, 45.5642175 ], [ 5.920529, 45.5642726 ] ] ] } },
{ "type": "Feature", "properties": { "id_voie": "73065_1460", "nom": "Rue Francois Charvet", "type_voie": "Rue", "longueur_m": 88.4, "quartier": "CE" }, "geometry": { "type": "LineString", "coordinates": [ [ 5.9241263, 45.5672203 ], [ 5.9243305, 45.5670059 ], [ 5.9245246, 45.5667936 ], [ 5.9247454, 45.5665545 ] ] } },
{ "type": "Feature", "properties": { "id_voie": "73065_3204", "nom": "Impasse de Pugnet", "type_voie": "Impasse", "longueur_m": 82.3, "quartier": "HC" }, "geometry": { "type": "MultiLineString", "coordinates": [ [ [ 5.9171353, 45.5879351 ], [ 5.9169566, 45.5878064 ] ], [ [ 5.9177521, 45.5882912 ], [ 5.9172481, 45.5880052 ], [ 5.9171353, 45.5879351 ] ] ] } },
{ "type": "Feature", "properties": { "id_voie": "73065_1492", "nom": "Rue Franz Liszt", "type_voie": "Rue", "longueur_m": 261.7, "quartier": "CE" }, "geometry": { "type": "MultiLineString", "coordinates": [ [ [ 5.9073692, 45.5665377 ], [ 5.9075844, 45.5665069 ], [ 5.9077555, 45.5664926 ], [ 5.9081279, 45.5664748 ] ], [ [ 5.9082964, 45.5663362 ], [ 5.9082171, 45.5663896 ], [ 5.9081279, 45.5664748 ] ], [ [ 5.9090776, 45.5660177 ], [ 5.9090334, 45.5660072 ], [ 5.9089161, 45.566021 ], [ 5.908854, 45.5660343 ], [ 5.9087277, 45.5660727 ], [ 5.90866, 45.5661033 ], [ 5.9082964, 45.5663362 ] ], [ [ 5.9073692, 45.5665377 ], [ 5.9071689, 45.5665835 ], [ 5.9070707, 45.5666193 ], [ 5.9067834, 45.5666935 ], [ 5.9066143, 45.5667483 ], [ 5.9063115, 45.5669183 ], [ 5.9061896, 45.5670152 ] ] ] } },
{ "type": "Feature", "properties": { "id_voie": "73065_0350", "nom": "Chemin du Biollay", "type_voie": "Chemin", "longueur_m": 394.5, "quartier": "BO" }, "geometry": { "type": "MultiLineString", "coordinates": [ [ [ 5.9084916, 45.5639676 ], [ 5.9084782, 45.5638851 ], [ 5.9083696, 45.5634761 ], [ 5.9083335, 45.5633509 ], [ 5.9082345, 45.5630047 ], [ 5.9082144, 45.5629386 ] ], [ [ 5.9082144, 45.5629386 ], [ 5.9081666, 45.5625172 ], [ 5.9081578, 45.5623011 ], [ 5.908187, 45.5616102 ] ], [ [ 5.9080327, 45.5607707 ], [ 5.9080161, 45.5607 ], [ 5.9079634, 45.5605509 ], [ 5.9078923, 45.5604662 ] ], [ [ 5.9080825, 45.5609875 ], [ 5.9080327, 45.5607707 ] ], [ [ 5.908187, 45.5616102 ], [ 5.9081895, 45.5614857 ], [ 5.9081834, 45.5614445 ] ], [ [ 5.9081834, 45.5614445 ], [ 5.9081607, 45.5612801 ], [ 5.9080825, 45.5609875 ] ] ] } },
{ "type": "Feature", "properties": { "id_voie": "73065_vq5sfm", "nom": "Montée de la Fontaine Saint-Martin", "type_voie": "Montée", "longueur_m": 290.1, "quartier": "LA" }, "geometry": { "type": "LineString", "coordinates": [ [ 5.9264703, 45.5610751 ], [ 5.9265253, 45.5611457 ], [ 5.9265855, 45.561191 ], [ 5.926651, 45.5612416 ], [ 5.9266919, 45.5612883 ], [ 5.926737, 45.5613403 ], [ 5.926784, 45.5614039 ], [ 5.926829, 45.561455 ], [ 5.9268454, 45.5614735 ], [ 5.9269081, 45.5615439 ], [ 5.9269613, 45.5616038 ], [ 5.9270204, 45.5616789 ], [ 5.9270497, 45.5617241 ], [ 5.9270567, 45.5617338 ], [ 5.927102, 45.5617912 ], [ 5.927149, 45.5618549 ], [ 5.9271891, 45.5619097 ], [ 5.9272308, 45.5619699 ], [ 5.9272735, 45.5620255 ], [ 5.9273164, 45.5620857 ], [ 5.9273609, 45.5621512 ], [ 5.9273929, 45.5621972 ], [ 5.9274013, 45.5622105 ], [ 5.927404, 45.5622141 ], [ 5.9274453, 45.562267 ], [ 5.9274855, 45.5623237 ], [ 5.9275191, 45.5623777 ], [ 5.9275617, 45.5624307 ], [ 5.9276026, 45.5624765 ], [ 5.9276355, 45.5625171 ], [ 5.9276506, 45.5625356 ], [ 5.9277026, 45.5625973 ], [ 5.9277636, 45.5626597 ], [ 5.9278365, 45.5627281 ], [ 5.9278837, 45.5627719 ], [ 5.9278972, 45.5627833 ], [ 5.927946, 45.5628343 ], [ 5.9280065, 45.5628868 ], [ 5.9280707, 45.5629365 ], [ 5.9281183, 45.5629875 ], [ 5.9281759, 45.5630572 ], [ 5.9282421, 45.5631203 ], [ 5.9283012, 45.5631963 ], [ 5.928415, 45.5632861 ] ] } },
{ "type": "Feature", "properties": { "id_voie": "73065_2303", "nom": "Rue Lavoisier", "type_voie": "Rue", "longueur_m": 134.8, "quartier": "BI" }, "geometry": { "type": "LineString", "coordinates": [ [ 5.88353, 45.5866225 ], [ 5.883593, 45.5865515 ], [ 5.8836707, 45.58649 ], [ 5.883789, 45.5864212 ], [ 5.8838703, 45.5863803 ], [ 5.8839793, 45.5863046 ], [ 5.8840517, 45.5862414 ], [ 5.8840939, 45.5861881 ], [ 5.8842847, 45.5858849 ], [ 5.8842919, 45.5858514 ], [ 5.8842926, 45.5858144 ], [ 5.8842866, 45.5857731 ], [ 5.8842706, 45.5857366 ], [ 5.8842391, 45.5856996 ], [ 5.8842068, 45.5856698 ], [ 5.8841397, 45.5856382 ] ] } },
{ "type": "Feature", "properties": { "id_voie": "73065_1810", "nom": "Rue Guillaume Fichet", "type_voie": "Rue", "longueur_m": 55.7, "quartier": "CE" }, "geometry": { "type": "MultiLineString", "coordinates": [ [ [ 5.9220842, 45.5674446 ], [ 5.9222015, 45.567529 ], [ 5.9223776, 45.5676577 ], [ 5.9225276, 45.5677773 ] ], [ [ 5.9225276, 45.5677773 ], [ 5.922563, 45.5678151 ] ] ] } },
{ "type": "Feature", "properties": { "id_voie": "73065_3149", "nom": "Allée des Prés Fleuris", "type_voie": "Allée", "longueur_m": 46.2, "quartier": "HC" }, "geometry": { "type": "LineString", "coordinates": [ [ 5.9191484, 45.6021291 ], [ 5.9185623, 45.6020668 ] ] } },
{ "type": "Feature", "properties": { "id_voie": "73065_0225", "nom": "Rue de la Bataillarde", "type_voie": "Rue", "longueur_m": 601.0, "quartier": "BI" }, "geometry": { "type": "MultiLineString", "coordinates": [ [ [ 5.88459, 45.5798165 ], [ 5.8845333, 45.5798125 ], [ 5.884163, 45.5797238 ], [ 5.8840664, 45.5796938 ], [ 5.8837921, 45.5796008 ], [ 5.8837322, 45.5795835 ], [ 5.883684, 45.5795685 ], [ 5.8836244, 45.5795574 ], [ 5.8835759, 45.579564 ], [ 5.8834741, 45.5795793 ], [ 5.883369, 45.5796072 ], [ 5.8833162, 45.5796275 ], [ 5.8832587, 45.579656 ], [ 5.8831767, 45.5797085 ], [ 5.8831078, 45.5797653 ], [ 5.8830322, 45.5798168 ], [ 5.8829524, 45.5798621 ], [ 5.882797, 45.5799327 ], [ 5.8825749, 45.5799808 ], [ 5.8824119, 45.5800048 ] ], [ [ 5.8778668, 45.5797059 ], [ 5.8779004, 45.5796861 ], [ 5.8780168, 45.5797038 ], [ 5.8783268, 45.5797914 ], [ 5.8785827, 45.5798515 ], [ 5.8793868, 45.5800165 ] ], [ [ 5.8824119, 45.5800048 ], [ 5.8821489, 45.5797583 ], [ 5.8820197, 45.579667 ], [ 5.8819462, 45.5796356 ], [ 5.8818131, 45.5795939 ], [ 5.8818028, 45.5795915 ], [ 5.8817225, 45.5795773 ], [ 5.8816582, 45.5795754 ], [ 5.8813894, 45.5795877 ], [ 5.8809044, 45.5795893 ], [ 5.8807277, 45.5795965 ], [ 5.8806495, 45.5795733 ], [ 5.880597, 45.5795503 ], [ 5.8802955, 45.5795256 ], [ 5.8801434, 45.5794881 ], [ 5.8801058, 45.5794809 ], [ 5.8800649, 45.5794838 ], [ 5.8800251, 45.5795091 ], [ 5.8799149, 45.5795858 ], [ 5.8793868, 45.5800165 ] ] ] } },
{ "type": "Feature", "properties": { "id_voie": "73065_3360", "nom": "Rue de la Ronce", "type_voie": "Rue", "longueur_m": 70.9, "quartier": "CE" }, "geometry": { "type": "LineString", "coordinates": [ [ 5.9163407, 45.5660556 ], [ 5.9165284, 45.5662832 ], [ 5.9167292, 45.566515 ], [ 5.9168094, 45.5666022 ] ] } },
{ "type": "Feature", "properties": { "id_voie": "73065_2960", "nom": "Rue Oradour-sur-Glane", "type_voie": "Rue", "longueur_m": 529.1, "quartier": "BO" }, "geometry": { "type": "MultiLineString", "coordinates": [ [ [ 5.9023693, 45.5618723 ], [ 5.9022368, 45.5619884 ], [ 5.9021494, 45.5620591 ], [ 5.9021077, 45.5621197 ], [ 5.9020484, 45.5622365 ], [ 5.9019766, 45.5624817 ], [ 5.9019567, 45.5625678 ], [ 5.9019323, 45.5626153 ] ], [ [ 5.9027154, 45.5615498 ], [ 5.902663, 45.5616016 ], [ 5.9024763, 45.5617839 ], [ 5.9023693, 45.5618723 ] ], [ [ 5.903094, 45.5607444 ], [ 5.9030648, 45.5609226 ], [ 5.9030378, 45.5610432 ], [ 5.9029951, 45.5611587 ], [ 5.9029191, 45.5612994 ], [ 5.9028208, 45.5614299 ], [ 5.9027154, 45.5615498 ] ], [ [ 5.9035908, 45.5590861 ], [ 5.9034654, 45.5592381 ], [ 5.903389, 45.5593473 ] ], [ [ 5.903389, 45.5593473 ], [ 5.9033435, 45.5594593 ] ], [ [ 5.9032469, 45.5597456 ], [ 5.9031804, 45.5597726 ], [ 5.9031412, 45.5598078 ], [ 5.9031359, 45.5599035 ], [ 5.9031349, 45.5600549 ], [ 5.9031607, 45.5601083 ], [ 5.9032037, 45.5601441 ] ], [ [ 5.9032469, 45.5597456 ], [ 5.9032761, 45.5597629 ], [ 5.9033078, 45.5598053 ], [ 5.903314, 45.5598989 ], [ 5.9032874, 45.5600293 ], [ 5.9032553, 45.5601013 ], [ 5.9032037, 45.5601441 ] ], [ [ 5.9032764, 45.5596475 ], [ 5.9032469, 45.5597456 ] ], [ [ 5.9033435, 45.5594593 ], [ 5.9033027, 45.5595613 ], [ 5.9032764, 45.5596475 ] ], [ [ 5.9032037, 45.5601441 ], [ 5.9031424, 45.5602728 ], [ 5.903106, 45.5604341 ], [ 5.9031016, 45.5606451 ], [ 5.903094, 45.5607444 ] ], [ [ 5.9041338, 45.5588243 ], [ 5.9039929, 45.5588532 ] ], [ [ 5.9039929, 45.5588532 ], [ 5.903848, 45.558902 ], [ 5.903707, 45.5589777 ], [ 5.9035908, 45.5590861 ] ] ] } },
{ "type": "Feature", "properties": { "id_voie": "73065_0270", "nom": "Rue des Belges", "type_voie": "Rue", "longueur_m": 256.3, "quartier": "CE" }, "geometry": { "type": "LineString", "coordinates": [ [ 5.9136787, 45.573647 ], [ 5.9123896, 45.5734092 ], [ 5.9118222, 45.5733067 ], [ 5.9109841, 45.5731545 ], [ 5.9105043, 45.573057 ] ] } },
{ "type": "Feature", "properties": { "id_voie": "73065_2890", "nom": "Faubourg Nezin", "type_voie": "Faubourg", "longueur_m": 209.3, "quartier": "CE" }, "geometry": { "type": "MultiLineString", "coordinates": [ [ [ 5.9252612, 45.5695462 ], [ 5.9252752, 45.5694224 ], [ 5.9253121, 45.5692457 ] ], [ [ 5.9252157, 45.5697771 ], [ 5.9252366, 45.5697352 ], [ 5.9252613, 45.5695723 ], [ 5.9252612, 45.5695462 ] ], [ [ 5.9245822, 45.5680816 ], [ 5.9244402, 45.5680402 ], [ 5.924243, 45.5679976 ], [ 5.9240708, 45.5679435 ], [ 5.9238699, 45.5678568 ], [ 5.923715, 45.5677653 ], [ 5.9236399, 45.5677285 ], [ 5.9235813, 45.567712 ], [ 5.9234711, 45.567714 ], [ 5.9232244, 45.5677556 ] ], [ [ 5.9253121, 45.5692457 ], [ 5.9253266, 45.5691804 ], [ 5.9253308, 45.5691389 ], [ 5.9253344, 45.5691099 ] ], [ [ 5.9253344, 45.5691099 ], [ 5.9253418, 45.5689584 ] ] ] } },
{ "type": "Feature", "properties": { "id_voie": "73065_ih4uig", "nom": "Allée Jean Eustache", "type_voie": "Allée", "longueur_m": 57.6, "quartier": "HC" }, "geometry": { "type": "MultiLineString", "coordinates": [ [ [ 5.9204582, 45.5996766 ], [ 5.9204912, 45.5995721 ], [ 5.9204883, 45.5995181 ], [ 5.9204812, 45.5995039 ] ], [ [ 5.9204812, 45.5995039 ], [ 5.9204413, 45.5994292 ], [ 5.9204081, 45.5993598 ], [ 5.9204209, 45.5992865 ], [ 5.920438, 45.5991716 ] ] ] } },
{ "type": "Feature", "properties": { "id_voie": "73065_3400", "nom": "Rue Saint-Antoine", "type_voie": "Rue", "longueur_m": 111.1, "quartier": "CE" }, "geometry": { "type": "MultiLineString", "coordinates": [ [ [ 5.9199239, 45.5673016 ], [ 5.9200916, 45.5674414 ], [ 5.92038, 45.5676556 ] ], [ [ 5.9206621, 45.5678465 ], [ 5.9208194, 45.5679352 ], [ 5.9209259, 45.5680091 ] ], [ [ 5.92038, 45.5676556 ], [ 5.9205947, 45.5678095 ], [ 5.9206621, 45.5678465 ] ] ] } },
{ "type": "Feature", "properties": { "id_voie": "73065_0034", "nom": "Allée de l'Albaron", "type_voie": "Allée", "longueur_m": 120.5, "quartier": "BI" }, "geometry": { "type": "LineString", "coordinates": [ [ 5.8997768, 45.5788922 ], [ 5.8997441, 45.5787345 ], [ 5.8996935, 45.5781357 ], [ 5.8996776, 45.5780523 ], [ 5.8996353, 45.5780029 ], [ 5.899537, 45.5779396 ], [ 5.8994185, 45.5779067 ] ] } },
{ "type": "Feature", "properties": { "id_voie": "73065_1432", "nom": "Square des Fontanettes", "type_voie": "Square", "longueur_m": 125.5, "quartier": "BI" }, "geometry": { "type": "MultiLineString", "coordinates": [ [ [ 5.9026183, 45.5754984 ], [ 5.9027366, 45.575626 ], [ 5.9030743, 45.5760723 ], [ 5.9031443, 45.5761831 ], [ 5.9031789, 45.5762075 ] ], [ [ 5.9021846, 45.5755718 ], [ 5.9023813, 45.5755541 ], [ 5.9025085, 45.5755328 ], [ 5.9026183, 45.5754984 ] ] ] } },
{ "type": "Feature", "properties": { "id_voie": "73065_3320", "nom": "Rue de la Revériaz", "type_voie": "Rue", "longueur_m": 898.9, "quartier": "CE" }, "geometry": { "type": "MultiLineString", "coordinates": [ [ [ 5.9048942, 45.5726534 ], [ 5.9049525, 45.5727618 ], [ 5.905067, 45.5729148 ], [ 5.9053058, 45.5732105 ], [ 5.905475, 45.5734278 ] ], [ [ 5.9056354, 45.5734777 ], [ 5.9055825, 45.5734223 ], [ 5.9053731, 45.5731736 ], [ 5.9052096, 45.5729678 ], [ 5.9050975, 45.5728104 ], [ 5.9050508, 45.5727521 ] ], [ [ 5.9048942, 45.5726534 ], [ 5.904849, 45.5725744 ], [ 5.9048008, 45.5724864 ], [ 5.9046956, 45.5724126 ] ], [ [ 5.9046956, 45.5724126 ], [ 5.9047038, 45.572497 ], [ 5.904735, 45.5725782 ], [ 5.9048086, 45.5727097 ], [ 5.9049335, 45.5728642 ], [ 5.9050547, 45.5730214 ], [ 5.9052034, 45.5731915 ], [ 5.905412, 45.573451 ] ], [ [ 5.9050508, 45.5727521 ], [ 5.9049958, 45.5727058 ], [ 5.9048942, 45.5726534 ] ], [ [ 5.904322, 45.5718942 ], [ 5.9045226, 45.5721467 ], [ 5.9046527, 45.572329 ], [ 5.9046956, 45.5724126 ] ], [ [ 5.9033058, 45.5708635 ], [ 5.9035124, 45.5710374 ], [ 5.9037007, 45.571202 ], [ 5.9038609, 45.5713709 ], [ 5.9040471, 45.5715688 ], [ 5.9041929, 45.5717326 ], [ 5.904322, 45.5718942 ] ], [ [ 5.9035306, 45.5697187 ], [ 5.9035391, 45.5695626 ], [ 5.9035614, 45.5693503 ], [ 5.9035732, 45.5691598 ], [ 5.9035682, 45.5690644 ], [ 5.903562, 45.5689952 ], [ 5.9035097, 45.5688542 ], [ 5.9033953, 45.5685805 ], [ 5.9033, 45.5683766 ], [ 5.9032547, 45.568248 ], [ 5.9032161, 45.5681968 ], [ 5.9031343, 45.568152 ] ], [ [ 5.9035306, 45.5697187 ], [ 5.9034186, 45.5699072 ], [ 5.903235, 45.5701498 ], [ 5.9031019, 45.5703019 ], [ 5.9030566, 45.5703932 ], [ 5.9030373, 45.5705145 ], [ 5.9030064, 45.5706351 ] ], [ [ 5.9030064, 45.5706351 ], [ 5.9031387, 45.5707362 ], [ 5.9033058, 45.5708635 ] ] ] } },
{ "type": "Feature", "properties": { "id_voie": "73065_2770", "nom": "Faubourg Montmélian", "type_voie": "Faubourg", "longueur_m": 1104.1, "quartier": "LA" }, "geometry": { "type": "MultiLineString", "coordinates": [ [ [ 5.9265197, 45.5661415 ], [ 5.9257601, 45.5660424 ] ], [ [ 5.9272383, 45.5662417 ], [ 5.9265197, 45.5661415 ] ], [ [ 5.92761, 45.5662843 ], [ 5.9272383, 45.5662417 ] ], [ [ 5.9286046, 45.5663413 ], [ 5.9277491, 45.5662951 ], [ 5.92761, 45.5662843 ] ], [ [ 5.929635, 45.5663685 ], [ 5.9292944, 45.5663576 ], [ 5.9286741, 45.566344 ], [ 5.9286046, 45.5663413 ] ], [ [ 5.929635, 45.5663685 ], [ 5.9298205, 45.5663592 ], [ 5.9301333, 45.5663546 ], [ 5.9304443, 45.5663402 ], [ 5.9307721, 45.5663299 ], [ 5.9310155, 45.5663226 ] ], [ [ 5.9310155, 45.5663226 ], [ 5.9312136, 45.5663084 ], [ 5.9317255, 45.5662843 ], [ 5.9323298, 45.566237 ] ], [ [ 5.9323298, 45.566237 ], [ 5.9327952, 45.5662086 ], [ 5.9331038, 45.5661969 ] ], [ [ 5.9331038, 45.5661969 ], [ 5.933553, 45.5662005 ], [ 5.9340099, 45.5662291 ] ], [ [ 5.9345121, 45.5663845 ], [ 5.9344492, 45.5663357 ], [ 5.9343841, 45.5662698 ], [ 5.9343308, 45.5662316 ] ], [ [ 5.9345121, 45.5663845 ], [ 5.9342063, 45.5663042 ] ], [ [ 5.9371695, 45.5671937 ], [ 5.9367214, 45.5670657 ], [ 5.9361619, 45.5668947 ], [ 5.9355913, 45.5667294 ], [ 5.9349006, 45.5665267 ], [ 5.9346827, 45.5664576 ], [ 5.9345121, 45.5663845 ] ], [ [ 5.9371695, 45.5671937 ], [ 5.9373208, 45.5672654 ], [ 5.9374439, 45.567337 ], [ 5.9375748, 45.5674336 ] ], [ [ 5.9376873, 45.5673784 ], [ 5.9375433, 45.5672992 ], [ 5.9373224, 45.567223 ], [ 5.9371695, 45.5671937 ] ], [ [ 5.9376873, 45.5673784 ], [ 5.937782, 45.5673741 ], [ 5.9378565, 45.5673767 ], [ 5.9379632, 45.5674036 ], [ 5.9380799, 45.5674519 ], [ 5.9383147, 45.5675251 ], [ 5.9385903, 45.5675927 ], [ 5.9386664, 45.5676006 ], [ 5.9387482, 45.5675957 ], [ 5.9388315, 45.5675692 ] ] ] } },
{ "type": "Feature", "properties": { "id_voie": "73065_1400", "nom": "Avenue des Follaz", "type_voie": "Avenue", "longueur_m": 932.7, "quartier": "BI" }, "geometry": { "type": "MultiLineString", "coordinates": [ [ [ 5.9039805, 45.5795307 ], [ 5.9039813, 45.5794964 ], [ 5.9039808, 45.5794397 ], [ 5.9040017, 45.5793733 ], [ 5.9040545, 45.5792783 ], [ 5.9041338, 45.5791266 ] ], [ [ 5.9039805, 45.5795307 ], [ 5.9040271, 45.5795385 ], [ 5.9040612, 45.5795529 ], [ 5.9040904, 45.5795711 ], [ 5.9040984, 45.5796024 ], [ 5.9041016, 45.5796375 ] ], [ [ 5.9039005, 45.579694 ], [ 5.9038806, 45.5796567 ], [ 5.9038748, 45.579619 ], [ 5.9038868, 45.5795791 ], [ 5.9039222, 45.5795457 ], [ 5.9039805, 45.5795307 ] ], [ [ 5.9041016, 45.5796375 ], [ 5.904083, 45.579674 ], [ 5.9040456, 45.5796966 ], [ 5.9039963, 45.5797105 ], [ 5.9039423, 45.5797083 ], [ 5.9039005, 45.579694 ] ], [ [ 5.9031592, 45.5811946 ], [ 5.9031014, 45.5814141 ], [ 5.9030293, 45.5818765 ] ], [ [ 5.9031592, 45.5811946 ], [ 5.9031883, 45.5810902 ], [ 5.9032274, 45.580954 ], [ 5.9034301, 45.5805361 ] ], [ [ 5.9034301, 45.5805361 ], [ 5.9036334, 45.5801317 ] ], [ [ 5.9036334, 45.5801317 ], [ 5.9037107, 45.5799648 ], [ 5.9037672, 45.5798444 ], [ 5.9038125, 45.5797783 ], [ 5.9039005, 45.579694 ] ], [ [ 5.9042534, 45.5788866 ], [ 5.90271, 45.5789652 ] ], [ [ 5.9041338, 45.5791266 ], [ 5.9042157, 45.5789758 ], [ 5.9042534, 45.5788866 ] ], [ [ 5.9042534, 45.5788866 ], [ 5.9042603, 45.578872 ], [ 5.904382, 45.5785498 ] ], [ [ 5.9030293, 45.5818765 ], [ 5.9029741, 45.5820707 ] ], [ [ 5.9029239, 45.5823126 ], [ 5.9029532, 45.5822109 ], [ 5.9029741, 45.5820707 ] ], [ [ 5.9014808, 45.5835492 ], [ 5.901655, 45.5834456 ], [ 5.9018399, 45.5833255 ], [ 5.902011, 45.5832111 ], [ 5.9021958, 45.5830874 ], [ 5.9024326, 45.5829299 ], [ 5.9025549, 45.5828384 ], [ 5.9026718, 45.5827426 ], [ 5.9027805, 45.582638 ], [ 5.9028533, 45.5825334 ], [ 5.9028972, 45.5824169 ], [ 5.9029239, 45.5823126 ] ], [ [ 5.9002586, 45.5846179 ], [ 5.9003176, 45.5845434 ], [ 5.9005458, 45.5842942 ], [ 5.9008013, 45.5840524 ], [ 5.9010873, 45.5838288 ], [ 5.9014199, 45.5835877 ], [ 5.9014808, 45.5835492 ] ] ] } },
{ "type": "Feature", "properties": { "id_voie": "73065_1791", "nom": "Place de la Grenette", "type_voie": "Place", "longueur_m": 47.2, "quartier": "CE" }, "geometry": { "type": "MultiLineString", "coordinates": [ [ [ 5.916172, 45.5658501 ], [ 5.9163407, 45.5660556 ] ], [ [ 5.9165888, 45.5659195 ], [ 5.9165254, 45.5658364 ], [ 5.9164633, 45.5657542 ] ] ] } },
{ "type": "Feature", "properties": { "id_voie": "73065_0266", "nom": "Rue du Bertillet", "type_voie": "Rue", "longueur_m": 978.1, "quartier": "HC" }, "geometry": { "type": "MultiLineString", "coordinates": [ [ [ 5.9179393, 45.5937966 ], [ 5.917992, 45.593797 ] ], [ [ 5.917992, 45.593797 ], [ 5.9181457, 45.5937921 ] ], [ [ 5.9170317, 45.5954015 ], [ 5.9173539, 45.594793 ], [ 5.9176515, 45.594278 ], [ 5.9178711, 45.5938668 ], [ 5.9179393, 45.5937966 ] ], [ [ 5.9159225, 45.5975208 ], [ 5.9164097, 45.5965585 ] ], [ [ 5.9164097, 45.5965585 ], [ 5.9164888, 45.5964023 ] ], [ [ 5.9163572, 45.595219 ], [ 5.9170317, 45.5954015 ] ], [ [ 5.9164888, 45.5964023 ], [ 5.9165972, 45.5962184 ], [ 5.9170317, 45.5954015 ] ], [ [ 5.9149894, 45.5991571 ], [ 5.9149239, 45.5993021 ] ], [ [ 5.9159225, 45.5975208 ], [ 5.9158665, 45.5976277 ], [ 5.9155989, 45.5981023 ], [ 5.9153218, 45.5985934 ], [ 5.9149894, 45.5991571 ] ], [ [ 5.9149239, 45.5993021 ], [ 5.9147652, 45.5996044 ], [ 5.9146053, 45.5999078 ], [ 5.9143705, 45.6003482 ], [ 5.9141411, 45.6007704 ] ], [ [ 5.9141411, 45.6007704 ], [ 5.9140557, 45.6009294 ], [ 5.9137983, 45.6014047 ] ] ] } },
{ "type": "Feature", "properties": { "id_voie": "73065_1998", "nom": "Rue Jean Gabin", "type_voie": "Rue", "longueur_m": 89.3, "quartier": "HC" }, "geometry": { "type": "MultiLineString", "coordinates": [ [ [ 5.9204582, 45.5996766 ], [ 5.9205735, 45.5996979 ], [ 5.9206259, 45.5997407 ], [ 5.920677, 45.599761 ], [ 5.9207523, 45.599778 ], [ 5.9207823, 45.5998105 ], [ 5.9207777, 45.5998944 ], [ 5.9207574, 45.5999959 ] ], [ [ 5.9199822, 45.5996078 ], [ 5.9203934, 45.5996648 ], [ 5.9204582, 45.5996766 ] ] ] } },
{ "type": "Feature", "properties": { "id_voie": "73065_0523", "nom": "Rue du Canal des usiniers", "type_voie": "Rue", "longueur_m": 270.5, "quartier": "CE" }, "geometry": { "type": "MultiLineString", "coordinates": [ [ [ 5.904322, 45.5718942 ], [ 5.9044806, 45.5718351 ], [ 5.9047909, 45.5717343 ] ], [ [ 5.9047909, 45.5717343 ], [ 5.9047438, 45.5716427 ], [ 5.904716, 45.5715785 ], [ 5.9046255, 45.5714421 ] ], [ [ 5.9036826, 45.5700725 ], [ 5.9035421, 45.5698635 ] ], [ [ 5.9046255, 45.5714421 ], [ 5.9045238, 45.5712897 ], [ 5.9043873, 45.5711085 ], [ 5.9042139, 45.5708589 ], [ 5.9040545, 45.5706089 ], [ 5.9039104, 45.5704045 ], [ 5.9036826, 45.5700725 ] ] ] } },
{ "type": "Feature", "properties": { "id_voie": "73065_1800", "nom": "Rue Greyfie de Bellecombe", "type_voie": "Rue", "longueur_m": 162.4, "quartier": "LA" }, "geometry": { "type": "MultiLineString", "coordinates": [ [ [ 5.9299731, 45.5721844 ], [ 5.930033, 45.5721035 ], [ 5.930051, 45.5720805 ], [ 5.9301457, 45.571978 ], [ 5.9303432, 45.5717575 ], [ 5.9304216, 45.571687 ] ], [ [ 5.9304216, 45.571687 ], [ 5.9308617, 45.5712511 ], [ 5.930955, 45.5711478 ], [ 5.9310492, 45.5710615 ], [ 5.9311305, 45.570972 ] ] ] } },
{ "type": "Feature", "properties": { "id_voie": "73065_2990", "nom": "Rue Pasteur", "type_voie": "Rue", "longueur_m": 282.0, "quartier": "LA" }, "geometry": { "type": "MultiLineString", "coordinates": [ [ [ 5.9257904, 45.5650125 ], [ 5.9259556, 45.5650073 ] ], [ [ 5.9259556, 45.5650073 ], [ 5.9262798, 45.5649989 ], [ 5.9267982, 45.5649773 ], [ 5.927241, 45.5649585 ], [ 5.9276506, 45.5649397 ] ], [ [ 5.9276506, 45.5649397 ], [ 5.9280844, 45.5649194 ], [ 5.9281995, 45.5649137 ] ], [ [ 5.9293872, 45.564908 ], [ 5.9293321, 45.5648851 ], [ 5.9292085, 45.5648766 ], [ 5.928855, 45.5648876 ], [ 5.9285746, 45.5648976 ], [ 5.9281995, 45.5649137 ] ] ] } },
{ "type": "Feature", "properties": { "id_voie": "73065_1721", "nom": "Rue du Goléron", "type_voie": "Rue", "longueur_m": 450.6, "quartier": "CV" }, "geometry": { "type": "MultiLineString", "coordinates": [ [ [ 5.9070612, 45.6000769 ], [ 5.9071794, 45.6000784 ], [ 5.9072575, 45.6000998 ], [ 5.9073713, 45.600141 ], [ 5.9079794, 45.6004262 ], [ 5.9080845, 45.6004731 ], [ 5.9081799, 45.6005058 ], [ 5.9082889, 45.6005282 ], [ 5.9083499, 45.6005167 ] ], [ [ 5.9056819, 45.5990132 ], [ 5.9057583, 45.5990491 ], [ 5.9058246, 45.5990898 ], [ 5.9059356, 45.5991995 ], [ 5.9060427, 45.5993319 ], [ 5.9063048, 45.5994837 ], [ 5.906501, 45.5996265 ], [ 5.9067373, 45.5998249 ], [ 5.9068527, 45.5999436 ], [ 5.9069399, 45.6000161 ], [ 5.9069942, 45.600048 ], [ 5.9070612, 45.6000769 ] ], [ [ 5.9056312, 45.5975557 ], [ 5.9056046, 45.597587 ], [ 5.9055343, 45.5976411 ], [ 5.9054771, 45.5977021 ], [ 5.9054301, 45.5977844 ], [ 5.9053733, 45.5979012 ], [ 5.905356, 45.5979863 ], [ 5.9053547, 45.5981341 ], [ 5.9053932, 45.5984278 ], [ 5.9054344, 45.5987223 ], [ 5.9054526, 45.5988011 ], [ 5.9054703, 45.5988439 ], [ 5.9054898, 45.598874 ], [ 5.9056065, 45.5989693 ], [ 5.9056819, 45.5990132 ] ] ] } },
{ "type": "Feature", "properties": { "id_voie": "73065_1580", "nom": "Place de la Gare", "type_voie": "Place", "longueur_m": 174.8, "quartier": "CE" }, "geometry": { "type": "MultiLineString", "coordinates": [ [ [ 5.920268, 45.5699365 ], [ 5.9201796, 45.5699388 ], [ 5.9200568, 45.5698978 ], [ 5.9199444, 45.5698818 ] ], [ [ 5.9199444, 45.5698818 ], [ 5.9199163, 45.570006 ], [ 5.9197198, 45.5703445 ], [ 5.9196885, 45.5704552 ], [ 5.9196924, 45.5705308 ], [ 5.9197272, 45.5706056 ] ], [ [ 5.9193901, 45.5710757 ], [ 5.9194886, 45.5709479 ], [ 5.9196442, 45.5707601 ], [ 5.9197211, 45.5706616 ], [ 5.9197272, 45.5706056 ] ], [ [ 5.9197272, 45.5706056 ], [ 5.9197506, 45.5705635 ] ] ] } },
{ "type": "Feature", "properties": { "id_voie": "73065_3745", "nom": "Rue du Trélod", "type_voie": "Rue", "longueur_m": 252.1, "quartier": "BI" }, "geometry": { "type": "MultiLineString", "coordinates": [ [ [ 5.8921857, 45.5706807 ], [ 5.8920259, 45.5709615 ], [ 5.8919318, 45.5711018 ] ], [ [ 5.8926493, 45.5699768 ], [ 5.8925439, 45.5701201 ], [ 5.8924374, 45.5702913 ], [ 5.8922871, 45.5705105 ], [ 5.8921857, 45.5706807 ] ], [ [ 5.8926493, 45.5699768 ], [ 5.8927237, 45.5698046 ] ], [ [ 5.8929793, 45.5697367 ], [ 5.8928053, 45.5698691 ], [ 5.8926493, 45.5699768 ] ], [ [ 5.8936205, 45.5695094 ], [ 5.8934276, 45.5695251 ], [ 5.8932958, 45.5695564 ], [ 5.8931118, 45.569645 ], [ 5.8929793, 45.5697367 ] ] ] } },
{ "type": "Feature", "properties": { "id_voie": "73065_0766", "nom": "Chemin de la Charmille", "type_voie": "Chemin", "longueur_m": 528.8, "quartier": "HC" }, "geometry": { "type": "MultiLineString", "coordinates": [ [ [ 5.9233431, 45.5815392 ], [ 5.9233876, 45.5816759 ], [ 5.9234591, 45.5818155 ], [ 5.9235287, 45.5819678 ], [ 5.9235187, 45.5820942 ], [ 5.9234867, 45.5822167 ], [ 5.9234373, 45.5824486 ], [ 5.9234544, 45.5826023 ], [ 5.9235365, 45.5828687 ], [ 5.9236365, 45.5830859 ], [ 5.9237387, 45.5832229 ], [ 5.9238673, 45.5833998 ], [ 5.9239182, 45.5835607 ] ], [ [ 5.9236775, 45.5797274 ], [ 5.9236945, 45.5798567 ], [ 5.9236456, 45.5800724 ], [ 5.9236185, 45.5803606 ], [ 5.9236002, 45.5806215 ], [ 5.9235531, 45.5807759 ], [ 5.9234935, 45.5809351 ], [ 5.9234172, 45.5810461 ], [ 5.9233379, 45.581196 ], [ 5.9233108, 45.5812904 ], [ 5.9233029, 45.5814339 ], [ 5.9233431, 45.5815392 ] ], [ [ 5.9240851, 45.5843412 ], [ 5.9240169, 45.584215 ], [ 5.9240267, 45.5839147 ], [ 5.9239182, 45.5835607 ] ] ] } },
{ "type": "Feature", "properties": { "id_voie": "73065_0366", "nom": "Allée du Bois de Candie", "type_voie": "Allée", "longueur_m": 186.9, "quartier": "CV" }, "geometry": { "type": "MultiLineString", "coordinates": [ [ [ 5.9038868, 45.5978747 ], [ 5.9039267, 45.5979016 ], [ 5.9040103, 45.5979292 ], [ 5.9041095, 45.5979356 ], [ 5.9041429, 45.5979357 ], [ 5.9042189, 45.5978923 ], [ 5.9046996, 45.5975131 ] ], [ [ 5.9038868, 45.5978747 ], [ 5.903846, 45.5978055 ], [ 5.9038643, 45.5977383 ], [ 5.9039721, 45.5976166 ], [ 5.904213, 45.5974374 ], [ 5.9044689, 45.5972505 ] ], [ [ 5.9037235, 45.5978699 ], [ 5.9038234, 45.5978646 ], [ 5.9038868, 45.5978747 ] ] ] } },
{ "type": "Feature", "properties": { "id_voie": "73065_3082", "nom": "Rue Pierre Brasseur", "type_voie": "Rue", "longueur_m": 307.5, "quartier": "HC" }, "geometry": { "type": "MultiLineString", "coordinates": [ [ [ 5.9220604, 45.5995593 ], [ 5.9220649, 45.5994744 ], [ 5.9215996, 45.5994144 ], [ 5.9215398, 45.5993989 ] ], [ [ 5.9219839, 45.5999343 ], [ 5.9220157, 45.5997821 ] ], [ [ 5.9219402, 45.6001526 ], [ 5.9219839, 45.5999343 ] ], [ [ 5.9220157, 45.5997821 ], [ 5.9220604, 45.5995593 ] ], [ [ 5.9215398, 45.5993989 ], [ 5.9215884, 45.5990795 ] ], [ [ 5.9215884, 45.5990795 ], [ 5.9213736, 45.5990473 ] ], [ [ 5.9213736, 45.5990473 ], [ 5.9212313, 45.5990257 ], [ 5.9204912, 45.5989395 ], [ 5.92036, 45.5989348 ], [ 5.9201778, 45.5989594 ], [ 5.9201162, 45.5989601 ] ], [ [ 5.9220604, 45.5995593 ], [ 5.9225368, 45.5995865 ] ] ] } },
{ "type": "Feature", "properties": { "id_voie": "73065_2130", "nom": "Square de Joppet", "type_voie": "Square", "longueur_m": 254.5, "quartier": "LA" }, "geometry": { "type": "LineString", "coordinates": [ [ 5.9365997, 45.5702903 ], [ 5.9367726, 45.5699947 ], [ 5.936917, 45.5696927 ], [ 5.9370081, 45.5695227 ], [ 5.9370432, 45.5694362 ], [ 5.9370535, 45.5693629 ], [ 5.9370505, 45.5693072 ], [ 5.9370664, 45.5692671 ], [ 5.9371061, 45.5692417 ], [ 5.9371643, 45.5692276 ], [ 5.9372516, 45.569228 ], [ 5.9372856, 45.5692397 ], [ 5.9373125, 45.5692625 ], [ 5.9374552, 45.56973 ], [ 5.9374796, 45.5697771 ], [ 5.937616, 45.5699799 ], [ 5.9377088, 45.5702298 ] ] } },
{ "type": "Feature", "properties": { "id_voie": "73065_3158", "nom": "Rue du Pré-Demaison", "type_voie": "Rue", "longueur_m": 211.4, "quartier": "BI" }, "geometry": { "type": "MultiLineString", "coordinates": [ [ [ 5.8969173, 45.5890446 ], [ 5.8967045, 45.5883373 ] ], [ [ 5.8967045, 45.5883373 ], [ 5.8966657, 45.5882094 ], [ 5.8965894, 45.5880258 ], [ 5.8965529, 45.5879663 ], [ 5.8965133, 45.5879205 ], [ 5.8964274, 45.5878479 ], [ 5.8963651, 45.5878099 ], [ 5.8960814, 45.5876622 ], [ 5.8958575, 45.5875761 ], [ 5.8956524, 45.5875084 ] ] ] } },
{ "type": "Feature", "properties": { "id_voie": "73065_0453", "nom": "Rue Bourvil", "type_voie": "Rue", "longueur_m": 57.1, "quartier": "HC" }, "geometry": { "type": "LineString", "coordinates": [ [ 5.9188791, 45.5980397 ], [ 5.9188587, 45.5981655 ], [ 5.9188991, 45.5982978 ], [ 5.9190762, 45.5985167 ] ] } },
{ "type": "Feature", "properties": { "id_voie": "73065_2690", "nom": "Rue Molière", "type_voie": "Rue", "longueur_m": 159.9, "quartier": "CE" }, "geometry": { "type": "MultiLineString", "coordinates": [ [ [ 5.9146563, 45.5711815 ], [ 5.9147783, 45.5712315 ], [ 5.9148793, 45.5712739 ], [ 5.9153465, 45.5714979 ], [ 5.9155429, 45.5715973 ] ], [ [ 5.9163574, 45.5719826 ], [ 5.9159429, 45.571787 ], [ 5.9155429, 45.5715973 ] ] ] } },
{ "type": "Feature", "properties": { "id_voie": "73065_1955", "nom": "Chemin des Iris", "type_voie": "Chemin", "longueur_m": 527.2, "quartier": "CV" }, "geometry": { "type": "MultiLineString", "coordinates": [ [ [ 5.898538, 45.6109018 ], [ 5.8985633, 45.6108462 ], [ 5.898513, 45.6107682 ], [ 5.8983965, 45.6106523 ], [ 5.8983042, 45.6105817 ], [ 5.8982485, 45.6105227 ], [ 5.8982442, 45.6104165 ], [ 5.8983582, 45.610091 ], [ 5.8983924, 45.6099856 ], [ 5.8984635, 45.6098468 ], [ 5.8984989, 45.6098116 ], [ 5.8985394, 45.6098007 ], [ 5.8985908, 45.6098012 ], [ 5.8996983, 45.6099384 ] ], [ [ 5.9006073, 45.6104556 ], [ 5.9006535, 45.6102589 ], [ 5.9006406, 45.6101592 ], [ 5.9005668, 45.6100737 ] ], [ [ 5.9003986, 45.6111278 ], [ 5.9004492, 45.6109418 ], [ 5.9005506, 45.610622 ], [ 5.9006073, 45.6104556 ] ], [ [ 5.8996983, 45.6099384 ], [ 5.8999231, 45.609966 ], [ 5.900437, 45.6100473 ], [ 5.9005122, 45.6100598 ], [ 5.9005668, 45.6100737 ] ], [ [ 5.8996983, 45.6099384 ], [ 5.8996777, 45.609865 ], [ 5.8996627, 45.6097501 ], [ 5.8996527, 45.6096332 ], [ 5.8996436, 45.6095325 ], [ 5.8996506, 45.6094945 ], [ 5.8996798, 45.609464 ], [ 5.8997366, 45.6094445 ], [ 5.8998926, 45.6094324 ], [ 5.9000521, 45.6094391 ], [ 5.9001309, 45.6094479 ], [ 5.9002262, 45.6094535 ], [ 5.9003826, 45.6094495 ] ] ] } },
{ "type": "Feature", "properties": { "id_voie": "73065_2264", "nom": "Avenue des Landiers", "type_voie": "Avenue", "longueur_m": 4265.9, "quartier": "CV" }, "geometry": { "type": "MultiLineString", "coordinates": [ [ [ 5.9096155, 45.5837949 ], [ 5.9094402, 45.5840238 ], [ 5.9092733, 45.5842435 ], [ 5.9091531, 45.5844232 ], [ 5.909046, 45.5845827 ] ], [ [ 5.9087141, 45.5850067 ], [ 5.9088552, 45.5848112 ], [ 5.909046, 45.5845827 ] ], [ [ 5.9078455, 45.5860132 ], [ 5.9080011, 45.5858722 ], [ 5.9082962, 45.5855528 ], [ 5.9085536, 45.5852497 ], [ 5.9087141, 45.5850067 ] ], [ [ 5.9062764, 45.5880271 ], [ 5.9060644, 45.5881696 ], [ 5.9059819, 45.5882366 ], [ 5.9056369, 45.5885843 ], [ 5.9053186, 45.5889746 ], [ 5.9050694, 45.5892406 ], [ 5.9042368, 45.5902497 ] ], [ [ 5.9065939, 45.5872539 ], [ 5.906508, 45.5873553 ], [ 5.9063921, 45.5875178 ], [ 5.9063144, 45.587627 ], [ 5.9062574, 45.5877141 ], [ 5.9061793, 45.587817 ], [ 5.9061328, 45.5878588 ], [ 5.9060902, 45.5879031 ], [ 5.9060364, 45.5879306 ], [ 5.9059741, 45.5879421 ] ], [ [ 5.9067176, 45.5873129 ], [ 5.9066408, 45.5873906 ], [ 5.9065306, 45.5875151 ], [ 5.9064832, 45.5875911 ], [ 5.9064611, 45.5876583 ], [ 5.9064476, 45.5877434 ], [ 5.9064312, 45.5878465 ], [ 5.9064028, 45.5879176 ], [ 5.9063518, 45.5879738 ], [ 5.9062764, 45.5880271 ] ], [ [ 5.9078455, 45.5860132 ], [ 5.9075771, 45.5863517 ], [ 5.9074852, 45.5864595 ], [ 5.9073028, 45.586676 ], [ 5.9070249, 45.5869815 ], [ 5.9068134, 45.5872068 ], [ 5.9067176, 45.5873129 ] ], [ [ 5.9065939, 45.5872539 ], [ 5.9067013, 45.5871241 ], [ 5.9068004, 45.587008 ], [ 5.9068986, 45.5868973 ], [ 5.9069853, 45.5867887 ], [ 5.9071203, 45.586624 ] ], [ [ 5.903245, 45.5911376 ], [ 5.9025058, 45.5908459 ], [ 5.90165, 45.5904823 ] ], [ [ 5.9029797, 45.5917086 ], [ 5.9028956, 45.5917936 ], [ 5.9027028, 45.5920086 ], [ 5.9024538, 45.5922772 ], [ 5.902202, 45.5925685 ] ], [ [ 5.9034028, 45.5912102 ], [ 5.9030051, 45.5916782 ], [ 5.9029797, 45.5917086 ] ], [ [ 5.9034028, 45.5912102 ], [ 5.9033029, 45.591165 ] ], [ [ 5.9033029, 45.591165 ], [ 5.903245, 45.5911376 ] ], [ [ 5.9059741, 45.5879421 ], [ 5.9059076, 45.5879448 ], [ 5.90575, 45.5879254 ], [ 5.9056691, 45.5879257 ], [ 5.9055118, 45.5879352 ], [ 5.9053841, 45.5879475 ], [ 5.905117, 45.5878715 ], [ 5.9049925, 45.5878954 ], [ 5.9047551, 45.5879944 ], [ 5.9043491, 45.5880824 ], [ 5.9041627, 45.5881025 ], [ 5.9040172, 45.5882153 ] ], [ [ 5.9042368, 45.5902497 ], [ 5.9037066, 45.5908608 ], [ 5.9034028, 45.5912102 ] ], [ [ 5.9009686, 45.5937447 ], [ 5.9010145, 45.5937381 ], [ 5.9010633, 45.5937386 ] ], [ [ 5.9010084, 45.5939176 ], [ 5.9009536, 45.5939 ], [ 5.9009267, 45.5938755 ], [ 5.9009109, 45.5938435 ] ], [ [ 5.9009109, 45.5938435 ], [ 5.900918, 45.5938073 ], [ 5.9009352, 45.5937681 ], [ 5.9009686, 45.5937447 ] ], [ [ 5.9011492, 45.593786 ], [ 5.9011571, 45.5938155 ], [ 5.9011546, 45.5938417 ], [ 5.9011457, 45.5938672 ], [ 5.9011288, 45.5938874 ], [ 5.901095, 45.5939045 ], [ 5.9010545, 45.5939155 ], [ 5.9010084, 45.5939176 ] ], [ [ 5.9010633, 45.5937386 ], [ 5.901106, 45.5937465 ], [ 5.9011365, 45.5937638 ], [ 5.9011492, 45.593786 ] ], [ [ 5.902202, 45.5925685 ], [ 5.9020985, 45.5926261 ], [ 5.9020183, 45.5927111 ], [ 5.9019643, 45.5927827 ], [ 5.9019328, 45.5928674 ], [ 5.9018393, 45.5930185 ], [ 5.9016633, 45.5932366 ], [ 5.9015075, 45.5934235 ], [ 5.9014358, 45.5935001 ], [ 5.901308, 45.5936089 ], [ 5.901163, 45.5936829 ], [ 5.9010633, 45.5937386 ] ], [ [ 5.902202, 45.5925685 ], [ 5.9021452, 45.5926835 ], [ 5.9020323, 45.5928314 ], [ 5.9019298, 45.5929819 ], [ 5.9017831, 45.5931704 ], [ 5.9016476, 45.5933289 ], [ 5.9015437, 45.5934532 ], [ 5.9014623, 45.5935409 ], [ 5.9013748, 45.5936098 ], [ 5.9013109, 45.5936647 ], [ 5.9012443, 45.5937159 ], [ 5.9011492, 45.593786 ] ], [ [ 5.8987565, 45.5958436 ], [ 5.8988687, 45.5958281 ], [ 5.8989651, 45.5958058 ], [ 5.8991042, 45.5957661 ] ], [ [ 5.8991042, 45.5957661 ], [ 5.899036, 45.595813 ], [ 5.8989606, 45.5958681 ], [ 5.8988978, 45.5959183 ], [ 5.898839, 45.5959469 ] ], [ [ 5.9010084, 45.5939176 ], [ 5.9009816, 45.5939939 ], [ 5.9009419, 45.5940923 ], [ 5.9007805, 45.594319 ], [ 5.9005199, 45.5945889 ], [ 5.9003668, 45.5947541 ], [ 5.9001853, 45.5949399 ], [ 5.8999864, 45.5951126 ], [ 5.8997177, 45.5953241 ], [ 5.8992578, 45.5956594 ], [ 5.8991042, 45.5957661 ] ], [ [ 5.8985323, 45.5959737 ], [ 5.8985247, 45.5959271 ], [ 5.8985405, 45.5958843 ], [ 5.8985746, 45.5958492 ] ], [ [ 5.8986708, 45.5960449 ], [ 5.898611, 45.5960312 ], [ 5.8985661, 45.5960062 ], [ 5.8985323, 45.5959737 ] ], [ [ 5.8985746, 45.5958492 ], [ 5.898638, 45.595834 ], [ 5.8986981, 45.5958298 ], [ 5.8987565, 45.5958436 ] ], [ [ 5.898839, 45.5959469 ], [ 5.8988253, 45.5959797 ], [ 5.8987964, 45.5960165 ], [ 5.898741, 45.5960368 ], [ 5.8986708, 45.5960449 ] ], [ [ 5.8987565, 45.5958436 ], [ 5.8988069, 45.5958738 ], [ 5.898833, 45.5959065 ], [ 5.898839, 45.5959469 ] ], [ [ 5.8986708, 45.5960449 ], [ 5.898593, 45.5961028 ], [ 5.8985135, 45.5961544 ], [ 5.8984299, 45.5962242 ], [ 5.8983367, 45.5963076 ], [ 5.8982414, 45.596375 ], [ 5.8979382, 45.59659 ] ], [ [ 5.8968564, 45.5971847 ], [ 5.8969716, 45.5971286 ], [ 5.8970696, 45.5970639 ], [ 5.8972741, 45.5969243 ], [ 5.8974837, 45.5967847 ], [ 5.8976996, 45.5966422 ], [ 5.897876, 45.5965304 ], [ 5.8980981, 45.5963832 ], [ 5.8982831, 45.5962649 ], [ 5.8983663, 45.5962105 ], [ 5.8984288, 45.5961548 ], [ 5.8984732, 45.5960951 ], [ 5.8985008, 45.596034 ], [ 5.8985323, 45.5959737 ] ], [ [ 5.8979382, 45.59659 ], [ 5.8977881, 45.5966903 ], [ 5.8975548, 45.5968441 ], [ 5.8973406, 45.5969947 ], [ 5.8971521, 45.5971194 ], [ 5.896955, 45.5972534 ] ], [ [ 5.8964849, 45.5974448 ], [ 5.8962363, 45.5976251 ], [ 5.8959665, 45.5978402 ], [ 5.8957022, 45.5980389 ] ], [ [ 5.8956677, 45.5981399 ], [ 5.8959657, 45.5979483 ], [ 5.8965951, 45.597514 ] ], [ [ 5.8964849, 45.5974448 ], [ 5.8964627, 45.597412 ], [ 5.8964629, 45.5973679 ], [ 5.8964751, 45.5973306 ], [ 5.8964936, 45.5972923 ], [ 5.8965066, 45.5972703 ] ], [ [ 5.8965951, 45.597514 ], [ 5.8965309, 45.5974896 ], [ 5.8965001, 45.5974651 ], [ 5.8964849, 45.5974448 ] ], [ [ 5.8965066, 45.5972703 ], [ 5.8965768, 45.5972379 ], [ 5.896639, 45.5972237 ] ], [ [ 5.8968254, 45.5974748 ], [ 5.8967519, 45.5975172 ], [ 5.8966651, 45.5975284 ], [ 5.8966212, 45.5975233 ], [ 5.8965951, 45.597514 ] ], [ [ 5.896639, 45.5972237 ], [ 5.8967096, 45.5972254 ], [ 5.8967535, 45.5972288 ] ], [ [ 5.8967535, 45.5972288 ], [ 5.8967836, 45.5972407 ], [ 5.8968406, 45.5972761 ], [ 5.8968475, 45.597285 ], [ 5.8968776, 45.5973193 ] ], [ [ 5.8967535, 45.5972288 ], [ 5.8968564, 45.5971847 ] ], [ [ 5.8968776, 45.5973193 ], [ 5.8968767, 45.5974013 ], [ 5.8968254, 45.5974748 ] ], [ [ 5.896955, 45.5972534 ], [ 5.8968776, 45.5973193 ] ], [ [ 5.894998, 45.5985896 ], [ 5.8954995, 45.5982388 ], [ 5.8956677, 45.5981399 ] ], [ [ 5.8957022, 45.5980389 ], [ 5.8951996, 45.5983943 ], [ 5.894998, 45.5985896 ] ], [ [ 5.894998, 45.5985896 ], [ 5.8947429, 45.5987674 ], [ 5.8944598, 45.5989513 ], [ 5.8940057, 45.5993009 ], [ 5.8939505, 45.5993492 ] ], [ [ 5.8939505, 45.5993492 ], [ 5.8938219, 45.5994687 ], [ 5.8937241, 45.5995613 ], [ 5.8935998, 45.5997132 ], [ 5.8934887, 45.5998467 ], [ 5.8934222, 45.5999259 ], [ 5.8933061, 45.6000866 ], [ 5.893176, 45.6002999 ] ], [ [ 5.893176, 45.6002999 ], [ 5.8930608, 45.6004786 ], [ 5.8930225, 45.6005553 ], [ 5.893001, 45.6006117 ], [ 5.8929844, 45.6006617 ], [ 5.8929721, 45.6007206 ], [ 5.8929559, 45.6008291 ], [ 5.8929338, 45.6010207 ], [ 5.8929323, 45.6011135 ], [ 5.8929427, 45.6011908 ], [ 5.8929583, 45.6012688 ], [ 5.8929868, 45.6013473 ], [ 5.8930201, 45.6014186 ], [ 5.893065, 45.6014922 ], [ 5.8931683, 45.6016265 ], [ 5.893293, 45.6018017 ], [ 5.8933656, 45.6019152 ], [ 5.8934193, 45.6020093 ], [ 5.8934515, 45.6020842 ], [ 5.8934798, 45.60216 ], [ 5.8935096, 45.6022629 ], [ 5.8935251, 45.6023625 ], [ 5.8935246, 45.6024517 ], [ 5.893516, 45.6025321 ], [ 5.8934916, 45.602631 ], [ 5.8934584, 45.6027075 ], [ 5.8934068, 45.6028008 ], [ 5.8932899, 45.6029966 ], [ 5.8931618, 45.6031738 ], [ 5.8930779, 45.6032877 ], [ 5.8923169, 45.6043499 ], [ 5.892188, 45.6045361 ], [ 5.8921308, 45.6046466 ], [ 5.8921031, 45.6047311 ], [ 5.8920867, 45.6048099 ], [ 5.8920782, 45.6048921 ], [ 5.8920972, 45.6051331 ], [ 5.8921426, 45.6056582 ], [ 5.8921438, 45.6057555 ], [ 5.892138, 45.6058421 ], [ 5.8921247, 45.6059055 ], [ 5.8921023, 45.6059683 ], [ 5.8920722, 45.6060313 ], [ 5.8919739, 45.6061897 ], [ 5.8915952, 45.6068049 ] ] ] } },
{ "type": "Feature", "properties": { "id_voie": "73065_3560", "nom": "Rue de Savoie", "type_voie": "Rue", "longueur_m": 133.1, "quartier": "BI" }, "geometry": { "type": "LineString", "coordinates": [ [ 5.8993304, 45.5781351 ], [ 5.8977883, 45.5776243 ] ] } },
{ "type": "Feature", "properties": { "id_voie": "73065_3250", "nom": "Rue Racine", "type_voie": "Rue", "longueur_m": 45.8, "quartier": "CE" }, "geometry": { "type": "LineString", "coordinates": [ [ 5.9159934, 45.5710873 ], [ 5.916269, 45.5712532 ], [ 5.916418, 45.5711358 ] ] } },
{ "type": "Feature", "properties": { "id_voie": "73065_3200", "nom": "Rue de Provence", "type_voie": "Rue", "longueur_m": 100.7, "quartier": "HC" }, "geometry": { "type": "MultiLineString", "coordinates": [ [ [ 5.9213516, 45.5882347 ], [ 5.921277, 45.5882069 ], [ 5.9209949, 45.5880656 ] ], [ [ 5.9209949, 45.5880656 ], [ 5.9203096, 45.5877013 ] ] ] } },
{ "type": "Feature", "properties": { "id_voie": "73065_3625", "nom": "Rue de Sonnaz", "type_voie": "Rue", "longueur_m": 1283.3, "quartier": "CV" }, "geometry": { "type": "MultiLineString", "coordinates": [ [ [ 5.916099, 45.6017271 ], [ 5.9162369, 45.6017622 ], [ 5.9163334, 45.6017913 ], [ 5.9164263, 45.601824 ], [ 5.9165076, 45.6018561 ], [ 5.9165823, 45.6018866 ], [ 5.9166452, 45.6019093 ] ], [ [ 5.9166452, 45.6019093 ], [ 5.916739, 45.6019357 ], [ 5.9168247, 45.6019551 ], [ 5.9169063, 45.6019683 ], [ 5.9169644, 45.6019741 ], [ 5.9170929, 45.601977 ], [ 5.9171558, 45.6019763 ] ], [ [ 5.9189053, 45.6025581 ], [ 5.9184243, 45.602493 ], [ 5.918049, 45.6024361 ], [ 5.9178956, 45.6023986 ], [ 5.9177497, 45.6023583 ], [ 5.9175885, 45.6022958 ], [ 5.9172765, 45.6021245 ], [ 5.9172084, 45.6020741 ], [ 5.9171766, 45.6020316 ], [ 5.9171558, 45.6019763 ] ], [ [ 5.9185131, 45.6049823 ], [ 5.9184514, 45.6050794 ], [ 5.9183669, 45.6052294 ], [ 5.9183102, 45.6053227 ], [ 5.9182269, 45.6054222 ], [ 5.9181269, 45.6054978 ], [ 5.9180297, 45.6055535 ] ], [ [ 5.9180297, 45.6055535 ], [ 5.917925, 45.6056139 ], [ 5.9178083, 45.605689 ], [ 5.9176937, 45.6057559 ], [ 5.9176482, 45.6057941 ], [ 5.9176218, 45.6058542 ], [ 5.9176233, 45.6059064 ], [ 5.9176513, 45.6059751 ], [ 5.9176904, 45.6060597 ], [ 5.9178079, 45.6062423 ], [ 5.91783, 45.6062958 ], [ 5.91785, 45.6063592 ], [ 5.9178508, 45.6064232 ], [ 5.9178452, 45.6064639 ], [ 5.9178062, 45.6066009 ], [ 5.9177684, 45.6066857 ], [ 5.9177278, 45.6067688 ], [ 5.9176955, 45.6068633 ], [ 5.9176735, 45.6069558 ], [ 5.917666, 45.6070092 ] ], [ [ 5.917666, 45.6070092 ], [ 5.9177142, 45.6074134 ], [ 5.9177339, 45.6079076 ], [ 5.9177954, 45.6082719 ], [ 5.9178534, 45.6086912 ], [ 5.9178826, 45.6090256 ], [ 5.9179003, 45.6093865 ], [ 5.9179159, 45.6097303 ] ], [ [ 5.9188607, 45.6035396 ], [ 5.918799, 45.6037331 ], [ 5.9187618, 45.6038548 ], [ 5.9186961, 45.6040458 ], [ 5.9186191, 45.6042902 ], [ 5.9185375, 45.6048131 ] ], [ [ 5.9185375, 45.6048131 ], [ 5.9185279, 45.6048981 ], [ 5.9185131, 45.6049823 ] ], [ [ 5.9190069, 45.6026843 ], [ 5.9189148, 45.6032985 ], [ 5.9188607, 45.6035396 ] ], [ [ 5.9190069, 45.6026843 ], [ 5.9189359, 45.6026528 ], [ 5.9189093, 45.6026102 ], [ 5.9189053, 45.6025581 ] ], [ [ 5.9189053, 45.6025581 ], [ 5.9189214, 45.6025234 ], [ 5.9189499, 45.6025037 ], [ 5.9189887, 45.6024847 ], [ 5.919036, 45.6024817 ] ], [ [ 5.919036, 45.6024817 ], [ 5.9191032, 45.6024898 ], [ 5.919171, 45.602534 ], [ 5.9191768, 45.6025942 ] ], [ [ 5.9191768, 45.6025942 ], [ 5.9191573, 45.6026398 ], [ 5.9191089, 45.6026708 ], [ 5.9190573, 45.6026893 ], [ 5.9190069, 45.6026843 ] ], [ [ 5.9145722, 45.6016684 ], [ 5.9146218, 45.6016608 ], [ 5.9146809, 45.6016368 ], [ 5.9147413, 45.6016145 ], [ 5.9148111, 45.6015983 ], [ 5.9148878, 45.6015927 ], [ 5.9149688, 45.6015951 ], [ 5.9151313, 45.6016098 ], [ 5.9153121, 45.6016294 ], [ 5.9155225, 45.601651 ], [ 5.9157318, 45.6016771 ], [ 5.9159423, 45.6017023 ], [ 5.916099, 45.6017271 ] ], [ [ 5.9142227, 45.6016379 ], [ 5.9143028, 45.6016475 ], [ 5.9143546, 45.601657 ], [ 5.9144371, 45.6016638 ], [ 5.9145157, 45.601669 ], [ 5.9145722, 45.6016684 ] ] ] } },
{ "type": "Feature", "properties": { "id_voie": "73065_1378", "nom": "Rue des Flandres", "type_voie": "Rue", "longueur_m": 53.0, "quartier": "HC" }, "geometry": { "type": "LineString", "coordinates": [ [ 5.9156603, 45.5882437 ], [ 5.9158612, 45.5878438 ], [ 5.9158597, 45.5877907 ] ] } },
{ "type": "Feature", "properties": { "id_voie": "73065_0146", "nom": "Rue des Aravis", "type_voie": "Rue", "longueur_m": 77.2, "quartier": "BI" }, "geometry": { "type": "LineString", "coordinates": [ [ 5.8965296, 45.5731577 ], [ 5.8964657, 45.5731116 ], [ 5.8962829, 45.5730271 ], [ 5.8960839, 45.5729511 ], [ 5.895998, 45.5729028 ], [ 5.8958508, 45.572812 ], [ 5.8958023, 45.5727673 ], [ 5.8957732, 45.5727257 ] ] } },
{ "type": "Feature", "properties": { "id_voie": "73065_1855", "nom": "Rue Henri Oreiller", "type_voie": "Rue", "longueur_m": 130.7, "quartier": "LA" }, "geometry": { "type": "MultiLineString", "coordinates": [ [ [ 5.936346, 45.5653076 ], [ 5.9362994, 45.5652502 ] ], [ [ 5.9364013, 45.5653827 ], [ 5.936346, 45.5653076 ] ], [ [ 5.9368171, 45.5663549 ], [ 5.9368119, 45.5661586 ], [ 5.9367882, 45.5660998 ], [ 5.9367055, 45.5658938 ], [ 5.9365538, 45.5656211 ], [ 5.9364013, 45.5653827 ] ] ] } },
{ "type": "Feature", "properties": { "id_voie": "73065_3071", "nom": "Chemin du Petit Coteau", "type_voie": "Chemin", "longueur_m": 234.0, "quartier": "CV" }, "geometry": { "type": "LineString", "coordinates": [ [ 5.9068383, 45.5970758 ], [ 5.9070147, 45.5970874 ], [ 5.9071244, 45.5970981 ], [ 5.9075683, 45.5972155 ], [ 5.9076664, 45.5972508 ], [ 5.9078316, 45.5973177 ], [ 5.907884, 45.597338 ], [ 5.9079438, 45.5973274 ], [ 5.9079679, 45.5972971 ], [ 5.907941, 45.59725 ], [ 5.9078639, 45.5971997 ], [ 5.9078143, 45.5971587 ], [ 5.9077205, 45.5970845 ], [ 5.907637, 45.5970083 ], [ 5.9075605, 45.5969463 ], [ 5.9074763, 45.596907 ], [ 5.9073867, 45.5968859 ], [ 5.9071175, 45.5968207 ], [ 5.9071237, 45.5967674 ], [ 5.9071686, 45.5963761 ] ] } },
{ "type": "Feature", "properties": { "id_voie": "73065_3188", "nom": "Chemin du Pré-Seigneur", "type_voie": "Chemin", "longueur_m": 209.5, "quartier": "LA" }, "geometry": { "type": "LineString", "coordinates": [ [ 5.9270505, 45.5552758 ], [ 5.9271517, 45.5550786 ], [ 5.9271837, 45.5550038 ], [ 5.9272468, 45.5547895 ], [ 5.9272821, 45.554731 ], [ 5.9273387, 45.5546853 ], [ 5.9274911, 45.5546066 ], [ 5.9275802, 45.55457 ], [ 5.9279888, 45.5544143 ], [ 5.9280662, 45.5543978 ], [ 5.9281177, 45.554401 ], [ 5.9281558, 45.554418 ], [ 5.9281859, 45.5544551 ], [ 5.9281879, 45.5544929 ], [ 5.9281661, 45.5547349 ], [ 5.9281719, 45.5547961 ], [ 5.9281911, 45.5548442 ], [ 5.9282191, 45.5548894 ], [ 5.9282832, 45.5549617 ], [ 5.9283221, 45.5549697 ] ] } },
{ "type": "Feature", "properties": { "id_voie": "73065_0650", "nom": "Rue du Chaney", "type_voie": "Rue", "longueur_m": 675.8, "quartier": null }, "geometry": { "type": "MultiLineString", "coordinates": [ [ [ 5.9158682, 45.5598531 ], [ 5.9156472, 45.5599679 ], [ 5.9156037, 45.5599951 ] ], [ [ 5.9170644, 45.5591111 ], [ 5.917013, 45.5591332 ], [ 5.916966, 45.5591677 ], [ 5.9168782, 45.5592295 ], [ 5.9167978, 45.5592856 ], [ 5.9166856, 45.5593714 ], [ 5.9165314, 45.5595133 ], [ 5.916429, 45.5595907 ], [ 5.9163343, 45.5596437 ], [ 5.9162387, 45.5597029 ], [ 5.9161364, 45.5597587 ], [ 5.9159922, 45.559822 ] ], [ [ 5.9159922, 45.559822 ], [ 5.9159367, 45.5598387 ], [ 5.9158682, 45.5598531 ] ], [ [ 5.9156037, 45.5599951 ], [ 5.9155951, 45.5600026 ], [ 5.9155644, 45.5600286 ], [ 5.9155359, 45.5600717 ], [ 5.9155143, 45.5601245 ], [ 5.915501, 45.5601879 ], [ 5.9154797, 45.5604173 ], [ 5.9154969, 45.5606232 ] ], [ [ 5.9155335, 45.5609052 ], [ 5.9155416, 45.5609357 ], [ 5.9155903, 45.5611056 ], [ 5.915649, 45.5612474 ], [ 5.9156589, 45.5613381 ] ], [ [ 5.9156589, 45.5613381 ], [ 5.9156506, 45.5613987 ], [ 5.9155815, 45.5616942 ], [ 5.9155348, 45.5619297 ] ], [ [ 5.9155348, 45.5619297 ], [ 5.9155079, 45.5620521 ], [ 5.9154548, 45.5622625 ], [ 5.9154107, 45.5624962 ] ], [ [ 5.9154969, 45.5606232 ], [ 5.9155111, 45.5607959 ], [ 5.9155335, 45.5609052 ] ], [ [ 5.9130758, 45.5611979 ], [ 5.9131684, 45.5612027 ], [ 5.9132565, 45.5612193 ], [ 5.9133516, 45.5612475 ], [ 5.9134691, 45.5612868 ], [ 5.9137828, 45.5613724 ], [ 5.9139403, 45.5614404 ], [ 5.9140051, 45.5614783 ], [ 5.9141585, 45.5616393 ], [ 5.9143461, 45.5618885 ], [ 5.9144125, 45.5619571 ], [ 5.9144753, 45.5620041 ], [ 5.9145785, 45.5620636 ], [ 5.9146783, 45.562107 ], [ 5.9147589, 45.5621517 ], [ 5.9149476, 45.5622279 ], [ 5.915028, 45.5622691 ], [ 5.9151245, 45.5623468 ], [ 5.9153163, 45.562458 ], [ 5.9154107, 45.5624962 ] ] ] } },
{ "type": "Feature", "properties": { "id_voie": "73065_2660", "nom": "Rue Michaud", "type_voie": "Rue", "longueur_m": 222.2, "quartier": "LA" }, "geometry": { "type": "MultiLineString", "coordinates": [ [ [ 5.9238279, 45.5628514 ], [ 5.9239578, 45.5628336 ], [ 5.9241235, 45.5628383 ], [ 5.9242856, 45.5628467 ], [ 5.9244786, 45.5628345 ], [ 5.9248964, 45.5627533 ], [ 5.9250796, 45.5626999 ], [ 5.9251672, 45.5626345 ] ], [ [ 5.9232844, 45.5630061 ], [ 5.9235222, 45.5629414 ], [ 5.9236347, 45.5629105 ], [ 5.9237345, 45.5628818 ], [ 5.9238279, 45.5628514 ] ], [ [ 5.9226937, 45.5631639 ], [ 5.9229859, 45.5630869 ], [ 5.9232844, 45.5630061 ] ], [ [ 5.9225533, 45.5632748 ], [ 5.9226091, 45.5632138 ], [ 5.9226937, 45.5631639 ] ] ] } },
{ "type": "Feature", "properties": { "id_voie": "73065_3255", "nom": "Chemin des Rapières", "type_voie": "Chemin", "longueur_m": 347.0, "quartier": "BI" }, "geometry": { "type": "LineString", "coordinates": [ [ 5.885291, 45.5716653 ], [ 5.8852278, 45.5717327 ], [ 5.8851448, 45.5718142 ], [ 5.884954, 45.5719695 ], [ 5.884808, 45.5720481 ], [ 5.884734, 45.5720806 ], [ 5.884657, 45.5721304 ], [ 5.8844472, 45.5722898 ], [ 5.884342, 45.5723646 ], [ 5.8842531, 45.5724309 ], [ 5.8841406, 45.5724887 ], [ 5.8840269, 45.5725475 ], [ 5.8838613, 45.5726184 ], [ 5.8837548, 45.572668 ], [ 5.8836869, 45.5727193 ], [ 5.8836752, 45.572816 ], [ 5.8836813, 45.5729321 ], [ 5.8837253, 45.5730139 ], [ 5.8837369, 45.5730893 ], [ 5.8837142, 45.5731944 ], [ 5.88367, 45.5733064 ], [ 5.8836169, 45.5734213 ], [ 5.8835174, 45.5736545 ], [ 5.8833145, 45.574021 ], [ 5.8831975, 45.5742132 ] ] } },
{ "type": "Feature", "properties": { "id_voie": "73065_1490", "nom": "Rue Franklin Roosevelt", "type_voie": "Rue", "longueur_m": 159.1, "quartier": "LA" }, "geometry": { "type": "MultiLineString", "coordinates": [ [ [ 5.9340764, 45.5717754 ], [ 5.9341777, 45.571726 ], [ 5.9342964, 45.5716904 ] ], [ [ 5.9342964, 45.5716904 ], [ 5.9344219, 45.571661 ], [ 5.9347784, 45.5715841 ], [ 5.93513, 45.5715137 ], [ 5.9352709, 45.5714847 ] ], [ [ 5.9352709, 45.5714847 ], [ 5.9353129, 45.5714791 ], [ 5.9353508, 45.5714664 ], [ 5.9354002, 45.5714318 ], [ 5.935442, 45.571373 ], [ 5.9354968, 45.5713176 ] ], [ [ 5.9354968, 45.5713176 ], [ 5.9355444, 45.5712947 ], [ 5.9356104, 45.5712812 ], [ 5.9356924, 45.5712791 ], [ 5.9357309, 45.571279 ], [ 5.9358128, 45.5712751 ], [ 5.9359073, 45.5712681 ] ] ] } },
{ "type": "Feature", "properties": { "id_voie": "73065_0280", "nom": "Rue de Belledonne", "type_voie": "Rue", "longueur_m": 260.5, "quartier": "BI" }, "geometry": { "type": "MultiLineString", "coordinates": [ [ [ 5.9056745, 45.5744201 ], [ 5.9058615, 45.5747315 ], [ 5.9060779, 45.5751143 ], [ 5.9062696, 45.5754437 ], [ 5.9065738, 45.5759828 ] ], [ [ 5.905421, 45.5740374 ], [ 5.9054558, 45.5740896 ], [ 5.9055076, 45.5741721 ] ], [ [ 5.9052436, 45.5738365 ], [ 5.9053222, 45.5739165 ], [ 5.905421, 45.5740374 ] ], [ [ 5.9055076, 45.5741721 ], [ 5.9056745, 45.5744201 ] ] ] } },
{ "type": "Feature", "properties": { "id_voie": "73065_3878", "nom": "Rue de Voglans", "type_voie": "Rue", "longueur_m": 2284.8, "quartier": "CV" }, "geometry": { "type": "MultiLineString", "coordinates": [ [ [ 5.8991224, 45.5976102 ], [ 5.8990552, 45.5976507 ], [ 5.8989903, 45.5977118 ], [ 5.8984914, 45.5983572 ], [ 5.8982605, 45.5986551 ], [ 5.8981031, 45.5988592 ], [ 5.8977411, 45.5993263 ] ], [ [ 5.8977411, 45.5993263 ], [ 5.8959308, 45.6016527 ] ], [ [ 5.8933144, 45.6154372 ], [ 5.8932958, 45.6157189 ], [ 5.8932796, 45.6159265 ] ], [ [ 5.8938004, 45.6060607 ], [ 5.8933381, 45.6059843 ], [ 5.8933264, 45.6059575 ], [ 5.8934455, 45.6053363 ] ], [ [ 5.8933136, 45.610357 ], [ 5.8932441, 45.6104525 ] ], [ [ 5.8932441, 45.6104525 ], [ 5.8931741, 45.6105624 ], [ 5.8931515, 45.6106954 ], [ 5.8931636, 45.6108042 ], [ 5.8931988, 45.6108879 ], [ 5.8932805, 45.6110021 ], [ 5.8934777, 45.6112142 ], [ 5.8936048, 45.6113614 ], [ 5.893754, 45.6115621 ], [ 5.8937891, 45.6116198 ], [ 5.8938173, 45.611692 ] ], [ [ 5.8937003, 45.6097983 ], [ 5.8936445, 45.6098844 ], [ 5.8935846, 45.6099661 ], [ 5.893459, 45.6101433 ], [ 5.8933588, 45.6102882 ], [ 5.8933136, 45.610357 ] ], [ [ 5.8938978, 45.6094976 ], [ 5.8937003, 45.6097983 ] ], [ [ 5.893759, 45.606989 ], [ 5.8937835, 45.6070397 ], [ 5.8939485, 45.6074454 ], [ 5.8940267, 45.6075416 ] ], [ [ 5.8940267, 45.6075416 ], [ 5.8940258, 45.607648 ], [ 5.8940098, 45.6077836 ], [ 5.8939833, 45.6079897 ], [ 5.893973, 45.6081107 ], [ 5.8939761, 45.6082449 ], [ 5.8939917, 45.6084698 ], [ 5.8940707, 45.6088516 ], [ 5.8940854, 45.6090594 ], [ 5.8940277, 45.6092807 ], [ 5.8938978, 45.6094976 ] ], [ [ 5.8937629, 45.6068177 ], [ 5.893759, 45.606989 ] ], [ [ 5.8937629, 45.6068177 ], [ 5.8937436, 45.6066686 ], [ 5.8937491, 45.6065531 ], [ 5.8938004, 45.6060607 ] ], [ [ 5.8959308, 45.6016527 ], [ 5.894925, 45.6028915 ], [ 5.8944792, 45.6034751 ], [ 5.8943125, 45.6036749 ], [ 5.8941793, 45.6038775 ], [ 5.8941078, 45.6040325 ], [ 5.8940688, 45.6041453 ], [ 5.8940352, 45.6042146 ], [ 5.894001, 45.6043227 ], [ 5.8939583, 45.604659 ], [ 5.8939085, 45.605328 ], [ 5.8938445, 45.6056766 ], [ 5.8938004, 45.6060607 ] ], [ [ 5.8938173, 45.611692 ], [ 5.8938353, 45.6117429 ], [ 5.8938387, 45.6117834 ] ], [ [ 5.8938387, 45.6117834 ], [ 5.8938413, 45.6119554 ], [ 5.8938343, 45.6120421 ], [ 5.8937973, 45.6122683 ], [ 5.8937916, 45.6123063 ], [ 5.8936921, 45.6130081 ] ], [ [ 5.8936921, 45.6130081 ], [ 5.8936862, 45.6130425 ], [ 5.8936815, 45.6131003 ], [ 5.8936311, 45.6132404 ], [ 5.8935944, 45.6134233 ], [ 5.8935816, 45.613621 ], [ 5.8935819, 45.6140445 ], [ 5.8935817, 45.6140896 ], [ 5.8935756, 45.6143159 ], [ 5.8935632, 45.6144225 ] ], [ [ 5.8935632, 45.6144225 ], [ 5.8935188, 45.6146796 ], [ 5.8934305, 45.6149801 ], [ 5.8933336, 45.6153124 ], [ 5.8933144, 45.6154372 ] ] ] } },
{ "type": "Feature", "properties": { "id_voie": "73065_3341", "nom": "Rue du Rocher Blanc", "type_voie": "Rue", "longueur_m": 195.9, "quartier": "BI" }, "geometry": { "type": "MultiLineString", "coordinates": [ [ [ 5.8779497, 45.5852571 ], [ 5.8779795, 45.5851139 ], [ 5.8780789, 45.5849519 ], [ 5.8782039, 45.5848126 ], [ 5.8783115, 45.5847099 ] ], [ [ 5.8783115, 45.5847099 ], [ 5.878353, 45.5846691 ], [ 5.8786132, 45.5844174 ], [ 5.8788359, 45.5841837 ], [ 5.8790415, 45.5839901 ], [ 5.879179, 45.583846 ], [ 5.8792402, 45.5837643 ] ] ] } },
{ "type": "Feature", "properties": { "id_voie": "73065_0390", "nom": "Rue du Bon Pasteur", "type_voie": "Rue", "longueur_m": 369.5, "quartier": "CE" }, "geometry": { "type": "MultiLineString", "coordinates": [ [ [ 5.9144962, 45.5698935 ], [ 5.9152323, 45.5699357 ], [ 5.9156044, 45.5699611 ], [ 5.9158531, 45.570006 ] ], [ [ 5.91236, 45.5697686 ], [ 5.911522, 45.5697156 ], [ 5.9113117, 45.5696931 ], [ 5.9111603, 45.5696438 ] ], [ [ 5.9144962, 45.5698935 ], [ 5.914127, 45.5698742 ], [ 5.9136712, 45.5698437 ], [ 5.9130147, 45.5698021 ], [ 5.9126325, 45.5697787 ], [ 5.91236, 45.5697686 ] ] ] } },
{ "type": "Feature", "properties": { "id_voie": "73065_3140", "nom": "Chemin de la Plaine", "type_voie": "Chemin", "longueur_m": 568.3, "quartier": "BI" }, "geometry": { "type": "MultiLineString", "coordinates": [ [ [ 5.8932671, 45.5756431 ], [ 5.8932093, 45.5757401 ], [ 5.8931437, 45.5758121 ], [ 5.8930621, 45.5758962 ], [ 5.8929506, 45.5759954 ] ], [ [ 5.8938545, 45.5749269 ], [ 5.8937145, 45.5750215 ], [ 5.8935656, 45.5751434 ], [ 5.8935241, 45.5751841 ], [ 5.8934052, 45.5753647 ], [ 5.8932671, 45.5756431 ] ], [ [ 5.8944018, 45.5745704 ], [ 5.8938545, 45.5749269 ] ], [ [ 5.8927955, 45.5761454 ], [ 5.8929506, 45.5759954 ] ], [ [ 5.8927955, 45.5761454 ], [ 5.8926228, 45.5763039 ], [ 5.8924864, 45.5764435 ] ], [ [ 5.8924864, 45.5764435 ], [ 5.8922697, 45.5766681 ], [ 5.8920898, 45.5769088 ] ], [ [ 5.8930445, 45.5772798 ], [ 5.8920898, 45.5769088 ] ], [ [ 5.8920898, 45.5769088 ], [ 5.8919438, 45.5771099 ], [ 5.8919112, 45.577199 ], [ 5.8919257, 45.5772797 ], [ 5.892003, 45.5773606 ], [ 5.8921704, 45.5774212 ], [ 5.8923548, 45.5774877 ], [ 5.8925234, 45.5775473 ], [ 5.8928687, 45.5776727 ], [ 5.8931221, 45.5777815 ], [ 5.8932068, 45.5778307 ] ] ] } },
{ "type": "Feature", "properties": { "id_voie": "73065_1992", "nom": "Rue Jacques Brel", "type_voie": "Rue", "longueur_m": 141.4, "quartier": "HC" }, "geometry": { "type": "MultiLineString", "coordinates": [ [ [ 5.9191384, 45.5971148 ], [ 5.9188608, 45.5972554 ] ], [ [ 5.918976, 45.597566 ], [ 5.9188972, 45.5979456 ] ], [ [ 5.9188972, 45.5979456 ], [ 5.9188791, 45.5980397 ] ], [ [ 5.9188608, 45.5972554 ], [ 5.9188361, 45.5973957 ], [ 5.918976, 45.597566 ] ], [ [ 5.9188608, 45.5972554 ], [ 5.9186597, 45.597093 ] ] ] } },
{ "type": "Feature", "properties": { "id_voie": "73065_1512", "nom": "Allée du Fréjus", "type_voie": "Allée", "longueur_m": 120.8, "quartier": "BI" }, "geometry": { "type": "MultiLineString", "coordinates": [ [ [ 5.901236, 45.5792411 ], [ 5.9012914, 45.5792451 ], [ 5.9013541, 45.5792417 ], [ 5.9014667, 45.5792361 ], [ 5.901998, 45.5792124 ], [ 5.9021617, 45.5792019 ] ], [ [ 5.9011966, 45.5788069 ], [ 5.9012113, 45.5790138 ], [ 5.9012219, 45.5791189 ], [ 5.901231, 45.5791701 ], [ 5.901236, 45.5792411 ] ] ] } },
{ "type": "Feature", "properties": { "id_voie": "73065_3780", "nom": "Avenue de Turin", "type_voie": "Avenue", "longueur_m": 705.1, "quartier": "LA" }, "geometry": { "type": "MultiLineString", "coordinates": [ [ [ 5.9312839, 45.569118 ], [ 5.9315425, 45.5691797 ], [ 5.9321, 45.5693148 ] ], [ [ 5.9301424, 45.5688567 ], [ 5.9304898, 45.5689252 ], [ 5.9309198, 45.5690266 ], [ 5.9312839, 45.569118 ] ], [ [ 5.9321, 45.5693148 ], [ 5.9326104, 45.5694312 ] ], [ [ 5.9326104, 45.5694312 ], [ 5.9331065, 45.5695462 ] ], [ [ 5.9331065, 45.5695462 ], [ 5.933348, 45.5695994 ], [ 5.9336985, 45.5696777 ] ], [ [ 5.9336985, 45.5696777 ], [ 5.9342902, 45.5698028 ], [ 5.9348009, 45.5699021 ], [ 5.9349038, 45.5699309 ], [ 5.9349719, 45.5699571 ], [ 5.9350626, 45.5699989 ], [ 5.9352027, 45.5700754 ] ], [ [ 5.9363777, 45.570242 ], [ 5.9365997, 45.5702903 ] ], [ [ 5.9365997, 45.5702903 ], [ 5.9373253, 45.5704741 ] ], [ [ 5.9354679, 45.5701171 ], [ 5.9355976, 45.5701192 ], [ 5.9358851, 45.5701459 ], [ 5.9362025, 45.5702043 ], [ 5.9363777, 45.570242 ] ], [ [ 5.9389431, 45.5709085 ], [ 5.938645, 45.5708271 ], [ 5.9383444, 45.5707475 ], [ 5.9380516, 45.5706696 ], [ 5.937777, 45.5705957 ], [ 5.9373253, 45.5704741 ] ] ] } },
{ "type": "Feature", "properties": { "id_voie": "73065_0917", "nom": "Rue du Commandant Bulle", "type_voie": "Rue", "longueur_m": 2135.7, "quartier": "CV" }, "geometry": { "type": "MultiLineString", "coordinates": [ [ [ 5.9139682, 45.6015832 ], [ 5.9138529, 45.6015636 ], [ 5.913723, 45.6015346 ], [ 5.9136417, 45.6015015 ], [ 5.9135553, 45.6014695 ] ], [ [ 5.9135553, 45.6014695 ], [ 5.9134722, 45.6014519 ], [ 5.9128718, 45.6013611 ] ], [ [ 5.9128718, 45.6013611 ], [ 5.9118366, 45.6012284 ], [ 5.9115053, 45.6011775 ], [ 5.9114237, 45.6011643 ], [ 5.9113499, 45.6011518 ] ], [ [ 5.9113499, 45.6011518 ], [ 5.9112553, 45.6011344 ] ], [ [ 5.9112553, 45.6011344 ], [ 5.9108966, 45.6010518 ], [ 5.9106521, 45.6009905 ] ], [ [ 5.9106521, 45.6009905 ], [ 5.9102004, 45.6008959 ], [ 5.909735, 45.6008088 ] ], [ [ 5.909735, 45.6008088 ], [ 5.9095551, 45.6007576 ] ], [ [ 5.909404, 45.5983935 ], [ 5.9095116, 45.5983393 ], [ 5.9096929, 45.5982724 ], [ 5.9099545, 45.5981702 ], [ 5.9100084, 45.5981688 ], [ 5.9100413, 45.5981859 ], [ 5.9100586, 45.5982215 ], [ 5.9100234, 45.5982603 ], [ 5.9099064, 45.5983291 ], [ 5.9098065, 45.5984074 ], [ 5.9097331, 45.5985003 ], [ 5.9096998, 45.5985507 ], [ 5.9096163, 45.5985988 ], [ 5.909384, 45.5986968 ], [ 5.9092468, 45.5987481 ] ], [ [ 5.9089284, 45.6006062 ], [ 5.9090262, 45.6006091 ], [ 5.9092076, 45.6006423 ], [ 5.9093117, 45.6006684 ], [ 5.9093927, 45.600696 ], [ 5.9094743, 45.6007336 ], [ 5.9095551, 45.6007576 ] ], [ [ 5.9089284, 45.6006062 ], [ 5.9086158, 45.6005927 ], [ 5.9085124, 45.6005783 ], [ 5.9083499, 45.6005167 ] ], [ [ 5.909404, 45.5983935 ], [ 5.9094229, 45.5984344 ], [ 5.9094285, 45.5984685 ], [ 5.9094006, 45.5985242 ], [ 5.9093472, 45.5985571 ], [ 5.9092094, 45.5985733 ], [ 5.9090375, 45.5985751 ], [ 5.9087843, 45.598569 ], [ 5.9085125, 45.598576 ], [ 5.9082214, 45.5985809 ], [ 5.9079493, 45.5986059 ] ], [ [ 5.909404, 45.5983935 ], [ 5.9093119, 45.5983751 ], [ 5.9092401, 45.5983761 ], [ 5.9089974, 45.5983995 ], [ 5.9086718, 45.5984079 ], [ 5.9084817, 45.5984056 ], [ 5.9083989, 45.5983933 ], [ 5.9081792, 45.5983395 ], [ 5.9080197, 45.5982851 ], [ 5.9077709, 45.5981906 ], [ 5.9076724, 45.5981481 ], [ 5.9075803, 45.5981063 ], [ 5.9073892, 45.5980113 ], [ 5.9073093, 45.5979566 ], [ 5.9069284, 45.597742 ], [ 5.9067481, 45.5976575 ], [ 5.9066383, 45.5976198 ], [ 5.9065733, 45.5976034 ], [ 5.9064893, 45.5975921 ], [ 5.9062846, 45.5975821 ], [ 5.9060782, 45.5975856 ], [ 5.9059638, 45.5975831 ], [ 5.9058898, 45.597567 ], [ 5.9058093, 45.5975502 ], [ 5.9057273, 45.5975289 ] ], [ [ 5.9083499, 45.6005167 ], [ 5.9082951, 45.6004739 ], [ 5.9082585, 45.6004136 ], [ 5.9082323, 45.6003296 ], [ 5.9082212, 45.6002398 ], [ 5.9081977, 45.5997691 ], [ 5.9081882, 45.5996846 ], [ 5.908153, 45.5995774 ], [ 5.9081156, 45.5995243 ], [ 5.9080586, 45.5994654 ], [ 5.9079554, 45.5993825 ], [ 5.9078051, 45.5992828 ], [ 5.9075864, 45.5991505 ], [ 5.9074867, 45.5990855 ], [ 5.907393, 45.5990132 ], [ 5.9073225, 45.5989159 ], [ 5.9073053, 45.5988587 ], [ 5.9073071, 45.5987937 ], [ 5.9073833, 45.5987053 ], [ 5.9074874, 45.5986584 ], [ 5.9075762, 45.5986381 ], [ 5.907852, 45.5986102 ], [ 5.9079493, 45.5986059 ] ], [ [ 5.9079493, 45.5986059 ], [ 5.9078545, 45.5985615 ], [ 5.9077915, 45.5985109 ], [ 5.907715, 45.5984471 ], [ 5.9076237, 45.5983954 ], [ 5.9075191, 45.5983575 ], [ 5.9073907, 45.598332 ], [ 5.9071658, 45.5983027 ], [ 5.9069066, 45.5982815 ], [ 5.9066736, 45.5982677 ], [ 5.9064199, 45.5982526 ] ], [ [ 5.9056312, 45.5975557 ], [ 5.9055844, 45.5975452 ], [ 5.9055631, 45.5975061 ] ], [ [ 5.9055631, 45.5975061 ], [ 5.9055576, 45.5974747 ], [ 5.9055868, 45.5974433 ], [ 5.9056323, 45.5974304 ], [ 5.9056605, 45.5974297 ] ], [ [ 5.9057273, 45.5975289 ], [ 5.90572, 45.5975354 ], [ 5.9057042, 45.597552 ], [ 5.9056312, 45.5975557 ] ], [ [ 5.9056605, 45.5974297 ], [ 5.9056772, 45.5974302 ], [ 5.9057115, 45.5974482 ], [ 5.9057329, 45.5974891 ], [ 5.9057273, 45.5975289 ] ], [ [ 5.9055945, 45.5968565 ], [ 5.9056271, 45.5969386 ], [ 5.9056385, 45.5970103 ], [ 5.9056518, 45.5971163 ], [ 5.9056557, 45.5971901 ], [ 5.9056594, 45.5972612 ] ], [ [ 5.9036726, 45.5962619 ], [ 5.9038813, 45.596325 ], [ 5.9042513, 45.596429 ], [ 5.9047907, 45.5965808 ] ], [ [ 5.9051592, 45.5959721 ], [ 5.9052855, 45.595639 ] ], [ [ 5.9053251, 45.5967373 ], [ 5.9053226, 45.5966635 ], [ 5.9053451, 45.5965557 ], [ 5.9056711, 45.5958444 ] ], [ [ 5.9053251, 45.5967373 ], [ 5.9054755, 45.5967893 ], [ 5.9055945, 45.5968565 ] ], [ [ 5.9049145, 45.5966164 ], [ 5.9053251, 45.5967373 ] ], [ [ 5.9046285, 45.5971599 ], [ 5.904994, 45.5969585 ], [ 5.9052044, 45.5968342 ], [ 5.9053251, 45.5967373 ] ], [ [ 5.9049145, 45.5966164 ], [ 5.9051592, 45.5959721 ] ], [ [ 5.9051592, 45.5959721 ], [ 5.9051255, 45.5959657 ], [ 5.9050763, 45.595958 ], [ 5.9050376, 45.5959545 ], [ 5.9049964, 45.5959519 ], [ 5.9049659, 45.5959572 ], [ 5.9049446, 45.5959668 ], [ 5.904926, 45.595979 ], [ 5.9049152, 45.5959937 ], [ 5.9048901, 45.5960538 ], [ 5.9047933, 45.5962888 ] ], [ [ 5.9047907, 45.5965808 ], [ 5.9049145, 45.5966164 ] ], [ [ 5.9037057, 45.596134 ], [ 5.9036726, 45.5962619 ] ], [ [ 5.9038637, 45.5955721 ], [ 5.9038069, 45.5957628 ], [ 5.9037504, 45.595958 ], [ 5.9037057, 45.596134 ] ] ] } },
{ "type": "Feature", "properties": { "id_voie": "73065_2460", "nom": "Rue de Maistre", "type_voie": "Rue", "longueur_m": 73.5, "quartier": "CE" }, "geometry": { "type": "LineString", "coordinates": [ [ 5.9199239, 45.5673016 ], [ 5.9197147, 45.5671539 ], [ 5.9194405, 45.5669402 ], [ 5.9192765, 45.5668219 ] ] } },
{ "type": "Feature", "properties": { "id_voie": "73065_1515", "nom": "Allée des Frênes", "type_voie": "Allée", "longueur_m": 54.9, "quartier": "HC" }, "geometry": { "type": "LineString", "coordinates": [ [ 5.9163534, 45.5843195 ], [ 5.9159358, 45.5842114 ], [ 5.9156883, 45.5842647 ] ] } },
{ "type": "Feature", "properties": { "id_voie": "73065_2760", "nom": "Chemin de Montjay", "type_voie": "Chemin", "longueur_m": 661.8, "quartier": "CE" }, "geometry": { "type": "MultiLineString", "coordinates": [ [ [ 5.9089103, 45.5684532 ], [ 5.9089298, 45.5691907 ], [ 5.9089475, 45.5693317 ] ], [ [ 5.9089475, 45.5693317 ], [ 5.9089591, 45.5694062 ] ], [ [ 5.9089257, 45.5701387 ], [ 5.9088321, 45.5702862 ], [ 5.9087358, 45.5704077 ], [ 5.9085787, 45.5706172 ], [ 5.9085351, 45.5706904 ] ], [ [ 5.9089528, 45.5700209 ], [ 5.9089257, 45.5701387 ] ], [ [ 5.9089591, 45.5694062 ], [ 5.9089689, 45.5697646 ], [ 5.9089528, 45.5700209 ] ], [ [ 5.9089995, 45.5677318 ], [ 5.9089625, 45.5678824 ], [ 5.9089394, 45.5680289 ], [ 5.9089083, 45.5683902 ], [ 5.9089103, 45.5684532 ] ], [ [ 5.9090397, 45.5675199 ], [ 5.9089995, 45.5677318 ] ], [ [ 5.9090482, 45.567462 ], [ 5.9090397, 45.5675199 ] ], [ [ 5.9090482, 45.567462 ], [ 5.9090912, 45.5672546 ], [ 5.9090981, 45.5671661 ], [ 5.9090985, 45.5666119 ], [ 5.9090903, 45.5664553 ], [ 5.9090727, 45.5661692 ], [ 5.9090776, 45.5660177 ] ], [ [ 5.9091545, 45.5656499 ], [ 5.9091045, 45.5658449 ], [ 5.9090776, 45.5660177 ] ], [ [ 5.9092378, 45.5652819 ], [ 5.9091618, 45.5656173 ], [ 5.9091545, 45.5656499 ] ], [ [ 5.9093397, 45.5648269 ], [ 5.9092955, 45.5650353 ], [ 5.9092378, 45.5652819 ] ] ] } },
{ "type": "Feature", "properties": { "id_voie": "73065_3620", "nom": "Rue Sommeiller", "type_voie": "Rue", "longueur_m": 188.2, "quartier": "CE" }, "geometry": { "type": "MultiLineString", "coordinates": [ [ [ 5.920268, 45.5699365 ], [ 5.9203335, 45.5699131 ], [ 5.9203759, 45.5698417 ], [ 5.9204055, 45.5697716 ], [ 5.9204585, 45.5696801 ], [ 5.9207609, 45.5693325 ], [ 5.9209329, 45.5690911 ], [ 5.9210218, 45.568977 ], [ 5.9211783, 45.5687558 ], [ 5.9212913, 45.5686132 ], [ 5.9213514, 45.5685603 ] ], [ [ 5.9213514, 45.5685603 ], [ 5.921455, 45.5684819 ] ] ] } },
{ "type": "Feature", "properties": { "id_voie": "73065_3640", "nom": "Place du Stade", "type_voie": "Place", "longueur_m": 108.0, "quartier": "CE" }, "geometry": { "type": "MultiLineString", "coordinates": [ [ [ 5.9105812, 45.5723477 ], [ 5.9105503, 45.5723692 ], [ 5.9104564, 45.5723906 ], [ 5.9104242, 45.5723878 ] ], [ [ 5.9104221, 45.5720788 ], [ 5.9104722, 45.5720793 ], [ 5.9105663, 45.572112 ], [ 5.9106129, 45.5721703 ] ], [ [ 5.9106129, 45.5721703 ], [ 5.9106363, 45.5722489 ], [ 5.9105812, 45.5723477 ] ], [ [ 5.9102086, 45.5722402 ], [ 5.910224, 45.5721668 ] ], [ [ 5.9102961, 45.5723659 ], [ 5.9102558, 45.5723327 ], [ 5.910225, 45.5723073 ], [ 5.9102086, 45.5722402 ] ], [ [ 5.910224, 45.5721668 ], [ 5.9102865, 45.5721111 ], [ 5.9103682, 45.5720793 ], [ 5.9104221, 45.5720788 ] ], [ [ 5.9104242, 45.5723878 ], [ 5.910365, 45.5723839 ], [ 5.9102961, 45.5723659 ] ] ] } },
{ "type": "Feature", "properties": { "id_voie": "73065_0096", "nom": "Rue Amiral Gérard Daille", "type_voie": "Rue", "longueur_m": 114.6, "quartier": "CE" }, "geometry": { "type": "MultiLineString", "coordinates": [ [ [ 5.9090788, 45.5777012 ], [ 5.9091427, 45.5776968 ], [ 5.9092004, 45.5776962 ], [ 5.9092685, 45.5776972 ], [ 5.9093519, 45.5776977 ], [ 5.909452, 45.5776978 ], [ 5.9095597, 45.5776969 ], [ 5.9096648, 45.577695 ], [ 5.9097674, 45.5776933 ] ], [ [ 5.9097674, 45.5776933 ], [ 5.9098636, 45.5776926 ], [ 5.9099521, 45.5776921 ], [ 5.9100341, 45.57769 ], [ 5.9101139, 45.5776942 ], [ 5.9101914, 45.5777048 ], [ 5.9103362, 45.5777245 ], [ 5.910542, 45.5777336 ] ] ] } },
{ "type": "Feature", "properties": { "id_voie": "73065_3209", "nom": "Rue de Putigny", "type_voie": "Rue", "longueur_m": 762.3, "quartier": "CV" }, "geometry": { "type": "MultiLineString", "coordinates": [ [ [ 5.9100353, 45.60594 ], [ 5.9100522, 45.6057737 ], [ 5.910054, 45.6055872 ], [ 5.9100756, 45.6052172 ], [ 5.9101172, 45.6048845 ] ], [ [ 5.9102795, 45.6040639 ], [ 5.9102741, 45.6040343 ], [ 5.9103214, 45.6035429 ], [ 5.9103148, 45.6033664 ], [ 5.9102961, 45.6033038 ], [ 5.9102606, 45.603239 ], [ 5.9102219, 45.6031877 ], [ 5.9100297, 45.602999 ], [ 5.909862, 45.6028609 ], [ 5.9097115, 45.6027576 ], [ 5.9096095, 45.6026485 ], [ 5.9094677, 45.6024422 ], [ 5.9094111, 45.6022923 ] ], [ [ 5.9108865, 45.6063324 ], [ 5.9108886, 45.6062747 ], [ 5.9108995, 45.6062384 ], [ 5.910976, 45.606031 ], [ 5.9109734, 45.6060058 ], [ 5.910962, 45.6059845 ], [ 5.9109433, 45.6059705 ], [ 5.9108705, 45.6059535 ], [ 5.9107364, 45.6059435 ], [ 5.9102587, 45.6059396 ], [ 5.9100353, 45.60594 ] ], [ [ 5.9101222, 45.6048573 ], [ 5.910167, 45.6046841 ], [ 5.9102063, 45.6044785 ], [ 5.9102465, 45.6041927 ], [ 5.9102795, 45.6040639 ] ], [ [ 5.9101172, 45.6048845 ], [ 5.9101222, 45.6048573 ] ], [ [ 5.9114933, 45.6064222 ], [ 5.9113192, 45.6064068 ], [ 5.9109645, 45.6063755 ], [ 5.9109464, 45.6063723 ], [ 5.9108865, 45.6063324 ] ], [ [ 5.909471, 45.6011851 ], [ 5.9095198, 45.6008667 ], [ 5.9095551, 45.6007576 ] ], [ [ 5.9094111, 45.6022923 ], [ 5.9093886, 45.6022055 ], [ 5.909373, 45.6020076 ], [ 5.9093883, 45.601809 ], [ 5.909471, 45.6011851 ] ] ] } },
{ "type": "Feature", "properties": { "id_voie": "73065_3061", "nom": "Rue du Père Roger Guichardan", "type_voie": "Rue", "longueur_m": 179.1, "quartier": "CE" }, "geometry": { "type": "MultiLineString", "coordinates": [ [ [ 5.9123766, 45.5664711 ], [ 5.9122692, 45.5664289 ], [ 5.9121429, 45.5664177 ], [ 5.9120051, 45.566433 ], [ 5.9118087, 45.5664795 ], [ 5.9116888, 45.5665169 ], [ 5.9116173, 45.5665242 ], [ 5.9115572, 45.5665032 ], [ 5.9115156, 45.5664682 ], [ 5.9114923, 45.5664157 ], [ 5.9114834, 45.5663438 ], [ 5.9114896, 45.5662905 ], [ 5.9115239, 45.5662355 ], [ 5.9115888, 45.5661753 ], [ 5.9116493, 45.566107 ], [ 5.9117276, 45.5660104 ], [ 5.9118059, 45.5659119 ], [ 5.9118735, 45.5658327 ] ], [ [ 5.9118735, 45.5658327 ], [ 5.9120459, 45.565621 ] ] ] } },
{ "type": "Feature", "properties": { "id_voie": "73065_0130", "nom": "Rue d'Angleterre", "type_voie": "Rue", "longueur_m": 173.2, "quartier": "CE" }, "geometry": { "type": "MultiLineString", "coordinates": [ [ [ 5.914399, 45.5706556 ], [ 5.9144616, 45.570772 ], [ 5.9146563, 45.5711815 ] ], [ [ 5.9146563, 45.5711815 ], [ 5.9146872, 45.5712564 ], [ 5.9147648, 45.5714391 ], [ 5.9148529, 45.5716747 ], [ 5.9148956, 45.571779 ], [ 5.9150635, 45.5721414 ] ] ] } },
{ "type": "Feature", "properties": { "id_voie": "73065_m078c6", "nom": "Chemin des Monts Dessus", "type_voie": "Chemin", "longueur_m": 124.1, "quartier": "LA" }, "geometry": { "type": "MultiLineString", "coordinates": [ [ [ 5.931033, 45.5769425 ], [ 5.9310019, 45.576937 ], [ 5.9307337, 45.5768872 ], [ 5.9306199, 45.5768712 ], [ 5.9305376, 45.5768671 ], [ 5.9304769, 45.5768849 ], [ 5.9304296, 45.5769366 ] ], [ [ 5.9304296, 45.5769366 ], [ 5.9304333, 45.5769581 ], [ 5.9304442, 45.5770173 ], [ 5.9304906, 45.5770954 ], [ 5.9305923, 45.5771982 ], [ 5.9306732, 45.577297 ], [ 5.9307543, 45.5773985 ], [ 5.9308337, 45.5775162 ] ] ] } },
{ "type": "Feature", "properties": { "id_voie": "73065_1900", "nom": "Rue Hippolyte Dolin", "type_voie": "Rue", "longueur_m": 58.0, "quartier": "LA" }, "geometry": { "type": "LineString", "coordinates": [ [ 5.9238308, 45.5711531 ], [ 5.9239937, 45.5711777 ], [ 5.9241476, 45.5711764 ], [ 5.9242187, 45.5711619 ], [ 5.9243219, 45.5710989 ], [ 5.924366, 45.5710599 ], [ 5.9243954, 45.5710087 ], [ 5.9244034, 45.5709652 ] ] } },
{ "type": "Feature", "properties": { "id_voie": "73065_0772", "nom": "Rue de la Charve", "type_voie": "Rue", "longueur_m": 142.2, "quartier": "BI" }, "geometry": { "type": "MultiLineString", "coordinates": [ [ [ 5.8777192, 45.5837329 ], [ 5.8777388, 45.583764 ], [ 5.8777619, 45.5837886 ], [ 5.877789, 45.5838167 ], [ 5.8778357, 45.5838516 ], [ 5.8780111, 45.5839435 ], [ 5.878074, 45.5839671 ], [ 5.878128, 45.5839937 ], [ 5.878164, 45.5840198 ], [ 5.8781873, 45.584048 ], [ 5.8782021, 45.5840873 ], [ 5.8782002, 45.5841243 ], [ 5.8781903, 45.5841813 ], [ 5.8781668, 45.5842477 ], [ 5.8781637, 45.5842865 ], [ 5.8781842, 45.5843094 ], [ 5.8782182, 45.5843221 ], [ 5.8782673, 45.5843298 ], [ 5.8784252, 45.5843312 ] ], [ [ 5.8778832, 45.5833818 ], [ 5.8777667, 45.5835857 ], [ 5.8777338, 45.5836442 ], [ 5.8777171, 45.5836924 ], [ 5.8777192, 45.5837329 ] ] ] } },
{ "type": "Feature", "properties": { "id_voie": "73065_2310", "nom": "Chemin de Lélia", "type_voie": "Chemin", "longueur_m": 329.3, "quartier": "BI" }, "geometry": { "type": "MultiLineString", "coordinates": [ [ [ 5.8959731, 45.5755454 ], [ 5.8959735, 45.5753562 ] ], [ [ 5.8959735, 45.5753562 ], [ 5.8959528, 45.5752063 ], [ 5.8958813, 45.5749171 ] ], [ [ 5.8958813, 45.5749171 ], [ 5.8964046, 45.5744963 ], [ 5.8964141, 45.5744573 ], [ 5.8963877, 45.5744183 ], [ 5.8957468, 45.5740131 ], [ 5.8956898, 45.5739786 ], [ 5.8956544, 45.5739633 ], [ 5.8956222, 45.5739614 ] ], [ [ 5.8956222, 45.5739614 ], [ 5.895612, 45.5739869 ], [ 5.8956165, 45.5740246 ], [ 5.8956353, 45.5740638 ], [ 5.8956573, 45.5740938 ], [ 5.8956902, 45.5742065 ], [ 5.8957931, 45.5746049 ], [ 5.8958813, 45.5749171 ] ] ] } },
{ "type": "Feature", "properties": { "id_voie": "73065_0408", "nom": "Rue de Borolan", "type_voie": "Rue", "longueur_m": 272.3, "quartier": "CV" }, "geometry": { "type": "MultiLineString", "coordinates": [ [ [ 5.8891105, 45.6072878 ], [ 5.888909, 45.6071641 ] ], [ [ 5.8898877, 45.6084041 ], [ 5.8897699, 45.6085819 ], [ 5.8895954, 45.6088549 ], [ 5.889376, 45.6092264 ] ], [ [ 5.8891105, 45.6072878 ], [ 5.8893524, 45.6074447 ], [ 5.8896571, 45.6076756 ], [ 5.8898699, 45.6078405 ] ], [ [ 5.8898699, 45.6078405 ], [ 5.8899735, 45.6079568 ], [ 5.8899909, 45.6080942 ], [ 5.8899694, 45.6082479 ], [ 5.8898877, 45.6084041 ] ] ] } },
{ "type": "Feature", "properties": { "id_voie": "73065_1439", "nom": "Allée des Fourches", "type_voie": "Allée", "longueur_m": 268.6, "quartier": null }, "geometry": { "type": "MultiLineString", "coordinates": [ [ [ 5.9079017, 45.609659 ], [ 5.90791, 45.6096218 ], [ 5.9079861, 45.6093351 ], [ 5.9080049, 45.6091553 ], [ 5.9080102, 45.6091336 ] ], [ [ 5.9088359, 45.6098457 ], [ 5.9086925, 45.6098539 ], [ 5.9085926, 45.6098574 ], [ 5.9084924, 45.6098564 ], [ 5.9083456, 45.6098485 ], [ 5.9080056, 45.6098032 ], [ 5.9079602, 45.6097954 ], [ 5.9079222, 45.6097801 ], [ 5.9079044, 45.6097589 ], [ 5.9078939, 45.6097295 ], [ 5.9078954, 45.6096862 ], [ 5.9079017, 45.609659 ] ], [ [ 5.9088359, 45.6098457 ], [ 5.9088345, 45.6096727 ], [ 5.9088565, 45.6091378 ] ], [ [ 5.9093285, 45.60996 ], [ 5.9092645, 45.60994 ], [ 5.9092126, 45.6099297 ], [ 5.909143, 45.6099242 ], [ 5.9090981, 45.6099245 ], [ 5.9090301, 45.6099245 ], [ 5.9089761, 45.6099241 ], [ 5.908931, 45.6099216 ], [ 5.9088935, 45.6099163 ], [ 5.9088634, 45.6099053 ], [ 5.9088417, 45.6098825 ], [ 5.9088359, 45.6098457 ] ] ] } },
{ "type": "Feature", "properties": { "id_voie": "73065_2350", "nom": "Rue de la Liberté", "type_voie": "Rue", "longueur_m": 149.8, "quartier": "CE" }, "geometry": { "type": "MultiLineString", "coordinates": [ [ [ 5.9081786, 45.5728469 ], [ 5.90814, 45.5727956 ] ], [ [ 5.90814, 45.5727956 ], [ 5.9076023, 45.5720833 ] ], [ [ 5.9072759, 45.5716574 ], [ 5.9075581, 45.5720241 ], [ 5.9076023, 45.5720833 ] ] ] } },
{ "type": "Feature", "properties": { "id_voie": "73065_3500", "nom": "Montée Saint-Sébastien", "type_voie": "Montée", "longueur_m": 173.3, "quartier": "BO" }, "geometry": { "type": "MultiLineString", "coordinates": [ [ [ 5.9153698, 45.5628414 ], [ 5.9153598, 45.5630904 ], [ 5.9153457, 45.5631394 ], [ 5.9153123, 45.5631862 ] ], [ [ 5.9154107, 45.5624962 ], [ 5.9153803, 45.5626501 ], [ 5.9153725, 45.5627945 ], [ 5.9153698, 45.5628414 ] ], [ [ 5.9142181, 45.5635525 ], [ 5.9144406, 45.5634422 ], [ 5.9145088, 45.5633981 ], [ 5.914597, 45.563367 ], [ 5.9147289, 45.5633383 ], [ 5.9148953, 45.563307 ], [ 5.9150775, 45.563259 ], [ 5.9151813, 45.5632329 ], [ 5.9153123, 45.5631862 ] ] ] } },
{ "type": "Feature", "properties": { "id_voie": "73065_2285", "nom": "Rue du Larzac", "type_voie": "Rue", "longueur_m": 326.1, "quartier": "HC" }, "geometry": { "type": "MultiLineString", "coordinates": [ [ [ 5.9173554, 45.5978684 ], [ 5.9172917, 45.5980485 ], [ 5.9172524, 45.5981793 ], [ 5.9172103, 45.5982831 ], [ 5.9168911, 45.5988519 ], [ 5.9167711, 45.59901 ], [ 5.9165331, 45.5991946 ], [ 5.9164732, 45.599252 ], [ 5.9164218, 45.5993245 ], [ 5.9163084, 45.5995113 ], [ 5.9162059, 45.5997104 ] ], [ [ 5.9162059, 45.5997104 ], [ 5.9161301, 45.5998556 ], [ 5.9159589, 45.6001637 ], [ 5.9158102, 45.6004343 ] ], [ [ 5.9158102, 45.6004343 ], [ 5.9157431, 45.6005505 ] ] ] } },
{ "type": "Feature", "properties": { "id_voie": "73065_0272", "nom": "Rue Raymond Belinguier", "type_voie": "Rue", "longueur_m": 152.9, "quartier": "LA" }, "geometry": { "type": "MultiLineString", "coordinates": [ [ [ 5.9332906, 45.5689269 ], [ 5.9336607, 45.5690118 ], [ 5.9338137, 45.569043 ], [ 5.9338473, 45.5690457 ], [ 5.9338891, 45.5690365 ], [ 5.933915, 45.569016 ] ], [ [ 5.933915, 45.569016 ], [ 5.9339325, 45.568984 ], [ 5.9340696, 45.5686173 ], [ 5.934156, 45.5684078 ], [ 5.9341738, 45.5683803 ], [ 5.9342077, 45.568365 ], [ 5.9342671, 45.5683733 ], [ 5.9343708, 45.5683923 ], [ 5.9345059, 45.5684257 ] ] ] } },
{ "type": "Feature", "properties": { "id_voie": "73065_0670", "nom": "Impasse du Chardonnet", "type_voie": "Impasse", "longueur_m": 94.4, "quartier": "LA" }, "geometry": { "type": "MultiLineString", "coordinates": [ [ [ 5.9274138, 45.5657272 ], [ 5.926672, 45.5656239 ] ], [ [ 5.9278573, 45.5657931 ], [ 5.9274138, 45.5657272 ] ] ] } },
{ "type": "Feature", "properties": { "id_voie": "73065_0760", "nom": "Chemin des Charmettes", "type_voie": "Chemin", "longueur_m": 1323.6, "quartier": "LA" }, "geometry": { "type": "MultiLineString", "coordinates": [ [ [ 5.9312856, 45.5563648 ], [ 5.9313432, 45.5565318 ], [ 5.9313864, 45.5566451 ], [ 5.9314045, 45.5567203 ], [ 5.931425, 45.5568649 ], [ 5.9314241, 45.556946 ], [ 5.9314034, 45.5571123 ], [ 5.9313427, 45.557395 ] ], [ [ 5.9292113, 45.5506302 ], [ 5.9292491, 45.5509086 ], [ 5.9293125, 45.5511863 ], [ 5.929493, 45.5513987 ], [ 5.9298304, 45.5516666 ], [ 5.929991, 45.5518417 ], [ 5.9300763, 45.5519999 ], [ 5.9301332, 45.5521543 ], [ 5.9301433, 45.552273 ], [ 5.9301582, 45.5523852 ], [ 5.930162, 45.5526032 ], [ 5.9301674, 45.5527292 ], [ 5.9302304, 45.5530222 ], [ 5.930279, 45.5531651 ], [ 5.9303561, 45.5533388 ], [ 5.9305197, 45.5535697 ], [ 5.9305717, 45.553681 ], [ 5.9306765, 45.5539639 ], [ 5.930718, 45.5541196 ], [ 5.9308283, 45.5546042 ], [ 5.9308773, 45.554876 ], [ 5.9309206, 45.5550641 ], [ 5.9309561, 45.555347 ] ], [ [ 5.9309561, 45.555347 ], [ 5.9310605, 45.555721 ], [ 5.931183, 45.5560737 ], [ 5.9312856, 45.5563648 ] ], [ [ 5.9313427, 45.557395 ], [ 5.9313053, 45.5575852 ], [ 5.9312608, 45.5577873 ], [ 5.9312182, 45.5580002 ], [ 5.9311365, 45.558397 ], [ 5.9310171, 45.5588074 ], [ 5.9309888, 45.5589515 ], [ 5.9309648, 45.55908 ] ], [ [ 5.9309084, 45.559396 ], [ 5.9308899, 45.5593361 ], [ 5.9308785, 45.559267 ], [ 5.9308768, 45.5591851 ], [ 5.9309078, 45.5591176 ], [ 5.9309648, 45.55908 ] ], [ [ 5.9310763, 45.5605324 ], [ 5.9310542, 45.5604311 ], [ 5.931049, 45.5603556 ], [ 5.931055, 45.5602509 ], [ 5.9310767, 45.56008 ], [ 5.9310797, 45.5597961 ], [ 5.9310495, 45.5596131 ], [ 5.9310157, 45.559532 ], [ 5.9309765, 45.5594699 ], [ 5.930936, 45.5594331 ], [ 5.9309084, 45.559396 ] ], [ [ 5.9290367, 45.5502374 ], [ 5.9290383, 45.5501959 ], [ 5.9290893, 45.5500919 ], [ 5.9290982, 45.5500178 ], [ 5.9290786, 45.5499381 ], [ 5.9290343, 45.5498527 ], [ 5.9289588, 45.5497096 ], [ 5.9289205, 45.5496412 ], [ 5.9288835, 45.549571 ], [ 5.9288611, 45.5495112 ] ], [ [ 5.9292113, 45.5506302 ], [ 5.9291145, 45.5504481 ], [ 5.9290596, 45.5503314 ], [ 5.9290463, 45.5502976 ], [ 5.9290367, 45.5502374 ] ], [ [ 5.9288611, 45.5495112 ], [ 5.928817, 45.5493069 ], [ 5.9287886, 45.5491833 ], [ 5.928769, 45.5491279 ], [ 5.9287411, 45.5490845 ], [ 5.928714, 45.5490573 ] ] ] } },
{ "type": "Feature", "properties": { "id_voie": "IGN-2338714934", "nom": "R Des Gendarmes Ferhat Et Fourni", "type_voie": "Rue", "longueur_m": 403.0, "quartier": "HC" }, "geometry": { "type": "MultiLineString", "coordinates": [ [ [ 5.9162059, 45.5997104 ], [ 5.9162429, 45.5997301 ], [ 5.9162775, 45.599777 ], [ 5.9163229, 45.5998119 ], [ 5.9163716, 45.5998331 ], [ 5.9169835, 45.6000218 ], [ 5.9174259, 45.600159 ], [ 5.9175455, 45.6002118 ], [ 5.9176215, 45.6002657 ], [ 5.9176768, 45.6003165 ], [ 5.9177169, 45.6003704 ], [ 5.917743, 45.6004283 ], [ 5.9177573, 45.6004802 ], [ 5.9177624, 45.6005287 ], [ 5.9177577, 45.6005847 ], [ 5.9177202, 45.6006776 ], [ 5.9176413, 45.6008617 ], [ 5.9172488, 45.6016963 ] ], [ [ 5.9156312, 45.5995225 ], [ 5.9156835, 45.5995653 ], [ 5.9157419, 45.5996007 ], [ 5.9158307, 45.59963 ], [ 5.9159876, 45.5996602 ], [ 5.9162059, 45.5997104 ] ], [ [ 5.9171558, 45.6019763 ], [ 5.9171662, 45.6018823 ], [ 5.9171832, 45.6018386 ], [ 5.9172488, 45.6016963 ] ], [ [ 5.9154727, 45.5993401 ], [ 5.9155333, 45.5993935 ], [ 5.9155774, 45.59945 ], [ 5.9156312, 45.5995225 ] ] ] } },
{ "type": "Feature", "properties": { "id_voie": "73065_2070", "nom": "Rue Jean Moulin", "type_voie": "Rue", "longueur_m": 51.5, "quartier": "CE" }, "geometry": { "type": "LineString", "coordinates": [ [ 5.9233023, 45.5663857 ], [ 5.9238605, 45.5666325 ] ] } },
{ "type": "Feature", "properties": { "id_voie": "73065_ysh2ub", "nom": "Chemin des Hauts de Chamoux", "type_voie": "Chemin", "longueur_m": 210.4, "quartier": "BI" }, "geometry": { "type": "MultiLineString", "coordinates": [ [ [ 5.8773116, 45.582062 ], [ 5.8770222, 45.582073 ], [ 5.8768952, 45.5820744 ], [ 5.8767801, 45.5820819 ], [ 5.8766857, 45.5820924 ], [ 5.876551, 45.5821175 ] ], [ [ 5.8754, 45.583157 ], [ 5.8755738, 45.583094 ], [ 5.875646, 45.5830516 ], [ 5.8756788, 45.5830156 ], [ 5.8757694, 45.5829061 ], [ 5.8758866, 45.5827923 ], [ 5.8760026, 45.5827271 ], [ 5.8760999, 45.5826724 ], [ 5.8761902, 45.5825826 ], [ 5.8763389, 45.5823581 ], [ 5.8764454, 45.5821842 ], [ 5.8764918, 45.5821388 ], [ 5.876551, 45.5821175 ] ] ] } },
{ "type": "Feature", "properties": { "id_voie": "73065_0856", "nom": "Allée des Clématis", "type_voie": "Allée", "longueur_m": 251.2, "quartier": "HC" }, "geometry": { "type": "MultiLineString", "coordinates": [ [ [ 5.9203979, 45.5874278 ], [ 5.9202564, 45.5873729 ], [ 5.9200624, 45.5872959 ], [ 5.9198539, 45.5872121 ], [ 5.9196114, 45.5871157 ], [ 5.9193703, 45.5870219 ], [ 5.9192203, 45.5869763 ], [ 5.9191493, 45.5869673 ], [ 5.919084, 45.5869708 ] ], [ [ 5.919084, 45.5869708 ], [ 5.9190169, 45.5869879 ], [ 5.9189582, 45.5870191 ], [ 5.9189157, 45.5870653 ], [ 5.9188728, 45.5871754 ], [ 5.9188276, 45.5872929 ], [ 5.9187645, 45.5873855 ], [ 5.9187162, 45.5874183 ], [ 5.9186607, 45.5874369 ], [ 5.9185863, 45.5874379 ], [ 5.9185225, 45.5874206 ], [ 5.9184732, 45.5873859 ], [ 5.9184324, 45.5873184 ], [ 5.9183816, 45.5872062 ], [ 5.9183382, 45.5871136 ], [ 5.9182889, 45.5870798 ], [ 5.9180993, 45.5870117 ] ] ] } },
{ "type": "Feature", "properties": { "id_voie": "73065_3350", "nom": "Rue Roger Labbe", "type_voie": "Rue", "longueur_m": 326.1, "quartier": "BI" }, "geometry": { "type": "MultiLineString", "coordinates": [ [ [ 5.8955537, 45.5781523 ], [ 5.8954947, 45.578079 ], [ 5.8954699, 45.5780211 ], [ 5.8954603, 45.577961 ], [ 5.8954638, 45.5777824 ], [ 5.8954579, 45.5776934 ] ], [ [ 5.8954579, 45.5776934 ], [ 5.8954373, 45.5776182 ], [ 5.8954081, 45.5775748 ], [ 5.8953478, 45.5775268 ], [ 5.8953037, 45.5774919 ] ], [ [ 5.8953037, 45.5774919 ], [ 5.8952472, 45.5774438 ], [ 5.8951107, 45.5773599 ], [ 5.8949659, 45.5772645 ], [ 5.8944173, 45.5769074 ], [ 5.8942442, 45.5768119 ], [ 5.8940544, 45.5767149 ], [ 5.8934922, 45.5764663 ], [ 5.8932411, 45.5763511 ], [ 5.8929128, 45.5762055 ], [ 5.8927955, 45.5761454 ] ] ] } },
{ "type": "Feature", "properties": { "id_voie": "73065_3430", "nom": "Rue Saint-François de Sales", "type_voie": "Rue", "longueur_m": 113.2, "quartier": "CE" }, "geometry": { "type": "MultiLineString", "coordinates": [ [ [ 5.9248825, 45.5673042 ], [ 5.9248549, 45.567341 ] ], [ [ 5.9253294, 45.5667781 ], [ 5.9251441, 45.5669856 ], [ 5.9249295, 45.5672471 ], [ 5.9248825, 45.5673042 ] ], [ [ 5.9256451, 45.5664887 ], [ 5.9253294, 45.5667781 ] ] ] } },
{ "type": "Feature", "properties": { "id_voie": "73065_1722", "nom": "Allée du Goléron", "type_voie": "Allée", "longueur_m": 160.7, "quartier": "CV" }, "geometry": { "type": "LineString", "coordinates": [ [ 5.9055631, 45.5975061 ], [ 5.9054536, 45.5975468 ], [ 5.9053589, 45.5975763 ], [ 5.9052931, 45.5975951 ], [ 5.9051973, 45.5976525 ], [ 5.9049873, 45.5978102 ], [ 5.9047108, 45.5980445 ], [ 5.9042052, 45.5985621 ] ] } },
{ "type": "Feature", "properties": { "id_voie": "73065_0420", "nom": "Rue Bonne de Bourbon", "type_voie": "Rue", "longueur_m": 577.2, "quartier": "LA" }, "geometry": { "type": "MultiLineString", "coordinates": [ [ [ 5.9289882, 45.57314 ], [ 5.9290874, 45.5730987 ], [ 5.9291553, 45.573096 ], [ 5.9294006, 45.57315 ], [ 5.929658, 45.5732135 ], [ 5.9302854, 45.5733828 ], [ 5.9304121, 45.573402 ], [ 5.9304373, 45.5733924 ], [ 5.93044, 45.5733707 ], [ 5.9303994, 45.5733303 ], [ 5.9303309, 45.5732978 ], [ 5.9301617, 45.5731797 ], [ 5.930057, 45.5731157 ], [ 5.9298953, 45.5729938 ], [ 5.9297132, 45.5728733 ], [ 5.9295081, 45.572757 ], [ 5.9294185, 45.5727116 ], [ 5.9293571, 45.5726915 ], [ 5.9293176, 45.5726718 ], [ 5.929304, 45.5726578 ], [ 5.9293108, 45.5726396 ], [ 5.929354, 45.5726321 ], [ 5.9294209, 45.5726358 ], [ 5.9295035, 45.5726454 ], [ 5.9295892, 45.5726648 ], [ 5.9301445, 45.5727314 ], [ 5.9304411, 45.5727849 ], [ 5.9305754, 45.5728012 ] ], [ [ 5.9289882, 45.57314 ], [ 5.9293919, 45.5733502 ], [ 5.9296466, 45.5735076 ], [ 5.9297176, 45.5735643 ], [ 5.9298615, 45.5736651 ], [ 5.9300818, 45.5737549 ], [ 5.9301075, 45.5738038 ], [ 5.9301015, 45.5738354 ], [ 5.9300477, 45.573863 ], [ 5.9299126, 45.5738782 ], [ 5.9293832, 45.5739136 ], [ 5.9292473, 45.5739145 ], [ 5.9289889, 45.5739302 ], [ 5.9288544, 45.5739346 ], [ 5.928747, 45.5739419 ], [ 5.9287002, 45.5739783 ] ] ] } },
{ "type": "Feature", "properties": { "id_voie": "73065_1240", "nom": "Chemin des Edelweiss", "type_voie": "Chemin", "longueur_m": 284.6, "quartier": "HC" }, "geometry": { "type": "MultiLineString", "coordinates": [ [ [ 5.9180404, 45.5836765 ], [ 5.9183437, 45.5835623 ], [ 5.9188673, 45.5833676 ], [ 5.9190573, 45.583296 ], [ 5.9191776, 45.5832406 ], [ 5.919263, 45.583205 ] ], [ [ 5.9180404, 45.5836765 ], [ 5.9178328, 45.5837549 ], [ 5.9176051, 45.5838419 ] ], [ [ 5.919263, 45.583205 ], [ 5.9193343, 45.5830977 ], [ 5.9195517, 45.582938 ], [ 5.9195892, 45.5829181 ] ], [ [ 5.9205977, 45.5824278 ], [ 5.9199615, 45.5827264 ], [ 5.9195892, 45.5829181 ] ] ] } },
{ "type": "Feature", "properties": { "id_voie": "73065_1652", "nom": "Rue du Genevois", "type_voie": "Rue", "longueur_m": 677.7, "quartier": "HC" }, "geometry": { "type": "MultiLineString", "coordinates": [ [ [ 5.9217, 45.5909235 ], [ 5.9212548, 45.5907567 ] ], [ [ 5.9212548, 45.5907567 ], [ 5.9211977, 45.5907194 ], [ 5.9211328, 45.590658 ], [ 5.9210908, 45.5905672 ], [ 5.9209388, 45.5900936 ], [ 5.9208527, 45.589921 ] ], [ [ 5.9206172, 45.5898109 ], [ 5.9207747, 45.589878 ], [ 5.9208527, 45.589921 ] ], [ [ 5.923483, 45.5910502 ], [ 5.9234219, 45.5910599 ], [ 5.9233548, 45.5910779 ], [ 5.9231086, 45.5911545 ], [ 5.9228691, 45.5912374 ], [ 5.9227955, 45.5912528 ], [ 5.9227276, 45.5912564 ] ], [ [ 5.9219331, 45.5910112 ], [ 5.9220307, 45.5909402 ], [ 5.9221217, 45.5908396 ], [ 5.9222666, 45.590716 ], [ 5.9223792, 45.5906121 ], [ 5.9224827, 45.5905058 ], [ 5.9226039, 45.5903954 ], [ 5.922707, 45.5902819 ], [ 5.922809, 45.5901477 ], [ 5.9229479, 45.5899819 ], [ 5.9229969, 45.589913 ], [ 5.9230659, 45.5898103 ], [ 5.9231062, 45.589748 ] ], [ [ 5.9227276, 45.5912564 ], [ 5.92259, 45.59125 ], [ 5.922502, 45.591237 ], [ 5.9222617, 45.5911576 ], [ 5.9220898, 45.5910864 ], [ 5.9219331, 45.5910112 ] ], [ [ 5.9219331, 45.5910112 ], [ 5.9217, 45.5909235 ] ], [ [ 5.9241846, 45.5910428 ], [ 5.9240982, 45.5910351 ], [ 5.924003, 45.5910294 ], [ 5.9238796, 45.5910273 ], [ 5.9236899, 45.5910313 ], [ 5.923483, 45.5910502 ] ], [ [ 5.9231062, 45.589748 ], [ 5.9231771, 45.5896551 ], [ 5.9236353, 45.5888052 ] ], [ [ 5.9237122, 45.5886563 ], [ 5.9237605, 45.588574 ] ], [ [ 5.9236353, 45.5888052 ], [ 5.9237122, 45.5886563 ] ] ] } },
{ "type": "Feature", "properties": { "id_voie": "73065_1625", "nom": "Avenue Général de Gaulle", "type_voie": "Avenue", "longueur_m": 213.0, "quartier": "CE" }, "geometry": { "type": "MultiLineString", "coordinates": [ [ [ 5.9208538, 45.5666881 ], [ 5.9209496, 45.5667541 ], [ 5.9212656, 45.5669802 ] ], [ [ 5.921798, 45.5672006 ], [ 5.9219197, 45.567293 ] ], [ [ 5.9216891, 45.5672756 ], [ 5.9218235, 45.5673676 ] ], [ [ 5.9212656, 45.5669802 ], [ 5.9213721, 45.5670549 ], [ 5.9215211, 45.5671556 ] ], [ [ 5.9215211, 45.5671556 ], [ 5.9216891, 45.5672756 ] ], [ [ 5.9209616, 45.5666168 ], [ 5.9211961, 45.5667811 ], [ 5.9215623, 45.5670365 ], [ 5.921798, 45.5672006 ] ] ] } },
{ "type": "Feature", "properties": { "id_voie": "73065_3923", "nom": "Square Yves Montand", "type_voie": "Square", "longueur_m": 122.2, "quartier": "HC" }, "geometry": { "type": "MultiLineString", "coordinates": [ [ [ 5.9216767, 45.5974444 ], [ 5.9218977, 45.5974729 ], [ 5.9219632, 45.5974722 ], [ 5.9220308, 45.597465 ], [ 5.9222641, 45.5973859 ] ], [ [ 5.9212715, 45.5968431 ], [ 5.9213697, 45.5970262 ], [ 5.9215072, 45.5972236 ], [ 5.9216767, 45.5974444 ] ] ] } },
{ "type": "Feature", "properties": { "id_voie": "73065_0680", "nom": "Rue du Chardonnet", "type_voie": "Rue", "longueur_m": 148.3, "quartier": "LA" }, "geometry": { "type": "MultiLineString", "coordinates": [ [ [ 5.9276506, 45.5649397 ], [ 5.9276236, 45.5650369 ], [ 5.9275461, 45.5653173 ], [ 5.9274138, 45.5657272 ] ], [ [ 5.9274138, 45.5657272 ], [ 5.9272969, 45.5660645 ], [ 5.9272615, 45.5661727 ], [ 5.9272383, 45.5662417 ] ] ] } },
{ "type": "Feature", "properties": { "id_voie": "73065_3118", "nom": "Rue Pierre et Laurent Ramus", "type_voie": "Rue", "longueur_m": 1112.0, "quartier": "CV" }, "geometry": { "type": "MultiLineString", "coordinates": [ [ [ 5.8855006, 45.6133538 ], [ 5.885417, 45.6134244 ], [ 5.8852689, 45.6136625 ], [ 5.8851499, 45.6138674 ], [ 5.8850737, 45.6140315 ], [ 5.8849661, 45.6142577 ], [ 5.8848995, 45.6144333 ] ], [ [ 5.8848995, 45.6144333 ], [ 5.8852615, 45.614507 ], [ 5.8856084, 45.6145602 ], [ 5.8858775, 45.6145497 ], [ 5.8861582, 45.6145398 ], [ 5.8863079, 45.6145306 ] ], [ [ 5.8856071, 45.6132294 ], [ 5.885657, 45.6132254 ], [ 5.8856934, 45.6132335 ], [ 5.8857212, 45.6132499 ], [ 5.8857467, 45.6132717 ], [ 5.8857652, 45.6133055 ], [ 5.885767, 45.6133415 ], [ 5.8857451, 45.6133889 ] ], [ [ 5.8855006, 45.6133538 ], [ 5.8855004, 45.6132997 ], [ 5.8855389, 45.61325 ], [ 5.8856071, 45.6132294 ] ], [ [ 5.8857451, 45.6133889 ], [ 5.8857001, 45.6134117 ], [ 5.8856415, 45.6134204 ], [ 5.8855782, 45.613413 ], [ 5.8855337, 45.6133971 ], [ 5.8855006, 45.6133538 ] ], [ [ 5.8856071, 45.6132294 ], [ 5.8855558, 45.6131316 ], [ 5.8855627, 45.6130665 ], [ 5.88562, 45.6129596 ], [ 5.8859713, 45.6124073 ], [ 5.8860653, 45.6122408 ] ], [ [ 5.8848995, 45.6144333 ], [ 5.8848916, 45.6144552 ], [ 5.88481, 45.6147123 ], [ 5.8847205, 45.6150894 ] ], [ [ 5.8864216, 45.6122777 ], [ 5.8869489, 45.6125416 ], [ 5.8870883, 45.6125804 ], [ 5.8872363, 45.6125865 ], [ 5.8873331, 45.6125714 ] ], [ [ 5.8873331, 45.6125714 ], [ 5.8874205, 45.6125476 ], [ 5.8874893, 45.6125377 ], [ 5.8875704, 45.6125419 ], [ 5.8876641, 45.6125656 ] ], [ [ 5.8880401, 45.6090904 ], [ 5.8878907, 45.6092042 ], [ 5.8878013, 45.6093128 ], [ 5.8877435, 45.6094341 ], [ 5.887682, 45.6096087 ] ], [ [ 5.887682, 45.6096087 ], [ 5.8875278, 45.6098289 ] ], [ [ 5.8875278, 45.6098289 ], [ 5.8874063, 45.6100348 ], [ 5.8870507, 45.6106269 ], [ 5.8862243, 45.6119908 ], [ 5.8862176, 45.6120342 ], [ 5.8862251, 45.6121034 ], [ 5.8862629, 45.6121637 ], [ 5.8864216, 45.6122777 ] ], [ [ 5.8880401, 45.6090904 ], [ 5.8881796, 45.6090319 ], [ 5.8883132, 45.6090095 ], [ 5.8884892, 45.6090122 ], [ 5.8886615, 45.6090411 ] ], [ [ 5.8886615, 45.6090411 ], [ 5.8889676, 45.6091252 ], [ 5.889199, 45.6091814 ], [ 5.889376, 45.6092264 ] ] ] } },
{ "type": "Feature", "properties": { "id_voie": "73065_0135", "nom": "Avenue d'Annecy", "type_voie": "Avenue", "longueur_m": 931.9, "quartier": "HC" }, "geometry": { "type": "MultiLineString", "coordinates": [ [ [ 5.9203257, 45.5897608 ], [ 5.9202759, 45.5897405 ], [ 5.9201793, 45.5897105 ], [ 5.9199502, 45.589648 ] ], [ [ 5.9194984, 45.5893561 ], [ 5.9194644, 45.5893434 ], [ 5.9193775, 45.5893259 ], [ 5.9191456, 45.5892616 ], [ 5.9189065, 45.5892047 ], [ 5.9188718, 45.5892038 ], [ 5.9188233, 45.5892096 ], [ 5.918778, 45.5892252 ], [ 5.9187495, 45.5892458 ] ], [ [ 5.9194984, 45.5893561 ], [ 5.9195374, 45.5893902 ], [ 5.9195582, 45.5894194 ], [ 5.9195784, 45.5894603 ], [ 5.9195934, 45.5895032 ], [ 5.9196133, 45.5895387 ] ], [ [ 5.9196133, 45.5895387 ], [ 5.9195438, 45.5895351 ], [ 5.9194672, 45.5895434 ] ], [ [ 5.9199502, 45.589648 ], [ 5.9196807, 45.5895748 ], [ 5.9196463, 45.5895568 ], [ 5.9196133, 45.5895387 ] ], [ [ 5.9194672, 45.5895434 ], [ 5.9193692, 45.5895586 ], [ 5.919304, 45.589563 ], [ 5.9192384, 45.5895611 ], [ 5.9191516, 45.5895444 ], [ 5.9188529, 45.5894792 ], [ 5.9187428, 45.5894586 ], [ 5.9186583, 45.5894383 ] ], [ [ 5.9157015, 45.5884175 ], [ 5.9167697, 45.5886934 ] ], [ [ 5.915471, 45.5885748 ], [ 5.9156051, 45.588611 ], [ 5.9165583, 45.588871 ], [ 5.9166558, 45.5888946 ] ], [ [ 5.9146761, 45.5882476 ], [ 5.914803, 45.588074 ], [ 5.9148518, 45.5880502 ], [ 5.9149007, 45.5880517 ], [ 5.91527, 45.5881439 ] ], [ [ 5.9150116, 45.5885993 ], [ 5.9153994, 45.5887019 ] ], [ [ 5.9156603, 45.5882437 ], [ 5.91527, 45.5881439 ] ], [ [ 5.9167697, 45.5886934 ], [ 5.9186238, 45.5891977 ], [ 5.9186955, 45.5892183 ], [ 5.9187495, 45.5892458 ] ], [ [ 5.9186583, 45.5894383 ], [ 5.9185605, 45.5894101 ], [ 5.9167549, 45.5889254 ], [ 5.9166558, 45.5888946 ] ], [ [ 5.914629, 45.5884993 ], [ 5.9146028, 45.5884649 ], [ 5.9145965, 45.5884173 ], [ 5.9146761, 45.5882476 ] ], [ [ 5.9150116, 45.5885993 ], [ 5.914875, 45.588565 ], [ 5.9147813, 45.5885404 ], [ 5.9146981, 45.5885201 ], [ 5.914629, 45.5884993 ] ] ] } },
{ "type": "Feature", "properties": { "id_voie": "73065_2210", "nom": "Rue Jules Ferry", "type_voie": "Rue", "longueur_m": 241.1, "quartier": "LA" }, "geometry": { "type": "MultiLineString", "coordinates": [ [ [ 5.9293872, 45.564908 ], [ 5.9294224, 45.5648233 ], [ 5.9293621, 45.5643365 ], [ 5.9293443, 45.564218 ] ], [ [ 5.9293872, 45.564908 ], [ 5.9294211, 45.5649684 ], [ 5.9294683, 45.5652546 ], [ 5.9295239, 45.5656749 ], [ 5.929602, 45.5661324 ], [ 5.929635, 45.5663685 ] ] ] } },
{ "type": "Feature", "properties": { "id_voie": "73065_0290", "nom": "Boulevard de Bellevue", "type_voie": "Boulevard", "longueur_m": 1544.6, "quartier": "BE" }, "geometry": { "type": "MultiLineString", "coordinates": [ [ [ 5.9189303, 45.562904 ], [ 5.9193599, 45.5627297 ], [ 5.919781, 45.5625431 ], [ 5.9198869, 45.5625061 ], [ 5.9200584, 45.5624268 ], [ 5.9201577, 45.5623386 ], [ 5.9201784, 45.562293 ], [ 5.9201796, 45.5622426 ] ], [ [ 5.9201796, 45.5622426 ], [ 5.9201567, 45.5621981 ], [ 5.9201178, 45.5621649 ], [ 5.9200603, 45.5621456 ], [ 5.9199241, 45.5621411 ], [ 5.9198475, 45.5621485 ], [ 5.9197777, 45.562162 ], [ 5.9196309, 45.5622009 ], [ 5.9194454, 45.5622589 ], [ 5.9188966, 45.5624579 ] ], [ [ 5.9197051, 45.5611492 ], [ 5.9190933, 45.5610543 ] ], [ [ 5.9193375, 45.5618662 ], [ 5.9194942, 45.5617972 ], [ 5.9196763, 45.561724 ], [ 5.9200101, 45.5616063 ], [ 5.9202724, 45.5614958 ], [ 5.9203217, 45.5614576 ], [ 5.9203465, 45.5614173 ] ], [ [ 5.9203465, 45.5614173 ], [ 5.9203544, 45.5613739 ], [ 5.9203456, 45.5613272 ], [ 5.9203046, 45.5612805 ], [ 5.9202543, 45.5612512 ], [ 5.9201826, 45.5612288 ], [ 5.9200866, 45.5612078 ], [ 5.9197051, 45.5611492 ] ], [ [ 5.9189853, 45.5600019 ], [ 5.9191291, 45.5600036 ] ], [ [ 5.9188966, 45.5624579 ], [ 5.9187039, 45.562526 ], [ 5.918537, 45.5625727 ], [ 5.9184601, 45.5625729 ], [ 5.918411, 45.562566 ], [ 5.9183557, 45.5625404 ], [ 5.9183152, 45.5625018 ], [ 5.9182987, 45.5624554 ], [ 5.9183119, 45.5624136 ], [ 5.9183341, 45.5623734 ], [ 5.9183831, 45.5623289 ] ], [ [ 5.9183831, 45.5623289 ], [ 5.918524, 45.5622522 ], [ 5.9187017, 45.5621683 ], [ 5.9188595, 45.5620948 ] ], [ [ 5.9190933, 45.5610543 ], [ 5.9187849, 45.5609947 ] ], [ [ 5.9188595, 45.5620948 ], [ 5.9191833, 45.5619341 ], [ 5.9193375, 45.5618662 ] ], [ [ 5.9187068, 45.5629945 ], [ 5.9188348, 45.5629416 ], [ 5.9189303, 45.562904 ] ], [ [ 5.9186839, 45.5634141 ], [ 5.9187095, 45.5634369 ], [ 5.9187928, 45.5635077 ], [ 5.9189556, 45.5636765 ] ], [ [ 5.9175898, 45.5632695 ], [ 5.917624, 45.5632371 ], [ 5.9176797, 45.563223 ], [ 5.9179163, 45.5632088 ], [ 5.9180003, 45.5631967 ], [ 5.9181808, 45.5631658 ], [ 5.9183543, 45.5631226 ], [ 5.9185232, 45.563065 ], [ 5.9187068, 45.5629945 ] ], [ [ 5.9187849, 45.5609947 ], [ 5.9179225, 45.5608414 ], [ 5.9174195, 45.5607653 ], [ 5.9173365, 45.5607467 ], [ 5.9172778, 45.5607284 ], [ 5.9171983, 45.5607043 ], [ 5.9171414, 45.5606716 ], [ 5.9170851, 45.5606271 ], [ 5.9170169, 45.5605487 ] ], [ [ 5.9175898, 45.5632695 ], [ 5.917573, 45.5633168 ], [ 5.9175727, 45.56336 ], [ 5.9175824, 45.5633976 ], [ 5.9176057, 45.5634259 ], [ 5.9176527, 45.5634418 ], [ 5.9177735, 45.5634449 ], [ 5.917822, 45.5634401 ], [ 5.9182281, 45.5633818 ], [ 5.918509, 45.5633565 ], [ 5.9185789, 45.563369 ], [ 5.9186839, 45.5634141 ] ], [ [ 5.9170169, 45.5605487 ], [ 5.9169657, 45.5604527 ], [ 5.9169595, 45.5603843 ], [ 5.9169663, 45.5603184 ] ], [ [ 5.9169663, 45.5603184 ], [ 5.9169831, 45.5602729 ], [ 5.9170025, 45.5602264 ], [ 5.9170453, 45.5601614 ], [ 5.9171081, 45.5601129 ], [ 5.9171852, 45.5600667 ], [ 5.9172744, 45.5600302 ], [ 5.9173932, 45.5599973 ], [ 5.9175257, 45.5599804 ], [ 5.9178448, 45.5599739 ], [ 5.9181837, 45.5599795 ], [ 5.9186978, 45.5599986 ], [ 5.9189853, 45.5600019 ] ], [ [ 5.9218153, 45.5595202 ], [ 5.9220319, 45.5592244 ], [ 5.9221007, 45.5591424 ], [ 5.9221775, 45.55909 ] ], [ [ 5.9191291, 45.5600036 ], [ 5.9193202, 45.5600023 ], [ 5.9195651, 45.5600013 ], [ 5.9202038, 45.5599991 ], [ 5.9209989, 45.5599703 ] ], [ [ 5.9209989, 45.5599703 ], [ 5.9211544, 45.5599528 ], [ 5.9213216, 45.5599124 ], [ 5.9215215, 45.5598108 ], [ 5.9216761, 45.5597013 ], [ 5.9217578, 45.5595974 ], [ 5.9218153, 45.5595202 ] ] ] } },
{ "type": "Feature", "properties": { "id_voie": "73065_3035", "nom": "Rue Paulette Besson", "type_voie": "Rue", "longueur_m": 195.0, "quartier": "LA" }, "geometry": { "type": "MultiLineString", "coordinates": [ [ [ 5.9330809, 45.5693775 ], [ 5.9340375, 45.5695859 ], [ 5.934145, 45.5696534 ], [ 5.9344733, 45.5697232 ] ], [ [ 5.9344733, 45.5697232 ], [ 5.934799, 45.5697922 ], [ 5.9349262, 45.5697961 ], [ 5.9354394, 45.5699178 ] ] ] } },
{ "type": "Feature", "properties": { "id_voie": "73065_1445", "nom": "Rue Francois Buloz", "type_voie": "Rue", "longueur_m": 177.5, "quartier": "BO" }, "geometry": { "type": "LineString", "coordinates": [ [ 5.9028045, 45.564795 ], [ 5.9025746, 45.5647892 ], [ 5.9023124, 45.5647789 ], [ 5.9021245, 45.5647684 ], [ 5.9020316, 45.5647591 ], [ 5.9019777, 45.5647326 ], [ 5.9019385, 45.5646948 ], [ 5.9019191, 45.5646422 ], [ 5.901923, 45.5645952 ], [ 5.9019612, 45.5642951 ], [ 5.9019899, 45.5641321 ], [ 5.901997, 45.5640716 ], [ 5.9019319, 45.5640534 ], [ 5.9015315, 45.5640259 ] ] } },
{ "type": "Feature", "properties": { "id_voie": "73065_2437", "nom": "Rue du Maconnais", "type_voie": "Rue", "longueur_m": 515.5, "quartier": "HC" }, "geometry": { "type": "MultiLineString", "coordinates": [ [ [ 5.9186583, 45.5894383 ], [ 5.9182391, 45.5902033 ] ], [ [ 5.9181839, 45.5930784 ], [ 5.9184086, 45.5931293 ] ], [ [ 5.9174451, 45.5916981 ], [ 5.9174288, 45.5917301 ] ], [ [ 5.9173799, 45.591826 ], [ 5.9174288, 45.5917301 ] ], [ [ 5.9173799, 45.591826 ], [ 5.9169396, 45.5926772 ], [ 5.9169211, 45.5927155 ], [ 5.9169373, 45.5927566 ], [ 5.9169872, 45.5927769 ], [ 5.9181839, 45.5930784 ] ], [ [ 5.9175778, 45.5914406 ], [ 5.9175008, 45.5915868 ], [ 5.9174451, 45.5916981 ] ], [ [ 5.9176056, 45.5913831 ], [ 5.9175778, 45.5914406 ] ], [ [ 5.9176056, 45.5913831 ], [ 5.9177646, 45.5910879 ], [ 5.9182391, 45.5902033 ] ] ] } },
{ "type": "Feature", "properties": { "id_voie": "73065_3230", "nom": "Rue du Quatre Septembre", "type_voie": "Rue", "longueur_m": 123.8, "quartier": "CE" }, "geometry": { "type": "MultiLineString", "coordinates": [ [ [ 5.9089085, 45.5725252 ], [ 5.9089641, 45.5725833 ] ], [ [ 5.9089641, 45.5725833 ], [ 5.9090022, 45.5726238 ] ], [ [ 5.9081522, 45.5716834 ], [ 5.9089085, 45.5725252 ] ] ] } },
{ "type": "Feature", "properties": { "id_voie": "73065_3740", "nom": "Rue du Transvaal", "type_voie": "Rue", "longueur_m": 102.9, "quartier": "CE" }, "geometry": { "type": "MultiLineString", "coordinates": [ [ [ 5.9133053, 45.5727186 ], [ 5.913496, 45.5726128 ], [ 5.9140174, 45.5722794 ] ], [ [ 5.9130586, 45.5729079 ], [ 5.913081, 45.5728695 ], [ 5.9132184, 45.5727732 ], [ 5.9133053, 45.5727186 ] ] ] } },
{ "type": "Feature", "properties": { "id_voie": "73065_2110", "nom": "Rue du Joigny", "type_voie": "Rue", "longueur_m": 135.5, "quartier": "BO" }, "geometry": { "type": "MultiLineString", "coordinates": [ [ [ 5.9113386, 45.5605572 ], [ 5.9112918, 45.560862 ], [ 5.9112495, 45.5611326 ] ], [ [ 5.9112495, 45.5611326 ], [ 5.9111792, 45.5617715 ] ] ] } },
{ "type": "Feature", "properties": { "id_voie": "73065_1405", "nom": "Rue de la Fontaine Blanche", "type_voie": "Rue", "longueur_m": 265.0, "quartier": "CV" }, "geometry": { "type": "LineString", "coordinates": [ [ 5.9069552, 45.6007239 ], [ 5.9070441, 45.600755 ], [ 5.9074197, 45.6008921 ], [ 5.9076463, 45.6009773 ], [ 5.9078653, 45.6010419 ], [ 5.9080788, 45.6010986 ], [ 5.9083112, 45.6011484 ], [ 5.9086352, 45.6012067 ], [ 5.9087199, 45.6012298 ], [ 5.9087537, 45.6012388 ], [ 5.9087831, 45.6012597 ], [ 5.9087836, 45.6013444 ], [ 5.908665, 45.6017493 ], [ 5.9085607, 45.6022323 ] ] } },
{ "type": "Feature", "properties": { "id_voie": "73065_3675", "nom": "Chemin des Sulpis", "type_voie": "Chemin", "longueur_m": 143.6, "quartier": "CV" }, "geometry": { "type": "LineString", "coordinates": [ [ 5.9201795, 45.6053986 ], [ 5.9201545, 45.6055082 ], [ 5.9201201, 45.6056101 ], [ 5.9199936, 45.605744 ], [ 5.9199309, 45.6058691 ], [ 5.9199439, 45.6059201 ], [ 5.919999, 45.6059673 ], [ 5.9200921, 45.6060055 ], [ 5.920159, 45.6060082 ], [ 5.9202317, 45.6059748 ], [ 5.9203686, 45.6058676 ], [ 5.9205409, 45.6056775 ], [ 5.9206214, 45.6055745 ] ] } },
{ "type": "Feature", "properties": { "id_voie": "73065_2030", "nom": "Rue Jean-Jacques Rousseau", "type_voie": "Rue", "longueur_m": 425.4, "quartier": "LA" }, "geometry": { "type": "MultiLineString", "coordinates": [ [ [ 5.9309091, 45.5607665 ], [ 5.9307627, 45.5610794 ], [ 5.9307231, 45.5612048 ], [ 5.9307092, 45.5612809 ], [ 5.9307064, 45.5616161 ], [ 5.9307395, 45.5617811 ], [ 5.9307443, 45.5618476 ] ], [ [ 5.9310763, 45.5605324 ], [ 5.9309902, 45.5606275 ], [ 5.9309091, 45.5607665 ] ], [ [ 5.9307443, 45.5618476 ], [ 5.9307529, 45.5620601 ], [ 5.9307361, 45.562129 ], [ 5.9307167, 45.5621764 ], [ 5.9306735, 45.5622568 ], [ 5.9306202, 45.5623158 ], [ 5.9304371, 45.5624909 ], [ 5.9301135, 45.562776 ], [ 5.9300285, 45.562844 ], [ 5.9299301, 45.5628979 ], [ 5.929788, 45.5629521 ], [ 5.9296494, 45.5629755 ], [ 5.9295222, 45.5629725 ], [ 5.9292892, 45.5629813 ], [ 5.9291616, 45.5629937 ], [ 5.9290372, 45.5630185 ], [ 5.928904, 45.5630707 ], [ 5.928542, 45.5632134 ], [ 5.928415, 45.5632861 ] ], [ [ 5.928415, 45.5632861 ], [ 5.9283605, 45.5633218 ] ] ] } },
{ "type": "Feature", "properties": { "id_voie": "73065_0396", "nom": "Chemin de Bonino", "type_voie": "Chemin", "longueur_m": 637.9, "quartier": "HC" }, "geometry": { "type": "MultiLineString", "coordinates": [ [ [ 5.9248303, 45.593914 ], [ 5.9247374, 45.5939776 ] ], [ [ 5.9269118, 45.5942707 ], [ 5.9268237, 45.594255 ], [ 5.9267194, 45.5942243 ], [ 5.9264841, 45.5941205 ], [ 5.9260431, 45.5939599 ], [ 5.9256994, 45.5938688 ], [ 5.9255428, 45.5938188 ], [ 5.9254146, 45.5937978 ], [ 5.9252758, 45.5937951 ], [ 5.9251717, 45.5938159 ], [ 5.9249527, 45.5938747 ], [ 5.9248303, 45.593914 ] ], [ [ 5.9274714, 45.5964079 ], [ 5.9274574, 45.5963371 ], [ 5.9274561, 45.5962642 ], [ 5.9275046, 45.5961863 ], [ 5.9275099, 45.5961177 ], [ 5.9274937, 45.5959811 ], [ 5.9274616, 45.5957369 ], [ 5.9274357, 45.5956844 ], [ 5.9273156, 45.5955731 ], [ 5.927283, 45.5955145 ], [ 5.9272348, 45.5953553 ], [ 5.9269888, 45.5946841 ], [ 5.9269461, 45.5943851 ], [ 5.9269118, 45.5942707 ] ], [ [ 5.9288858, 45.5953384 ], [ 5.9287885, 45.5952698 ], [ 5.9287412, 45.595226 ], [ 5.9287196, 45.595204 ], [ 5.9286049, 45.5950754 ], [ 5.9283702, 45.5948347 ], [ 5.9281331, 45.594648 ], [ 5.9279045, 45.5944998 ], [ 5.9276603, 45.5943728 ], [ 5.9275921, 45.594344 ], [ 5.9275063, 45.5943237 ], [ 5.9273458, 45.5942981 ], [ 5.927227, 45.5942859 ], [ 5.9271265, 45.5942786 ], [ 5.9270163, 45.5942815 ], [ 5.9269118, 45.5942707 ] ] ] } },
{ "type": "Feature", "properties": { "id_voie": "73065_1650", "nom": "Place de Genève", "type_voie": "Place", "longueur_m": 134.7, "quartier": "CE" }, "geometry": { "type": "MultiLineString", "coordinates": [ [ [ 5.9188907, 45.5672447 ], [ 5.9186634, 45.5673605 ] ], [ [ 5.9188907, 45.5672447 ], [ 5.9190312, 45.5671338 ], [ 5.9191372, 45.567004 ], [ 5.9192765, 45.5668219 ] ], [ [ 5.9192765, 45.5668219 ], [ 5.9194425, 45.5666131 ], [ 5.9195846, 45.5664607 ], [ 5.9196174, 45.5664274 ], [ 5.9196657, 45.5663928 ] ] ] } },
{ "type": "Feature", "properties": { "id_voie": "73065_1550", "nom": "Rue de la Galopaz", "type_voie": "Rue", "longueur_m": 216.0, "quartier": "BI" }, "geometry": { "type": "LineString", "coordinates": [ [ 5.8914499, 45.579523 ], [ 5.8913906, 45.5795426 ], [ 5.8913108, 45.579587 ], [ 5.8911863, 45.5796848 ], [ 5.8893536, 45.5807871 ] ] } },
{ "type": "Feature", "properties": { "id_voie": "73065_0600", "nom": "Route de Chaloz", "type_voie": "Route", "longueur_m": 1772.1, "quartier": "BI" }, "geometry": { "type": "MultiLineString", "coordinates": [ [ [ 5.88459, 45.5798165 ], [ 5.8845984, 45.580028 ] ], [ [ 5.8845984, 45.580028 ], [ 5.8845753, 45.5802493 ] ], [ [ 5.8845205, 45.5791713 ], [ 5.8841623, 45.5790696 ], [ 5.8839365, 45.5789961 ], [ 5.8837873, 45.5789414 ], [ 5.8834807, 45.5788429 ], [ 5.8833452, 45.5788031 ], [ 5.8832811, 45.5787561 ], [ 5.8832622, 45.5787125 ], [ 5.8832541, 45.5786802 ], [ 5.883265, 45.5786439 ] ], [ [ 5.883265, 45.5786439 ], [ 5.8832994, 45.5786142 ], [ 5.8833721, 45.578606 ], [ 5.883491, 45.5786228 ], [ 5.8836147, 45.5786313 ], [ 5.8837233, 45.5786231 ], [ 5.8838413, 45.5785976 ], [ 5.8839411, 45.5785419 ], [ 5.8839806, 45.5784868 ], [ 5.8841548, 45.5782102 ], [ 5.8842983, 45.5780092 ], [ 5.8843689, 45.5779109 ], [ 5.8844302, 45.5778075 ], [ 5.8844613, 45.5777644 ], [ 5.8845031, 45.5777039 ], [ 5.8845391, 45.5776561 ], [ 5.8846061, 45.5775615 ], [ 5.8846172, 45.5775054 ], [ 5.8845974, 45.5774699 ], [ 5.8845467, 45.5774324 ], [ 5.8844871, 45.5774213 ], [ 5.8844248, 45.5774328 ], [ 5.8843609, 45.5774606 ], [ 5.8842981, 45.5775127 ], [ 5.8842035, 45.5775692 ], [ 5.884112, 45.5776103 ], [ 5.884003, 45.5776365 ], [ 5.8838792, 45.5776496 ], [ 5.883617, 45.5776888 ], [ 5.883483, 45.5777039 ], [ 5.8833667, 45.5777123 ], [ 5.8832798, 45.5777199 ], [ 5.8832017, 45.5776985 ] ], [ [ 5.8832017, 45.5776985 ], [ 5.8831355, 45.5776335 ], [ 5.8831236, 45.5775284 ], [ 5.883141, 45.5773937 ], [ 5.8831691, 45.5772677 ], [ 5.883197, 45.5771382 ] ], [ [ 5.8831975, 45.5742132 ], [ 5.8832112, 45.5743039 ], [ 5.883237, 45.574406 ], [ 5.8833165, 45.5747247 ], [ 5.8834016, 45.5750046 ], [ 5.8834894, 45.5752618 ], [ 5.8835326, 45.5754508 ], [ 5.8835314, 45.5755995 ], [ 5.8835196, 45.5757684 ], [ 5.8835118, 45.5759641 ], [ 5.8834828, 45.5761946 ], [ 5.8834396, 45.5764003 ], [ 5.8833486, 45.576699 ], [ 5.8832745, 45.5768766 ], [ 5.883197, 45.5771382 ] ], [ [ 5.8845205, 45.5791713 ], [ 5.8845704, 45.5791934 ], [ 5.8845958, 45.5792378 ], [ 5.884607, 45.5794538 ], [ 5.88459, 45.5798165 ] ], [ [ 5.8820899, 45.5735893 ], [ 5.8821255, 45.5736568 ], [ 5.8822008, 45.5737234 ], [ 5.8822955, 45.573794 ], [ 5.8824201, 45.5738692 ], [ 5.8826329, 45.5739655 ], [ 5.8829063, 45.5740405 ], [ 5.8830334, 45.5740922 ], [ 5.8831242, 45.5741602 ], [ 5.8831975, 45.5742132 ] ], [ [ 5.8794395, 45.5707549 ], [ 5.8793719, 45.5706638 ], [ 5.8790489, 45.5701756 ], [ 5.8786808, 45.5696849 ], [ 5.878601, 45.5695806 ], [ 5.8785055, 45.5694461 ], [ 5.8784773, 45.5693964 ], [ 5.8784643, 45.5693444 ] ], [ [ 5.8790182, 45.568622 ], [ 5.8787713, 45.5688572 ], [ 5.878589, 45.5691277 ], [ 5.8785222, 45.5692483 ], [ 5.8784643, 45.5693444 ] ], [ [ 5.8797675, 45.5712411 ], [ 5.8798655, 45.5712756 ], [ 5.8799956, 45.5712849 ], [ 5.8804004, 45.5712727 ], [ 5.8805424, 45.5712645 ], [ 5.8806421, 45.5712836 ], [ 5.880709, 45.5713107 ], [ 5.8807712, 45.5713722 ], [ 5.8808102, 45.5714316 ], [ 5.8808404, 45.5714948 ], [ 5.8808533, 45.5715954 ], [ 5.880874, 45.5716976 ], [ 5.8809061, 45.5717715 ], [ 5.8809465, 45.5718579 ], [ 5.8809797, 45.572003 ], [ 5.8810434, 45.5721176 ], [ 5.8810998, 45.5721901 ], [ 5.881162, 45.5722507 ], [ 5.8812691, 45.572338 ], [ 5.8813993, 45.5724239 ], [ 5.8815115, 45.5724832 ], [ 5.8816192, 45.5725561 ], [ 5.8817, 45.5726288 ], [ 5.8817849, 45.5727077 ], [ 5.8818665, 45.5727723 ], [ 5.8819508, 45.5728386 ], [ 5.8820447, 45.572893 ], [ 5.882126, 45.5729504 ], [ 5.882208, 45.5729978 ], [ 5.8822786, 45.5730483 ], [ 5.8823414, 45.5730972 ], [ 5.8824002, 45.5731425 ], [ 5.8824247, 45.5731932 ], [ 5.8824285, 45.5732418 ], [ 5.8823992, 45.5732957 ], [ 5.882159, 45.5734623 ], [ 5.8821117, 45.5735157 ], [ 5.8820899, 45.5735893 ] ], [ [ 5.8797675, 45.5712411 ], [ 5.8797178, 45.5711983 ], [ 5.8796256, 45.5710528 ], [ 5.8795405, 45.5708973 ], [ 5.8794395, 45.5707549 ] ] ] } },
{ "type": "Feature", "properties": { "id_voie": "73065_2730", "nom": "Rue du Mont-Saint-Michel", "type_voie": "Rue", "longueur_m": 405.5, "quartier": "BI" }, "geometry": { "type": "MultiLineString", "coordinates": [ [ [ 5.8812781, 45.584532 ], [ 5.8816597, 45.5842925 ] ], [ [ 5.8812781, 45.584532 ], [ 5.8812987, 45.5844828 ], [ 5.8812984, 45.5844036 ], [ 5.881287, 45.5843318 ], [ 5.8812434, 45.584259 ], [ 5.881209, 45.5842148 ], [ 5.8811615, 45.5841899 ], [ 5.8810805, 45.5841857 ], [ 5.8809888, 45.5841997 ], [ 5.8809214, 45.5842366 ], [ 5.8808525, 45.5843186 ], [ 5.8807545, 45.5844319 ], [ 5.8806912, 45.5844984 ], [ 5.8805898, 45.5845461 ], [ 5.8805031, 45.5845573 ], [ 5.88042, 45.5845396 ], [ 5.8803673, 45.5845121 ], [ 5.8803177, 45.5844719 ], [ 5.8802818, 45.5844233 ], [ 5.880233, 45.5842984 ], [ 5.8801996, 45.5841749 ], [ 5.8801567, 45.5840652 ], [ 5.8801168, 45.584013 ] ], [ [ 5.8792975, 45.5851144 ], [ 5.8793532, 45.5851247 ], [ 5.8794878, 45.5851708 ], [ 5.8796059, 45.5851957 ], [ 5.8797158, 45.5852127 ], [ 5.879899, 45.5852062 ], [ 5.880038, 45.5851891 ], [ 5.8802496, 45.5851117 ], [ 5.8804064, 45.5850437 ], [ 5.8807106, 45.5848719 ], [ 5.8809441, 45.5847226 ], [ 5.8810916, 45.5846458 ], [ 5.8811701, 45.5846006 ], [ 5.8812781, 45.584532 ] ] ] } },
{ "type": "Feature", "properties": { "id_voie": "73065_1700", "nom": "Allée Georges-Marie Raymond", "type_voie": "Allée", "longueur_m": 82.9, "quartier": "CE" }, "geometry": { "type": "LineString", "coordinates": [ [ 5.9167077, 45.568571 ], [ 5.9163164, 45.5681801 ], [ 5.9161171, 45.5679519 ] ] } },
{ "type": "Feature", "properties": { "id_voie": "73065_1449", "nom": "Allée Francois Pollet", "type_voie": "Allée", "longueur_m": 133.6, "quartier": "BI" }, "geometry": { "type": "LineString", "coordinates": [ [ 5.8911498, 45.5953186 ], [ 5.8894627, 45.5951115 ] ] } },
{ "type": "Feature", "properties": { "id_voie": "73065_1375", "nom": "Rue Félix Esclangon", "type_voie": "Rue", "longueur_m": 490.4, "quartier": "BI" }, "geometry": { "type": "MultiLineString", "coordinates": [ [ [ 5.8937496, 45.5906625 ], [ 5.8934194, 45.5906539 ], [ 5.8926584, 45.5906563 ], [ 5.8920139, 45.5906513 ], [ 5.8910115, 45.5906266 ] ], [ [ 5.8942956, 45.5906719 ], [ 5.8947627, 45.5906697 ] ], [ [ 5.8942956, 45.5906719 ], [ 5.8937496, 45.5906625 ] ], [ [ 5.8910115, 45.5906266 ], [ 5.8900067, 45.5906038 ], [ 5.8898649, 45.590593 ], [ 5.8897381, 45.5905729 ], [ 5.8895498, 45.5905299 ], [ 5.889403, 45.5904715 ], [ 5.8893019, 45.5904282 ], [ 5.8891491, 45.5903537 ], [ 5.889016, 45.5902859 ], [ 5.8888435, 45.590203 ], [ 5.8886722, 45.5901173 ] ] ] } },
{ "type": "Feature", "properties": { "id_voie": "73065_1310", "nom": "Rue de l'Erier", "type_voie": "Rue", "longueur_m": 103.1, "quartier": "BI" }, "geometry": { "type": "LineString", "coordinates": [ [ 5.9009467, 45.5822934 ], [ 5.9022669, 45.5823133 ] ] } },
{ "type": "Feature", "properties": { "id_voie": "73065_0185", "nom": "Rue Balzac", "type_voie": "Rue", "longueur_m": 207.7, "quartier": "BE" }, "geometry": { "type": "MultiLineString", "coordinates": [ [ [ 5.9169663, 45.5603184 ], [ 5.9168453, 45.5602855 ] ], [ [ 5.9168453, 45.5602855 ], [ 5.9167223, 45.5602896 ], [ 5.916624, 45.5602741 ], [ 5.9163112, 45.5602282 ], [ 5.9162396, 45.5602327 ], [ 5.9161897, 45.5602593 ], [ 5.9161513, 45.5603107 ], [ 5.9161475, 45.5603595 ], [ 5.9161577, 45.5604079 ], [ 5.9161943, 45.5604448 ], [ 5.9162443, 45.5604687 ], [ 5.9164055, 45.5605096 ], [ 5.916466, 45.5605368 ], [ 5.9165054, 45.5605791 ], [ 5.9165152, 45.5606185 ], [ 5.9165081, 45.5606547 ], [ 5.9164741, 45.5606916 ], [ 5.9164217, 45.56072 ], [ 5.9163739, 45.5607384 ], [ 5.9163141, 45.5607471 ], [ 5.9162422, 45.5607454 ], [ 5.9160366, 45.5607147 ], [ 5.9155909, 45.5606298 ], [ 5.9154969, 45.5606232 ] ] ] } },
{ "type": "Feature", "properties": { "id_voie": "73065_0181", "nom": "Rue de la Balme", "type_voie": "Rue", "longueur_m": 468.1, "quartier": "CV" }, "geometry": { "type": "LineString", "coordinates": [ [ 5.9079534, 45.5896598 ], [ 5.9078104, 45.5896986 ], [ 5.907699, 45.5897529 ], [ 5.907611, 45.5898119 ], [ 5.9075192, 45.5898729 ], [ 5.9074344, 45.5899201 ], [ 5.9073576, 45.5899726 ], [ 5.9072722, 45.5899829 ], [ 5.9072169, 45.5899312 ], [ 5.9072234, 45.5898607 ], [ 5.9074018, 45.5896164 ], [ 5.9074687, 45.5895219 ], [ 5.9075061, 45.5894515 ], [ 5.9075112, 45.5893766 ], [ 5.9075019, 45.5892984 ], [ 5.9074768, 45.5892351 ], [ 5.907453, 45.5891726 ], [ 5.9074153, 45.5891141 ], [ 5.9073589, 45.5890679 ], [ 5.9073278, 45.5890119 ], [ 5.9072984, 45.5889667 ], [ 5.9072875, 45.5889048 ], [ 5.9072927, 45.5888578 ], [ 5.9073043, 45.5888098 ], [ 5.9072585, 45.5887199 ], [ 5.907193, 45.5886694 ], [ 5.9071581, 45.5886162 ], [ 5.9071236, 45.5885693 ], [ 5.9070786, 45.58852 ], [ 5.9070348, 45.5884662 ], [ 5.9069326, 45.5883535 ], [ 5.9068329, 45.5882398 ], [ 5.9067427, 45.5881349 ], [ 5.9067209, 45.588085 ], [ 5.9067165, 45.5880266 ], [ 5.9067294, 45.5879785 ], [ 5.9067936, 45.5878813 ], [ 5.906872, 45.5877865 ], [ 5.90696, 45.5877013 ], [ 5.9070219, 45.5876835 ], [ 5.9070905, 45.5876934 ], [ 5.9071638, 45.5877213 ], [ 5.9072322, 45.5877537 ], [ 5.907387, 45.5878407 ], [ 5.9074883, 45.5878895 ], [ 5.90771, 45.5879558 ], [ 5.9078163, 45.5879765 ], [ 5.9080188, 45.5880199 ], [ 5.9081767, 45.5880456 ], [ 5.9083765, 45.588062 ] ] } },
{ "type": "Feature", "properties": { "id_voie": "73065_3146", "nom": "Rue Denys Pradelle", "type_voie": "Rue", "longueur_m": 190.4, "quartier": "CE" }, "geometry": { "type": "LineString", "coordinates": [ [ 5.905024, 45.5661442 ], [ 5.9049713, 45.5660204 ], [ 5.9049633, 45.5658683 ], [ 5.9049449, 45.5658102 ], [ 5.9049219, 45.5657873 ], [ 5.9048866, 45.5657756 ], [ 5.9047362, 45.5657453 ], [ 5.9042112, 45.5656417 ], [ 5.9040013, 45.5656021 ], [ 5.9039288, 45.5655886 ], [ 5.9038819, 45.5655745 ], [ 5.903855, 45.5655518 ], [ 5.9038328, 45.5655199 ], [ 5.9038298, 45.5654858 ], [ 5.9038383, 45.5654522 ], [ 5.9038587, 45.5654256 ], [ 5.9038882, 45.5654014 ], [ 5.9039381, 45.5653748 ], [ 5.9041344, 45.5653013 ], [ 5.9042104, 45.5652822 ], [ 5.9042902, 45.5652639 ], [ 5.9043894, 45.5652469 ] ] } },
{ "type": "Feature", "properties": { "id_voie": "73065_2722", "nom": "Rue du Mont-Clergeon", "type_voie": "Rue", "longueur_m": 443.4, "quartier": "BI" }, "geometry": { "type": "MultiLineString", "coordinates": [ [ [ 5.8973994, 45.580789 ], [ 5.8974235, 45.5807344 ], [ 5.8974741, 45.5806231 ], [ 5.897547, 45.5804699 ] ], [ [ 5.897547, 45.5804699 ], [ 5.8976635, 45.58022 ], [ 5.8977985, 45.5800281 ], [ 5.8979455, 45.5798207 ] ], [ [ 5.8970878, 45.5814558 ], [ 5.8969118, 45.5813774 ], [ 5.8966852, 45.5812895 ], [ 5.8965163, 45.5812254 ], [ 5.8964636, 45.5811988 ], [ 5.896417, 45.5811424 ], [ 5.8963045, 45.5811011 ], [ 5.8962276, 45.5811031 ], [ 5.8961214, 45.5810599 ], [ 5.8960804, 45.5810366 ] ], [ [ 5.8970878, 45.5814558 ], [ 5.8972303, 45.5812115 ], [ 5.8972774, 45.5811301 ], [ 5.897326, 45.5810054 ], [ 5.8973994, 45.580789 ] ], [ [ 5.8979455, 45.5798207 ], [ 5.8983541, 45.5793173 ], [ 5.8984498, 45.5791832 ], [ 5.898645, 45.5789421 ], [ 5.8988127, 45.5787621 ], [ 5.8989091, 45.5786911 ], [ 5.8990055, 45.5786445 ] ] ] } },
{ "type": "Feature", "properties": { "id_voie": "73065_0490", "nom": "Place Caffe", "type_voie": "Place", "longueur_m": 295.7, "quartier": "BE" }, "geometry": { "type": "MultiLineString", "coordinates": [ [ [ 5.9199211, 45.5635937 ], [ 5.9197871, 45.5637053 ], [ 5.9196247, 45.5637879 ] ], [ [ 5.9195163, 45.5638493 ], [ 5.9194586, 45.5638499 ], [ 5.9194235, 45.5638409 ], [ 5.9193746, 45.5638142 ] ], [ [ 5.9194203, 45.563659 ], [ 5.9194826, 45.5636474 ], [ 5.9195329, 45.5636524 ] ], [ [ 5.919577, 45.5638324 ], [ 5.9195507, 45.5638439 ], [ 5.9195163, 45.5638493 ] ], [ [ 5.9196247, 45.5637879 ], [ 5.9196018, 45.5638155 ], [ 5.919577, 45.5638324 ] ], [ [ 5.9195329, 45.5636524 ], [ 5.919584, 45.5636727 ], [ 5.9196136, 45.563699 ], [ 5.919623, 45.5637069 ], [ 5.9196353, 45.5637453 ], [ 5.9196247, 45.5637879 ] ], [ [ 5.9199211, 45.5635937 ], [ 5.9197835, 45.5635883 ], [ 5.9195329, 45.5636524 ] ], [ [ 5.9189556, 45.5636765 ], [ 5.9192286, 45.5636712 ], [ 5.9194203, 45.563659 ] ], [ [ 5.9193746, 45.5638142 ], [ 5.9192259, 45.5637676 ], [ 5.9190943, 45.5637287 ] ], [ [ 5.9193746, 45.5638142 ], [ 5.9193678, 45.5638054 ], [ 5.9193496, 45.563778 ], [ 5.9193472, 45.5637312 ], [ 5.9193483, 45.5637284 ], [ 5.9193768, 45.5636853 ], [ 5.9194041, 45.5636675 ], [ 5.9194203, 45.563659 ] ], [ [ 5.9190943, 45.5637287 ], [ 5.9189556, 45.5636765 ] ], [ [ 5.9209831, 45.5633228 ], [ 5.9208845, 45.5633272 ], [ 5.9207715, 45.5633481 ], [ 5.920478, 45.5634278 ], [ 5.9201951, 45.5635109 ], [ 5.9199211, 45.5635937 ] ] ] } },
{ "type": "Feature", "properties": { "id_voie": "73065_0537", "nom": "Rue du Carre", "type_voie": "Rue", "longueur_m": 1376.2, "quartier": "CV" }, "geometry": { "type": "MultiLineString", "coordinates": [ [ [ 5.8970172, 45.6119214 ], [ 5.8970272, 45.6116211 ], [ 5.8970327, 45.6113083 ], [ 5.8970322, 45.6111758 ], [ 5.8970529, 45.6111059 ], [ 5.8971014, 45.6110506 ], [ 5.897157, 45.6110095 ], [ 5.8973125, 45.6109388 ], [ 5.8974857, 45.6108866 ], [ 5.8977107, 45.6108691 ], [ 5.8979473, 45.6108522 ], [ 5.8981353, 45.6108618 ], [ 5.8983036, 45.6108637 ], [ 5.8984016, 45.610872 ], [ 5.898538, 45.6109018 ] ], [ [ 5.898538, 45.6109018 ], [ 5.898722, 45.6109602 ], [ 5.8990593, 45.6111002 ], [ 5.8993186, 45.6111719 ], [ 5.8994559, 45.6111945 ], [ 5.8997061, 45.6112159 ], [ 5.8998752, 45.6112089 ], [ 5.9003986, 45.6111278 ] ], [ [ 5.9005514, 45.611104 ], [ 5.9003986, 45.6111278 ] ], [ [ 5.9032832, 45.6109993 ], [ 5.9030901, 45.6109637 ], [ 5.9028673, 45.6109262 ], [ 5.9027381, 45.6109116 ], [ 5.9024354, 45.6109167 ], [ 5.9021865, 45.6109204 ], [ 5.9020164, 45.6109077 ], [ 5.9013856, 45.6108275 ], [ 5.9012705, 45.6108359 ], [ 5.901123, 45.6108874 ], [ 5.9009935, 45.6109394 ], [ 5.9007046, 45.6110613 ], [ 5.9005514, 45.611104 ] ], [ [ 5.903739, 45.6110713 ], [ 5.9035165, 45.6110401 ], [ 5.9032832, 45.6109993 ] ], [ [ 5.9045034, 45.6102731 ], [ 5.9043893, 45.6104472 ], [ 5.9041418, 45.6106257 ], [ 5.9039635, 45.6107267 ], [ 5.9039278, 45.610779 ], [ 5.9038619, 45.6109916 ], [ 5.9038143, 45.6110397 ], [ 5.903739, 45.6110713 ] ], [ [ 5.8960571, 45.6073587 ], [ 5.8959814, 45.607458 ], [ 5.8959047, 45.6075383 ], [ 5.8957877, 45.6076576 ], [ 5.895747, 45.6077632 ], [ 5.8957323, 45.6078257 ], [ 5.8957326, 45.6078807 ], [ 5.8957434, 45.6079642 ], [ 5.8957677, 45.6080843 ], [ 5.8957652, 45.6082331 ], [ 5.8957295, 45.6083124 ], [ 5.8955971, 45.6085059 ], [ 5.8955729, 45.6085588 ], [ 5.8955379, 45.6088228 ], [ 5.8955725, 45.6090418 ], [ 5.8955569, 45.6095054 ], [ 5.8955625, 45.6096368 ], [ 5.8955677, 45.6096871 ], [ 5.895602, 45.6097772 ], [ 5.8956627, 45.6098829 ], [ 5.8957394, 45.6099999 ], [ 5.8959349, 45.610203 ], [ 5.8960281, 45.610315 ], [ 5.896064, 45.6103646 ], [ 5.8961315, 45.6105007 ], [ 5.896235, 45.610835 ], [ 5.8962545, 45.6108895 ], [ 5.8963275, 45.6110336 ], [ 5.8963768, 45.6111161 ], [ 5.8964529, 45.6112205 ], [ 5.8964795, 45.6113126 ], [ 5.8965043, 45.6114183 ], [ 5.8965085, 45.6116957 ], [ 5.8964913, 45.611907 ], [ 5.8965113, 45.6119939 ], [ 5.8965762, 45.6121058 ], [ 5.896677, 45.6121915 ], [ 5.8967417, 45.6122268 ], [ 5.8968212, 45.612249 ], [ 5.8969054, 45.6122379 ], [ 5.8969551, 45.612206 ], [ 5.8969888, 45.6121393 ], [ 5.8970016, 45.6120885 ], [ 5.8970172, 45.6119214 ] ] ] } },
{ "type": "Feature", "properties": { "id_voie": "73065_0458", "nom": "Rue de la Brûle", "type_voie": "Rue", "longueur_m": 368.7, "quartier": "HC" }, "geometry": { "type": "MultiLineString", "coordinates": [ [ [ 5.9207832, 45.5968811 ], [ 5.9208359, 45.596859 ], [ 5.9212715, 45.5968431 ] ], [ [ 5.9212715, 45.5968431 ], [ 5.921765, 45.5968294 ], [ 5.9218533, 45.5968253 ] ], [ [ 5.9225492, 45.5967306 ], [ 5.9226168, 45.5966982 ], [ 5.922685, 45.5966541 ], [ 5.9228343, 45.5965151 ] ], [ [ 5.9218533, 45.5968253 ], [ 5.9221644, 45.5968091 ], [ 5.9223342, 45.596793 ], [ 5.9224837, 45.5967558 ], [ 5.9225492, 45.5967306 ] ], [ [ 5.9228343, 45.5965151 ], [ 5.9229322, 45.5964233 ], [ 5.9230868, 45.5963139 ], [ 5.9231887, 45.5962256 ], [ 5.9233211, 45.5961312 ], [ 5.9233587, 45.596114 ], [ 5.923402, 45.5961074 ], [ 5.9234277, 45.5961086 ] ], [ [ 5.9240475, 45.5963006 ], [ 5.9239804, 45.5962942 ], [ 5.9238141, 45.5962562 ], [ 5.9236757, 45.596212 ], [ 5.9235293, 45.5961375 ], [ 5.9234664, 45.5961121 ], [ 5.9234277, 45.5961086 ] ], [ [ 5.925013, 45.596353 ], [ 5.9249837, 45.5963574 ], [ 5.9244693, 45.5963392 ], [ 5.9240475, 45.5963006 ] ] ] } },
{ "type": "Feature", "properties": { "id_voie": "73065_0970", "nom": "Rue Costa de Beauregard", "type_voie": "Rue", "longueur_m": 732.5, "quartier": "LA" }, "geometry": { "type": "MultiLineString", "coordinates": [ [ [ 5.9318631, 45.5638657 ], [ 5.9318597, 45.563946 ], [ 5.9319331, 45.564291 ], [ 5.9320491, 45.5648836 ], [ 5.9321394, 45.5652336 ], [ 5.9322561, 45.5657658 ] ], [ [ 5.9322561, 45.5657658 ], [ 5.9323133, 45.566095 ], [ 5.9323298, 45.566237 ] ], [ [ 5.9319951, 45.5637415 ], [ 5.9320157, 45.5637924 ], [ 5.9319771, 45.5638384 ] ], [ [ 5.9318735, 45.5636979 ], [ 5.9319522, 45.5637075 ], [ 5.9319951, 45.5637415 ] ], [ [ 5.9317749, 45.5637752 ], [ 5.9318042, 45.5637222 ], [ 5.9318735, 45.5636979 ] ], [ [ 5.9318631, 45.5638657 ], [ 5.9317922, 45.5638342 ], [ 5.9317749, 45.5637752 ] ], [ [ 5.9319771, 45.5638384 ], [ 5.931931, 45.563864 ], [ 5.9318631, 45.5638657 ] ], [ [ 5.9310847, 45.5634337 ], [ 5.9311619, 45.5634623 ], [ 5.9317399, 45.5636707 ], [ 5.9318735, 45.5636979 ] ], [ [ 5.9310254, 45.5635019 ], [ 5.9314373, 45.5636489 ], [ 5.9317749, 45.5637752 ] ], [ [ 5.9305073, 45.5632857 ], [ 5.9306185, 45.5632783 ], [ 5.9310847, 45.5634337 ] ], [ [ 5.9305073, 45.5632857 ], [ 5.93057, 45.5633318 ], [ 5.9306763, 45.5633768 ], [ 5.9310254, 45.5635019 ] ], [ [ 5.9283912, 45.563394 ], [ 5.9285247, 45.563395 ], [ 5.9286363, 45.5633714 ], [ 5.9287952, 45.5632952 ], [ 5.9289276, 45.5632268 ], [ 5.9290956, 45.5631774 ], [ 5.9293165, 45.5631329 ], [ 5.9294984, 45.5631038 ], [ 5.9296779, 45.5631036 ], [ 5.9297948, 45.563106 ], [ 5.9299778, 45.5631219 ], [ 5.9301805, 45.5631698 ], [ 5.930357, 45.5632328 ], [ 5.9305073, 45.5632857 ] ] ] } },
{ "type": "Feature", "properties": { "id_voie": "73065_3000", "nom": "Rue Paul Bert", "type_voie": "Rue", "longueur_m": 218.5, "quartier": "CE" }, "geometry": { "type": "MultiLineString", "coordinates": [ [ [ 5.9155538, 45.567389 ], [ 5.9162813, 45.5669276 ], [ 5.9167327, 45.5666555 ], [ 5.9168094, 45.5666022 ] ], [ [ 5.9170103, 45.5664699 ], [ 5.9169098, 45.5665356 ], [ 5.9168094, 45.5666022 ] ], [ [ 5.9170103, 45.5664699 ], [ 5.9171588, 45.5663417 ], [ 5.917393, 45.5661356 ], [ 5.9175737, 45.5660362 ] ] ] } },
{ "type": "Feature", "properties": { "id_voie": "73065_0369", "nom": "Rue des Bois", "type_voie": "Rue", "longueur_m": 1274.2, "quartier": "CV" }, "geometry": { "type": "MultiLineString", "coordinates": [ [ [ 5.9064873, 45.6091297 ], [ 5.9061271, 45.6086993 ], [ 5.9060187, 45.6085903 ], [ 5.9059373, 45.6085312 ], [ 5.9058938, 45.6085098 ], [ 5.905838, 45.6084986 ], [ 5.9057954, 45.6084952 ], [ 5.9057457, 45.6085019 ], [ 5.905708, 45.6085164 ], [ 5.9055417, 45.608627 ] ], [ [ 5.9062401, 45.6093352 ], [ 5.9061806, 45.6093755 ], [ 5.9058088, 45.6095824 ], [ 5.9056674, 45.6096519 ] ], [ [ 5.9056674, 45.6096519 ], [ 5.9054304, 45.6097598 ] ], [ [ 5.9054304, 45.6097598 ], [ 5.9050701, 45.6099403 ], [ 5.9046062, 45.6102253 ], [ 5.9045034, 45.6102731 ] ], [ [ 5.9074578, 45.6066077 ], [ 5.9074108, 45.6068621 ], [ 5.9073947, 45.606922 ] ], [ [ 5.9073947, 45.606922 ], [ 5.9072905, 45.6073085 ], [ 5.9072173, 45.6075051 ], [ 5.9071398, 45.6077152 ], [ 5.9070608, 45.6079714 ], [ 5.9069502, 45.6082617 ], [ 5.9069351, 45.6082918 ] ], [ [ 5.9067079, 45.6087572 ], [ 5.9065896, 45.6089991 ], [ 5.9065266, 45.6090944 ], [ 5.9064873, 45.6091297 ] ], [ [ 5.9064873, 45.6091297 ], [ 5.9063502, 45.6092567 ], [ 5.9062401, 45.6093352 ] ], [ [ 5.9069351, 45.6082918 ], [ 5.9069074, 45.608352 ], [ 5.9067079, 45.6087572 ] ], [ [ 5.9082403, 45.6047123 ], [ 5.9082989, 45.6046071 ], [ 5.9084184, 45.6044608 ] ], [ [ 5.9074578, 45.6066077 ], [ 5.9075384, 45.6062596 ], [ 5.9076712, 45.6058065 ], [ 5.9077009, 45.6056381 ], [ 5.9077307, 45.6055454 ], [ 5.9077928, 45.6054321 ], [ 5.9081021, 45.6049664 ], [ 5.9082403, 45.6047123 ] ], [ [ 5.9092021, 45.6037638 ], [ 5.9091665, 45.603771 ], [ 5.9090764, 45.6038148 ], [ 5.9090232, 45.6038531 ], [ 5.9084184, 45.6044608 ] ], [ [ 5.9097484, 45.603974 ], [ 5.9096466, 45.6039406 ], [ 5.9093599, 45.6037876 ], [ 5.9092818, 45.6037653 ], [ 5.9092021, 45.6037638 ] ], [ [ 5.9102795, 45.6040639 ], [ 5.9102426, 45.6040702 ], [ 5.9102016, 45.6040713 ], [ 5.9101213, 45.604059 ], [ 5.9097484, 45.603974 ] ], [ [ 5.9111859, 45.6036737 ], [ 5.9110788, 45.6037134 ], [ 5.9107986, 45.6038288 ], [ 5.9107068, 45.6038645 ], [ 5.9106016, 45.603915 ], [ 5.9105075, 45.6039571 ], [ 5.9102795, 45.6040639 ] ], [ [ 5.9114745, 45.6035959 ], [ 5.9113603, 45.6036214 ], [ 5.9112525, 45.6036476 ], [ 5.9111859, 45.6036737 ] ], [ [ 5.9125808, 45.6037862 ], [ 5.9118756, 45.6036315 ], [ 5.9117537, 45.6036094 ], [ 5.9116131, 45.603595 ], [ 5.9115334, 45.6035944 ], [ 5.9114745, 45.6035959 ] ], [ [ 5.9128657, 45.6038573 ], [ 5.9125808, 45.6037862 ] ] ] } },
{ "type": "Feature", "properties": { "id_voie": "73065_1082", "nom": "Rue de la Dent Parrachée", "type_voie": "Rue", "longueur_m": 60.7, "quartier": "BI" }, "geometry": { "type": "LineString", "coordinates": [ [ 5.8817912, 45.5803316 ], [ 5.8819376, 45.5802602 ], [ 5.8823117, 45.5800506 ], [ 5.8823917, 45.5800098 ], [ 5.8824119, 45.5800048 ] ] } },
{ "type": "Feature", "properties": { "id_voie": "73065_2300", "nom": "Rue du Laurier", "type_voie": "Rue", "longueur_m": 254.9, "quartier": "LA" }, "geometry": { "type": "MultiLineString", "coordinates": [ [ [ 5.9256451, 45.5664887 ], [ 5.9258223, 45.5665156 ], [ 5.9260524, 45.566524 ] ], [ [ 5.9260524, 45.566524 ], [ 5.9262593, 45.5665304 ], [ 5.9264714, 45.5665393 ] ], [ [ 5.9264714, 45.5665393 ], [ 5.9268762, 45.566553 ], [ 5.9273417, 45.566549 ], [ 5.927595, 45.5665352 ] ], [ [ 5.927595, 45.5665352 ], [ 5.9278178, 45.5665276 ], [ 5.9278427, 45.5665621 ] ], [ [ 5.9278427, 45.5665621 ], [ 5.9278564, 45.5667726 ], [ 5.927914, 45.5670126 ], [ 5.9279458, 45.5672019 ], [ 5.927992, 45.5672746 ] ] ] } },
{ "type": "Feature", "properties": { "id_voie": "73065_3377", "nom": "Allée des Rosiers", "type_voie": "Allée", "longueur_m": 129.6, "quartier": "BI" }, "geometry": { "type": "LineString", "coordinates": [ [ 5.8983187, 45.5806518 ], [ 5.8984633, 45.5804471 ], [ 5.8985487, 45.5802899 ], [ 5.8986318, 45.5801112 ], [ 5.8986495, 45.5800332 ], [ 5.8986353, 45.5800066 ], [ 5.8986099, 45.5799883 ], [ 5.8985733, 45.5799748 ], [ 5.8985395, 45.5799667 ], [ 5.8984993, 45.5799587 ], [ 5.8984664, 45.5799424 ], [ 5.8984342, 45.5799162 ], [ 5.8984171, 45.5798833 ], [ 5.8984317, 45.5798433 ], [ 5.8984514, 45.5798023 ], [ 5.8984793, 45.5797475 ], [ 5.8985321, 45.5796767 ], [ 5.8985739, 45.5796432 ] ] } },
{ "type": "Feature", "properties": { "id_voie": "73065_3731", "nom": "Rue de Touraine", "type_voie": "Rue", "longueur_m": 76.6, "quartier": "CV" }, "geometry": { "type": "LineString", "coordinates": [ [ 5.911246, 45.602179 ], [ 5.9112384, 45.6024496 ], [ 5.9111635, 45.6026371 ], [ 5.9110995, 45.6027631 ], [ 5.9110673, 45.6028108 ], [ 5.9110783, 45.6028475 ] ] } },
{ "type": "Feature", "properties": { "id_voie": "73065_1950", "nom": "Chemin des Ifs", "type_voie": "Chemin", "longueur_m": 318.0, "quartier": "LA" }, "geometry": { "type": "MultiLineString", "coordinates": [ [ [ 5.9304853, 45.5721395 ], [ 5.9302362, 45.5721613 ], [ 5.9300909, 45.5721786 ], [ 5.9299996, 45.572199 ] ], [ [ 5.9327106, 45.5719562 ], [ 5.9325626, 45.5719727 ], [ 5.9319146, 45.5720193 ], [ 5.9310554, 45.5721003 ], [ 5.9304853, 45.5721395 ] ], [ [ 5.9331507, 45.5719087 ], [ 5.9327106, 45.5719562 ] ], [ [ 5.934027, 45.5717876 ], [ 5.9339125, 45.5718059 ], [ 5.9334502, 45.5718711 ], [ 5.9331507, 45.5719087 ] ] ] } },
{ "type": "Feature", "properties": { "id_voie": "73065_0080", "nom": "Avenue Alsace-Lorraine", "type_voie": "Avenue", "longueur_m": 469.3, "quartier": "CE" }, "geometry": { "type": "MultiLineString", "coordinates": [ [ [ 5.9105503, 45.5762799 ], [ 5.9105701, 45.5766074 ] ], [ [ 5.9105477, 45.5752527 ], [ 5.910547, 45.5752879 ], [ 5.9105426, 45.5755223 ], [ 5.9105597, 45.575994 ], [ 5.9105503, 45.5762799 ] ], [ [ 5.9105302, 45.574699 ], [ 5.9105503, 45.5749355 ], [ 5.9105483, 45.5752158 ], [ 5.9105477, 45.5752527 ] ], [ [ 5.9105092, 45.5734939 ], [ 5.9105208, 45.5742767 ], [ 5.9105302, 45.574699 ] ], [ [ 5.9105043, 45.573057 ], [ 5.9105092, 45.5734939 ] ], [ [ 5.9105043, 45.573057 ], [ 5.9104568, 45.5726663 ] ], [ [ 5.9104242, 45.5723878 ], [ 5.9104437, 45.572563 ], [ 5.9104568, 45.5726663 ] ] ] } },
{ "type": "Feature", "properties": { "id_voie": "73065_2080", "nom": "Rue Jean Pellerin", "type_voie": "Rue", "longueur_m": 581.0, "quartier": "HC" }, "geometry": { "type": "MultiLineString", "coordinates": [ [ [ 5.9172564, 45.5779722 ], [ 5.9172646, 45.5780315 ], [ 5.9173147, 45.5781293 ], [ 5.9173862, 45.5782212 ], [ 5.9175317, 45.5783769 ], [ 5.9175536, 45.5784015 ], [ 5.9175984, 45.578449 ], [ 5.9175997, 45.5784499 ], [ 5.9176991, 45.5785581 ], [ 5.9177032, 45.5785634 ], [ 5.9177508, 45.5786145 ], [ 5.9177535, 45.5786171 ], [ 5.9177943, 45.5786602 ], [ 5.9179483, 45.5788319 ] ], [ [ 5.9179483, 45.5788319 ], [ 5.9180621, 45.5789209 ] ], [ [ 5.9180621, 45.5789209 ], [ 5.918199, 45.5790101 ], [ 5.9184139, 45.5791199 ], [ 5.9186404, 45.5792059 ] ], [ [ 5.9186404, 45.5792059 ], [ 5.9187844, 45.579259 ] ], [ [ 5.9187844, 45.579259 ], [ 5.9189755, 45.5793071 ], [ 5.9191297, 45.5793356 ] ], [ [ 5.9191297, 45.5793356 ], [ 5.9192565, 45.5793557 ], [ 5.9194592, 45.5793793 ], [ 5.9198017, 45.579401 ], [ 5.9209214, 45.5794161 ] ], [ [ 5.9229611, 45.5794532 ], [ 5.9233399, 45.5794577 ], [ 5.9234867, 45.5794674 ], [ 5.923567, 45.5794825 ], [ 5.9236089, 45.5794976 ], [ 5.923663, 45.5795259 ], [ 5.923688, 45.5795622 ] ], [ [ 5.9227031, 45.5794527 ], [ 5.9229611, 45.5794532 ] ], [ [ 5.9209214, 45.5794161 ], [ 5.9224618, 45.5794517 ], [ 5.9227031, 45.5794527 ] ] ] } },
{ "type": "Feature", "properties": { "id_voie": "73065_0170", "nom": "Route Aristide Berges", "type_voie": "Route", "longueur_m": 446.5, "quartier": "BI" }, "geometry": { "type": "MultiLineString", "coordinates": [ [ [ 5.9020102, 45.5857198 ], [ 5.9020525, 45.5856691 ], [ 5.9020924, 45.5855978 ], [ 5.9021229, 45.5855186 ] ], [ [ 5.9021229, 45.5855186 ], [ 5.9021333, 45.5854715 ] ], [ [ 5.9000414, 45.5877025 ], [ 5.9002744, 45.5874712 ], [ 5.9009687, 45.5867847 ], [ 5.901959, 45.5857715 ], [ 5.9020102, 45.5857198 ] ], [ [ 5.9000414, 45.5877025 ], [ 5.8995312, 45.5882031 ], [ 5.8993357, 45.5883677 ], [ 5.8992134, 45.5884591 ], [ 5.8990811, 45.5885536 ], [ 5.8989273, 45.5886314 ], [ 5.8987852, 45.5886882 ] ] ] } },
{ "type": "Feature", "properties": { "id_voie": "73065_3040", "nom": "Rue du Pellaz", "type_voie": "Rue", "longueur_m": 122.7, "quartier": "BI" }, "geometry": { "type": "LineString", "coordinates": [ [ 5.8938545, 45.5749269 ], [ 5.8939377, 45.5749969 ], [ 5.8943333, 45.5752498 ], [ 5.894896, 45.5756075 ], [ 5.8950073, 45.5756758 ] ] } },
{ "type": "Feature", "properties": { "id_voie": "73065_0770", "nom": "Chemin de Charrière-Neuve", "type_voie": "Chemin", "longueur_m": 1062.8, "quartier": "BI" }, "geometry": { "type": "MultiLineString", "coordinates": [ [ [ 5.8997732, 45.5800754 ], [ 5.8995846, 45.5800262 ], [ 5.8993504, 45.5799656 ], [ 5.8991615, 45.579911 ] ], [ [ 5.8989596, 45.5802947 ], [ 5.8992321, 45.5803777 ], [ 5.8994822, 45.5804479 ], [ 5.8995771, 45.5804716 ], [ 5.8996365, 45.5804781 ], [ 5.8996963, 45.5804685 ], [ 5.8997584, 45.5804299 ], [ 5.8998026, 45.5803675 ], [ 5.8998407, 45.5802855 ], [ 5.8998499, 45.5802401 ], [ 5.8998415, 45.5801791 ], [ 5.899814, 45.5801194 ], [ 5.8997732, 45.5800754 ] ], [ [ 5.8997878, 45.5793722 ], [ 5.8996304, 45.5791113 ], [ 5.8995116, 45.5789009 ] ], [ [ 5.8995116, 45.5789009 ], [ 5.8994172, 45.5787636 ] ], [ [ 5.8994262, 45.5778082 ], [ 5.8995547, 45.5776157 ] ], [ [ 5.8994185, 45.5779067 ], [ 5.8994262, 45.5778082 ] ], [ [ 5.8993304, 45.5781351 ], [ 5.89938, 45.578005 ], [ 5.8994185, 45.5779067 ] ], [ [ 5.8994172, 45.5787636 ], [ 5.8993563, 45.57863 ], [ 5.8993177, 45.5785067 ], [ 5.8993013, 45.5784134 ], [ 5.8993044, 45.5782998 ], [ 5.8993183, 45.5781733 ], [ 5.8993304, 45.5781351 ] ], [ [ 5.8998051, 45.5765153 ], [ 5.8998182, 45.5761275 ] ], [ [ 5.8997289, 45.5771435 ], [ 5.8997832, 45.5770034 ], [ 5.8997986, 45.5768813 ], [ 5.8998051, 45.5765153 ] ], [ [ 5.8996963, 45.5772561 ], [ 5.8997289, 45.5771435 ] ], [ [ 5.8995547, 45.5776157 ], [ 5.8996963, 45.5772561 ] ], [ [ 5.8997732, 45.5800754 ], [ 5.8997709, 45.5800313 ], [ 5.89984, 45.57988 ], [ 5.8998846, 45.5798013 ], [ 5.8999214, 45.5797445 ], [ 5.8999659, 45.5797109 ] ], [ [ 5.8998942, 45.5795668 ], [ 5.8997878, 45.5793722 ] ], [ [ 5.8999659, 45.5797109 ], [ 5.8998942, 45.5795668 ] ], [ [ 5.9004478, 45.5810006 ], [ 5.9003914, 45.5808786 ], [ 5.9003307, 45.5806999 ], [ 5.9002805, 45.5804759 ], [ 5.900241, 45.5802598 ], [ 5.9002131, 45.5801677 ], [ 5.9001569, 45.580052 ], [ 5.8999659, 45.5797109 ] ], [ [ 5.9009467, 45.5822934 ], [ 5.9007732, 45.5818716 ], [ 5.9006856, 45.5816207 ], [ 5.9005005, 45.5811488 ], [ 5.9004478, 45.5810006 ] ], [ [ 5.9014808, 45.5835492 ], [ 5.9014018, 45.583462 ], [ 5.9013442, 45.583368 ], [ 5.9009467, 45.5822934 ] ] ] } },
{ "type": "Feature", "properties": { "id_voie": "73065_2910", "nom": "Rue du Nivolet", "type_voie": "Rue", "longueur_m": 207.5, "quartier": "CE" }, "geometry": { "type": "MultiLineString", "coordinates": [ [ [ 5.9145487, 45.5726972 ], [ 5.9143805, 45.5725736 ], [ 5.914198, 45.5724197 ], [ 5.9140174, 45.5722794 ] ], [ [ 5.9140174, 45.5722794 ], [ 5.9139319, 45.5722158 ], [ 5.912793, 45.5712956 ] ] ] } },
{ "type": "Feature", "properties": { "id_voie": "73065_2925", "nom": "Square de Normandie", "type_voie": "Square", "longueur_m": 140.3, "quartier": "HC" }, "geometry": { "type": "MultiLineString", "coordinates": [ [ [ 5.9190758, 45.5885939 ], [ 5.919119, 45.5885847 ], [ 5.9191719, 45.5885905 ], [ 5.9192616, 45.5886116 ] ], [ [ 5.9192616, 45.5886116 ], [ 5.9194112, 45.588651 ], [ 5.9195322, 45.5886821 ], [ 5.9196454, 45.5887107 ] ], [ [ 5.9196454, 45.5887107 ], [ 5.919739, 45.5887344 ], [ 5.9198354, 45.5887598 ] ], [ [ 5.9187495, 45.5892458 ], [ 5.9187462, 45.589208 ], [ 5.9187504, 45.5891899 ], [ 5.9187913, 45.5890879 ], [ 5.9188345, 45.5890066 ], [ 5.9188813, 45.5889206 ], [ 5.9189279, 45.588832 ], [ 5.9189746, 45.5887425 ], [ 5.9190331, 45.5886355 ], [ 5.9190499, 45.5886126 ], [ 5.9190758, 45.5885939 ] ] ] } },
{ "type": "Feature", "properties": { "id_voie": "73065_3870", "nom": "Chemin des Vieux Capucins", "type_voie": "Chemin", "longueur_m": 371.2, "quartier": "BO" }, "geometry": { "type": "MultiLineString", "coordinates": [ [ [ 5.9010624, 45.5620484 ], [ 5.9010325, 45.5620168 ], [ 5.9009788, 45.5619947 ], [ 5.9008803, 45.5619766 ], [ 5.9008124, 45.5619531 ] ], [ [ 5.9019323, 45.5626153 ], [ 5.9017325, 45.5624988 ], [ 5.9016099, 45.5624362 ], [ 5.901171, 45.5621871 ], [ 5.901104, 45.5621339 ], [ 5.9010791, 45.5620985 ], [ 5.9010624, 45.5620484 ] ], [ [ 5.9019323, 45.5626153 ], [ 5.9020796, 45.5627097 ], [ 5.9022525, 45.5628016 ], [ 5.9024279, 45.5628692 ], [ 5.9025859, 45.5629228 ], [ 5.9026746, 45.5629502 ] ], [ [ 5.9026746, 45.5629502 ], [ 5.9029395, 45.5630371 ], [ 5.9034722, 45.5631909 ], [ 5.9035956, 45.5632193 ], [ 5.9037322, 45.5632563 ], [ 5.9040913, 45.5633281 ], [ 5.9042466, 45.5633538 ], [ 5.9049318, 45.5634055 ] ] ] } },
{ "type": "Feature", "properties": { "id_voie": "73065_a08128", "nom": "Rue du Bois de Pugnet", "type_voie": "Rue", "longueur_m": 409.6, "quartier": "HC" }, "geometry": { "type": "MultiLineString", "coordinates": [ [ [ 5.9131811, 45.5930117 ], [ 5.9132659, 45.5928905 ], [ 5.9133627, 45.5927303 ], [ 5.9136237, 45.5921045 ], [ 5.9139669, 45.5914054 ] ], [ [ 5.9128214, 45.5935166 ], [ 5.9129449, 45.5933034 ], [ 5.9131811, 45.5930117 ] ], [ [ 5.9128214, 45.5935166 ], [ 5.9126444, 45.5938861 ], [ 5.9125892, 45.5939101 ], [ 5.9124826, 45.5939327 ], [ 5.9122039, 45.5939309 ], [ 5.9120801, 45.5939188 ] ], [ [ 5.9111989, 45.593856 ], [ 5.91168, 45.5938769 ], [ 5.9120801, 45.5939188 ] ] ] } },
{ "type": "Feature", "properties": { "id_voie": "73065_1880", "nom": "Passage Henri Murger", "type_voie": "Passage", "longueur_m": 97.8, "quartier": "CE" }, "geometry": { "type": "MultiLineString", "coordinates": [ [ [ 5.9197347, 45.5643672 ], [ 5.9197416, 45.5643273 ], [ 5.9197514, 45.5642947 ], [ 5.9197528, 45.5642712 ] ], [ [ 5.9197223, 45.5644963 ], [ 5.919725, 45.564426 ], [ 5.9197347, 45.5643672 ] ], [ [ 5.91956, 45.5648736 ], [ 5.9196351, 45.5648131 ], [ 5.9196975, 45.5647313 ], [ 5.9197223, 45.5644963 ] ], [ [ 5.9197528, 45.5642712 ], [ 5.9194205, 45.5641978 ] ] ] } },
{ "type": "Feature", "properties": { "id_voie": "73065_2545", "nom": "Rue des Marais", "type_voie": "Rue", "longueur_m": 574.8, "quartier": "CV" }, "geometry": { "type": "MultiLineString", "coordinates": [ [ [ 5.8884218, 45.6128156 ], [ 5.8885939, 45.6127914 ], [ 5.8887465, 45.6127892 ], [ 5.8895126, 45.6128786 ], [ 5.8896371, 45.6129024 ], [ 5.889712, 45.6129356 ], [ 5.8897732, 45.6129764 ], [ 5.8898026, 45.6130234 ], [ 5.8898168, 45.6130744 ], [ 5.8898245, 45.6131472 ], [ 5.8899486, 45.6149372 ], [ 5.8899586, 45.6150532 ], [ 5.8899555, 45.6151172 ], [ 5.8899327, 45.6151719 ], [ 5.8898977, 45.6152151 ], [ 5.8898432, 45.6152535 ], [ 5.8897802, 45.6152767 ], [ 5.8896988, 45.6152914 ] ], [ [ 5.8896988, 45.6152914 ], [ 5.8896231, 45.6152925 ], [ 5.8895456, 45.6152845 ], [ 5.8893521, 45.6152418 ], [ 5.888154, 45.6149941 ] ], [ [ 5.888154, 45.6149941 ], [ 5.8879503, 45.6149525 ], [ 5.8877104, 45.6149082 ] ], [ [ 5.8879905, 45.6127447 ], [ 5.8881237, 45.6127863 ], [ 5.888229, 45.6128115 ], [ 5.8883576, 45.6128163 ], [ 5.8884218, 45.6128156 ] ] ] } },
{ "type": "Feature", "properties": { "id_voie": "73065_0740", "nom": "Quai Charles Ravet", "type_voie": "Quai", "longueur_m": 398.4, "quartier": "LA" }, "geometry": { "type": "LineString", "coordinates": [ [ 5.9296314, 45.5673688 ], [ 5.9295343, 45.5673777 ], [ 5.9284504, 45.5675014 ], [ 5.9281232, 45.5675478 ], [ 5.9269966, 45.5676664 ], [ 5.9265554, 45.5676932 ], [ 5.9262886, 45.5676947 ], [ 5.9260293, 45.5676907 ], [ 5.9257515, 45.5676781 ], [ 5.9254886, 45.5676561 ], [ 5.925027, 45.5676113 ], [ 5.9247206, 45.5675923 ], [ 5.9245725, 45.5675808 ] ] } },
{ "type": "Feature", "properties": { "id_voie": "73065_0285", "nom": "Rue de Bellevarde", "type_voie": "Rue", "longueur_m": 174.0, "quartier": "BI" }, "geometry": { "type": "LineString", "coordinates": [ [ 5.8970793, 45.5707376 ], [ 5.8969986, 45.5708379 ], [ 5.8968708, 45.570971 ], [ 5.8966994, 45.5711772 ], [ 5.8965725, 45.5713012 ], [ 5.8965144, 45.5713685 ], [ 5.8962568, 45.5717419 ], [ 5.8962204, 45.5718059 ], [ 5.8962053, 45.5718604 ], [ 5.8962346, 45.5719065 ], [ 5.8962905, 45.5719447 ], [ 5.8964343, 45.5720212 ], [ 5.8964969, 45.5720403 ] ] } },
{ "type": "Feature", "properties": { "id_voie": "73065_1765", "nom": "Allée des Grandes Jorasses", "type_voie": "Allée", "longueur_m": 131.9, "quartier": "BI" }, "geometry": { "type": "MultiLineString", "coordinates": [ [ [ 5.8995116, 45.5789009 ], [ 5.8996359, 45.5788968 ], [ 5.8997768, 45.5788922 ] ], [ [ 5.8997768, 45.5788922 ], [ 5.9001501, 45.5788673 ] ], [ [ 5.9008679, 45.578828 ], [ 5.9011966, 45.5788069 ] ], [ [ 5.9001501, 45.5788673 ], [ 5.9008679, 45.578828 ] ] ] } },
{ "type": "Feature", "properties": { "id_voie": "73065_2955", "nom": "Quai du Onze Novembre", "type_voie": "Quai", "longueur_m": 491.0, "quartier": "LA" }, "geometry": { "type": "MultiLineString", "coordinates": [ [ [ 5.933731, 45.567261 ], [ 5.9340609, 45.5672893 ], [ 5.9344528, 45.5673241 ], [ 5.9349028, 45.5673673 ], [ 5.9355898, 45.5674278 ], [ 5.9360951, 45.5674741 ], [ 5.936594, 45.5675196 ], [ 5.9368857, 45.5675516 ], [ 5.9371452, 45.5675836 ] ], [ [ 5.9371452, 45.5675836 ], [ 5.9372958, 45.5676166 ], [ 5.937558, 45.5676494 ], [ 5.9378903, 45.5676984 ], [ 5.9380095, 45.5677214 ] ], [ [ 5.9377814, 45.5676048 ], [ 5.9375007, 45.5675851 ], [ 5.9371452, 45.5675836 ] ], [ [ 5.9383168, 45.5676863 ], [ 5.9377814, 45.5676048 ] ], [ [ 5.9380095, 45.5677214 ], [ 5.93824, 45.5677613 ], [ 5.9384179, 45.5678008 ], [ 5.9384841, 45.5678153 ] ], [ [ 5.9385794, 45.5677506 ], [ 5.9385262, 45.5677394 ], [ 5.9383168, 45.5676863 ] ] ] } },
{ "type": "Feature", "properties": { "id_voie": "73065_2700", "nom": "Place Monge", "type_voie": "Place", "longueur_m": 399.3, "quartier": "LA" }, "geometry": { "type": "MultiLineString", "coordinates": [ [ [ 5.9225533, 45.5632748 ], [ 5.9225788, 45.5632966 ], [ 5.9226031, 45.5633194 ], [ 5.9226279, 45.5633764 ], [ 5.9226254, 45.5634017 ], [ 5.922625, 45.5634198 ], [ 5.9226124, 45.5634471 ], [ 5.9225906, 45.5634729 ], [ 5.922526, 45.5635125 ] ], [ [ 5.922526, 45.5635125 ], [ 5.9224882, 45.5635252 ], [ 5.9224024, 45.5635283 ] ], [ [ 5.9223232, 45.5632663 ], [ 5.922384, 45.5632521 ], [ 5.9224713, 45.5632535 ], [ 5.9225102, 45.5632615 ], [ 5.9225533, 45.5632748 ] ], [ [ 5.9224024, 45.5635283 ], [ 5.9223231, 45.5635087 ], [ 5.9222888, 45.5634898 ], [ 5.922245, 45.5634387 ], [ 5.9222323, 45.5633669 ] ], [ [ 5.9222323, 45.5633669 ], [ 5.9222556, 45.5633231 ], [ 5.9222786, 45.5632972 ], [ 5.9223232, 45.5632663 ] ], [ [ 5.9222323, 45.5633669 ], [ 5.9221665, 45.5633596 ], [ 5.9219529, 45.5633471 ], [ 5.921764, 45.5633421 ] ], [ [ 5.9217573, 45.5634333 ], [ 5.9219321, 45.5634405 ], [ 5.9220935, 45.5634363 ], [ 5.9221567, 45.5634175 ], [ 5.9222323, 45.5633669 ] ], [ [ 5.9220455, 45.5624031 ], [ 5.9221038, 45.5625836 ], [ 5.9221639, 45.5627749 ], [ 5.9222042, 45.5629072 ], [ 5.9222542, 45.5630771 ], [ 5.9223232, 45.5632663 ] ], [ [ 5.9209831, 45.5633228 ], [ 5.9210262, 45.5633866 ], [ 5.9210929, 45.563411 ], [ 5.9212597, 45.563412 ], [ 5.9215495, 45.5634342 ], [ 5.9217573, 45.5634333 ] ], [ [ 5.921764, 45.5633421 ], [ 5.9214288, 45.5633337 ], [ 5.9212156, 45.5633294 ], [ 5.9209831, 45.5633228 ] ] ] } },
{ "type": "Feature", "properties": { "id_voie": "73065_2570", "nom": "Chemin des Martinettes", "type_voie": "Chemin", "longueur_m": 274.1, "quartier": "LA" }, "geometry": { "type": "MultiLineString", "coordinates": [ [ [ 5.9274855, 45.5682763 ], [ 5.9281223, 45.5682849 ], [ 5.9288265, 45.5683071 ], [ 5.9291013, 45.5683117 ], [ 5.9292982, 45.5683237 ], [ 5.9294052, 45.5683317 ], [ 5.9294873, 45.5683322 ], [ 5.9295576, 45.5683286 ], [ 5.9296249, 45.5683142 ] ], [ [ 5.9299113, 45.5680292 ], [ 5.9299961, 45.5680559 ], [ 5.930118, 45.5680797 ], [ 5.9302515, 45.568106 ], [ 5.9302995, 45.5681164 ], [ 5.9303278, 45.5681409 ], [ 5.9303346, 45.5681723 ], [ 5.9303231, 45.5682231 ], [ 5.9303114, 45.5683414 ] ], [ [ 5.9296249, 45.5683142 ], [ 5.9296765, 45.5682949 ], [ 5.9297062, 45.5682743 ], [ 5.9297342, 45.5682465 ], [ 5.9297468, 45.5682183 ], [ 5.9297445, 45.5681264 ], [ 5.9297328, 45.5680501 ], [ 5.9297385, 45.5680364 ], [ 5.9297562, 45.5680324 ], [ 5.9297957, 45.5680269 ] ], [ [ 5.9297957, 45.5680269 ], [ 5.9298496, 45.5680263 ], [ 5.9299113, 45.5680292 ] ] ] } },
{ "type": "Feature", "properties": { "id_voie": "73065_0357", "nom": "Rue de la Bionne", "type_voie": "Rue", "longueur_m": 847.7, "quartier": "LA" }, "geometry": { "type": "MultiLineString", "coordinates": [ [ [ 5.9265783, 45.5791112 ], [ 5.9267826, 45.5788734 ], [ 5.9268779, 45.5787583 ], [ 5.9269782, 45.5786404 ], [ 5.9270932, 45.5784851 ], [ 5.927151, 45.5783899 ], [ 5.9271614, 45.5783445 ], [ 5.9271723, 45.5782586 ], [ 5.9271593, 45.5780851 ], [ 5.9271793, 45.5780269 ], [ 5.9272144, 45.5779872 ], [ 5.9273901, 45.577888 ], [ 5.9274184, 45.5778639 ], [ 5.9275798, 45.5777137 ] ], [ [ 5.9297355, 45.5755544 ], [ 5.9296544, 45.5755979 ], [ 5.9293681, 45.575764 ], [ 5.929152, 45.5758759 ], [ 5.9290417, 45.5759491 ], [ 5.9289629, 45.5760115 ], [ 5.9289174, 45.5760731 ] ], [ [ 5.9300452, 45.5753922 ], [ 5.929844, 45.5754948 ], [ 5.9297355, 45.5755544 ] ], [ [ 5.9310362, 45.5751096 ], [ 5.9310004, 45.5751123 ], [ 5.9307379, 45.5751471 ], [ 5.9306683, 45.5751642 ], [ 5.9303436, 45.575261 ], [ 5.9302484, 45.575304 ], [ 5.9300915, 45.5753703 ], [ 5.9300639, 45.5753818 ], [ 5.9300452, 45.5753922 ] ], [ [ 5.9281459, 45.5771349 ], [ 5.9282141, 45.5771151 ], [ 5.928318, 45.5770655 ], [ 5.9283814, 45.5770503 ], [ 5.9285149, 45.5770523 ], [ 5.9286127, 45.5770569 ], [ 5.9287249, 45.5770432 ], [ 5.9294919, 45.5768673 ] ], [ [ 5.9288086, 45.5762237 ], [ 5.9287658, 45.5763366 ], [ 5.9287629, 45.576379 ], [ 5.9288044, 45.5764356 ], [ 5.9288076, 45.5764968 ], [ 5.9287259, 45.5765782 ], [ 5.9285782, 45.5766722 ] ], [ [ 5.9289174, 45.5760731 ], [ 5.9288086, 45.5762237 ] ], [ [ 5.9281459, 45.5771349 ], [ 5.9282044, 45.5770531 ], [ 5.9283141, 45.5769196 ], [ 5.9285248, 45.5767303 ], [ 5.9285782, 45.5766722 ] ], [ [ 5.9275798, 45.5777137 ], [ 5.9276834, 45.5777083 ], [ 5.9278394, 45.5776493 ], [ 5.9279815, 45.5775942 ], [ 5.9280186, 45.5775914 ], [ 5.9280578, 45.5776048 ], [ 5.928127, 45.5776274 ], [ 5.9281758, 45.5776288 ], [ 5.9290415, 45.577353 ] ], [ [ 5.9281459, 45.5771349 ], [ 5.9280788, 45.5772015 ], [ 5.9279838, 45.5772977 ], [ 5.9278795, 45.5773878 ], [ 5.9277715, 45.577506 ], [ 5.9275798, 45.5777137 ] ], [ [ 5.9312183, 45.5751075 ], [ 5.9311155, 45.5751048 ], [ 5.9310362, 45.5751096 ] ] ] } },
{ "type": "Feature", "properties": { "id_voie": "73065_2390", "nom": "Rue Louis Pillet", "type_voie": "Rue", "longueur_m": 388.5, "quartier": "BE" }, "geometry": { "type": "MultiLineString", "coordinates": [ [ [ 5.9190834, 45.5612789 ], [ 5.9192179, 45.5613007 ], [ 5.9195425, 45.5613508 ], [ 5.9196249, 45.5613568 ] ], [ [ 5.9196249, 45.5613568 ], [ 5.9196553, 45.5612749 ], [ 5.9197051, 45.5611492 ] ], [ [ 5.9196249, 45.5613568 ], [ 5.9197622, 45.5613811 ], [ 5.9199942, 45.5614274 ] ], [ [ 5.9188257, 45.5612577 ], [ 5.918944, 45.5612627 ], [ 5.9190834, 45.5612789 ] ], [ [ 5.9175044, 45.5611595 ], [ 5.9180075, 45.5611879 ], [ 5.9186667, 45.56126 ], [ 5.9188257, 45.5612577 ] ], [ [ 5.9160974, 45.5610159 ], [ 5.9161769, 45.5610165 ], [ 5.9165818, 45.5610556 ], [ 5.9172762, 45.5611123 ], [ 5.917466, 45.5611362 ], [ 5.9175044, 45.5611595 ] ], [ [ 5.9156589, 45.5613381 ], [ 5.9157872, 45.5613384 ], [ 5.9158631, 45.5613175 ], [ 5.9159192, 45.5612385 ], [ 5.9159743, 45.5611389 ], [ 5.9160141, 45.5610667 ], [ 5.9160445, 45.5610344 ], [ 5.9160974, 45.5610159 ] ] ] } },
{ "type": "Feature", "properties": { "id_voie": "73065_2540", "nom": "Avenue Maréchal Leclerc", "type_voie": "Avenue", "longueur_m": 338.8, "quartier": "CE" }, "geometry": { "type": "MultiLineString", "coordinates": [ [ [ 5.9158531, 45.570006 ], [ 5.9159594, 45.5700024 ], [ 5.9160737, 45.5700283 ] ], [ [ 5.9160737, 45.5700283 ], [ 5.9161714, 45.5700573 ], [ 5.9162672, 45.5700971 ], [ 5.9163578, 45.5701371 ] ], [ [ 5.9167279, 45.5702708 ], [ 5.9165926, 45.5702599 ], [ 5.9164955, 45.5702426 ], [ 5.9164042, 45.5702152 ], [ 5.9163314, 45.5701955 ], [ 5.9162233, 45.5701658 ], [ 5.9161139, 45.5701336 ], [ 5.9160059, 45.5701066 ], [ 5.9159181, 45.5700702 ], [ 5.9158531, 45.570006 ] ], [ [ 5.9163578, 45.5701371 ], [ 5.9163893, 45.5701498 ], [ 5.9164444, 45.5701736 ], [ 5.9165192, 45.5702059 ], [ 5.9165926, 45.5702347 ], [ 5.9167279, 45.5702708 ] ], [ [ 5.9174523, 45.5705061 ], [ 5.9170696, 45.5703755 ], [ 5.9167279, 45.5702708 ] ], [ [ 5.9185269, 45.5708125 ], [ 5.9180999, 45.5706947 ], [ 5.9179972, 45.5706686 ] ], [ [ 5.9175308, 45.5705338 ], [ 5.9174523, 45.5705061 ] ], [ [ 5.9193901, 45.5710757 ], [ 5.9189326, 45.5709389 ], [ 5.9185269, 45.5708125 ] ] ] } },
{ "type": "Feature", "properties": { "id_voie": "73065_0735", "nom": "Rue Charles Pravaz", "type_voie": "Rue", "longueur_m": 79.7, "quartier": "CE" }, "geometry": { "type": "MultiLineString", "coordinates": [ [ [ 5.9099072, 45.576129 ], [ 5.9098953, 45.5759752 ], [ 5.9098511, 45.5758169 ], [ 5.909831, 45.5757768 ] ], [ [ 5.909831, 45.5757768 ], [ 5.9096935, 45.5754308 ] ] ] } },
{ "type": "Feature", "properties": { "id_voie": "73065_0792", "nom": "Avenue de Châtillon", "type_voie": "Avenue", "longueur_m": 597.3, "quartier": "BI" }, "geometry": { "type": "MultiLineString", "coordinates": [ [ [ 5.8773875, 45.58298 ], [ 5.8773235, 45.5829835 ], [ 5.8772662, 45.5829912 ], [ 5.8772043, 45.5830099 ], [ 5.8771538, 45.5830509 ], [ 5.8770638, 45.5831217 ], [ 5.8769899, 45.5831317 ], [ 5.8768603, 45.5831314 ] ], [ [ 5.8755469, 45.5837128 ], [ 5.8756123, 45.5839599 ], [ 5.8756484, 45.5840626 ], [ 5.8756764, 45.5841078 ], [ 5.8757166, 45.5841401 ], [ 5.8757812, 45.5841727 ], [ 5.875868, 45.5841894 ], [ 5.8759233, 45.5841907 ], [ 5.8759781, 45.584183 ], [ 5.8760184, 45.5841693 ], [ 5.8760558, 45.5841486 ], [ 5.8760889, 45.5841189 ], [ 5.8761192, 45.584083 ], [ 5.8761452, 45.5840399 ], [ 5.8761725, 45.5839726 ], [ 5.8764622, 45.5831767 ], [ 5.8765104, 45.5830908 ], [ 5.8765487, 45.5830619 ], [ 5.8765849, 45.5830429 ], [ 5.8766268, 45.5830337 ], [ 5.8766714, 45.583029 ], [ 5.8767139, 45.5830306 ], [ 5.8767526, 45.5830359 ], [ 5.8767867, 45.5830486 ], [ 5.8768068, 45.5830652 ], [ 5.8768338, 45.5830915 ], [ 5.8768603, 45.5831314 ] ], [ [ 5.8754, 45.583157 ], [ 5.8755469, 45.5837128 ] ], [ [ 5.8754, 45.583157 ], [ 5.8753833, 45.5830331 ], [ 5.8753944, 45.5829752 ], [ 5.8754887, 45.5828141 ], [ 5.8755036, 45.5827309 ] ], [ [ 5.8755036, 45.5827309 ], [ 5.8754925, 45.582641 ], [ 5.8754645, 45.5825715 ], [ 5.8753911, 45.5825409 ], [ 5.8752552, 45.5825183 ], [ 5.8750435, 45.5825183 ], [ 5.87493, 45.5825077 ], [ 5.874868, 45.582475 ], [ 5.8748351, 45.582411 ], [ 5.8747671, 45.5822127 ], [ 5.8747717, 45.5821774 ], [ 5.8748009, 45.582146 ], [ 5.8748796, 45.5821053 ], [ 5.8751689, 45.5819681 ], [ 5.8752324, 45.5819295 ], [ 5.8752589, 45.581873 ], [ 5.8752333, 45.5817989 ], [ 5.8752053, 45.5817293 ], [ 5.8751547, 45.5816936 ], [ 5.8750704, 45.5816769 ], [ 5.8750087, 45.5816749 ], [ 5.8749268, 45.5816788 ], [ 5.8748397, 45.5816819 ] ] ] } },
{ "type": "Feature", "properties": { "id_voie": "73065_2510", "nom": "Rue Marc Seguin", "type_voie": "Rue", "longueur_m": 216.8, "quartier": "BO" }, "geometry": { "type": "MultiLineString", "coordinates": [ [ [ 5.9053878, 45.5625855 ], [ 5.9053672, 45.562486 ] ], [ [ 5.9065905, 45.5626472 ], [ 5.9058147, 45.5627519 ], [ 5.9057191, 45.5627625 ], [ 5.9055321, 45.5627683 ], [ 5.9054594, 45.5627512 ], [ 5.9054383, 45.5627409 ], [ 5.9054233, 45.5627251 ], [ 5.9053878, 45.5625855 ] ], [ [ 5.9065905, 45.5626472 ], [ 5.9064917, 45.5623055 ], [ 5.9063987, 45.5619997 ], [ 5.9063333, 45.5618032 ] ] ] } },
{ "type": "Feature", "properties": { "id_voie": "73065_3069", "nom": "Allée du Petit Champ", "type_voie": "Allée", "longueur_m": 197.3, "quartier": "HC" }, "geometry": { "type": "MultiLineString", "coordinates": [ [ [ 5.9172488, 45.6016963 ], [ 5.9179728, 45.6018163 ], [ 5.9181394, 45.6018363 ] ], [ [ 5.9180156, 45.6022396 ], [ 5.9181394, 45.6018363 ] ], [ [ 5.9181394, 45.6018363 ], [ 5.9182995, 45.6013177 ], [ 5.9182998, 45.6012753 ], [ 5.9182868, 45.6012477 ], [ 5.9182495, 45.6012216 ], [ 5.918209, 45.6012074 ], [ 5.9181377, 45.6011957 ] ] ] } },
{ "type": "Feature", "properties": { "id_voie": "73065_2610", "nom": "Boulevard Massenet", "type_voie": "Boulevard", "longueur_m": 668.7, "quartier": "BE" }, "geometry": { "type": "MultiLineString", "coordinates": [ [ [ 5.918076, 45.5622711 ], [ 5.9182828, 45.5622999 ], [ 5.9183831, 45.5623289 ] ], [ [ 5.9171128, 45.5628836 ], [ 5.9175671, 45.5627168 ], [ 5.917938, 45.5626225 ], [ 5.9179955, 45.5625931 ], [ 5.9180361, 45.5625614 ], [ 5.9180674, 45.5625227 ], [ 5.9180791, 45.5624755 ], [ 5.918076, 45.5622711 ] ], [ [ 5.9172312, 45.5621588 ], [ 5.9172971, 45.5621679 ], [ 5.9177079, 45.562223 ], [ 5.9179507, 45.5622536 ], [ 5.918076, 45.5622711 ] ], [ [ 5.9155348, 45.5619297 ], [ 5.9158604, 45.5619736 ], [ 5.916256, 45.5620327 ], [ 5.9166748, 45.5620921 ], [ 5.9172312, 45.5621588 ] ], [ [ 5.9175898, 45.5632695 ], [ 5.9173553, 45.5632494 ], [ 5.9169636, 45.5632659 ], [ 5.9162279, 45.5633265 ], [ 5.9159848, 45.5633382 ], [ 5.9158598, 45.5633531 ], [ 5.9157481, 45.563375 ], [ 5.915675, 45.5633994 ], [ 5.9155961, 45.5634357 ], [ 5.9155276, 45.5634501 ], [ 5.9154671, 45.563448 ], [ 5.9154221, 45.5634204 ], [ 5.9153995, 45.5633813 ] ], [ [ 5.9153995, 45.5633813 ], [ 5.9153967, 45.5633525 ], [ 5.9154138, 45.5633116 ], [ 5.9154847, 45.5632701 ], [ 5.9157743, 45.5631905 ], [ 5.9160708, 45.5631197 ], [ 5.9162979, 45.5630733 ], [ 5.9165525, 45.5630108 ], [ 5.9167705, 45.562961 ], [ 5.9169687, 45.5629234 ], [ 5.9171128, 45.5628836 ] ] ] } },
{ "type": "Feature", "properties": { "id_voie": "73065_0955", "nom": "Allée de Corlet", "type_voie": "Allée", "longueur_m": 796.9, "quartier": "HC" }, "geometry": { "type": "MultiLineString", "coordinates": [ [ [ 5.9191768, 45.6025942 ], [ 5.9193247, 45.602576 ], [ 5.9194355, 45.602583 ], [ 5.9195558, 45.6025997 ], [ 5.9196933, 45.6026286 ], [ 5.9198268, 45.6026278 ], [ 5.9199549, 45.6025975 ], [ 5.9200512, 45.6025247 ], [ 5.920151, 45.6023978 ], [ 5.9201774, 45.6022889 ], [ 5.9201757, 45.6021835 ] ], [ [ 5.9201757, 45.6021835 ], [ 5.920009, 45.6021627 ], [ 5.9199107, 45.6021247 ], [ 5.9198916, 45.6020062 ] ], [ [ 5.9201757, 45.6021835 ], [ 5.9201755, 45.6021313 ] ], [ [ 5.9201755, 45.6021313 ], [ 5.9203471, 45.6021232 ], [ 5.9203694, 45.6021082 ], [ 5.9203689, 45.6020506 ], [ 5.9203679, 45.6019821 ] ], [ [ 5.9201755, 45.6021313 ], [ 5.9201756, 45.6021097 ], [ 5.9202045, 45.601926 ], [ 5.9202641, 45.6017668 ], [ 5.9204077, 45.6015684 ] ], [ [ 5.9204077, 45.6015684 ], [ 5.9205404, 45.6016505 ], [ 5.9207309, 45.601733 ], [ 5.9208896, 45.6017487 ], [ 5.9209485, 45.6017706 ], [ 5.9209785, 45.6019491 ] ], [ [ 5.9218744, 45.6014852 ], [ 5.9218964, 45.6016333 ], [ 5.9219138, 45.6017933 ], [ 5.9219025, 45.6018233 ], [ 5.9217598, 45.6018423 ], [ 5.9217137, 45.6018453 ] ], [ [ 5.9218744, 45.6014852 ], [ 5.9218507, 45.6013272 ], [ 5.9218562, 45.601237 ], [ 5.9218376, 45.6012005 ], [ 5.9217148, 45.6011848 ] ], [ [ 5.9209389, 45.6014176 ], [ 5.9209941, 45.601418 ], [ 5.9212827, 45.6014375 ], [ 5.9217663, 45.6014799 ], [ 5.9218744, 45.6014852 ] ], [ [ 5.9209389, 45.6014176 ], [ 5.9209568, 45.6012216 ], [ 5.9209604, 45.601144 ], [ 5.9209327, 45.6011303 ], [ 5.9208347, 45.6011212 ], [ 5.9206224, 45.6011123 ] ], [ [ 5.9204077, 45.6015684 ], [ 5.9205138, 45.6015107 ], [ 5.92067, 45.6014552 ], [ 5.9208451, 45.6014165 ], [ 5.9209389, 45.6014176 ] ], [ [ 5.9204077, 45.6015684 ], [ 5.9202352, 45.6015107 ], [ 5.9201679, 45.6014998 ], [ 5.9201209, 45.60151 ], [ 5.9199792, 45.6015975 ] ], [ [ 5.9218744, 45.6014852 ], [ 5.9220559, 45.601494 ], [ 5.9222922, 45.6014726 ], [ 5.922462, 45.6014294 ], [ 5.9226139, 45.6014137 ], [ 5.9226449, 45.6014165 ] ], [ [ 5.9226449, 45.6014165 ], [ 5.9226589, 45.601318 ], [ 5.9226778, 45.6012859 ], [ 5.9227282, 45.6012684 ], [ 5.9228438, 45.601269 ] ], [ [ 5.9226449, 45.6014165 ], [ 5.9227161, 45.6014273 ], [ 5.9228231, 45.6014606 ], [ 5.9229203, 45.6015031 ] ], [ [ 5.9229203, 45.6015031 ], [ 5.9226337, 45.6016187 ] ], [ [ 5.9229203, 45.6015031 ], [ 5.9232449, 45.6013784 ] ] ] } },
{ "type": "Feature", "properties": { "id_voie": "73065_1591", "nom": "Rue de la Garenne", "type_voie": "Rue", "longueur_m": 263.4, "quartier": "BI" }, "geometry": { "type": "MultiLineString", "coordinates": [ [ [ 5.9033313, 45.5765928 ], [ 5.9031044, 45.5766717 ], [ 5.9029508, 45.5767017 ], [ 5.9026658, 45.5767001 ], [ 5.9022763, 45.5767102 ], [ 5.9011538, 45.5767635 ], [ 5.9011041, 45.5767945 ] ], [ [ 5.9011041, 45.5767945 ], [ 5.9011172, 45.5768248 ], [ 5.9011162, 45.5768536 ], [ 5.9011046, 45.5768774 ], [ 5.9010785, 45.5768943 ], [ 5.9010419, 45.576906 ], [ 5.9010109, 45.5769023 ], [ 5.9009873, 45.5768921 ] ], [ [ 5.9009873, 45.5768921 ], [ 5.9009662, 45.5768818 ], [ 5.9009512, 45.5768642 ], [ 5.9009422, 45.5768392 ], [ 5.9009486, 45.5768138 ], [ 5.9009667, 45.5767926 ], [ 5.9009954, 45.5767775 ], [ 5.901031, 45.5767711 ], [ 5.9010671, 45.5767747 ], [ 5.9010868, 45.5767823 ], [ 5.9011041, 45.5767945 ] ], [ [ 5.9009873, 45.5768921 ], [ 5.9009301, 45.5769513 ], [ 5.9009265, 45.5771766 ], [ 5.9009198, 45.5772444 ] ] ] } },
{ "type": "Feature", "properties": { "id_voie": "73065_3340", "nom": "Rue de Roche", "type_voie": "Rue", "longueur_m": 81.1, "quartier": "CE" }, "geometry": { "type": "MultiLineString", "coordinates": [ [ [ 5.9228349, 45.5639685 ], [ 5.922906, 45.5638342 ], [ 5.9229529, 45.5637023 ] ], [ [ 5.9228349, 45.5639685 ], [ 5.9227844, 45.5640338 ], [ 5.9227281, 45.5641587 ], [ 5.922651, 45.5642778 ], [ 5.9225847, 45.5643823 ] ] ] } },
{ "type": "Feature", "properties": { "id_voie": "73065_1270", "nom": "Rue Emile Zola", "type_voie": "Rue", "longueur_m": 92.5, "quartier": "CE" }, "geometry": { "type": "LineString", "coordinates": [ [ 5.9077694, 45.5712815 ], [ 5.9075348, 45.5711389 ], [ 5.9073411, 45.5710169 ], [ 5.9070443, 45.570838 ], [ 5.9069316, 45.5707679 ], [ 5.9068747, 45.5707361 ] ] } },
{ "type": "Feature", "properties": { "id_voie": "73065_0035", "nom": "Rue Albert Perriol", "type_voie": "Rue", "longueur_m": 172.8, "quartier": "BE" }, "geometry": { "type": "MultiLineString", "coordinates": [ [ [ 5.9193717, 45.559618 ], [ 5.9193586, 45.5595624 ], [ 5.9193441, 45.5594096 ], [ 5.919345, 45.5593537 ], [ 5.9193428, 45.559288 ] ], [ [ 5.9209989, 45.5599703 ], [ 5.9209019, 45.5599071 ], [ 5.9208364, 45.5598817 ], [ 5.9207481, 45.5598615 ], [ 5.9205574, 45.5598439 ], [ 5.9200399, 45.5598096 ], [ 5.9198073, 45.5597778 ], [ 5.9196993, 45.5597491 ], [ 5.919482, 45.5596655 ], [ 5.9193717, 45.559618 ] ] ] } },
{ "type": "Feature", "properties": { "id_voie": "73065_2750", "nom": "Rue Montesquiou", "type_voie": "Rue", "longueur_m": 172.2, "quartier": "LA" }, "geometry": { "type": "MultiLineString", "coordinates": [ [ [ 5.9317617, 45.5700256 ], [ 5.9319651, 45.5696031 ], [ 5.9320627, 45.569386 ], [ 5.9321, 45.5693148 ] ], [ [ 5.9313363, 45.5707648 ], [ 5.9313672, 45.5707414 ], [ 5.9314901, 45.5705427 ], [ 5.9316574, 45.5702364 ], [ 5.9317617, 45.5700256 ] ] ] } },
{ "type": "Feature", "properties": { "id_voie": "73065_1895", "nom": "Rue de l'Hermitage", "type_voie": "Rue", "longueur_m": 287.8, "quartier": "HC" }, "geometry": { "type": "LineString", "coordinates": [ [ 5.9242569, 45.5835348 ], [ 5.9248331, 45.5834387 ], [ 5.9249237, 45.5833795 ], [ 5.9250449, 45.5832683 ], [ 5.9252287, 45.5830553 ], [ 5.9253136, 45.5829134 ], [ 5.9253983, 45.5827923 ], [ 5.9254966, 45.5826843 ], [ 5.9255541, 45.5825837 ], [ 5.9256114, 45.582356 ], [ 5.9256521, 45.5819603 ], [ 5.9257146, 45.5814667 ], [ 5.9257223, 45.5814178 ] ] } },
{ "type": "Feature", "properties": { "id_voie": "73065_0140", "nom": "Quai Sénateur Antoine Borrel", "type_voie": "Quai", "longueur_m": 383.6, "quartier": "LA" }, "geometry": { "type": "MultiLineString", "coordinates": [ [ [ 5.9268694, 45.5673948 ], [ 5.926555, 45.5674183 ], [ 5.9261251, 45.5674151 ], [ 5.9253264, 45.5673783 ], [ 5.9249902, 45.5673519 ], [ 5.9248549, 45.567341 ] ], [ [ 5.927992, 45.5672746 ], [ 5.9275877, 45.5673203 ], [ 5.9271159, 45.5673749 ], [ 5.9268694, 45.5673948 ] ], [ [ 5.9297278, 45.5670816 ], [ 5.9292492, 45.5671283 ], [ 5.927992, 45.5672746 ] ] ] } },
{ "type": "Feature", "properties": { "id_voie": "73065_3420", "nom": "Rue Saint-Exupéry", "type_voie": "Rue", "longueur_m": 152.5, "quartier": "BO" }, "geometry": { "type": "MultiLineString", "coordinates": [ [ [ 5.9033893, 45.5582759 ], [ 5.9031939, 45.5583891 ] ], [ [ 5.9039363, 45.5579923 ], [ 5.9037082, 45.558119 ], [ 5.9033893, 45.5582759 ] ], [ [ 5.9039929, 45.5588532 ], [ 5.9038677, 45.5587402 ], [ 5.9037313, 45.5586104 ], [ 5.9035891, 45.5584663 ], [ 5.9033893, 45.5582759 ] ] ] } },
{ "type": "Feature", "properties": { "id_voie": "73065_0102", "nom": "Rue des Ancolies", "type_voie": "Rue", "longueur_m": 286.6, "quartier": "CV" }, "geometry": { "type": "MultiLineString", "coordinates": [ [ [ 5.9129797, 45.604121 ], [ 5.9130224, 45.6041524 ], [ 5.9130628, 45.6041639 ] ], [ [ 5.9130628, 45.6041639 ], [ 5.9133089, 45.6042305 ], [ 5.9133538, 45.6042528 ], [ 5.9133913, 45.6042825 ], [ 5.9134048, 45.60432 ], [ 5.9134423, 45.6044956 ] ], [ [ 5.9138599, 45.6051147 ], [ 5.9139036, 45.6051883 ], [ 5.9139281, 45.6052381 ], [ 5.9139269, 45.6052895 ], [ 5.9139215, 45.6053329 ], [ 5.9138725, 45.6055 ], [ 5.9138448, 45.605607 ], [ 5.9138411, 45.6056846 ], [ 5.9138524, 45.6057519 ], [ 5.9138658, 45.6057876 ], [ 5.9138858, 45.6058267 ], [ 5.9139186, 45.6058637 ], [ 5.9139497, 45.6058927 ], [ 5.9139935, 45.6059213 ], [ 5.9140355, 45.6059382 ], [ 5.9140697, 45.6059535 ], [ 5.9141203, 45.6059648 ], [ 5.9141502, 45.6059713 ] ], [ [ 5.9134423, 45.6044956 ], [ 5.9134605, 45.6045744 ], [ 5.9134871, 45.6046152 ], [ 5.9135299, 45.6046483 ], [ 5.9135748, 45.6046724 ], [ 5.9136462, 45.6047129 ], [ 5.9136919, 45.6047505 ], [ 5.9137101, 45.6047806 ], [ 5.9138599, 45.6051147 ] ], [ [ 5.9138599, 45.6051147 ], [ 5.9137881, 45.6051643 ], [ 5.9137519, 45.6052319 ], [ 5.9137361, 45.6052981 ], [ 5.9137174, 45.605358 ], [ 5.9136968, 45.6054298 ] ] ] } },
{ "type": "Feature", "properties": { "id_voie": "73065_1710", "nom": "Chemin du Glu", "type_voie": "Chemin", "longueur_m": 231.6, "quartier": "LA" }, "geometry": { "type": "MultiLineString", "coordinates": [ [ [ 5.9257306, 45.5694213 ], [ 5.9258302, 45.5694368 ], [ 5.9265747, 45.5695417 ], [ 5.9269765, 45.5695943 ] ], [ [ 5.9268851, 45.5707555 ], [ 5.9268358, 45.5706712 ], [ 5.9267849, 45.5705572 ], [ 5.9267593, 45.5704371 ], [ 5.9267571, 45.5703723 ], [ 5.9267716, 45.5703052 ], [ 5.9268877, 45.5699292 ], [ 5.9269246, 45.5697299 ], [ 5.9269378, 45.5696638 ], [ 5.9269765, 45.5695943 ] ] ] } },
{ "type": "Feature", "properties": { "id_voie": "73065_0590", "nom": "Chemin de la Cassine", "type_voie": "Chemin", "longueur_m": 1412.3, "quartier": "CE" }, "geometry": { "type": "MultiLineString", "coordinates": [ [ [ 5.9206641, 45.5721708 ], [ 5.920627, 45.5720762 ], [ 5.9205815, 45.5719423 ], [ 5.920518, 45.5717348 ], [ 5.9204854, 45.5716276 ], [ 5.9204806, 45.5715367 ], [ 5.9204908, 45.5714634 ], [ 5.9205416, 45.5713071 ] ], [ [ 5.9207782, 45.5708045 ], [ 5.9206129, 45.5711512 ], [ 5.9205416, 45.5713071 ] ], [ [ 5.9206641, 45.5721708 ], [ 5.9206802, 45.5722326 ] ], [ [ 5.9206802, 45.5722326 ], [ 5.9207154, 45.5723407 ], [ 5.9207558, 45.5724496 ], [ 5.9208206, 45.5726578 ], [ 5.9209601, 45.5730642 ], [ 5.9210283, 45.5732868 ], [ 5.9211047, 45.5734713 ], [ 5.9211289, 45.5735167 ] ], [ [ 5.9211289, 45.5735167 ], [ 5.9211953, 45.5736086 ] ], [ [ 5.9211953, 45.5736086 ], [ 5.9212861, 45.5737486 ], [ 5.9213646, 45.5738502 ], [ 5.9214552, 45.5739866 ], [ 5.921526, 45.5741137 ] ], [ [ 5.9215192, 45.5698688 ], [ 5.9214572, 45.569911 ], [ 5.9213543, 45.5699785 ], [ 5.9212881, 45.5700379 ], [ 5.9212094, 45.5701012 ], [ 5.9211161, 45.5701812 ], [ 5.9210524, 45.5702639 ], [ 5.9209684, 45.570422 ], [ 5.9208751, 45.5705992 ], [ 5.9207782, 45.5708045 ] ], [ [ 5.922986, 45.576032 ], [ 5.9228852, 45.5762139 ], [ 5.9228227, 45.5762696 ], [ 5.922772, 45.5762817 ], [ 5.9227228, 45.5762731 ], [ 5.922681, 45.5762345 ], [ 5.9226009, 45.5760537 ], [ 5.9225022, 45.575886 ], [ 5.9224071, 45.5757605 ], [ 5.9223722, 45.5757316 ] ], [ [ 5.9233389, 45.5773231 ], [ 5.9233075, 45.5772626 ], [ 5.9232476, 45.5771245 ], [ 5.9232543, 45.577082 ], [ 5.9232848, 45.5770506 ] ], [ [ 5.9231106, 45.5762783 ], [ 5.9232314, 45.5763302 ], [ 5.9232817, 45.5764091 ], [ 5.9232934, 45.5764358 ], [ 5.9234006, 45.5766682 ], [ 5.9234228, 45.5766991 ], [ 5.9234671, 45.576762 ], [ 5.9234739, 45.5767924 ], [ 5.9234578, 45.5768523 ], [ 5.9233307, 45.5769971 ], [ 5.9232848, 45.5770506 ] ], [ [ 5.922986, 45.576032 ], [ 5.9230217, 45.5760274 ], [ 5.9230458, 45.5760475 ], [ 5.9230511, 45.5760744 ], [ 5.923045, 45.5761305 ], [ 5.92305, 45.5762006 ], [ 5.923077, 45.5762495 ], [ 5.9231106, 45.5762783 ] ], [ [ 5.9233389, 45.5773231 ], [ 5.923587, 45.5778176 ], [ 5.9236255, 45.5779392 ], [ 5.9236419, 45.5780316 ], [ 5.9236409, 45.5782073 ] ], [ [ 5.9236409, 45.5782073 ], [ 5.9236417, 45.5784893 ], [ 5.9236937, 45.579062 ], [ 5.9236976, 45.5791358 ] ], [ [ 5.9236976, 45.5791358 ], [ 5.9237179, 45.5795209 ], [ 5.923688, 45.5795622 ] ], [ [ 5.9236775, 45.5797274 ], [ 5.9236991, 45.5796511 ], [ 5.9236968, 45.579607 ], [ 5.9236961, 45.5795936 ], [ 5.923688, 45.5795622 ] ], [ [ 5.9236775, 45.5797274 ], [ 5.9236625, 45.5797602 ], [ 5.9236193, 45.5798172 ], [ 5.9236072, 45.5798301 ] ], [ [ 5.9236072, 45.5798301 ], [ 5.9234979, 45.5799474 ], [ 5.922893, 45.5804245 ], [ 5.9226367, 45.5806024 ], [ 5.9225943, 45.580626 ] ], [ [ 5.9225943, 45.580626 ], [ 5.9225283, 45.5806629 ], [ 5.9222132, 45.5808197 ], [ 5.9221404, 45.5808505 ] ], [ [ 5.921526, 45.5741137 ], [ 5.9216706, 45.5744217 ], [ 5.9218421, 45.5747308 ], [ 5.9219214, 45.574872 ], [ 5.9220884, 45.5751677 ], [ 5.9222196, 45.5753689 ], [ 5.9223577, 45.5756275 ], [ 5.9223771, 45.5757036 ], [ 5.9223722, 45.5757316 ] ] ] } },
{ "type": "Feature", "properties": { "id_voie": "73065_3680", "nom": "Rue des Tanneurs", "type_voie": "Rue", "longueur_m": 73.8, "quartier": "CE" }, "geometry": { "type": "LineString", "coordinates": [ [ 5.9156421, 45.5660675 ], [ 5.9156992, 45.5661291 ], [ 5.9158516, 45.5662693 ], [ 5.9160033, 45.5661536 ], [ 5.9163407, 45.5660556 ] ] } },
{ "type": "Feature", "properties": { "id_voie": "73065_2368", "nom": "Square Louis Aragon", "type_voie": "Square", "longueur_m": 131.7, "quartier": "HC" }, "geometry": { "type": "LineString", "coordinates": [ [ 5.9193508, 45.5981014 ], [ 5.9193379, 45.5981972 ], [ 5.9193685, 45.5983154 ], [ 5.9195027, 45.5984993 ], [ 5.9196418, 45.5986786 ], [ 5.9198754, 45.5990195 ], [ 5.9201162, 45.5989601 ] ] } },
{ "type": "Feature", "properties": { "id_voie": "73065_0040", "nom": "Rue Alfred de Musset", "type_voie": "Rue", "longueur_m": 99.8, "quartier": "LA" }, "geometry": { "type": "LineString", "coordinates": [ [ 5.9250568, 45.5622445 ], [ 5.9246711, 45.562324 ], [ 5.9242594, 45.5623987 ], [ 5.9240052, 45.5624431 ], [ 5.923819, 45.5624642 ] ] } },
{ "type": "Feature", "properties": { "id_voie": "73065_0628", "nom": "Chemin du Champelet", "type_voie": "Chemin", "longueur_m": 1082.4, "quartier": "CV" }, "geometry": { "type": "MultiLineString", "coordinates": [ [ [ 5.9053483, 45.6043275 ], [ 5.9053304, 45.6042054 ], [ 5.9052561, 45.60411 ], [ 5.9051454, 45.6039822 ], [ 5.905049, 45.603809 ], [ 5.9050244, 45.6036835 ], [ 5.9050003, 45.6035417 ], [ 5.9050204, 45.6033862 ], [ 5.905045, 45.6031936 ], [ 5.9050792, 45.603063 ], [ 5.9051042, 45.6028785 ], [ 5.9051296, 45.6027031 ], [ 5.9051487, 45.6025025 ], [ 5.9051699, 45.6022217 ], [ 5.9052475, 45.6018656 ], [ 5.9052911, 45.6017437 ], [ 5.9054299, 45.601158 ], [ 5.9054469, 45.6010666 ], [ 5.9054486, 45.6008296 ] ], [ [ 5.9054201, 45.6045698 ], [ 5.9056974, 45.6045699 ], [ 5.9060429, 45.6045979 ], [ 5.9061673, 45.604619 ] ], [ [ 5.9053483, 45.6043275 ], [ 5.9054201, 45.6045698 ] ], [ [ 5.9061673, 45.604619 ], [ 5.9061942, 45.6046435 ], [ 5.9063095, 45.6049568 ], [ 5.906362, 45.6051753 ], [ 5.9063708, 45.6052688 ], [ 5.9063377, 45.6054697 ], [ 5.9062948, 45.6056312 ], [ 5.9062395, 45.6058489 ], [ 5.9062052, 45.6060282 ], [ 5.9061873, 45.6062738 ], [ 5.9061958, 45.6063619 ], [ 5.9062153, 45.606392 ] ], [ [ 5.9056175, 45.6000115 ], [ 5.9056944, 45.6003276 ], [ 5.9057942, 45.6007134 ], [ 5.905815, 45.6007669 ], [ 5.9058667, 45.600798 ] ], [ [ 5.9054653, 45.5993378 ], [ 5.9054072, 45.5993312 ], [ 5.9053818, 45.5993355 ], [ 5.9053476, 45.5993436 ], [ 5.9052461, 45.5993678 ], [ 5.9051548, 45.5993891 ], [ 5.9051041, 45.5994012 ], [ 5.9050747, 45.5994029 ], [ 5.9050512, 45.5993963 ], [ 5.9050377, 45.5993831 ], [ 5.9050363, 45.5993552 ], [ 5.9050498, 45.5993206 ], [ 5.9050648, 45.5992869 ], [ 5.9050823, 45.599254 ], [ 5.9051021, 45.5992157 ], [ 5.9051025, 45.5991994 ], [ 5.9051002, 45.5991797 ], [ 5.9050904, 45.5991637 ], [ 5.9050688, 45.5991444 ], [ 5.9050344, 45.5991246 ], [ 5.904991, 45.5991041 ], [ 5.9049503, 45.5990862 ], [ 5.9049072, 45.5990729 ], [ 5.904876, 45.5990647 ], [ 5.9048528, 45.5990644 ], [ 5.904834, 45.5990712 ], [ 5.904809, 45.5990845 ], [ 5.9047791, 45.5991015 ], [ 5.9047303, 45.599127 ], [ 5.9046842, 45.5991535 ], [ 5.9046566, 45.5991659 ] ], [ [ 5.9056819, 45.5990132 ], [ 5.9056429, 45.5990773 ], [ 5.9055103, 45.5992655 ], [ 5.9054653, 45.5993378 ] ], [ [ 5.9054653, 45.5993378 ], [ 5.905426, 45.5994199 ], [ 5.905411, 45.5994762 ], [ 5.905416, 45.5995464 ], [ 5.9054581, 45.5996885 ], [ 5.9055404, 45.599863 ], [ 5.9056175, 45.6000115 ] ], [ [ 5.9054486, 45.6008296 ], [ 5.9058667, 45.600798 ] ], [ [ 5.9056175, 45.6000115 ], [ 5.9049174, 45.6000747 ] ] ] } },
{ "type": "Feature", "properties": { "id_voie": "73065_0627", "nom": "Rue de Champagne", "type_voie": "Rue", "longueur_m": 337.6, "quartier": "HC" }, "geometry": { "type": "MultiLineString", "coordinates": [ [ [ 5.9166558, 45.5888946 ], [ 5.9162187, 45.5896854 ] ], [ [ 5.9162187, 45.5896854 ], [ 5.9155564, 45.5909037 ] ], [ [ 5.9150085, 45.5907611 ], [ 5.915179, 45.5908054 ] ], [ [ 5.915179, 45.5908054 ], [ 5.9152937, 45.5908384 ] ], [ [ 5.9152937, 45.5908384 ], [ 5.9155564, 45.5909037 ] ], [ [ 5.9146638, 45.5906737 ], [ 5.9148343, 45.5907179 ] ], [ [ 5.9148343, 45.5907179 ], [ 5.9150085, 45.5907611 ] ], [ [ 5.9143724, 45.5905992 ], [ 5.9146638, 45.5906737 ] ] ] } },
{ "type": "Feature", "properties": { "id_voie": "73065_0460", "nom": "Allée des Bruyères", "type_voie": "Allée", "longueur_m": 185.5, "quartier": "HC" }, "geometry": { "type": "LineString", "coordinates": [ [ 5.9216714, 45.5841003 ], [ 5.9216725, 45.5839507 ], [ 5.9216477, 45.5839189 ], [ 5.9214348, 45.5838974 ], [ 5.9211981, 45.5838864 ], [ 5.9209636, 45.5838691 ], [ 5.9207253, 45.5838275 ], [ 5.9205172, 45.5837753 ], [ 5.9204466, 45.5837501 ], [ 5.9204202, 45.583712 ], [ 5.920414, 45.5834959 ], [ 5.9203562, 45.583446 ], [ 5.9203019, 45.583415 ], [ 5.9202633, 45.583389 ], [ 5.920255, 45.5833036 ], [ 5.9202383, 45.5831824 ] ] } },
{ "type": "Feature", "properties": { "id_voie": "73065_0210", "nom": "Rue Basse du Château", "type_voie": "Rue", "longueur_m": 126.8, "quartier": "CE" }, "geometry": { "type": "MultiLineString", "coordinates": [ [ [ 5.9193263, 45.565332 ], [ 5.9192477, 45.5653251 ], [ 5.9190975, 45.5652992 ], [ 5.9189708, 45.5652566 ], [ 5.9189061, 45.5652222 ], [ 5.9187768, 45.5651283 ], [ 5.9186521, 45.5650026 ] ], [ [ 5.9193263, 45.565332 ], [ 5.9196679, 45.5653385 ] ], [ [ 5.9196679, 45.5653385 ], [ 5.9200906, 45.5653518 ] ] ] } },
{ "type": "Feature", "properties": { "id_voie": "73065_3490", "nom": "Rue Camille Saint-Saëns", "type_voie": "Rue", "longueur_m": 113.2, "quartier": "BE" }, "geometry": { "type": "MultiLineString", "coordinates": [ [ [ 5.9173876, 45.5616456 ], [ 5.9172753, 45.5620477 ], [ 5.9172312, 45.5621588 ] ], [ [ 5.9175044, 45.5611595 ], [ 5.9174994, 45.5612345 ], [ 5.9174194, 45.561542 ], [ 5.9173876, 45.5616456 ] ] ] } },
{ "type": "Feature", "properties": { "id_voie": "73065_fbocdm", "nom": "Avenue Pierre Mendès France", "type_voie": "Avenue", "longueur_m": 3566.0, "quartier": "HC" }, "geometry": { "type": "MultiLineString", "coordinates": [ [ [ 5.9149236, 45.5919519 ], [ 5.9153499, 45.5917615 ], [ 5.9155471, 45.5916789 ], [ 5.9158198, 45.5915934 ], [ 5.916011, 45.5915434 ], [ 5.9161848, 45.5915056 ], [ 5.9164059, 45.5914863 ], [ 5.9165915, 45.5914779 ], [ 5.9168, 45.5914878 ], [ 5.9169965, 45.5915151 ], [ 5.9172342, 45.5915693 ], [ 5.917515, 45.5916369 ], [ 5.917935, 45.5917395 ], [ 5.9186929, 45.5919478 ], [ 5.9187923, 45.5919822 ] ], [ [ 5.9188468, 45.5918726 ], [ 5.918491, 45.5917935 ], [ 5.9179415, 45.5916438 ], [ 5.9175803, 45.591536 ], [ 5.9175333, 45.5915219 ], [ 5.9173899, 45.5914797 ], [ 5.9170044, 45.5913969 ], [ 5.9168429, 45.5913768 ], [ 5.9166445, 45.591363 ], [ 5.916515, 45.5913645 ], [ 5.9163705, 45.5913755 ], [ 5.9162149, 45.591393 ], [ 5.9159495, 45.5914486 ], [ 5.9156404, 45.5915503 ], [ 5.9155247, 45.5915957 ], [ 5.9154157, 45.5916454 ], [ 5.9152612, 45.5917332 ], [ 5.915049, 45.5918477 ], [ 5.9149236, 45.5919519 ] ], [ [ 5.9149236, 45.5919519 ], [ 5.9146791, 45.5921105 ], [ 5.9144952, 45.5922504 ], [ 5.9144243, 45.5923181 ] ], [ [ 5.9144243, 45.5923181 ], [ 5.9141305, 45.5925636 ], [ 5.9140345, 45.5926661 ], [ 5.9139262, 45.5927797 ], [ 5.9138344, 45.5928884 ], [ 5.9137359, 45.5930171 ] ], [ [ 5.9137359, 45.5930171 ], [ 5.9136552, 45.5931418 ], [ 5.9135766, 45.5932826 ], [ 5.9134927, 45.5934451 ], [ 5.913442, 45.5935798 ], [ 5.9133403, 45.5937924 ], [ 5.9129852, 45.5946802 ], [ 5.9129422, 45.594766 ], [ 5.9128974, 45.594841 ], [ 5.9128404, 45.594929 ], [ 5.9127767, 45.5950118 ], [ 5.9127106, 45.5950973 ], [ 5.9125726, 45.5952297 ], [ 5.9124867, 45.5953058 ], [ 5.9124477, 45.5953447 ], [ 5.9123328, 45.5954305 ], [ 5.9122161, 45.5955057 ], [ 5.9119238, 45.5956592 ], [ 5.9104876, 45.5963443 ] ], [ [ 5.9083365, 45.5873737 ], [ 5.9083982, 45.587547 ] ], [ [ 5.9082867, 45.5874021 ], [ 5.9083283, 45.5875343 ], [ 5.9083344, 45.587554 ], [ 5.908381, 45.5878547 ], [ 5.9083765, 45.588062 ] ], [ [ 5.9083982, 45.587547 ], [ 5.9084367, 45.5876937 ], [ 5.9084664, 45.5879408 ], [ 5.9084623, 45.588058 ] ], [ [ 5.9104876, 45.5963443 ], [ 5.9102894, 45.596481 ], [ 5.9101465, 45.5965459 ], [ 5.909996, 45.5966129 ], [ 5.9098284, 45.596674 ], [ 5.9096539, 45.5967227 ], [ 5.9094802, 45.5967632 ], [ 5.9093002, 45.5967823 ], [ 5.9091167, 45.5967844 ], [ 5.9089313, 45.5967738 ], [ 5.908746, 45.5967399 ], [ 5.9085626, 45.5966942 ], [ 5.9083885, 45.5966293 ], [ 5.9082262, 45.5965461 ], [ 5.9080823, 45.5964444 ], [ 5.9079582, 45.5963304 ], [ 5.9078555, 45.5962069 ], [ 5.9077693, 45.5960803 ], [ 5.9076943, 45.5959489 ], [ 5.9076295, 45.5958136 ], [ 5.9075723, 45.595679 ], [ 5.9075102, 45.5955464 ], [ 5.9074518, 45.5954127 ], [ 5.907391, 45.5952809 ], [ 5.9073276, 45.5951492 ], [ 5.9072604, 45.5950185 ], [ 5.9071838, 45.594879 ], [ 5.9071133, 45.5947583 ], [ 5.9070355, 45.5946449 ], [ 5.906957, 45.5945442 ], [ 5.9068693, 45.5944384 ], [ 5.9067842, 45.5943333 ], [ 5.9067046, 45.5942354 ], [ 5.90663, 45.5941328 ], [ 5.906558, 45.5940337 ], [ 5.9064914, 45.5939381 ], [ 5.9064331, 45.5938549 ], [ 5.9063806, 45.5937824 ], [ 5.9063113, 45.5937103 ], [ 5.906231, 45.5936466 ] ], [ [ 5.9104876, 45.5963443 ], [ 5.9103879, 45.5963766 ], [ 5.9102961, 45.5964141 ], [ 5.9102099, 45.5964587 ], [ 5.910106, 45.5965091 ], [ 5.9099756, 45.5965666 ], [ 5.9098381, 45.5966143 ], [ 5.9096803, 45.5966643 ], [ 5.9095116, 45.596702 ], [ 5.909347, 45.5967198 ], [ 5.9091784, 45.5967359 ], [ 5.909002, 45.596726 ], [ 5.9088313, 45.5967025 ], [ 5.9086641, 45.5966708 ], [ 5.9085086, 45.596619 ], [ 5.9083617, 45.5965588 ], [ 5.9082306, 45.5964829 ], [ 5.9081041, 45.5963951 ], [ 5.9080021, 45.5962851 ], [ 5.9079187, 45.5961882 ], [ 5.9078321, 45.5960544 ], [ 5.907763, 45.5959129 ], [ 5.9076496, 45.5956842 ], [ 5.9075874, 45.5955507 ], [ 5.9075239, 45.5954154 ], [ 5.9074628, 45.5952791 ], [ 5.9073873, 45.5951377 ], [ 5.9073263, 45.5950024 ], [ 5.9072588, 45.5948653 ], [ 5.9071912, 45.5947265 ], [ 5.9071122, 45.5945916 ], [ 5.9070338, 45.5944657 ], [ 5.9069473, 45.5943345 ], [ 5.9068768, 45.5942381 ], [ 5.9067824, 45.5941261 ], [ 5.9066733, 45.5940046 ], [ 5.9066018, 45.5939136 ], [ 5.9065349, 45.5938136 ], [ 5.9064821, 45.5937356 ], [ 5.9064416, 45.5936249 ], [ 5.9064257, 45.5935668 ] ], [ [ 5.906231, 45.5936466 ], [ 5.9061846, 45.5936442 ], [ 5.9061393, 45.5936364 ] ], [ [ 5.9059981, 45.5935391 ], [ 5.9059906, 45.5935176 ], [ 5.9059838, 45.5934854 ], [ 5.9059872, 45.5934529 ], [ 5.9059984, 45.593421 ], [ 5.9060187, 45.5933917 ] ], [ [ 5.9061393, 45.5936364 ], [ 5.9060975, 45.5936221 ], [ 5.9060605, 45.5936015 ], [ 5.9060284, 45.5935771 ], [ 5.9060051, 45.5935488 ], [ 5.9059981, 45.5935391 ] ], [ [ 5.9060187, 45.5933917 ], [ 5.9060481, 45.5933657 ], [ 5.9060828, 45.5933432 ], [ 5.9061231, 45.5933268 ], [ 5.9061674, 45.5933166 ], [ 5.9062134, 45.5933119 ], [ 5.9062597, 45.5933143 ] ], [ [ 5.9064257, 45.5935668 ], [ 5.9063963, 45.5935928 ], [ 5.9063615, 45.5936153 ], [ 5.9063213, 45.5936317 ], [ 5.9062769, 45.5936418 ], [ 5.906231, 45.5936466 ] ], [ [ 5.9063051, 45.5933221 ], [ 5.9063469, 45.5933363 ], [ 5.9063839, 45.593357 ], [ 5.906416, 45.5933814 ], [ 5.9064393, 45.5934096 ] ], [ [ 5.9062597, 45.5933143 ], [ 5.9063051, 45.5933221 ] ], [ [ 5.9064393, 45.5934096 ], [ 5.9064538, 45.5934408 ], [ 5.9064606, 45.5934731 ], [ 5.9064572, 45.5935056 ], [ 5.906446, 45.5935374 ], [ 5.9064257, 45.5935668 ] ], [ [ 5.9062597, 45.5933143 ], [ 5.90621, 45.5932714 ], [ 5.9061301, 45.5932167 ], [ 5.9060746, 45.5931604 ], [ 5.9060333, 45.593084 ], [ 5.9060005, 45.5929975 ], [ 5.9059712, 45.5929036 ], [ 5.9059493, 45.5928042 ], [ 5.9059323, 45.5927001 ], [ 5.9059267, 45.5925921 ], [ 5.9059299, 45.5924821 ], [ 5.9059497, 45.5923707 ], [ 5.9059941, 45.5922389 ], [ 5.9060649, 45.5920704 ], [ 5.90612, 45.5919707 ], [ 5.9062311, 45.5918147 ] ], [ [ 5.9060187, 45.5933917 ], [ 5.9060085, 45.5933207 ], [ 5.9059781, 45.5932549 ], [ 5.9059408, 45.5931801 ], [ 5.9059018, 45.5930973 ], [ 5.9058691, 45.5930117 ], [ 5.9058401, 45.5929232 ], [ 5.9058225, 45.5928327 ], [ 5.9058112, 45.5927402 ], [ 5.9058049, 45.5926448 ], [ 5.9058113, 45.5925455 ], [ 5.9058264, 45.5924433 ], [ 5.9058493, 45.5923409 ], [ 5.9058849, 45.5922372 ], [ 5.905936, 45.5921341 ], [ 5.9060007, 45.5920216 ], [ 5.9060768, 45.5919313 ], [ 5.9062311, 45.5918147 ] ], [ [ 5.9079534, 45.5896598 ], [ 5.9078872, 45.5898165 ], [ 5.9078428, 45.5898996 ], [ 5.9076126, 45.5903309 ], [ 5.9073393, 45.5907489 ], [ 5.9070123, 45.5911205 ], [ 5.9067087, 45.591377 ], [ 5.9063641, 45.5916824 ], [ 5.9062311, 45.5918147 ] ], [ [ 5.9082623, 45.5888444 ], [ 5.9081226, 45.5892635 ], [ 5.9079534, 45.5896598 ] ], [ [ 5.9084623, 45.588058 ], [ 5.9084538, 45.5881898 ], [ 5.9083918, 45.5885239 ], [ 5.9083498, 45.588653 ], [ 5.9083342, 45.5886993 ], [ 5.9082623, 45.5888444 ] ], [ [ 5.9083765, 45.588062 ], [ 5.908379, 45.5881836 ], [ 5.9083228, 45.5885311 ], [ 5.9082995, 45.5886479 ], [ 5.9082623, 45.5888444 ] ] ] } },
{ "type": "Feature", "properties": { "id_voie": "73065_2788", "nom": "Rue Yvon Morandat", "type_voie": "Rue", "longueur_m": 435.1, "quartier": "LA" }, "geometry": { "type": "MultiLineString", "coordinates": [ [ [ 5.9359423, 45.5687306 ], [ 5.9359864, 45.5686186 ], [ 5.9360157, 45.5685421 ] ], [ [ 5.9365064, 45.568432 ], [ 5.9365984, 45.568426 ], [ 5.9366683, 45.5684368 ], [ 5.936705, 45.5684755 ], [ 5.9366972, 45.568546 ] ], [ [ 5.9366972, 45.568546 ], [ 5.9366608, 45.56861 ], [ 5.9366335, 45.5686756 ], [ 5.9366168, 45.568749 ] ], [ [ 5.9363056, 45.5684444 ], [ 5.936413, 45.5684371 ], [ 5.9365064, 45.568432 ] ], [ [ 5.9360157, 45.5685421 ], [ 5.9360506, 45.568498 ], [ 5.9361116, 45.5684639 ], [ 5.936206, 45.5684525 ], [ 5.9363056, 45.5684444 ] ], [ [ 5.9370606, 45.5689636 ], [ 5.9370045, 45.5690921 ], [ 5.9369381, 45.5692443 ], [ 5.9368611, 45.569413 ], [ 5.9368144, 45.5695233 ], [ 5.9367688, 45.5696326 ], [ 5.9367392, 45.569655 ], [ 5.9367102, 45.5696639 ], [ 5.9366652, 45.5696623 ], [ 5.9365291, 45.5696353 ], [ 5.9364267, 45.5696163 ], [ 5.9363149, 45.5695895 ], [ 5.9361992, 45.569561 ] ], [ [ 5.9361992, 45.569561 ], [ 5.9360742, 45.5695246 ], [ 5.9359155, 45.5694846 ], [ 5.9357249, 45.5694463 ], [ 5.9356446, 45.5694313 ] ], [ [ 5.9356446, 45.5694313 ], [ 5.9359423, 45.5687306 ] ], [ [ 5.9354394, 45.5699178 ], [ 5.9356253, 45.5694787 ], [ 5.9356446, 45.5694313 ] ], [ [ 5.9353926, 45.5700272 ], [ 5.9354394, 45.5699178 ] ] ] } },
{ "type": "Feature", "properties": { "id_voie": "73065_2830", "nom": "Chemin des Moulins", "type_voie": "Chemin", "longueur_m": 596.2, "quartier": "LA" }, "geometry": { "type": "MultiLineString", "coordinates": [ [ [ 5.9268851, 45.5707555 ], [ 5.9267242, 45.5707696 ], [ 5.9265322, 45.5708016 ], [ 5.9264389, 45.5708329 ], [ 5.9263419, 45.5708913 ] ], [ [ 5.9274157, 45.5707931 ], [ 5.9272896, 45.5707855 ], [ 5.9270212, 45.5707565 ], [ 5.9268851, 45.5707555 ] ], [ [ 5.928088, 45.5708413 ], [ 5.9281554, 45.5703196 ], [ 5.9277852, 45.570332 ], [ 5.9274157, 45.5707931 ] ], [ [ 5.928088, 45.5708413 ], [ 5.9279905, 45.5708412 ], [ 5.9276842, 45.5708239 ], [ 5.9274157, 45.5707931 ] ], [ [ 5.9283086, 45.5708401 ], [ 5.928088, 45.5708413 ] ], [ [ 5.9299139, 45.5701413 ], [ 5.9296747, 45.5703981 ], [ 5.9294626, 45.570682 ], [ 5.929333, 45.5708269 ] ], [ [ 5.9299139, 45.5701413 ], [ 5.9300032, 45.5700345 ], [ 5.9300613, 45.5699438 ], [ 5.9301491, 45.5697613 ], [ 5.9301985, 45.5697005 ], [ 5.9302793, 45.5696272 ], [ 5.930301, 45.5695762 ], [ 5.9303069, 45.5694463 ], [ 5.9303022, 45.5693085 ], [ 5.9302922, 45.569216 ], [ 5.9302704, 45.5691679 ], [ 5.930235, 45.5691048 ] ], [ [ 5.929333, 45.5708269 ], [ 5.9292413, 45.5708158 ], [ 5.9291167, 45.5708118 ], [ 5.9290435, 45.570811 ], [ 5.9285113, 45.5708402 ], [ 5.9283086, 45.5708401 ] ] ] } },
{ "type": "Feature", "properties": { "id_voie": "73065_1441", "nom": "Place du Forum", "type_voie": "Place", "longueur_m": 300.9, "quartier": "HC" }, "geometry": { "type": "MultiLineString", "coordinates": [ [ [ 5.920371, 45.5922998 ], [ 5.920392, 45.5922839 ], [ 5.9204263, 45.5922776 ], [ 5.9204597, 45.5922777 ], [ 5.9204884, 45.5922877 ], [ 5.9205034, 45.5923045 ], [ 5.9205013, 45.592337 ], [ 5.920481, 45.5923654 ], [ 5.9204327, 45.5923739 ], [ 5.9203953, 45.5923722 ], [ 5.9203728, 45.5923583 ], [ 5.9203614, 45.592337 ], [ 5.9203628, 45.5923153 ], [ 5.920371, 45.5922998 ] ], [ [ 5.9202497, 45.5922624 ], [ 5.920371, 45.5922998 ] ], [ [ 5.9191683, 45.5920301 ], [ 5.9193706, 45.5920699 ], [ 5.9199167, 45.5921782 ], [ 5.9202497, 45.5922624 ] ], [ [ 5.918877, 45.592763 ], [ 5.9196515, 45.5929673 ], [ 5.919687, 45.5928871 ], [ 5.9197593, 45.5928464 ], [ 5.9198972, 45.5928816 ], [ 5.9202497, 45.5922624 ] ] ] } },
{ "type": "Feature", "properties": { "id_voie": "73065_1660", "nom": "Chemin des Gentianes", "type_voie": "Chemin", "longueur_m": 717.9, "quartier": "HC" }, "geometry": { "type": "MultiLineString", "coordinates": [ [ [ 5.9181105, 45.5817175 ], [ 5.918046, 45.5816128 ], [ 5.9179683, 45.5815013 ], [ 5.9178895, 45.5814673 ], [ 5.9177719, 45.5814767 ], [ 5.9175957, 45.5815416 ], [ 5.9172584, 45.5815936 ], [ 5.9166007, 45.5816549 ], [ 5.9163299, 45.5817024 ] ], [ [ 5.9163299, 45.5817024 ], [ 5.9160489, 45.5818016 ], [ 5.9154813, 45.5820362 ], [ 5.9150396, 45.582227 ], [ 5.9144281, 45.5825312 ] ], [ [ 5.915184, 45.5816781 ], [ 5.9150277, 45.5817335 ], [ 5.9148199, 45.5818065 ], [ 5.9147885, 45.5817956 ] ], [ [ 5.9182088, 45.5818042 ], [ 5.9181293, 45.5817332 ], [ 5.9181105, 45.5817175 ] ], [ [ 5.9185574, 45.5820898 ], [ 5.9184541, 45.5820276 ], [ 5.9182964, 45.5818839 ], [ 5.9182088, 45.5818042 ] ], [ [ 5.9189949, 45.5823307 ], [ 5.9187642, 45.5821907 ], [ 5.9185574, 45.5820898 ] ], [ [ 5.9195892, 45.5829181 ], [ 5.9190535, 45.5823706 ], [ 5.9189949, 45.5823307 ] ], [ [ 5.9147885, 45.5817956 ], [ 5.9146223, 45.5818558 ], [ 5.9144007, 45.5819372 ], [ 5.9141706, 45.582027 ], [ 5.9140808, 45.5820518 ], [ 5.9139661, 45.5820917 ], [ 5.9138945, 45.5821459 ], [ 5.9138668, 45.5822033 ], [ 5.9138476, 45.5822777 ], [ 5.913843, 45.5824112 ], [ 5.913865, 45.5825602 ] ], [ [ 5.9144281, 45.5825312 ], [ 5.9143739, 45.5825506 ], [ 5.9142641, 45.5825616 ], [ 5.913865, 45.5825602 ] ] ] } },
{ "type": "Feature", "properties": { "id_voie": "73065_1708", "nom": "Rue Gérard Philipe", "type_voie": "Rue", "longueur_m": 272.1, "quartier": "BE" }, "geometry": { "type": "LineString", "coordinates": [ [ 5.9218297, 45.5553865 ], [ 5.921905, 45.55538 ], [ 5.9219758, 45.5553854 ], [ 5.9220548, 45.5554239 ], [ 5.9221315, 45.555467 ], [ 5.9224346, 45.5556213 ], [ 5.9225064, 45.555669 ], [ 5.9225643, 45.5557215 ], [ 5.9226083, 45.5557781 ], [ 5.9226423, 45.5558628 ], [ 5.922659, 45.5559615 ], [ 5.9226775, 45.5560186 ], [ 5.9227219, 45.5561076 ], [ 5.9228569, 45.5563321 ], [ 5.9228921, 45.5564654 ], [ 5.9229013, 45.5565427 ], [ 5.9229128, 45.5567604 ], [ 5.9229285, 45.5568393 ], [ 5.922957, 45.5569179 ], [ 5.9231685, 45.5573287 ], [ 5.9231883, 45.5574606 ] ] } },
{ "type": "Feature", "properties": { "id_voie": "73065_2580", "nom": "Rue de la Martinière", "type_voie": "Rue", "longueur_m": 179.4, "quartier": "LA" }, "geometry": { "type": "MultiLineString", "coordinates": [ [ [ 5.9384992, 45.5699884 ], [ 5.9383591, 45.5699848 ], [ 5.9382326, 45.5699944 ], [ 5.9381819, 45.5700057 ], [ 5.9380784, 45.5700372 ], [ 5.9380181, 45.5700622 ] ], [ [ 5.9380181, 45.5700622 ], [ 5.9377088, 45.5702298 ] ], [ [ 5.9377088, 45.5702298 ], [ 5.9375507, 45.5703213 ], [ 5.9374145, 45.5703898 ], [ 5.9373675, 45.5704225 ], [ 5.9373253, 45.5704741 ] ], [ [ 5.9384992, 45.5699884 ], [ 5.9386797, 45.5700296 ], [ 5.9391566, 45.5701676 ], [ 5.9393182, 45.5702156 ] ] ] } },
{ "type": "Feature", "properties": { "id_voie": "73065_0840", "nom": "Chemin de Chiron", "type_voie": "Chemin", "longueur_m": 925.4, "quartier": "BI" }, "geometry": { "type": "MultiLineString", "coordinates": [ [ [ 5.8978212, 45.5768062 ], [ 5.896788, 45.576112 ] ], [ [ 5.896788, 45.576112 ], [ 5.8965642, 45.575979 ], [ 5.8964164, 45.5758773 ] ], [ [ 5.8944018, 45.5745704 ], [ 5.8947148, 45.5747417 ], [ 5.8949202, 45.5748661 ], [ 5.895236, 45.5750418 ], [ 5.8956416, 45.5753161 ], [ 5.8958117, 45.575428 ], [ 5.8959731, 45.5755454 ] ], [ [ 5.8964164, 45.5758773 ], [ 5.8961669, 45.5756928 ], [ 5.8959731, 45.5755454 ] ], [ [ 5.892319, 45.573358 ], [ 5.8920122, 45.5731596 ], [ 5.8914188, 45.572827 ], [ 5.8911486, 45.5726646 ], [ 5.8909454, 45.5725319 ], [ 5.8905042, 45.5722883 ], [ 5.8904073, 45.5722034 ], [ 5.8903592, 45.5721163 ] ], [ [ 5.8919838, 45.5736973 ], [ 5.8922674, 45.5734026 ], [ 5.892319, 45.573358 ] ], [ [ 5.892319, 45.573358 ], [ 5.8926501, 45.5735576 ], [ 5.8929336, 45.5737288 ] ], [ [ 5.8929384, 45.5726158 ], [ 5.8928162, 45.5727568 ], [ 5.8926282, 45.5729653 ], [ 5.8925648, 45.5730525 ], [ 5.8924679, 45.5731884 ], [ 5.8923751, 45.5733025 ], [ 5.892319, 45.573358 ] ], [ [ 5.8941267, 45.5744135 ], [ 5.8944018, 45.5745704 ] ], [ [ 5.893833, 45.5742445 ], [ 5.8941267, 45.5744135 ] ], [ [ 5.8935326, 45.5740684 ], [ 5.8937139, 45.5741754 ], [ 5.893833, 45.5742445 ] ], [ [ 5.8929336, 45.5737288 ], [ 5.8932629, 45.5739158 ], [ 5.8935326, 45.5740684 ] ] ] } },
{ "type": "Feature", "properties": { "id_voie": "73065_3700", "nom": "Boulevard du Théâtre", "type_voie": "Boulevard", "longueur_m": 244.4, "quartier": "CE" }, "geometry": { "type": "MultiLineString", "coordinates": [ [ [ 5.9230145, 45.5663301 ], [ 5.9228729, 45.5664671 ] ], [ [ 5.9230145, 45.5663301 ], [ 5.9230387, 45.5663997 ], [ 5.9231002, 45.5664468 ] ], [ [ 5.9230901, 45.5662308 ], [ 5.9230145, 45.5663301 ] ], [ [ 5.9230334, 45.5665909 ], [ 5.923195, 45.5664686 ] ], [ [ 5.9231002, 45.5664468 ], [ 5.923195, 45.5664686 ] ], [ [ 5.9234675, 45.5657722 ], [ 5.9235126, 45.5657521 ], [ 5.9235558, 45.5657438 ], [ 5.9236224, 45.565743 ], [ 5.9236874, 45.5657593 ] ], [ [ 5.9235736, 45.5660822 ], [ 5.9234799, 45.5661783 ], [ 5.9233023, 45.5663857 ] ], [ [ 5.9230901, 45.5662308 ], [ 5.9234675, 45.5657722 ] ], [ [ 5.923195, 45.5664686 ], [ 5.9233023, 45.5663857 ] ], [ [ 5.9237513, 45.5658757 ], [ 5.9236337, 45.5660049 ], [ 5.9235736, 45.5660822 ] ], [ [ 5.9236874, 45.5657593 ], [ 5.9237177, 45.5657729 ], [ 5.9237581, 45.5658106 ], [ 5.9237605, 45.5658556 ], [ 5.9237513, 45.5658757 ] ] ] } },
{ "type": "Feature", "properties": { "id_voie": "73065_0155", "nom": "Rue des Ardennes", "type_voie": "Rue", "longueur_m": 292.9, "quartier": "CV" }, "geometry": { "type": "MultiLineString", "coordinates": [ [ [ 5.9110783, 45.6028475 ], [ 5.9110085, 45.602888 ], [ 5.9109593, 45.602928 ], [ 5.9109265, 45.6029649 ], [ 5.9109047, 45.6030376 ], [ 5.9109289, 45.6030838 ] ], [ [ 5.9110783, 45.6028475 ], [ 5.9111877, 45.6028527 ], [ 5.9118433, 45.6027249 ], [ 5.9121211, 45.6026853 ], [ 5.9122248, 45.6026556 ], [ 5.9122964, 45.6026258 ], [ 5.9123538, 45.6025937 ], [ 5.912403, 45.6025528 ], [ 5.9125465, 45.6023535 ], [ 5.9126019, 45.602234 ], [ 5.9126289, 45.6021378 ], [ 5.9126305, 45.6021197 ] ], [ [ 5.9124297, 45.6017663 ], [ 5.9125777, 45.6020175 ], [ 5.9126305, 45.6021197 ] ], [ [ 5.9128718, 45.6013611 ], [ 5.9124297, 45.6017663 ] ] ] } },
{ "type": "Feature", "properties": { "id_voie": "73065_0230", "nom": "Rue du Batonnet", "type_voie": "Rue", "longueur_m": 119.5, "quartier": "LA" }, "geometry": { "type": "MultiLineString", "coordinates": [ [ [ 5.9232844, 45.5630061 ], [ 5.923173, 45.5627675 ], [ 5.9231496, 45.5626879 ], [ 5.9230859, 45.5623796 ], [ 5.9230748, 45.5622916 ] ], [ [ 5.9230748, 45.5622916 ], [ 5.9228447, 45.5619894 ] ] ] } },
{ "type": "Feature", "properties": { "id_voie": "73065_2140", "nom": "Rue Joseph le Brix", "type_voie": "Rue", "longueur_m": 287.1, "quartier": "LA" }, "geometry": { "type": "MultiLineString", "coordinates": [ [ [ 5.9328554, 45.5689464 ], [ 5.9329514, 45.5687474 ], [ 5.933065, 45.5685192 ], [ 5.9330996, 45.5684453 ], [ 5.9330932, 45.568422 ], [ 5.9330722, 45.5684118 ], [ 5.932938, 45.5683981 ], [ 5.9324207, 45.5683693 ], [ 5.932331, 45.5683707 ], [ 5.9322955, 45.5683789 ], [ 5.9322582, 45.5684006 ], [ 5.932158, 45.5686645 ], [ 5.9321362, 45.5687389 ], [ 5.9321468, 45.5687684 ], [ 5.9321844, 45.5688008 ], [ 5.9328554, 45.5689464 ] ], [ [ 5.9326104, 45.5694312 ], [ 5.9327374, 45.5691891 ], [ 5.9328554, 45.5689464 ] ] ] } },
{ "type": "Feature", "properties": { "id_voie": "73065_2879", "nom": "Rue Nant Bertaux", "type_voie": "Rue", "longueur_m": 562.6, "quartier": "CV" }, "geometry": { "type": "MultiLineString", "coordinates": [ [ [ 5.9062071, 45.5966668 ], [ 5.9061719, 45.5968281 ], [ 5.9061053, 45.5969767 ] ], [ [ 5.9062563, 45.5961852 ], [ 5.906251, 45.5962547 ], [ 5.9062359, 45.5964083 ], [ 5.9062219, 45.5965582 ], [ 5.9062071, 45.5966668 ] ], [ [ 5.9063323, 45.5952362 ], [ 5.9062398, 45.595235 ], [ 5.9061717, 45.5952323 ], [ 5.9061103, 45.5952365 ] ], [ [ 5.9061103, 45.5952365 ], [ 5.9061132, 45.5951941 ], [ 5.9061174, 45.5951516 ], [ 5.906121, 45.5950975 ] ], [ [ 5.9061103, 45.5952365 ], [ 5.9061012, 45.5953089 ], [ 5.9061005, 45.5953927 ], [ 5.9060949, 45.5954811 ], [ 5.9060928, 45.5955398 ] ], [ [ 5.9060107, 45.5966421 ], [ 5.9059971, 45.596701 ], [ 5.9059714, 45.5967747 ], [ 5.9059443, 45.5968439 ] ], [ [ 5.9060107, 45.5966421 ], [ 5.9060039, 45.5965612 ], [ 5.90601, 45.5964808 ], [ 5.9060146, 45.596423 ], [ 5.9060217, 45.5963616 ] ], [ [ 5.9062071, 45.5966668 ], [ 5.9061052, 45.5966568 ], [ 5.9060107, 45.5966421 ] ], [ [ 5.9061053, 45.5969767 ], [ 5.9060536, 45.5970447 ], [ 5.9059998, 45.5970947 ], [ 5.9059195, 45.5971554 ], [ 5.9058182, 45.5972301 ], [ 5.9057379, 45.5973133 ] ], [ [ 5.9057379, 45.5973133 ], [ 5.9056605, 45.5974297 ] ], [ [ 5.9055728, 45.5947287 ], [ 5.9056699, 45.5947451 ], [ 5.9058155, 45.5947801 ], [ 5.9059501, 45.5948262 ], [ 5.9060828, 45.5948849 ], [ 5.9061932, 45.5949587 ], [ 5.9062738, 45.5950512 ], [ 5.9063248, 45.5951661 ], [ 5.9063323, 45.5952362 ] ], [ [ 5.9063323, 45.5952362 ], [ 5.9063347, 45.5952812 ] ], [ [ 5.9063347, 45.5952812 ], [ 5.906324, 45.5954202 ], [ 5.906313, 45.5955539 ], [ 5.9063048, 45.5956902 ], [ 5.9062902, 45.5958284 ], [ 5.9062768, 45.5959648 ], [ 5.9062648, 45.596103 ], [ 5.9062563, 45.5961852 ] ], [ [ 5.9062563, 45.5961852 ], [ 5.9063323, 45.5961895 ], [ 5.9064032, 45.5961958 ], [ 5.9064752, 45.5961994 ] ], [ [ 5.9063347, 45.5952812 ], [ 5.9064298, 45.5952841 ], [ 5.9065366, 45.5952886 ], [ 5.9066497, 45.595292 ], [ 5.9066736, 45.595331 ], [ 5.9066795, 45.5953705 ] ], [ [ 5.9052552, 45.5945954 ], [ 5.9053399, 45.594668 ], [ 5.9054329, 45.5947035 ], [ 5.9055196, 45.5947184 ], [ 5.9055728, 45.5947287 ] ] ] } },
{ "type": "Feature", "properties": { "id_voie": "73065_1200", "nom": "Rue Doppet", "type_voie": "Rue", "longueur_m": 176.0, "quartier": "CE" }, "geometry": { "type": "MultiLineString", "coordinates": [ [ [ 5.9193438, 45.5676627 ], [ 5.9195781, 45.5678729 ] ], [ [ 5.9188907, 45.5672447 ], [ 5.9193438, 45.5676627 ] ], [ [ 5.9195781, 45.5678729 ], [ 5.9197058, 45.5679831 ], [ 5.9199706, 45.5682375 ], [ 5.920067, 45.5683369 ], [ 5.9201292, 45.5684226 ] ], [ [ 5.9201292, 45.5684226 ], [ 5.920154, 45.5684553 ] ], [ [ 5.920154, 45.5684553 ], [ 5.920199, 45.5685289 ] ] ] } },
{ "type": "Feature", "properties": { "id_voie": "73065_1130", "nom": "Rue Dijoud", "type_voie": "Rue", "longueur_m": 171.9, "quartier": "LA" }, "geometry": { "type": "MultiLineString", "coordinates": [ [ [ 5.9390879, 45.5674688 ], [ 5.9388606, 45.5675613 ], [ 5.9388315, 45.5675692 ] ], [ [ 5.9390879, 45.5674688 ], [ 5.9389837, 45.5673661 ], [ 5.9387505, 45.5671307 ], [ 5.9384278, 45.5667787 ], [ 5.9381441, 45.5664608 ], [ 5.9380608, 45.5663405 ] ] ] } },
{ "type": "Feature", "properties": { "id_voie": "73065_3508", "nom": "Impasse Sainte-Anne", "type_voie": "Impasse", "longueur_m": 145.2, "quartier": "BI" }, "geometry": { "type": "LineString", "coordinates": [ [ 5.9022838, 45.579206 ], [ 5.9023046, 45.5792108 ], [ 5.9023462, 45.5792224 ], [ 5.90239, 45.5792239 ], [ 5.9024784, 45.5792226 ], [ 5.9026332, 45.5792132 ], [ 5.9033765, 45.5791714 ], [ 5.903983, 45.5791386 ], [ 5.9041338, 45.5791266 ] ] } },
{ "type": "Feature", "properties": { "id_voie": "73065_2670", "nom": "Passage Michelet", "type_voie": "Passage", "longueur_m": 62.6, "quartier": "LA" }, "geometry": { "type": "LineString", "coordinates": [ [ 5.9264937, 45.564604 ], [ 5.9261427, 45.564833 ], [ 5.9259985, 45.5649197 ], [ 5.9259708, 45.5649538 ], [ 5.9259556, 45.5650073 ] ] } },
{ "type": "Feature", "properties": { "id_voie": "73065_2726", "nom": "Rue du Mont-Pecloz", "type_voie": "Rue", "longueur_m": 194.4, "quartier": "BI" }, "geometry": { "type": "MultiLineString", "coordinates": [ [ [ 5.896596, 45.580516 ], [ 5.896544, 45.580602 ], [ 5.8964206, 45.5807701 ] ], [ [ 5.896596, 45.580516 ], [ 5.8965341, 45.5804861 ], [ 5.8965057, 45.5804588 ], [ 5.8964821, 45.5804243 ] ], [ [ 5.8964821, 45.5804243 ], [ 5.8964979, 45.5803825 ], [ 5.8965385, 45.5803237 ], [ 5.896591, 45.5802485 ], [ 5.8966633, 45.5801836 ], [ 5.8967754, 45.5800689 ], [ 5.8969071, 45.5800115 ] ], [ [ 5.8973994, 45.580789 ], [ 5.8971658, 45.580714 ], [ 5.8969262, 45.5806219 ], [ 5.8967235, 45.5805505 ], [ 5.896596, 45.580516 ] ], [ [ 5.8964821, 45.5804243 ], [ 5.8964431, 45.5804136 ], [ 5.8963577, 45.5804014 ], [ 5.8962141, 45.5804024 ] ] ] } },
{ "type": "Feature", "properties": { "id_voie": "73065_1740", "nom": "Avenue du Grand Ariétaz", "type_voie": "Avenue", "longueur_m": 1747.2, "quartier": "BI" }, "geometry": { "type": "MultiLineString", "coordinates": [ [ [ 5.9057475, 45.5846726 ], [ 5.9056703, 45.5846692 ], [ 5.9055512, 45.5846975 ], [ 5.9054345, 45.5847726 ], [ 5.905295, 45.584878 ], [ 5.9051344, 45.5849957 ] ], [ [ 5.9058477, 45.5846015 ], [ 5.9057763, 45.5845844 ], [ 5.9057711, 45.5845846 ], [ 5.9056257, 45.5846 ], [ 5.9054655, 45.5846789 ], [ 5.9052921, 45.5848231 ], [ 5.9051344, 45.5849957 ] ], [ [ 5.9062097, 45.5847976 ], [ 5.906199, 45.5847906 ], [ 5.9061472, 45.5847559 ], [ 5.9059571, 45.5846311 ], [ 5.9059428, 45.5846279 ], [ 5.9058477, 45.5846015 ] ], [ [ 5.906114, 45.5848586 ], [ 5.9060763, 45.5848236 ], [ 5.9060424, 45.5847902 ], [ 5.9059482, 45.5847314 ], [ 5.9058852, 45.5847032 ], [ 5.9058448, 45.5846926 ], [ 5.9058149, 45.5846843 ], [ 5.9057733, 45.5846746 ], [ 5.9057475, 45.5846726 ] ], [ [ 5.9061663, 45.5849257 ], [ 5.9061195, 45.5848657 ], [ 5.906114, 45.5848586 ] ], [ [ 5.906304, 45.5848357 ], [ 5.9062097, 45.5847976 ] ], [ [ 5.9025299, 45.585473 ], [ 5.9023254, 45.5854161 ] ], [ [ 5.9023254, 45.5854161 ], [ 5.9023152, 45.5854407 ], [ 5.9022831, 45.5854649 ], [ 5.9022349, 45.5854761 ], [ 5.9021902, 45.5854799 ], [ 5.9021333, 45.5854715 ] ], [ [ 5.9020658, 45.5853345 ], [ 5.9020841, 45.5853178 ], [ 5.902103, 45.5853101 ], [ 5.9021386, 45.5853047 ], [ 5.9021809, 45.5853036 ], [ 5.9022182, 45.5853053 ], [ 5.9022532, 45.5853116 ], [ 5.9022887, 45.5853269 ], [ 5.9023093, 45.5853534 ], [ 5.9023255, 45.5853926 ], [ 5.9023254, 45.5854161 ] ], [ [ 5.9021333, 45.5854715 ], [ 5.9020802, 45.5854395 ], [ 5.9020529, 45.5854078 ], [ 5.9020484, 45.585371 ], [ 5.9020658, 45.5853345 ] ], [ [ 5.9028727, 45.585574 ], [ 5.9026472, 45.5855078 ], [ 5.9025299, 45.585473 ] ], [ [ 5.9051344, 45.5849957 ], [ 5.905008, 45.5851071 ], [ 5.9047985, 45.5853206 ], [ 5.904627, 45.5855495 ], [ 5.9044932, 45.5857151 ], [ 5.9043658, 45.5858067 ], [ 5.9042389, 45.5858586 ], [ 5.9040746, 45.5858818 ], [ 5.9039923, 45.5858785 ], [ 5.9038919, 45.5858739 ], [ 5.9037663, 45.585851 ], [ 5.9033003, 45.5857027 ], [ 5.9028727, 45.585574 ] ], [ [ 5.9020658, 45.5853345 ], [ 5.901849, 45.5852626 ], [ 5.9015193, 45.5851422 ], [ 5.9012551, 45.5850481 ], [ 5.9008207, 45.5849134 ], [ 5.9004424, 45.5847961 ], [ 5.900308, 45.5847536 ] ], [ [ 5.9002586, 45.5846179 ], [ 5.9003194, 45.5846524 ], [ 5.9003301, 45.5846854 ], [ 5.900328, 45.5847188 ], [ 5.900308, 45.5847536 ] ], [ [ 5.900308, 45.5847536 ], [ 5.9002614, 45.5847701 ], [ 5.9002091, 45.584776 ], [ 5.9001639, 45.5847699 ], [ 5.9001352, 45.5847616 ], [ 5.9001098, 45.5847416 ], [ 5.9001025, 45.5847246 ], [ 5.9000837, 45.5846846 ] ], [ [ 5.9000837, 45.5846846 ], [ 5.900116, 45.5846405 ], [ 5.9001497, 45.5846225 ], [ 5.9001891, 45.5846143 ], [ 5.9002161, 45.5846145 ], [ 5.9002586, 45.5846179 ] ], [ [ 5.9000837, 45.5846846 ], [ 5.8998532, 45.5846202 ], [ 5.8994895, 45.5845125 ], [ 5.8990585, 45.5843686 ], [ 5.898687, 45.5842349 ], [ 5.8982204, 45.5840965 ], [ 5.8978159, 45.5839934 ], [ 5.8974122, 45.5839055 ], [ 5.8970377, 45.5838368 ] ], [ [ 5.8970377, 45.5838368 ], [ 5.8968386, 45.5838077 ] ], [ [ 5.8957918, 45.5836662 ], [ 5.8962403, 45.5837285 ], [ 5.8965167, 45.5837628 ], [ 5.8968386, 45.5838077 ] ], [ [ 5.8905874, 45.5816853 ], [ 5.8901587, 45.5813863 ], [ 5.8897825, 45.5811356 ] ], [ [ 5.8941451, 45.5832445 ], [ 5.8942129, 45.5832644 ], [ 5.8945598, 45.5833951 ], [ 5.894732, 45.5834493 ], [ 5.8948972, 45.5834928 ], [ 5.8951014, 45.5835434 ], [ 5.8952998, 45.5835842 ], [ 5.8954631, 45.5836152 ], [ 5.89567, 45.583645 ], [ 5.8957918, 45.5836662 ] ], [ [ 5.8940927, 45.583126 ], [ 5.8941111, 45.5831337 ], [ 5.8941364, 45.5831519 ], [ 5.8941545, 45.5831785 ], [ 5.8941568, 45.5831974 ], [ 5.8941451, 45.5832445 ] ], [ [ 5.8941451, 45.5832445 ], [ 5.8941331, 45.5832854 ], [ 5.8940855, 45.5833064 ], [ 5.8940464, 45.5833192 ], [ 5.8940054, 45.583322 ] ], [ [ 5.8938726, 45.5831614 ], [ 5.8939119, 45.583128 ], [ 5.8939664, 45.5831149 ], [ 5.8940086, 45.583112 ], [ 5.894042, 45.583112 ], [ 5.8940731, 45.5831193 ], [ 5.8940927, 45.583126 ] ], [ [ 5.8940054, 45.583322 ], [ 5.8939783, 45.5833182 ], [ 5.8939274, 45.5833015 ] ], [ [ 5.8939274, 45.5833015 ], [ 5.8938834, 45.5832711 ], [ 5.8938678, 45.5832418 ], [ 5.8938636, 45.5832112 ], [ 5.893865, 45.5831878 ], [ 5.8938726, 45.5831614 ] ], [ [ 5.8938726, 45.5831614 ], [ 5.893571, 45.5830629 ], [ 5.8930236, 45.5828517 ], [ 5.8927082, 45.5827346 ], [ 5.8924596, 45.5826436 ], [ 5.8922279, 45.5825559 ], [ 5.8918256, 45.5824194 ], [ 5.8916263, 45.582338 ], [ 5.8915367, 45.5822934 ], [ 5.8913718, 45.5822085 ], [ 5.8908712, 45.5818843 ], [ 5.8905874, 45.5816853 ] ] ] } },
{ "type": "Feature", "properties": { "id_voie": "73065_2791", "nom": "Rue de Morraz-Dessous", "type_voie": "Rue", "longueur_m": 734.2, "quartier": "CV" }, "geometry": { "type": "MultiLineString", "coordinates": [ [ [ 5.9239179, 45.6060547 ], [ 5.9239396, 45.6060776 ], [ 5.9239505, 45.6061134 ], [ 5.9239312, 45.6061859 ], [ 5.92381, 45.6064919 ], [ 5.9237404, 45.6066072 ], [ 5.9235383, 45.606963 ], [ 5.9234451, 45.6072393 ], [ 5.923353, 45.6074175 ], [ 5.923249, 45.6075634 ], [ 5.9231553, 45.6077091 ], [ 5.9230934, 45.6078008 ], [ 5.9230597, 45.6078684 ], [ 5.9230533, 45.6079163 ], [ 5.9230621, 45.6079368 ] ], [ [ 5.9230621, 45.6079368 ], [ 5.9231163, 45.6079679 ], [ 5.9231711, 45.6079845 ], [ 5.9232747, 45.6080016 ], [ 5.9234434, 45.608035 ], [ 5.9236482, 45.6080955 ] ], [ [ 5.9185131, 45.6049823 ], [ 5.9185835, 45.6050021 ], [ 5.9187201, 45.6050364 ], [ 5.9189283, 45.6050895 ], [ 5.9192323, 45.6051582 ], [ 5.9195313, 45.6052289 ], [ 5.9198551, 45.6053331 ], [ 5.9200446, 45.6053714 ], [ 5.9201028, 45.6053798 ], [ 5.9201795, 45.6053986 ] ], [ [ 5.9206214, 45.6055745 ], [ 5.9208826, 45.6056813 ] ], [ [ 5.9201795, 45.6053986 ], [ 5.9202568, 45.6054281 ], [ 5.9206214, 45.6055745 ] ], [ [ 5.9208826, 45.6056813 ], [ 5.9209035, 45.6056897 ], [ 5.9210572, 45.6057551 ], [ 5.9211805, 45.6057564 ], [ 5.9222003, 45.6054974 ], [ 5.9223073, 45.6054811 ], [ 5.922356, 45.6054799 ], [ 5.9224229, 45.6054826 ], [ 5.9224984, 45.6055023 ], [ 5.9225972, 45.6055493 ], [ 5.9232324, 45.6058121 ], [ 5.9236294, 45.6059649 ], [ 5.9238575, 45.6060293 ], [ 5.9239179, 45.6060547 ] ] ] } },
{ "type": "Feature", "properties": { "id_voie": "73065_3144", "nom": "Allée du Poitou", "type_voie": "Allée", "longueur_m": 108.3, "quartier": "CV" }, "geometry": { "type": "LineString", "coordinates": [ [ 5.9089284, 45.6006062 ], [ 5.9092363, 45.5997945 ], [ 5.9092495, 45.5997293 ], [ 5.90925, 45.5996887 ], [ 5.9092472, 45.5996608 ] ] } },
{ "type": "Feature", "properties": { "id_voie": "73065_1890", "nom": "Rue de l'Herberie", "type_voie": "Rue", "longueur_m": 26.4, "quartier": "CE" }, "geometry": { "type": "LineString", "coordinates": [ [ 5.9199576, 45.5662843 ], [ 5.9197727, 45.5663792 ], [ 5.9196657, 45.5663928 ] ] } },
{ "type": "Feature", "properties": { "id_voie": "73065_3770", "nom": "Chemin des Trolles", "type_voie": "Chemin", "longueur_m": 393.5, "quartier": "HC" }, "geometry": { "type": "MultiLineString", "coordinates": [ [ [ 5.9183674, 45.5840365 ], [ 5.9188746, 45.5843108 ], [ 5.9190419, 45.5843677 ], [ 5.9191923, 45.5843972 ], [ 5.9195426, 45.5844205 ], [ 5.9206088, 45.5844406 ], [ 5.9217741, 45.5844914 ], [ 5.9218362, 45.5845006 ], [ 5.9218965, 45.5845252 ], [ 5.9219435, 45.5845636 ], [ 5.9219789, 45.5846023 ], [ 5.9220208, 45.5846922 ] ], [ [ 5.9220208, 45.5846922 ], [ 5.922025, 45.5847949 ], [ 5.9220223, 45.5848166 ] ], [ [ 5.9220223, 45.5848166 ], [ 5.9219933, 45.5853138 ], [ 5.9220269, 45.58544 ] ] ] } },
{ "type": "Feature", "properties": { "id_voie": "73065_2280", "nom": "Rue du Larith", "type_voie": "Rue", "longueur_m": 111.7, "quartier": "CE" }, "geometry": { "type": "MultiLineString", "coordinates": [ [ [ 5.9246649, 45.5648328 ], [ 5.92477, 45.5646129 ], [ 5.9248783, 45.5643794 ], [ 5.9249085, 45.5642957 ], [ 5.9249563, 45.5642287 ], [ 5.9249784, 45.5642101 ], [ 5.9250558, 45.564145 ] ], [ [ 5.9245129, 45.5650656 ], [ 5.9246197, 45.564925 ], [ 5.9246649, 45.5648328 ] ] ] } },
{ "type": "Feature", "properties": { "id_voie": "73065_3630", "nom": "Rue des Sports", "type_voie": "Rue", "longueur_m": 312.8, "quartier": "BI" }, "geometry": { "type": "MultiLineString", "coordinates": [ [ [ 5.903672, 45.57734 ], [ 5.9034688, 45.5769893 ], [ 5.9033685, 45.5767892 ], [ 5.9033266, 45.5766497 ], [ 5.9033313, 45.5765928 ] ], [ [ 5.9045515, 45.5763468 ], [ 5.9042157, 45.5764033 ], [ 5.9039001, 45.5764529 ], [ 5.903549, 45.5765124 ], [ 5.9034254, 45.5765516 ], [ 5.9033313, 45.5765928 ] ], [ [ 5.9040274, 45.5779526 ], [ 5.903672, 45.57734 ] ], [ [ 5.904281, 45.578384 ], [ 5.9040274, 45.5779526 ] ] ] } },
{ "type": "Feature", "properties": { "id_voie": "73065_2668", "nom": "Rue Michel Simon", "type_voie": "Rue", "longueur_m": 267.4, "quartier": "HC" }, "geometry": { "type": "MultiLineString", "coordinates": [ [ [ 5.9222443, 45.6005628 ], [ 5.9219402, 45.6001526 ] ], [ [ 5.9213353, 45.6003404 ], [ 5.9213944, 45.6003182 ] ], [ [ 5.9213944, 45.6003182 ], [ 5.9215467, 45.6002601 ], [ 5.9219402, 45.6001526 ] ], [ [ 5.9197395, 45.6003368 ], [ 5.9200503, 45.6003657 ], [ 5.9203956, 45.6003892 ], [ 5.9209848, 45.6004135 ], [ 5.921067, 45.6004132 ], [ 5.9211307, 45.6004052 ], [ 5.9212119, 45.6003869 ], [ 5.9213353, 45.6003404 ] ], [ [ 5.9222443, 45.6005628 ], [ 5.9223737, 45.6007045 ], [ 5.9226139, 45.6007325 ] ] ] } },
{ "type": "Feature", "properties": { "id_voie": "73065_2085", "nom": "Allée Jean-Pierre Cohen", "type_voie": "Allée", "longueur_m": 375.0, "quartier": "HC" }, "geometry": { "type": "MultiLineString", "coordinates": [ [ [ 5.9145157, 45.6025962 ], [ 5.9144746, 45.6025955 ], [ 5.9143384, 45.6025684 ], [ 5.9140902, 45.6025117 ], [ 5.9139057, 45.6024697 ] ], [ [ 5.9145903, 45.6023555 ], [ 5.9145797, 45.6023738 ], [ 5.9145365, 45.6024542 ], [ 5.9145019, 45.6025299 ], [ 5.9145037, 45.6025641 ], [ 5.9145157, 45.6025962 ] ], [ [ 5.9145903, 45.6023555 ], [ 5.9144929, 45.6023346 ], [ 5.914403, 45.602309 ], [ 5.9143674, 45.602291 ], [ 5.9143504, 45.6022608 ] ], [ [ 5.9143504, 45.6022608 ], [ 5.914354, 45.602231 ], [ 5.9143828, 45.6021681 ], [ 5.9144771, 45.6019854 ], [ 5.914509, 45.6019557 ], [ 5.9145683, 45.6019371 ] ], [ [ 5.9145683, 45.6019371 ], [ 5.9145807, 45.601953 ], [ 5.9146253, 45.6019707 ], [ 5.9146841, 45.6019908 ], [ 5.9147325, 45.6020085 ], [ 5.9147462, 45.6020496 ], [ 5.9147365, 45.6020832 ], [ 5.9147207, 45.602126 ], [ 5.9146775, 45.6022073 ], [ 5.9146283, 45.6022969 ], [ 5.9145903, 45.6023555 ] ], [ [ 5.9145157, 45.6025962 ], [ 5.9145554, 45.6026186 ], [ 5.914614, 45.6026342 ], [ 5.9147505, 45.6026676 ], [ 5.9149037, 45.6026997 ], [ 5.915048, 45.6027347 ], [ 5.9151106, 45.602752 ], [ 5.9151689, 45.6027874 ], [ 5.9151957, 45.6028336 ] ], [ [ 5.9151957, 45.6028336 ], [ 5.9152046, 45.6028802 ], [ 5.9151911, 45.6029896 ], [ 5.915174, 45.6031045 ], [ 5.9151595, 45.6032193 ], [ 5.91515, 45.6033304 ], [ 5.9151355, 45.6034218 ], [ 5.9151244, 45.6035032 ], [ 5.9151124, 45.6035927 ] ], [ [ 5.9145722, 45.6016684 ], [ 5.9145823, 45.601715 ], [ 5.9145996, 45.6017506 ], [ 5.9146053, 45.6017856 ], [ 5.9146044, 45.6018181 ], [ 5.9145881, 45.6018492 ], [ 5.9145729, 45.6018784 ], [ 5.9145595, 45.6019166 ], [ 5.9145683, 45.6019371 ] ] ] } },
{ "type": "Feature", "properties": { "id_voie": "73065_1333", "nom": "Chemin de l'Esplanade", "type_voie": "Chemin", "longueur_m": 94.2, "quartier": "CE" }, "geometry": { "type": "LineString", "coordinates": [ [ 5.9147569, 45.5644811 ], [ 5.9148691, 45.5644917 ], [ 5.9148923, 45.5645181 ], [ 5.9148839, 45.5645544 ], [ 5.914883, 45.5646346 ], [ 5.914906, 45.5647313 ], [ 5.9149366, 45.5647756 ], [ 5.9149812, 45.5647942 ], [ 5.9150954, 45.5647949 ], [ 5.915601, 45.5647737 ] ] } },
{ "type": "Feature", "properties": { "id_voie": "73065_1590", "nom": "Rue de la Gare", "type_voie": "Rue", "longueur_m": 96.9, "quartier": "CE" }, "geometry": { "type": "LineString", "coordinates": [ [ 5.9199444, 45.5698818 ], [ 5.9199393, 45.5698098 ], [ 5.9199084, 45.5697115 ], [ 5.9198861, 45.5696535 ], [ 5.919701, 45.5691582 ], [ 5.919578, 45.569065 ] ] } },
{ "type": "Feature", "properties": { "id_voie": "73065_0916", "nom": "Chemin de la Combette", "type_voie": "Chemin", "longueur_m": 623.2, "quartier": "CV" }, "geometry": { "type": "MultiLineString", "coordinates": [ [ [ 5.9107473, 45.6095223 ], [ 5.9108085, 45.6095622 ], [ 5.9108869, 45.6095899 ], [ 5.9109664, 45.6096112 ], [ 5.9110596, 45.609626 ] ], [ [ 5.9110596, 45.609626 ], [ 5.9110114, 45.6096371 ], [ 5.9109309, 45.6096446 ], [ 5.9108519, 45.6096557 ], [ 5.9107354, 45.6096866 ] ], [ [ 5.9125005, 45.6098292 ], [ 5.9122742, 45.6098477 ], [ 5.9120885, 45.6098561 ], [ 5.9118477, 45.609866 ] ], [ [ 5.9118477, 45.609866 ], [ 5.9116181, 45.609871 ], [ 5.9113558, 45.6098634 ] ], [ [ 5.9110596, 45.609626 ], [ 5.9111524, 45.6096326 ], [ 5.9112295, 45.6096585 ], [ 5.9112985, 45.6097009 ], [ 5.9113414, 45.6097601 ], [ 5.9113552, 45.6098265 ], [ 5.9113558, 45.6098634 ] ], [ [ 5.914342, 45.6093481 ], [ 5.9142229, 45.6093782 ], [ 5.9139967, 45.6094472 ], [ 5.9138223, 45.6095247 ], [ 5.9136542, 45.6095993 ], [ 5.9133387, 45.609703 ], [ 5.9130997, 45.6097479 ], [ 5.9128561, 45.6097786 ], [ 5.9125005, 45.6098292 ] ], [ [ 5.9160591, 45.6094802 ], [ 5.9157162, 45.6094062 ] ], [ [ 5.9157162, 45.6094062 ], [ 5.9152614, 45.609327 ], [ 5.9151219, 45.6093117 ], [ 5.9149682, 45.6092931 ], [ 5.9147323, 45.6092992 ], [ 5.9145174, 45.6093138 ], [ 5.914342, 45.6093481 ] ], [ [ 5.9179159, 45.6097303 ], [ 5.917687, 45.6097236 ], [ 5.9174575, 45.6097053 ], [ 5.9170544, 45.609658 ], [ 5.9167374, 45.6096104 ] ], [ [ 5.9167374, 45.6096104 ], [ 5.9166804, 45.609602 ], [ 5.9162989, 45.6095253 ] ], [ [ 5.9162989, 45.6095253 ], [ 5.9160591, 45.6094802 ] ] ] } },
{ "type": "Feature", "properties": { "id_voie": "73065_2353", "nom": "Rue du Limousin", "type_voie": "Rue", "longueur_m": 159.7, "quartier": "CV" }, "geometry": { "type": "MultiLineString", "coordinates": [ [ [ 5.9104595, 45.6017975 ], [ 5.9105319, 45.6018073 ], [ 5.9106704, 45.6018029 ], [ 5.9108426, 45.6018065 ], [ 5.9109516, 45.6018298 ], [ 5.910988, 45.6018631 ], [ 5.9110049, 45.6018906 ], [ 5.9110159, 45.6019534 ], [ 5.9110064, 45.6019933 ], [ 5.91095, 45.6020912 ] ], [ [ 5.9094801, 45.6017246 ], [ 5.9094947, 45.6016837 ], [ 5.9095231, 45.6016379 ], [ 5.9095677, 45.601607 ], [ 5.9096132, 45.601595 ], [ 5.9096647, 45.6015973 ], [ 5.9097401, 45.6016161 ], [ 5.9100271, 45.6017276 ], [ 5.9101469, 45.6017596 ], [ 5.9103358, 45.6017881 ], [ 5.9104595, 45.6017975 ] ] ] } },
{ "type": "Feature", "properties": { "id_voie": "73065_3520", "nom": "Rue Sainte-Barbe", "type_voie": "Rue", "longueur_m": 141.4, "quartier": "CE" }, "geometry": { "type": "MultiLineString", "coordinates": [ [ [ 5.9153551, 45.5661236 ], [ 5.9154227, 45.5661389 ], [ 5.9154728, 45.5661421 ], [ 5.9155282, 45.5661209 ], [ 5.9156421, 45.5660675 ] ], [ [ 5.9156421, 45.5660675 ], [ 5.9158062, 45.5659929 ], [ 5.9159996, 45.5659131 ], [ 5.916172, 45.5658501 ] ], [ [ 5.916172, 45.5658501 ], [ 5.9163234, 45.5658011 ], [ 5.9164633, 45.5657542 ] ], [ [ 5.9164633, 45.5657542 ], [ 5.9166155, 45.5657205 ], [ 5.9168404, 45.5656795 ], [ 5.9169996, 45.5656565 ] ] ] } },
{ "type": "Feature", "properties": { "id_voie": "73065_0850", "nom": "Rue Claude Martin", "type_voie": "Rue", "longueur_m": 118.2, "quartier": "CE" }, "geometry": { "type": "MultiLineString", "coordinates": [ [ [ 5.9230158, 45.5666454 ], [ 5.9235713, 45.5669374 ] ], [ [ 5.9241646, 45.5672661 ], [ 5.9241909, 45.5673033 ] ], [ [ 5.9241263, 45.5672203 ], [ 5.9241646, 45.5672661 ] ], [ [ 5.9235713, 45.5669374 ], [ 5.9238614, 45.5670866 ], [ 5.9241263, 45.5672203 ] ] ] } },
{ "type": "Feature", "properties": { "id_voie": "73065_3791", "nom": "Allée de la Valière", "type_voie": "Allée", "longueur_m": 261.7, "quartier": "CV" }, "geometry": { "type": "LineString", "coordinates": [ [ 5.9101222, 45.6048573 ], [ 5.9102916, 45.6048809 ], [ 5.9103892, 45.6049054 ], [ 5.9104946, 45.6049333 ], [ 5.9111514, 45.6050208 ], [ 5.9112226, 45.6050316 ], [ 5.9112861, 45.6050444 ], [ 5.9113244, 45.6050641 ], [ 5.9113651, 45.6051063 ], [ 5.9114157, 45.6051653 ], [ 5.9114628, 45.6052056 ], [ 5.9115195, 45.6052347 ], [ 5.9115678, 45.6052488 ], [ 5.9117622, 45.6052843 ], [ 5.9118039, 45.6052959 ], [ 5.9118374, 45.6053229 ], [ 5.9118548, 45.6053612 ], [ 5.9118546, 45.6054063 ], [ 5.9113881, 45.6062771 ] ] } },
{ "type": "Feature", "properties": { "id_voie": "73065_1945", "nom": "Place du 8 mai 1945", "type_voie": "Place", "longueur_m": 122.5, "quartier": "CE" }, "geometry": { "type": "MultiLineString", "coordinates": [ [ [ 5.921381, 45.5663212 ], [ 5.9214759, 45.5662484 ], [ 5.9217408, 45.5659919 ] ], [ [ 5.9211314, 45.5665034 ], [ 5.9211696, 45.5664745 ], [ 5.921381, 45.5663212 ] ], [ [ 5.9208538, 45.5666881 ], [ 5.9206854, 45.5668033 ] ], [ [ 5.9211314, 45.5665034 ], [ 5.9209616, 45.5666168 ] ], [ [ 5.9209616, 45.5666168 ], [ 5.9208538, 45.5666881 ] ] ] } },
{ "type": "Feature", "properties": { "id_voie": "73065_3877", "nom": "Avenue de Villarcher", "type_voie": "Avenue", "longueur_m": 426.5, "quartier": "CV" }, "geometry": { "type": "MultiLineString", "coordinates": [ [ [ 5.8868092, 45.613604 ], [ 5.8866515, 45.6138559 ], [ 5.8864532, 45.6141646 ], [ 5.8863169, 45.6144078 ], [ 5.8863017, 45.6144848 ], [ 5.8863079, 45.6145306 ] ], [ [ 5.8863079, 45.6145306 ], [ 5.886321, 45.61456 ], [ 5.8863616, 45.6145995 ], [ 5.8864063, 45.6146199 ], [ 5.8865419, 45.6146588 ], [ 5.8870544, 45.6147619 ], [ 5.8873974, 45.6148387 ] ], [ [ 5.8872377, 45.6129334 ], [ 5.88715, 45.613024 ], [ 5.8870625, 45.6131686 ], [ 5.8868519, 45.6135371 ], [ 5.8868092, 45.613604 ] ], [ [ 5.8876127, 45.6127373 ], [ 5.8875424, 45.6127688 ], [ 5.887442, 45.6128128 ], [ 5.887346, 45.6128676 ], [ 5.8872377, 45.6129334 ] ], [ [ 5.8876127, 45.6127373 ], [ 5.8876025, 45.6126907 ], [ 5.8876003, 45.6126484 ], [ 5.8876222, 45.612601 ], [ 5.8876641, 45.6125656 ] ], [ [ 5.8876641, 45.6125656 ], [ 5.887733, 45.6125332 ], [ 5.8878159, 45.612523 ], [ 5.8878763, 45.6125241 ], [ 5.8879432, 45.6125504 ] ], [ [ 5.8878362, 45.6128144 ], [ 5.8877629, 45.6128118 ], [ 5.8876979, 45.6127963 ], [ 5.8876449, 45.6127644 ], [ 5.8876127, 45.6127373 ] ], [ [ 5.8879432, 45.6125504 ], [ 5.8879941, 45.6125923 ], [ 5.8880081, 45.6126379 ], [ 5.8880094, 45.6126874 ], [ 5.8879905, 45.6127447 ] ], [ [ 5.8879905, 45.6127447 ], [ 5.8879462, 45.6127819 ], [ 5.8878935, 45.6128039 ], [ 5.8878362, 45.6128144 ] ] ] } },
{ "type": "Feature", "properties": { "id_voie": "73065_0915", "nom": "Rue des Combes", "type_voie": "Rue", "longueur_m": 991.8, "quartier": "HC" }, "geometry": { "type": "MultiLineString", "coordinates": [ [ [ 5.914694, 45.5963966 ], [ 5.9149527, 45.595897 ], [ 5.9151685, 45.595485 ], [ 5.9154042, 45.5950365 ], [ 5.9155399, 45.594786 ], [ 5.9155777, 45.594749 ], [ 5.9156301, 45.5947206 ], [ 5.915672, 45.5947114 ], [ 5.9157183, 45.5947129 ], [ 5.916, 45.5947741 ], [ 5.9160344, 45.5947678 ], [ 5.9160604, 45.59475 ], [ 5.9163095, 45.5942642 ] ], [ [ 5.9165913, 45.593937 ], [ 5.9165475, 45.593957 ], [ 5.9165078, 45.5939842 ], [ 5.916478, 45.594003 ], [ 5.9164536, 45.5940279 ], [ 5.916427, 45.5940575 ], [ 5.9164036, 45.5941004 ], [ 5.9163695, 45.5941617 ], [ 5.9163095, 45.5942642 ] ], [ [ 5.9141451, 45.5973813 ], [ 5.9144282, 45.5968829 ], [ 5.914694, 45.5963966 ] ], [ [ 5.9140321, 45.5976005 ], [ 5.9141451, 45.5973813 ] ], [ [ 5.9132423, 45.5987897 ], [ 5.913342, 45.5987565 ], [ 5.9133852, 45.5987472 ], [ 5.9134265, 45.5987516 ] ], [ [ 5.912887, 45.5994287 ], [ 5.9131894, 45.5988316 ], [ 5.9132423, 45.5987897 ] ], [ [ 5.9132712, 45.5984357 ], [ 5.91332, 45.5983876 ], [ 5.9133796, 45.5983004 ], [ 5.9134803, 45.5981158 ], [ 5.9138122, 45.597544 ] ], [ [ 5.9140321, 45.5976005 ], [ 5.9137459, 45.5981612 ], [ 5.9134265, 45.5987516 ] ], [ [ 5.912399, 45.6003524 ], [ 5.9127197, 45.5997629 ], [ 5.912887, 45.5994287 ] ], [ [ 5.912106, 45.6008601 ], [ 5.9121481, 45.6007806 ], [ 5.9122588, 45.600739 ], [ 5.9123545, 45.6005806 ], [ 5.9123271, 45.6004741 ], [ 5.912399, 45.6003524 ] ] ] } },
{ "type": "Feature", "properties": { "id_voie": "73065_0022", "nom": "Allée des Airelles", "type_voie": "Allée", "longueur_m": 292.0, "quartier": "HC" }, "geometry": { "type": "LineString", "coordinates": [ [ 5.9129038, 45.5850739 ], [ 5.9128095, 45.5851368 ], [ 5.9124908, 45.5854694 ], [ 5.9122247, 45.58568 ], [ 5.9120868, 45.5857682 ], [ 5.9117984, 45.5859199 ], [ 5.9117188, 45.5859931 ], [ 5.9116426, 45.5860816 ], [ 5.9116067, 45.5861546 ], [ 5.9116036, 45.586243 ], [ 5.9116528, 45.5863246 ], [ 5.9117443, 45.5863808 ], [ 5.9118333, 45.5864146 ], [ 5.9119292, 45.586431 ], [ 5.9122077, 45.5864562 ], [ 5.9122987, 45.5864791 ], [ 5.9123953, 45.5865334 ], [ 5.9125507, 45.5867069 ], [ 5.912571, 45.5867757 ], [ 5.9125743, 45.5868387 ], [ 5.9126015, 45.5869407 ] ] } },
{ "type": "Feature", "properties": { "id_voie": "73065_2335", "nom": "Rue de la Leysse", "type_voie": "Rue", "longueur_m": 450.4, "quartier": "BI" }, "geometry": { "type": "MultiLineString", "coordinates": [ [ [ 5.8914588, 45.5970587 ], [ 5.8918287, 45.5970871 ] ], [ [ 5.8920591, 45.5958214 ], [ 5.8914588, 45.5970587 ] ], [ [ 5.8918287, 45.5970871 ], [ 5.8919911, 45.5971 ], [ 5.8922051, 45.5971179 ] ], [ [ 5.8914588, 45.5970587 ], [ 5.890775, 45.5970159 ], [ 5.8890166, 45.5968945 ] ], [ [ 5.8890166, 45.5968945 ], [ 5.8883133, 45.5968476 ] ] ] } },
{ "type": "Feature", "properties": { "id_voie": "73065_1990", "nom": "Chemin de Jacob", "type_voie": "Chemin", "longueur_m": 660.1, "quartier": null }, "geometry": { "type": "MultiLineString", "coordinates": [ [ [ 5.9137751, 45.5631063 ], [ 5.9138071, 45.5630559 ], [ 5.9138139, 45.5630142 ], [ 5.9137882, 45.5629158 ], [ 5.9137114, 45.5627241 ] ], [ [ 5.9136571, 45.5631796 ], [ 5.9137242, 45.5631391 ], [ 5.9137751, 45.5631063 ] ], [ [ 5.9133536, 45.5618719 ], [ 5.9132024, 45.5614838 ], [ 5.9131363, 45.5613242 ], [ 5.9130758, 45.5611979 ] ], [ [ 5.9137114, 45.5627241 ], [ 5.913502, 45.5622294 ], [ 5.9133536, 45.5618719 ] ], [ [ 5.9130758, 45.5611979 ], [ 5.913042, 45.5611402 ], [ 5.9129969, 45.5610891 ], [ 5.9127837, 45.5609126 ], [ 5.9125013, 45.5607631 ], [ 5.9122989, 45.5606702 ], [ 5.9122061, 45.5606365 ], [ 5.9120656, 45.5606005 ], [ 5.9119804, 45.5605901 ], [ 5.911898, 45.5605841 ], [ 5.9116807, 45.5605744 ], [ 5.9113386, 45.5605572 ] ], [ [ 5.9113386, 45.5605572 ], [ 5.9109659, 45.5605425 ], [ 5.9106188, 45.5605281 ], [ 5.9101969, 45.5605057 ], [ 5.9098879, 45.5604857 ], [ 5.9095881, 45.5604673 ], [ 5.9092382, 45.5604494 ], [ 5.9088833, 45.5604324 ], [ 5.9085924, 45.5604138 ], [ 5.9083946, 45.5604072 ], [ 5.9081838, 45.5603992 ], [ 5.9079605, 45.5603977 ] ] ] } },
{ "type": "Feature", "properties": { "id_voie": "73065_2470", "nom": "Rue Marceau", "type_voie": "Rue", "longueur_m": 119.6, "quartier": "LA" }, "geometry": { "type": "LineString", "coordinates": [ [ 5.9299139, 45.5701413 ], [ 5.9301351, 45.5702969 ], [ 5.9304162, 45.5704698 ], [ 5.9306473, 45.5705935 ], [ 5.9308989, 45.5707185 ], [ 5.9311041, 45.570814 ] ] } },
{ "type": "Feature", "properties": { "id_voie": "73065_2860", "nom": "Chemin des Muguets", "type_voie": "Chemin", "longueur_m": 133.2, "quartier": "HC" }, "geometry": { "type": "MultiLineString", "coordinates": [ [ [ 5.9206081, 45.58226 ], [ 5.9205977, 45.5824278 ] ], [ [ 5.9205977, 45.5824278 ], [ 5.9205771, 45.582769 ], [ 5.9206, 45.5828378 ], [ 5.9206395, 45.5828818 ] ], [ [ 5.9206335, 45.5816961 ], [ 5.9206361, 45.5816961 ], [ 5.9206081, 45.58226 ] ] ] } },
{ "type": "Feature", "properties": { "id_voie": "73065_2450", "nom": "Rue de Magenta", "type_voie": "Rue", "longueur_m": 234.0, "quartier": "BE" }, "geometry": { "type": "MultiLineString", "coordinates": [ [ [ 5.9228585, 45.5591606 ], [ 5.9228021, 45.559162 ], [ 5.9227336, 45.559153 ], [ 5.9226472, 45.5591201 ], [ 5.9224164, 45.5589999 ], [ 5.9223717, 45.5589786 ], [ 5.9223357, 45.5589777 ], [ 5.9222863, 45.5589898 ] ], [ [ 5.9231842, 45.557577 ], [ 5.9231726, 45.5577953 ], [ 5.9231718, 45.5579747 ], [ 5.9231293, 45.5581173 ], [ 5.9230054, 45.558371 ], [ 5.9229805, 45.5584347 ], [ 5.9229723, 45.558498 ], [ 5.9229694, 45.5585647 ], [ 5.9229784, 45.5586366 ], [ 5.9230299, 45.5587866 ], [ 5.9230362, 45.5588586 ], [ 5.9230334, 45.5589271 ], [ 5.9229824, 45.5590546 ], [ 5.9228922, 45.5591434 ], [ 5.9228585, 45.5591606 ] ] ] } },
{ "type": "Feature", "properties": { "id_voie": "73065_1120", "nom": "Rue Diderot", "type_voie": "Rue", "longueur_m": 116.7, "quartier": "CE" }, "geometry": { "type": "MultiLineString", "coordinates": [ [ [ 5.9080873, 45.5658226 ], [ 5.9080348, 45.5656537 ], [ 5.9079224, 45.5653205 ] ], [ [ 5.9080873, 45.5658226 ], [ 5.9082238, 45.566175 ], [ 5.9082964, 45.5663362 ] ] ] } },
{ "type": "Feature", "properties": { "id_voie": "73065_1300", "nom": "Route de l'Epine", "type_voie": "Route", "longueur_m": 737.0, "quartier": "BI" }, "geometry": { "type": "MultiLineString", "coordinates": [ [ [ 5.8862824, 45.5832395 ], [ 5.886181, 45.583215 ] ], [ [ 5.886181, 45.583215 ], [ 5.8859484, 45.5831606 ], [ 5.8857834, 45.5831459 ], [ 5.8856066, 45.5831505 ], [ 5.8855354, 45.5831631 ], [ 5.8851173, 45.583291 ], [ 5.8844894, 45.583481 ] ], [ [ 5.8844894, 45.583481 ], [ 5.882872, 45.5840388 ] ], [ [ 5.882872, 45.5840388 ], [ 5.8823463, 45.5842199 ] ], [ [ 5.8823463, 45.5842199 ], [ 5.8821132, 45.5843773 ], [ 5.8819914, 45.5844786 ], [ 5.8818639, 45.5845675 ], [ 5.8814002, 45.5848308 ] ], [ [ 5.8797211, 45.5855361 ], [ 5.8798765, 45.5855384 ], [ 5.8800431, 45.5855341 ], [ 5.8801937, 45.5855177 ], [ 5.880297, 45.5854817 ], [ 5.8804084, 45.5854275 ], [ 5.8805995, 45.5853262 ], [ 5.8808987, 45.5851563 ], [ 5.8811061, 45.5850248 ], [ 5.8814002, 45.5848308 ] ], [ [ 5.8792039, 45.5855115 ], [ 5.8793717, 45.5855288 ], [ 5.8795297, 45.5855338 ], [ 5.8797211, 45.5855361 ] ], [ [ 5.8790261, 45.5854728 ], [ 5.8791404, 45.5854987 ], [ 5.8792039, 45.5855115 ] ], [ [ 5.8779497, 45.5852571 ], [ 5.8780372, 45.5852611 ], [ 5.8781682, 45.5852875 ], [ 5.8783527, 45.5853305 ], [ 5.8785174, 45.5853642 ], [ 5.8788885, 45.585443 ], [ 5.8790261, 45.5854728 ] ] ] } },
{ "type": "Feature", "properties": { "id_voie": "73065_1100", "nom": "Rue Dessaix", "type_voie": "Rue", "longueur_m": 289.0, "quartier": "CE" }, "geometry": { "type": "MultiLineString", "coordinates": [ [ [ 5.9241815, 45.5649102 ], [ 5.9242702, 45.5647691 ], [ 5.9243215, 45.5646227 ], [ 5.9244766, 45.5642312 ] ], [ [ 5.9244766, 45.5642312 ], [ 5.9242104, 45.5641697 ], [ 5.9241729, 45.5641644 ], [ 5.9241299, 45.5641754 ], [ 5.923812, 45.5643026 ], [ 5.9237776, 45.5643071 ], [ 5.9237454, 45.5643034 ], [ 5.9234803, 45.5642148 ], [ 5.9231057, 45.5641182 ] ], [ [ 5.9231057, 45.5641182 ], [ 5.9228349, 45.5639685 ] ], [ [ 5.9223494, 45.5636414 ], [ 5.9223833, 45.5636757 ], [ 5.9225606, 45.563754 ], [ 5.9226913, 45.5638244 ], [ 5.9227658, 45.5639 ], [ 5.9228349, 45.5639685 ] ], [ [ 5.9224024, 45.5635283 ], [ 5.9223637, 45.5635978 ], [ 5.9223494, 45.5636414 ] ] ] } },
{ "type": "Feature", "properties": { "id_voie": "73065_0310", "nom": "Avenue des Bernardines", "type_voie": "Avenue", "longueur_m": 273.9, "quartier": "CE" }, "geometry": { "type": "MultiLineString", "coordinates": [ [ [ 5.9150085, 45.5665083 ], [ 5.9149722, 45.5665516 ], [ 5.9149116, 45.5666424 ], [ 5.9148377, 45.5668236 ] ], [ [ 5.9151405, 45.5663607 ], [ 5.9153551, 45.5661236 ] ], [ [ 5.9151405, 45.5663607 ], [ 5.9150702, 45.5664391 ], [ 5.9150085, 45.5665083 ] ], [ [ 5.9155326, 45.5659126 ], [ 5.9155854, 45.5658437 ] ], [ [ 5.9153551, 45.5661236 ], [ 5.9154571, 45.5660137 ], [ 5.9155326, 45.5659126 ] ], [ [ 5.9158929, 45.5654212 ], [ 5.9158947, 45.565504 ], [ 5.9157392, 45.5656685 ], [ 5.9155854, 45.5658437 ] ], [ [ 5.9156353, 45.5657432 ], [ 5.9157127, 45.5656295 ], [ 5.9157586, 45.5655265 ], [ 5.915792, 45.5654544 ], [ 5.9158349, 45.5654155 ] ], [ [ 5.9155854, 45.5658437 ], [ 5.9156353, 45.5657432 ] ], [ [ 5.9156353, 45.5657432 ], [ 5.9156686, 45.5655703 ], [ 5.9156632, 45.565492 ], [ 5.9156375, 45.5654197 ], [ 5.9156174, 45.5653535 ] ] ] } },
{ "type": "Feature", "properties": { "id_voie": "73065_3873", "nom": "Allée des Violettes", "type_voie": "Allée", "longueur_m": 107.4, "quartier": "HC" }, "geometry": { "type": "LineString", "coordinates": [ [ 5.9169305, 45.5822149 ], [ 5.9181105, 45.5817175 ] ] } },
{ "type": "Feature", "properties": { "id_voie": "73065_1745", "nom": "Rue du Grand Mont", "type_voie": "Rue", "longueur_m": 278.6, "quartier": "BI" }, "geometry": { "type": "MultiLineString", "coordinates": [ [ [ 5.8894798, 45.5729922 ], [ 5.8888494, 45.5727624 ], [ 5.8887523, 45.5727451 ], [ 5.8886788, 45.5727389 ], [ 5.888583, 45.5727477 ], [ 5.888396, 45.572802 ] ], [ [ 5.8878664, 45.5725859 ], [ 5.8879423, 45.5724911 ], [ 5.8880388, 45.5724724 ], [ 5.8881131, 45.5724705 ], [ 5.8881848, 45.5724921 ], [ 5.8882262, 45.5725478 ], [ 5.8882885, 45.5726597 ], [ 5.888396, 45.572802 ] ], [ [ 5.888396, 45.572802 ], [ 5.8882583, 45.5728425 ], [ 5.8881286, 45.57289 ], [ 5.8880173, 45.5729947 ], [ 5.8877588, 45.573378 ] ], [ [ 5.8895885, 45.5730354 ], [ 5.8894798, 45.5729922 ] ], [ [ 5.8877588, 45.573378 ], [ 5.887607, 45.5735414 ] ] ] } },
{ "type": "Feature", "properties": { "id_voie": "73065_2590", "nom": "Rue du Mas Barral", "type_voie": "Rue", "longueur_m": 299.7, "quartier": "BI" }, "geometry": { "type": "MultiLineString", "coordinates": [ [ [ 5.9015623, 45.5780712 ], [ 5.9015586, 45.5780253 ] ], [ [ 5.9015747, 45.5783574 ], [ 5.9015623, 45.5780712 ] ], [ [ 5.9015942, 45.5786561 ], [ 5.9015747, 45.5783574 ] ], [ [ 5.9015586, 45.5780253 ], [ 5.9015335, 45.5775214 ], [ 5.9015365, 45.5774817 ] ], [ [ 5.9015365, 45.5774817 ], [ 5.9015647, 45.5774557 ], [ 5.9016175, 45.5774354 ], [ 5.9016608, 45.5774289 ], [ 5.903672, 45.57734 ] ] ] } },
{ "type": "Feature", "properties": { "id_voie": "73065_2180", "nom": "Rue Jules Carret", "type_voie": "Rue", "longueur_m": 105.4, "quartier": "LA" }, "geometry": { "type": "LineString", "coordinates": [ [ 5.9315723, 45.5681914 ], [ 5.9314479, 45.5685812 ], [ 5.9314093, 45.5687246 ], [ 5.9313112, 45.5690281 ], [ 5.9312839, 45.569118 ] ] } },
{ "type": "Feature", "properties": { "id_voie": "73065_0456", "nom": "Place de la Brigade de Savoie", "type_voie": "Place", "longueur_m": 78.5, "quartier": "LA" }, "geometry": { "type": "LineString", "coordinates": [ [ 5.9250558, 45.564145 ], [ 5.925215, 45.5638083 ], [ 5.925696, 45.5637102 ] ] } },
{ "type": "Feature", "properties": { "id_voie": "73065_0592", "nom": "Rue des Ceps", "type_voie": "Rue", "longueur_m": 220.2, "quartier": "BI" }, "geometry": { "type": "MultiLineString", "coordinates": [ [ [ 5.8899998, 45.5741061 ], [ 5.8902315, 45.5738262 ], [ 5.8904078, 45.5736153 ], [ 5.8904061, 45.5735812 ], [ 5.8903736, 45.5735495 ], [ 5.8900265, 45.5734368 ], [ 5.890001, 45.5734159 ], [ 5.8899944, 45.573389 ], [ 5.8901255, 45.5731703 ] ], [ [ 5.8899998, 45.5741061 ], [ 5.8896032, 45.5739568 ] ], [ [ 5.8896914, 45.5745159 ], [ 5.8899998, 45.5741061 ] ] ] } },
{ "type": "Feature", "properties": { "id_voie": "73065_0115", "nom": "Rue André Pringolliet", "type_voie": "Rue", "longueur_m": 125.9, "quartier": "BI" }, "geometry": { "type": "MultiLineString", "coordinates": [ [ [ 5.8826451, 45.5862397 ], [ 5.8826662, 45.5861265 ] ], [ [ 5.88353, 45.5866225 ], [ 5.8827737, 45.5862949 ], [ 5.8826451, 45.5862397 ] ], [ [ 5.8837599, 45.5867247 ], [ 5.88353, 45.5866225 ] ], [ [ 5.8838946, 45.5867492 ], [ 5.8837599, 45.5867247 ] ] ] } },
{ "type": "Feature", "properties": { "id_voie": "73065_3650", "nom": "Rue de Stalingrad", "type_voie": "Rue", "longueur_m": 193.1, "quartier": "BE" }, "geometry": { "type": "LineString", "coordinates": [ [ 5.9218153, 45.5595202 ], [ 5.9217433, 45.559468 ], [ 5.9216377, 45.5593626 ], [ 5.9216137, 45.55932 ], [ 5.9215952, 45.5592628 ], [ 5.9215899, 45.5592107 ], [ 5.9216243, 45.5590115 ], [ 5.9216463, 45.5589172 ], [ 5.9217158, 45.5587262 ], [ 5.9217352, 45.558632 ], [ 5.921736, 45.5584536 ], [ 5.9216672, 45.5579516 ], [ 5.9216628, 45.5578436 ] ] } },
{ "type": "Feature", "properties": { "id_voie": "73065_3720", "nom": "Rue du Théâtre", "type_voie": "Rue", "longueur_m": 107.6, "quartier": "CE" }, "geometry": { "type": "MultiLineString", "coordinates": [ [ [ 5.9240132, 45.5655868 ], [ 5.9239404, 45.5656671 ], [ 5.9238529, 45.5657595 ], [ 5.9237513, 45.5658757 ] ], [ [ 5.9244475, 45.5650412 ], [ 5.9243762, 45.5651241 ], [ 5.924198, 45.565345 ], [ 5.9240132, 45.5655868 ] ] ] } },
{ "type": "Feature", "properties": { "id_voie": "73065_1080", "nom": "Rue de la Dent du Chat", "type_voie": "Rue", "longueur_m": 194.4, "quartier": "CE" }, "geometry": { "type": "MultiLineString", "coordinates": [ [ [ 5.9112303, 45.5719299 ], [ 5.9112848, 45.5719906 ], [ 5.911341, 45.5720586 ], [ 5.9113679, 45.5720831 ], [ 5.9114009, 45.5721012 ], [ 5.9121554, 45.5721762 ], [ 5.9123928, 45.5721998 ] ], [ [ 5.9123928, 45.5721998 ], [ 5.9125196, 45.5722218 ], [ 5.9126833, 45.5723085 ], [ 5.9132414, 45.5726743 ], [ 5.9133053, 45.5727186 ] ] ] } },
{ "type": "Feature", "properties": { "id_voie": "73065_0510", "nom": "Chemin du Calvaire", "type_voie": "Chemin", "longueur_m": 695.1, "quartier": "LA" }, "geometry": { "type": "MultiLineString", "coordinates": [ [ [ 5.9241291, 45.5740847 ], [ 5.9240083, 45.5738365 ], [ 5.9239338, 45.573714 ], [ 5.9238648, 45.5735726 ], [ 5.923811, 45.5734775 ], [ 5.9237785, 45.5733964 ], [ 5.9237827, 45.5733062 ] ], [ [ 5.9250421, 45.5745106 ], [ 5.9249027, 45.5744953 ], [ 5.924635, 45.574505 ], [ 5.9244457, 45.574345 ], [ 5.9241746, 45.5743638 ], [ 5.9239796, 45.5741922 ], [ 5.9239597, 45.5741567 ], [ 5.9239981, 45.5741061 ], [ 5.9240358, 45.5740916 ], [ 5.9241291, 45.5740847 ] ], [ [ 5.9237827, 45.5733062 ], [ 5.9238981, 45.5733771 ], [ 5.9240504, 45.573419 ], [ 5.9243642, 45.5734812 ], [ 5.9248723, 45.5735545 ], [ 5.9251756, 45.5736132 ], [ 5.9253724, 45.5736703 ], [ 5.9259555, 45.5737795 ], [ 5.9260848, 45.5738221 ], [ 5.926135, 45.5738505 ], [ 5.9262141, 45.5739133 ], [ 5.9262418, 45.5739522 ], [ 5.9262523, 45.5740051 ], [ 5.926254, 45.5740627 ], [ 5.9262286, 45.5741166 ], [ 5.9261214, 45.5742005 ], [ 5.92605, 45.5742321 ], [ 5.9256836, 45.5743641 ], [ 5.9255204, 45.5744089 ], [ 5.9254366, 45.5744246 ], [ 5.9251255, 45.5744634 ], [ 5.9250714, 45.5744828 ], [ 5.9250421, 45.5745106 ] ], [ [ 5.9250421, 45.5745106 ], [ 5.9250386, 45.5745431 ], [ 5.9250861, 45.5746879 ], [ 5.9251194, 45.5747609 ], [ 5.9251537, 45.5748024 ], [ 5.9252581, 45.5748843 ], [ 5.9255643, 45.5751674 ], [ 5.9256012, 45.5751863 ], [ 5.9256411, 45.575188 ], [ 5.9257085, 45.5751772 ], [ 5.9259575, 45.5751049 ], [ 5.9261876, 45.575016 ], [ 5.9262481, 45.5749964 ], [ 5.9262939, 45.574988 ], [ 5.9263017, 45.5749896 ] ] ] } },
{ "type": "Feature", "properties": { "id_voie": "73065_2020", "nom": "Chemin de Jean-Jacques", "type_voie": "Chemin", "longueur_m": 1465.7, "quartier": "LA" }, "geometry": { "type": "MultiLineString", "coordinates": [ [ [ 5.9250307, 45.5583444 ], [ 5.9250858, 45.5582718 ] ], [ [ 5.9252431, 45.5591616 ], [ 5.9251778, 45.5590921 ], [ 5.9250553, 45.5589826 ], [ 5.924948, 45.5588692 ], [ 5.9249075, 45.5588054 ], [ 5.9248779, 45.558707 ], [ 5.9248367, 45.5586072 ], [ 5.9248157, 45.5585239 ], [ 5.9248957, 45.5584371 ], [ 5.9249767, 45.5583918 ], [ 5.9250307, 45.5583444 ] ], [ [ 5.9261079, 45.5604294 ], [ 5.9259942, 45.5603179 ], [ 5.9258831, 45.5602055 ], [ 5.9256752, 45.5600586 ], [ 5.9255832, 45.5599673 ], [ 5.9255002, 45.5598289 ], [ 5.9254008, 45.5597918 ], [ 5.9252573, 45.5597721 ], [ 5.9251986, 45.5597277 ], [ 5.9250106, 45.5595208 ], [ 5.9248829, 45.5594097 ], [ 5.9248706, 45.5593704 ], [ 5.9248853, 45.5593574 ], [ 5.9249111, 45.5593369 ], [ 5.9249738, 45.5593082 ], [ 5.9251832, 45.5592181 ], [ 5.9252131, 45.5592002 ], [ 5.925233, 45.5591898 ], [ 5.9252431, 45.5591616 ] ], [ [ 5.9261079, 45.5604294 ], [ 5.9262285, 45.5605281 ], [ 5.9263002, 45.5605731 ], [ 5.9263142, 45.5605952 ], [ 5.926305, 45.5606162 ], [ 5.9262786, 45.5606268 ], [ 5.9262426, 45.5606241 ], [ 5.926202, 45.5606099 ], [ 5.926057, 45.5605353 ], [ 5.9259144, 45.5604588 ], [ 5.9257561, 45.5604242 ] ], [ [ 5.9250739, 45.5602833 ], [ 5.9252733, 45.5602935 ], [ 5.9257561, 45.5604242 ] ], [ [ 5.9283221, 45.5549697 ], [ 5.928296, 45.55501 ], [ 5.9282219, 45.5551597 ], [ 5.9281625, 45.5553234 ], [ 5.9280563, 45.555693 ], [ 5.9279641, 45.5560846 ], [ 5.9279648, 45.5562919 ], [ 5.927897, 45.5565135 ], [ 5.9278118, 45.5566734 ], [ 5.9275305, 45.5570304 ], [ 5.9274841, 45.5570983 ], [ 5.9274174, 45.5572208 ], [ 5.9273739, 45.5572714 ], [ 5.9273136, 45.5573181 ], [ 5.9272513, 45.5573539 ], [ 5.9270994, 45.5574165 ], [ 5.9266759, 45.5575329 ], [ 5.9265207, 45.5575829 ], [ 5.9264087, 45.557648 ], [ 5.9261954, 45.5578347 ], [ 5.9260683, 45.5579308 ], [ 5.9260001, 45.557974 ], [ 5.9258299, 45.5580551 ], [ 5.9257484, 45.5580905 ], [ 5.925371, 45.5582067 ], [ 5.9252312, 45.5582563 ], [ 5.9251832, 45.5582692 ], [ 5.9250858, 45.5582718 ] ], [ [ 5.928865, 45.5503374 ], [ 5.928842, 45.5503633 ], [ 5.9288127, 45.5504649 ], [ 5.9288058, 45.5506733 ], [ 5.928786, 45.550954 ], [ 5.928784, 45.5514749 ], [ 5.9287485, 45.5522354 ], [ 5.928735, 45.5523448 ], [ 5.9287159, 45.5527589 ], [ 5.9286967, 45.5534407 ], [ 5.9286239, 45.5541022 ], [ 5.928597, 45.5543209 ], [ 5.928578, 45.5543737 ], [ 5.9285541, 45.5544806 ], [ 5.928429, 45.5548074 ], [ 5.9283951, 45.5548695 ], [ 5.9283221, 45.5549697 ] ], [ [ 5.9290367, 45.5502374 ], [ 5.9289682, 45.5502518 ], [ 5.9288949, 45.5502961 ], [ 5.928865, 45.5503374 ] ] ] } },
{ "type": "Feature", "properties": { "id_voie": "73065_3070", "nom": "Chemin des Pervenches", "type_voie": "Chemin", "longueur_m": 260.4, "quartier": "HC" }, "geometry": { "type": "MultiLineString", "coordinates": [ [ [ 5.9183581, 45.5804234 ], [ 5.9182657, 45.5803988 ], [ 5.9181333, 45.5803707 ], [ 5.917979, 45.5803413 ], [ 5.9178246, 45.5803327 ], [ 5.9176509, 45.5803472 ], [ 5.917479, 45.5803732 ], [ 5.917331, 45.580414 ] ], [ [ 5.9202991, 45.5806577 ], [ 5.9202232, 45.5807039 ], [ 5.9201617, 45.5807541 ], [ 5.9200959, 45.5807721 ], [ 5.9200395, 45.5807726 ], [ 5.9199242, 45.5807513 ], [ 5.9197838, 45.580718 ], [ 5.9196393, 45.5806785 ], [ 5.9194325, 45.5806262 ], [ 5.9192901, 45.5805776 ], [ 5.9191362, 45.5805303 ], [ 5.9189674, 45.5804923 ], [ 5.9187649, 45.5804489 ], [ 5.9185756, 45.5804367 ], [ 5.9183581, 45.5804234 ] ], [ [ 5.9204824, 45.5806295 ], [ 5.9202991, 45.5806577 ] ] ] } },
{ "type": "Feature", "properties": { "id_voie": "73065_0361", "nom": "Rue Bob Nant", "type_voie": "Rue", "longueur_m": 134.5, "quartier": "LA" }, "geometry": { "type": "MultiLineString", "coordinates": [ [ [ 5.9385062, 45.5687176 ], [ 5.9384433, 45.5687895 ], [ 5.9383347, 45.568942 ] ], [ [ 5.9390999, 45.5688319 ], [ 5.9385062, 45.5687176 ] ], [ [ 5.9385062, 45.5687176 ], [ 5.9385128, 45.5686228 ], [ 5.9385909, 45.568428 ], [ 5.938903, 45.568482 ] ] ] } },
{ "type": "Feature", "properties": { "id_voie": "73065_0870", "nom": "Rue du Clos Papin", "type_voie": "Rue", "longueur_m": 623.8, "quartier": "LA" }, "geometry": { "type": "MultiLineString", "coordinates": [ [ [ 5.9275704, 45.5723614 ], [ 5.927584, 45.5723277 ], [ 5.9276136, 45.5723044 ], [ 5.9276747, 45.5722956 ], [ 5.9280887, 45.5723362 ], [ 5.9283136, 45.5723673 ], [ 5.9284113, 45.5723711 ], [ 5.9284749, 45.5723604 ], [ 5.9285082, 45.5723352 ], [ 5.9285245, 45.5723041 ], [ 5.9285255, 45.5722735 ], [ 5.9284762, 45.5722396 ], [ 5.9283506, 45.5721942 ], [ 5.9281985, 45.5721315 ], [ 5.9279034, 45.5720581 ], [ 5.9278351, 45.5720292 ], [ 5.9277959, 45.5719906 ], [ 5.9277853, 45.5719368 ] ], [ [ 5.9277853, 45.5719368 ], [ 5.9277933, 45.5718943 ], [ 5.9278339, 45.5718608 ], [ 5.9278792, 45.5718434 ], [ 5.9279381, 45.5718418 ], [ 5.9280947, 45.5718423 ], [ 5.9281481, 45.5718337 ], [ 5.9282332, 45.5717927 ] ], [ [ 5.9273307, 45.5728038 ], [ 5.927554, 45.5728034 ], [ 5.9276549, 45.5728188 ], [ 5.9278355, 45.5728628 ], [ 5.9281989, 45.5729659 ], [ 5.9285911, 45.5730548 ], [ 5.9287096, 45.5730869 ], [ 5.9288082, 45.5731077 ], [ 5.9289658, 45.5731279 ], [ 5.9289882, 45.57314 ] ], [ [ 5.9274873, 45.573581 ], [ 5.9275042, 45.5735616 ], [ 5.9275471, 45.5735227 ], [ 5.9276192, 45.5734793 ], [ 5.9276904, 45.5734423 ], [ 5.9278639, 45.5733756 ], [ 5.9279612, 45.573347 ], [ 5.9280679, 45.573328 ], [ 5.9281753, 45.5733207 ], [ 5.9286598, 45.5733107 ], [ 5.9287592, 45.5732982 ], [ 5.9288361, 45.5732719 ], [ 5.9288985, 45.5732396 ], [ 5.9289405, 45.5732079 ], [ 5.9289778, 45.5731619 ], [ 5.9289882, 45.57314 ] ], [ [ 5.9289882, 45.57314 ], [ 5.929005, 45.5729954 ], [ 5.9289711, 45.5729368 ], [ 5.9289151, 45.5728968 ], [ 5.9288429, 45.5728671 ], [ 5.9285558, 45.5727755 ], [ 5.928313, 45.5726971 ], [ 5.9280933, 45.5726172 ], [ 5.9279757, 45.572578 ], [ 5.9277746, 45.5724868 ], [ 5.9276829, 45.5724504 ], [ 5.9276173, 45.5724242 ], [ 5.927584, 45.5724007 ], [ 5.9275704, 45.5723614 ] ] ] } },
{ "type": "Feature", "properties": { "id_voie": "73065_2900", "nom": "Rue Nicolas Parent", "type_voie": "Rue", "longueur_m": 625.8, "quartier": "CE" }, "geometry": { "type": "MultiLineString", "coordinates": [ [ [ 5.9157401, 45.5713696 ], [ 5.9155429, 45.5715973 ] ], [ [ 5.9155429, 45.5715973 ], [ 5.9152888, 45.5718887 ], [ 5.9150635, 45.5721414 ] ], [ [ 5.9145487, 45.5726972 ], [ 5.9147963, 45.5724286 ], [ 5.9150635, 45.5721414 ] ], [ [ 5.9141547, 45.5731102 ], [ 5.9143321, 45.5729218 ], [ 5.9145487, 45.5726972 ] ], [ [ 5.9159934, 45.5710873 ], [ 5.9157401, 45.5713696 ] ], [ [ 5.9162543, 45.570803 ], [ 5.9159934, 45.5710873 ] ], [ [ 5.9167279, 45.5702708 ], [ 5.9164843, 45.570542 ], [ 5.9162543, 45.570803 ] ], [ [ 5.9141547, 45.5731102 ], [ 5.9136787, 45.573647 ] ], [ [ 5.9136787, 45.573647 ], [ 5.9135808, 45.5737613 ] ], [ [ 5.913387, 45.5739798 ], [ 5.9135808, 45.5737613 ] ], [ [ 5.9131421, 45.5742529 ], [ 5.913291, 45.5740833 ], [ 5.913387, 45.5739798 ] ], [ [ 5.9130431, 45.5743708 ], [ 5.9128565, 45.5745802 ], [ 5.9125957, 45.574842 ], [ 5.9125155, 45.5749026 ], [ 5.9123535, 45.5749699 ] ], [ [ 5.9131421, 45.5742529 ], [ 5.9130926, 45.5743101 ], [ 5.9130431, 45.5743708 ] ] ] } },
{ "type": "Feature", "properties": { "id_voie": "73065_0132", "nom": "Rue d'Anjou", "type_voie": "Rue", "longueur_m": 89.0, "quartier": "HC" }, "geometry": { "type": "LineString", "coordinates": [ [ 5.9167697, 45.5886934 ], [ 5.9171353, 45.5879351 ] ] } },
{ "type": "Feature", "properties": { "id_voie": "73065_3120", "nom": "Rue Pierre Termier", "type_voie": "Rue", "longueur_m": 196.6, "quartier": "CE" }, "geometry": { "type": "MultiLineString", "coordinates": [ [ [ 5.9053468, 45.5693915 ], [ 5.9054273, 45.5693119 ], [ 5.9056643, 45.5691833 ], [ 5.9057588, 45.5691249 ], [ 5.9057891, 45.5690917 ] ], [ [ 5.9053468, 45.5693915 ], [ 5.9052796, 45.5694068 ], [ 5.9052268, 45.5694279 ], [ 5.9051495, 45.5694705 ], [ 5.9048815, 45.5696441 ], [ 5.9047131, 45.5697359 ], [ 5.9043472, 45.5699517 ] ], [ [ 5.9043472, 45.5699517 ], [ 5.9039416, 45.5700694 ] ], [ [ 5.9038241, 45.570104 ], [ 5.9037811, 45.5701168 ] ], [ [ 5.9039416, 45.5700694 ], [ 5.9038241, 45.570104 ] ] ] } },
{ "type": "Feature", "properties": { "id_voie": "73065_2040", "nom": "Avenue Jean Jaurès", "type_voie": "Avenue", "longueur_m": 639.6, "quartier": "CE" }, "geometry": { "type": "MultiLineString", "coordinates": [ [ [ 5.9138801, 45.5680091 ], [ 5.9140688, 45.5677897 ], [ 5.9143415, 45.5674636 ], [ 5.914552, 45.5672446 ], [ 5.9146367, 45.5671478 ] ], [ [ 5.9104221, 45.5720788 ], [ 5.9105624, 45.5718436 ], [ 5.9108688, 45.5714968 ], [ 5.9110311, 45.5713124 ], [ 5.9111548, 45.5711758 ], [ 5.9112699, 45.5710485 ], [ 5.9113924, 45.570912 ], [ 5.9117414, 45.5704983 ], [ 5.9120125, 45.5701876 ], [ 5.9122561, 45.5698921 ], [ 5.91236, 45.5697686 ] ], [ [ 5.91236, 45.5697686 ], [ 5.9125835, 45.569506 ], [ 5.9128468, 45.5691947 ], [ 5.9130802, 45.5689237 ], [ 5.9132834, 45.5686895 ] ], [ [ 5.9138801, 45.5680091 ], [ 5.9135915, 45.5683265 ] ], [ [ 5.9135915, 45.5683265 ], [ 5.9132834, 45.5686895 ] ] ] } },
{ "type": "Feature", "properties": { "id_voie": "73065_2097", "nom": "Allée Jean Rostand", "type_voie": "Allée", "longueur_m": 501.4, "quartier": "BI" }, "geometry": { "type": "MultiLineString", "coordinates": [ [ [ 5.896788, 45.576112 ], [ 5.8970265, 45.5759139 ], [ 5.8973211, 45.5756585 ], [ 5.8975346, 45.575471 ], [ 5.8977287, 45.5753065 ], [ 5.8977311, 45.5753037 ] ], [ [ 5.8994585, 45.5739607 ], [ 5.8992786, 45.5741041 ], [ 5.8991761, 45.5741797 ], [ 5.8989906, 45.5743368 ], [ 5.8989454, 45.5743803 ] ], [ [ 5.8977311, 45.5753037 ], [ 5.8978132, 45.5752295 ], [ 5.8980405, 45.5750606 ], [ 5.8981423, 45.5749705 ], [ 5.898229, 45.5749124 ], [ 5.898407, 45.5748078 ] ], [ [ 5.898407, 45.5748078 ], [ 5.8986401, 45.574627 ], [ 5.8986882, 45.5745897 ], [ 5.8989454, 45.5743803 ] ], [ [ 5.898407, 45.5748078 ], [ 5.898544, 45.5749493 ], [ 5.8993348, 45.5756922 ] ], [ [ 5.899499, 45.5758402 ], [ 5.8994348, 45.5757887 ], [ 5.8993733, 45.5757425 ], [ 5.8993348, 45.5756922 ] ], [ [ 5.8995943, 45.575945 ], [ 5.8995497, 45.5759011 ], [ 5.899499, 45.5758402 ] ], [ [ 5.8997305, 45.5760469 ], [ 5.8996606, 45.5759847 ], [ 5.8995943, 45.575945 ] ], [ [ 5.8998182, 45.5761275 ], [ 5.8997305, 45.5760469 ] ] ] } },
{ "type": "Feature", "properties": { "id_voie": "73065_1090", "nom": "Rue Derrière les Murs", "type_voie": "Rue", "longueur_m": 140.0, "quartier": "CE" }, "geometry": { "type": "MultiLineString", "coordinates": [ [ [ 5.9180629, 45.5661659 ], [ 5.9180242, 45.5662102 ], [ 5.9180329, 45.5662532 ], [ 5.9180494, 45.5662987 ], [ 5.9181195, 45.566387 ], [ 5.9181976, 45.5664823 ] ], [ [ 5.9181976, 45.5664823 ], [ 5.9184053, 45.5666986 ], [ 5.9186504, 45.5669445 ] ], [ [ 5.9186504, 45.5669445 ], [ 5.9188068, 45.5671117 ], [ 5.9188907, 45.5672447 ] ] ] } },
{ "type": "Feature", "properties": { "id_voie": "73065_1337", "nom": "Rue Eugène Ducretet", "type_voie": "Rue", "longueur_m": 614.8, "quartier": "BI" }, "geometry": { "type": "MultiLineString", "coordinates": [ [ [ 5.8974362, 45.594134 ], [ 5.8974925, 45.5940821 ], [ 5.897576, 45.5939844 ] ], [ [ 5.897576, 45.5939844 ], [ 5.8974147, 45.5938949 ] ], [ [ 5.8974147, 45.5938949 ], [ 5.8971279, 45.5937365 ] ], [ [ 5.8972205, 45.594354 ], [ 5.8974362, 45.594134 ] ], [ [ 5.8960869, 45.5963134 ], [ 5.896131, 45.5962239 ], [ 5.8961848, 45.5961234 ], [ 5.8962867, 45.5958874 ], [ 5.8963482, 45.5957381 ], [ 5.8964174, 45.5955642 ], [ 5.8964541, 45.5954794 ], [ 5.8964856, 45.5953957 ], [ 5.8965228, 45.5953218 ], [ 5.8965641, 45.5952522 ], [ 5.8965978, 45.5951847 ], [ 5.8966274, 45.595137 ], [ 5.8966702, 45.595072 ] ], [ [ 5.8960263, 45.5965033 ], [ 5.8960177, 45.5965368 ], [ 5.8960155, 45.5965918 ], [ 5.8960472, 45.5966838 ] ], [ [ 5.8959009, 45.596365 ], [ 5.8958441, 45.5963584 ], [ 5.8957832, 45.5963473 ], [ 5.895723, 45.5963245 ], [ 5.895569, 45.5962519 ] ], [ [ 5.8960869, 45.5963134 ], [ 5.8960133, 45.596354 ], [ 5.8959009, 45.596365 ] ], [ [ 5.8960869, 45.5963134 ], [ 5.8960263, 45.5965033 ] ], [ [ 5.8966069, 45.5949655 ], [ 5.8966268, 45.594928 ], [ 5.8966741, 45.5949007 ], [ 5.8967389, 45.5948873 ], [ 5.8968087, 45.5948981 ] ], [ [ 5.8968736, 45.5950343 ], [ 5.896833, 45.5950669 ], [ 5.8967788, 45.5950863 ], [ 5.8967213, 45.5950923 ], [ 5.8966702, 45.595072 ] ], [ [ 5.8966702, 45.595072 ], [ 5.8966268, 45.5950515 ], [ 5.8966052, 45.5950061 ], [ 5.8966069, 45.5949655 ] ], [ [ 5.8968087, 45.5948981 ], [ 5.8969032, 45.5947416 ], [ 5.8970275, 45.5945888 ], [ 5.8971539, 45.5944296 ], [ 5.8972205, 45.594354 ] ], [ [ 5.8968087, 45.5948981 ], [ 5.8968605, 45.5949301 ], [ 5.8968835, 45.5949782 ], [ 5.8968736, 45.5950343 ] ], [ [ 5.8970846, 45.5924662 ], [ 5.8970608, 45.5925262 ], [ 5.8970087, 45.5926096 ], [ 5.8969219, 45.5927911 ], [ 5.8968917, 45.5929244 ], [ 5.8968748, 45.593069 ], [ 5.8968646, 45.5931684 ], [ 5.8968551, 45.5932569 ], [ 5.8968733, 45.5933844 ], [ 5.8968885, 45.5934525 ], [ 5.8969132, 45.5935077 ], [ 5.8969491, 45.5935573 ], [ 5.8971279, 45.5937365 ] ] ] } },
{ "type": "Feature", "properties": { "id_voie": "73065_1500", "nom": "Rue Frédéric Chopin", "type_voie": "Rue", "longueur_m": 209.9, "quartier": "LA" }, "geometry": { "type": "MultiLineString", "coordinates": [ [ [ 5.9384992, 45.5699884 ], [ 5.9385949, 45.5699309 ], [ 5.9388201, 45.5697736 ], [ 5.9389345, 45.5697057 ], [ 5.9391866, 45.569573 ], [ 5.9392335, 45.5695375 ], [ 5.9392707, 45.5694879 ], [ 5.93934, 45.569368 ], [ 5.9395385, 45.5689754 ] ], [ [ 5.9395385, 45.5689754 ], [ 5.9395898, 45.5688767 ] ], [ [ 5.9395898, 45.5688767 ], [ 5.9397131, 45.5686374 ], [ 5.9398359, 45.5684125 ] ] ] } },
{ "type": "Feature", "properties": { "id_voie": "73065_0950", "nom": "Rue du Corbelet", "type_voie": "Rue", "longueur_m": 85.1, "quartier": "CE" }, "geometry": { "type": "LineString", "coordinates": [ [ 5.9126561, 45.5679327 ], [ 5.9131518, 45.5681379 ], [ 5.9135915, 45.5683265 ] ] } },
{ "type": "Feature", "properties": { "id_voie": "73065_2562", "nom": "Allée Marie Victorine Desgeorges", "type_voie": "Allée", "longueur_m": 140.4, "quartier": "LA" }, "geometry": { "type": "MultiLineString", "coordinates": [ [ [ 5.9258829, 45.5682964 ], [ 5.9263605, 45.5683272 ], [ 5.9268916, 45.5683512 ], [ 5.9269413, 45.5682959 ] ], [ [ 5.9269413, 45.5682959 ], [ 5.92696, 45.5682368 ], [ 5.9269619, 45.5681764 ], [ 5.9269709, 45.5681518 ], [ 5.9270204, 45.5681424 ], [ 5.9271113, 45.5681374 ], [ 5.9273284, 45.5681443 ], [ 5.9274539, 45.5681383 ] ] ] } },
{ "type": "Feature", "properties": { "id_voie": "73065_1840", "nom": "Rue Hector Berlioz", "type_voie": "Rue", "longueur_m": 173.1, "quartier": "LA" }, "geometry": { "type": "LineString", "coordinates": [ [ 5.9313905, 45.5709643 ], [ 5.9314131, 45.5709799 ], [ 5.9317637, 45.5711555 ], [ 5.9323523, 45.5714645 ], [ 5.932918, 45.5717543 ], [ 5.9331507, 45.5719087 ] ] } },
{ "type": "Feature", "properties": { "id_voie": "73065_0881", "nom": "Allée du Colombier", "type_voie": "Allée", "longueur_m": 187.8, "quartier": "LA" }, "geometry": { "type": "MultiLineString", "coordinates": [ [ [ 5.9361435, 45.5653102 ], [ 5.936004, 45.5653652 ], [ 5.9357861, 45.5654429 ], [ 5.9355069, 45.5655485 ], [ 5.9350931, 45.5657044 ], [ 5.9347187, 45.5658529 ], [ 5.9345364, 45.5659234 ], [ 5.9344085, 45.565979 ], [ 5.9341924, 45.5660649 ] ], [ [ 5.9362994, 45.5652502 ], [ 5.9361435, 45.5653102 ] ] ] } },
{ "type": "Feature", "properties": { "id_voie": "73065_0972", "nom": "Chemin de la Côte-Bouchet", "type_voie": "Chemin", "longueur_m": 719.7, "quartier": "CV" }, "geometry": { "type": "MultiLineString", "coordinates": [ [ [ 5.9005282, 45.6090177 ], [ 5.9005367, 45.6090076 ], [ 5.9006154, 45.6089659 ], [ 5.900872, 45.608889 ], [ 5.901014, 45.6088556 ], [ 5.9013331, 45.6087951 ], [ 5.901727, 45.608693 ], [ 5.901821, 45.6086735 ] ], [ [ 5.9005668, 45.6100737 ], [ 5.9004819, 45.6091144 ], [ 5.9004955, 45.6090546 ], [ 5.9005282, 45.6090177 ] ], [ [ 5.901821, 45.6086735 ], [ 5.9020102, 45.6086587 ], [ 5.9023764, 45.6086141 ], [ 5.9025067, 45.6086026 ], [ 5.9026378, 45.6086046 ], [ 5.9029454, 45.6085715 ], [ 5.9030863, 45.6085642 ], [ 5.9037821, 45.6085634 ] ], [ [ 5.9038779, 45.6097783 ], [ 5.9036051, 45.6097916 ], [ 5.9035369, 45.6097646 ], [ 5.9033485, 45.609746 ], [ 5.9031441, 45.6097161 ] ], [ [ 5.9038994, 45.6092344 ], [ 5.9038289, 45.6092362 ], [ 5.9037609, 45.6092371 ], [ 5.9035914, 45.609236 ], [ 5.9035422, 45.6092292 ], [ 5.9035069, 45.6092157 ], [ 5.9034578, 45.6091854 ], [ 5.903394, 45.6091681 ], [ 5.9031789, 45.6091548 ] ], [ [ 5.9037821, 45.6085634 ], [ 5.9038138, 45.6086049 ], [ 5.9038151, 45.6087274 ], [ 5.9038238, 45.6088453 ], [ 5.903857, 45.6091346 ], [ 5.9038927, 45.6092039 ], [ 5.9038994, 45.6092344 ] ], [ [ 5.9038994, 45.6092344 ], [ 5.9039267, 45.6093625 ], [ 5.9038694, 45.6096163 ], [ 5.9038779, 45.6097783 ] ], [ [ 5.9038779, 45.6097783 ], [ 5.9039006, 45.6098696 ], [ 5.9039406, 45.6100695 ], [ 5.904048, 45.6101821 ], [ 5.9042398, 45.6102411 ], [ 5.9043887, 45.6102643 ], [ 5.9045034, 45.6102731 ] ] ] } },
{ "type": "Feature", "properties": { "id_voie": "73065_3190", "nom": "Chemin des Primevères", "type_voie": "Chemin", "longueur_m": 686.2, "quartier": "HC" }, "geometry": { "type": "MultiLineString", "coordinates": [ [ [ 5.9117065, 45.5843183 ], [ 5.9117587, 45.5842124 ], [ 5.9118252, 45.5840611 ], [ 5.911886, 45.5838992 ], [ 5.9119926, 45.5836819 ], [ 5.9120423, 45.5835779 ], [ 5.912098, 45.5834648 ], [ 5.9121005, 45.5834142 ], [ 5.9120804, 45.5833751 ], [ 5.9120316, 45.5833493 ], [ 5.9119695, 45.5833392 ], [ 5.9119107, 45.5833444 ], [ 5.9118466, 45.5833704 ], [ 5.9117674, 45.5834247 ], [ 5.9116382, 45.5835316 ], [ 5.9112003, 45.5838178 ], [ 5.9111423, 45.5838626 ], [ 5.9110859, 45.5839127 ], [ 5.9109725, 45.5840499 ], [ 5.9108395, 45.5841804 ], [ 5.9106698, 45.5843713 ], [ 5.9105837, 45.5844177 ], [ 5.9105151, 45.5844312 ], [ 5.9104234, 45.5844444 ] ], [ [ 5.9095251, 45.5849821 ], [ 5.9096222, 45.5848751 ], [ 5.9098392, 45.5847073 ], [ 5.9099707, 45.5846201 ], [ 5.9101267, 45.5845358 ], [ 5.9104234, 45.5844444 ] ], [ [ 5.908487, 45.5865246 ], [ 5.9084549, 45.5864498 ], [ 5.9084453, 45.586341 ], [ 5.9084759, 45.5862636 ], [ 5.9085916, 45.5860714 ], [ 5.9086453, 45.5859952 ], [ 5.9087109, 45.585925 ], [ 5.9088434, 45.5857585 ], [ 5.9093611, 45.5851585 ], [ 5.9095251, 45.5849821 ] ], [ [ 5.908663, 45.587213 ], [ 5.9087535, 45.5871512 ], [ 5.9087965, 45.5870897 ], [ 5.9088016, 45.5870409 ], [ 5.9087854, 45.5869765 ], [ 5.9086969, 45.5868553 ], [ 5.9085773, 45.5866791 ], [ 5.9085057, 45.5865629 ], [ 5.908487, 45.5865246 ] ], [ [ 5.9084727, 45.5872549 ], [ 5.9085185, 45.5872474 ], [ 5.9085988, 45.5872363 ], [ 5.908663, 45.587213 ] ] ] } },
{ "type": "Feature", "properties": { "id_voie": "73065_0393", "nom": "Rue du Bon Vent", "type_voie": "Rue", "longueur_m": 415.1, "quartier": "BI" }, "geometry": { "type": "MultiLineString", "coordinates": [ [ [ 5.8968094, 45.5819477 ], [ 5.8970065, 45.5815939 ], [ 5.8970089, 45.5815903 ], [ 5.8970338, 45.5815527 ], [ 5.897062, 45.5815276 ], [ 5.8971454, 45.5814777 ], [ 5.8975444, 45.5812557 ], [ 5.8975824, 45.5812213 ] ], [ [ 5.8969448, 45.5836049 ], [ 5.8969891, 45.5836434 ], [ 5.8970136, 45.5836941 ], [ 5.8970277, 45.5837668 ], [ 5.8970377, 45.5838368 ] ], [ [ 5.8968386, 45.5838077 ], [ 5.8968658, 45.5837385 ], [ 5.8969005, 45.5836908 ], [ 5.8969303, 45.5836467 ], [ 5.8969448, 45.5836049 ] ], [ [ 5.8969448, 45.5836049 ], [ 5.8969106, 45.5835157 ], [ 5.8968609, 45.5834242 ] ], [ [ 5.8968094, 45.5819477 ], [ 5.8967162, 45.581933 ], [ 5.8966028, 45.5818981 ], [ 5.896493, 45.5818594 ], [ 5.8963975, 45.581825 ] ], [ [ 5.8964007, 45.5827467 ], [ 5.896456, 45.5826263 ], [ 5.8965964, 45.5823659 ], [ 5.8967385, 45.5820883 ], [ 5.8968094, 45.5819477 ] ], [ [ 5.8966664, 45.583066 ], [ 5.8966203, 45.5829951 ] ], [ [ 5.8968609, 45.5834242 ], [ 5.8967835, 45.5832946 ], [ 5.8967125, 45.5831631 ], [ 5.8966664, 45.583066 ] ], [ [ 5.8966203, 45.5829951 ], [ 5.8965878, 45.5829383 ], [ 5.8965382, 45.5828486 ], [ 5.8964882, 45.5827994 ] ], [ [ 5.8964882, 45.5827994 ], [ 5.8964007, 45.5827467 ] ], [ [ 5.8964007, 45.5827467 ], [ 5.896354, 45.5826866 ], [ 5.8963595, 45.5826216 ], [ 5.8963833, 45.5825363 ] ] ] } },
{ "type": "Feature", "properties": { "id_voie": "73065_1015", "nom": "Rue Dacquin", "type_voie": "Rue", "longueur_m": 247.3, "quartier": "LA" }, "geometry": { "type": "MultiLineString", "coordinates": [ [ [ 5.9228447, 45.5619894 ], [ 5.9230055, 45.5618771 ], [ 5.923479, 45.5615882 ], [ 5.9237807, 45.5614217 ], [ 5.9238521, 45.5613901 ] ], [ [ 5.9226937, 45.5631639 ], [ 5.9226613, 45.5630133 ], [ 5.9225987, 45.5627491 ], [ 5.9225141, 45.5624594 ], [ 5.9224677, 45.5623092 ], [ 5.922471, 45.5622749 ], [ 5.9224882, 45.5622357 ], [ 5.9225507, 45.56218 ], [ 5.9228447, 45.5619894 ] ] ] } },
{ "type": "Feature", "properties": { "id_voie": "73065_0264", "nom": "Chemin de Beauvoir-Dessous", "type_voie": "Chemin", "longueur_m": 410.0, "quartier": "HC" }, "geometry": { "type": "MultiLineString", "coordinates": [ [ [ 5.9172563, 45.5791905 ], [ 5.9171878, 45.5791562 ], [ 5.9171085, 45.5791367 ], [ 5.9170301, 45.5791342 ], [ 5.9169218, 45.5791487 ], [ 5.9166827, 45.579263 ], [ 5.9164817, 45.5793439 ], [ 5.9162494, 45.579441 ], [ 5.9159547, 45.5795721 ], [ 5.9157199, 45.5796692 ], [ 5.9153868, 45.5798256 ], [ 5.9151196, 45.5799659 ], [ 5.9149299, 45.5800438 ] ], [ [ 5.9149299, 45.5800438 ], [ 5.9141941, 45.5803756 ], [ 5.9137866, 45.5805808 ], [ 5.9135708, 45.5806999 ], [ 5.9134632, 45.5807766 ], [ 5.9131531, 45.5809792 ], [ 5.9129668, 45.5811463 ] ] ] } },
{ "type": "Feature", "properties": { "id_voie": "73065_0690", "nom": "Rue Charles Baudelaire", "type_voie": "Rue", "longueur_m": 204.9, "quartier": "BE" }, "geometry": { "type": "MultiLineString", "coordinates": [ [ [ 5.9170644, 45.5591111 ], [ 5.9171087, 45.5592469 ], [ 5.9171311, 45.5593545 ] ], [ [ 5.9171311, 45.5593545 ], [ 5.917158, 45.5594754 ], [ 5.9172, 45.5595185 ], [ 5.917257, 45.559553 ], [ 5.9173354, 45.5595807 ], [ 5.9174651, 45.5596089 ], [ 5.9181982, 45.5597178 ], [ 5.9186769, 45.5597964 ], [ 5.9188573, 45.559835 ], [ 5.9189344, 45.5598636 ], [ 5.9189686, 45.5599032 ], [ 5.9189786, 45.5599471 ], [ 5.9189853, 45.5600019 ] ] ] } },
{ "type": "Feature", "properties": { "id_voie": "73065_0279", "nom": "Rue de Belle-Eau", "type_voie": "Rue", "longueur_m": 694.1, "quartier": "CV" }, "geometry": { "type": "MultiLineString", "coordinates": [ [ [ 5.8892691, 45.6104267 ], [ 5.8892495, 45.6104687 ], [ 5.8892048, 45.6104977 ], [ 5.8891502, 45.610509 ], [ 5.8890958, 45.6105014 ] ], [ [ 5.8890958, 45.6105014 ], [ 5.8890536, 45.6104791 ], [ 5.8890313, 45.6104454 ], [ 5.8890341, 45.6104003 ], [ 5.8890718, 45.6103606 ], [ 5.8891311, 45.6103401 ] ], [ [ 5.8891311, 45.6103401 ], [ 5.8891916, 45.610344 ], [ 5.8892591, 45.6103819 ], [ 5.8892691, 45.6104267 ] ], [ [ 5.889376, 45.6092264 ], [ 5.889336, 45.6093464 ], [ 5.8891411, 45.6102624 ], [ 5.8891311, 45.6103401 ] ], [ [ 5.8892691, 45.6104267 ], [ 5.8898947, 45.6104827 ], [ 5.8900726, 45.6104953 ], [ 5.8901932, 45.6104949 ], [ 5.8902442, 45.6104882 ], [ 5.8903574, 45.6104663 ], [ 5.8904228, 45.6104412 ], [ 5.890519, 45.610391 ], [ 5.8905708, 45.61035 ], [ 5.8906119, 45.6103003 ], [ 5.8906456, 45.6102336 ], [ 5.8906763, 45.6101572 ], [ 5.8907521, 45.6098633 ], [ 5.8908857, 45.6094949 ], [ 5.890974, 45.6092187 ], [ 5.8911518, 45.6086906 ], [ 5.8911862, 45.608587 ] ], [ [ 5.8911862, 45.608587 ], [ 5.8911951, 45.6085606 ], [ 5.8912339, 45.6084425 ], [ 5.8912653, 45.6083561 ], [ 5.8913719, 45.6080605 ], [ 5.8914476, 45.6077395 ], [ 5.8915049, 45.6073876 ], [ 5.8915372, 45.6070966 ], [ 5.8915597, 45.6069617 ], [ 5.8915952, 45.6068049 ] ] ] } },
{ "type": "Feature", "properties": { "id_voie": "73065_2120", "nom": "Chemin des Jonquilles", "type_voie": "Chemin", "longueur_m": 216.9, "quartier": "HC" }, "geometry": { "type": "MultiLineString", "coordinates": [ [ [ 5.915148, 45.5809456 ], [ 5.9152286, 45.5809173 ], [ 5.9153032, 45.5808703 ], [ 5.9154268, 45.5807563 ], [ 5.9156557, 45.5805719 ], [ 5.9158067, 45.580441 ], [ 5.9158797, 45.5803895 ], [ 5.9159599, 45.5803532 ] ], [ [ 5.9143607, 45.5810552 ], [ 5.9145785, 45.5810721 ], [ 5.9146847, 45.5810666 ], [ 5.9147941, 45.5810493 ], [ 5.915148, 45.5809456 ] ], [ [ 5.9135883, 45.5810076 ], [ 5.9136993, 45.5810192 ], [ 5.9138514, 45.5810332 ], [ 5.9143607, 45.5810552 ] ] ] } },
{ "type": "Feature", "properties": { "id_voie": "73065_0700", "nom": "Rue Charles Dullin", "type_voie": "Rue", "longueur_m": 189.9, "quartier": "CE" }, "geometry": { "type": "LineString", "coordinates": [ [ 5.9060733, 45.5710127 ], [ 5.9060149, 45.5708781 ], [ 5.9058924, 45.5705975 ], [ 5.9055814, 45.5699261 ], [ 5.9054505, 45.5696069 ], [ 5.9053907, 45.569421 ], [ 5.9053623, 45.5693929 ], [ 5.9053468, 45.5693915 ] ] } },
{ "type": "Feature", "properties": { "id_voie": "73065_3181", "nom": "Rue de la Prairie", "type_voie": "Rue", "longueur_m": 204.8, "quartier": "BI" }, "geometry": { "type": "MultiLineString", "coordinates": [ [ [ 5.8884036, 45.5826254 ], [ 5.8878386, 45.5829129 ] ], [ [ 5.8878386, 45.5829129 ], [ 5.8876989, 45.5827922 ], [ 5.8876602, 45.5827634 ], [ 5.8876131, 45.5827466 ], [ 5.8875586, 45.5827345 ] ], [ [ 5.8875586, 45.5827345 ], [ 5.8878277, 45.5825312 ] ], [ [ 5.8878386, 45.5829129 ], [ 5.8871973, 45.5832385 ] ], [ [ 5.8875586, 45.5827345 ], [ 5.8872696, 45.582705 ], [ 5.8872136, 45.5826902 ] ] ] } },
{ "type": "Feature", "properties": { "id_voie": "73065_0175", "nom": "Rue des Arves", "type_voie": "Rue", "longueur_m": 164.8, "quartier": "BI" }, "geometry": { "type": "LineString", "coordinates": [ [ 5.8972176, 45.5771398 ], [ 5.8969708, 45.5770074 ], [ 5.8963487, 45.5766198 ], [ 5.8962328, 45.5765372 ], [ 5.8961735, 45.5764837 ], [ 5.8961299, 45.5764092 ], [ 5.8961181, 45.5763554 ], [ 5.8961133, 45.5759933 ] ] } },
{ "type": "Feature", "properties": { "id_voie": "73065_0534", "nom": "Rue de Caramagne", "type_voie": "Rue", "longueur_m": 481.2, "quartier": "HC" }, "geometry": { "type": "MultiLineString", "coordinates": [ [ [ 5.9140178, 45.5840746 ], [ 5.9140232, 45.5840555 ], [ 5.9140572, 45.5840438 ], [ 5.915246, 45.5839301 ], [ 5.9159581, 45.5838801 ], [ 5.9161868, 45.5839337 ], [ 5.9166331, 45.5840509 ] ], [ [ 5.9166331, 45.5840509 ], [ 5.91691, 45.5841185 ] ], [ [ 5.9175455, 45.5843435 ], [ 5.9175273, 45.5843143 ], [ 5.9174219, 45.5842611 ], [ 5.9172692, 45.5842137 ], [ 5.91691, 45.5841185 ] ], [ [ 5.9133913, 45.5844378 ], [ 5.9133144, 45.5844145 ], [ 5.9132367, 45.5844256 ], [ 5.9131119, 45.5844675 ], [ 5.9130231, 45.5844879 ] ], [ [ 5.9133913, 45.5844378 ], [ 5.9133606, 45.5844629 ], [ 5.9132915, 45.5845404 ], [ 5.9132852, 45.5845676 ], [ 5.9133147, 45.5845902 ], [ 5.9133633, 45.5845872 ], [ 5.9134376, 45.58456 ], [ 5.9135707, 45.5844818 ], [ 5.9136755, 45.5844728 ], [ 5.9137613, 45.5844931 ], [ 5.9138271, 45.584549 ], [ 5.9138578, 45.5846212 ], [ 5.9138688, 45.5847561 ] ], [ [ 5.9133913, 45.5844378 ], [ 5.9135039, 45.5843564 ], [ 5.9136608, 45.5842911 ], [ 5.9137971, 45.5842479 ], [ 5.9139128, 45.584226 ], [ 5.9139738, 45.5842154 ], [ 5.9140009, 45.584194 ], [ 5.9140127, 45.5841486 ], [ 5.9140178, 45.5840746 ] ] ] } },
{ "type": "Feature", "properties": { "id_voie": "73065_2686", "nom": "Rue du Mollard", "type_voie": "Rue", "longueur_m": 165.2, "quartier": "HC" }, "geometry": { "type": "LineString", "coordinates": [ [ 5.9223292, 45.5877903 ], [ 5.9225592, 45.5873329 ], [ 5.9230668, 45.586397 ] ] } },
{ "type": "Feature", "properties": { "id_voie": "73065_3450", "nom": "Chemin de Saint-Louis du Mont", "type_voie": "Chemin", "longueur_m": 226.4, "quartier": null }, "geometry": { "type": "LineString", "coordinates": [ [ 5.9335854, 45.5760505 ], [ 5.9334794, 45.5759865 ], [ 5.9333663, 45.5759093 ], [ 5.9332368, 45.575791 ], [ 5.9331384, 45.5756774 ], [ 5.933027, 45.5755839 ], [ 5.9329096, 45.5754752 ], [ 5.9328429, 45.5754039 ], [ 5.932687, 45.5753179 ], [ 5.932565, 45.575267 ], [ 5.9324141, 45.5752295 ], [ 5.9322115, 45.5752059 ], [ 5.9320267, 45.5752054 ], [ 5.9317845, 45.5751874 ], [ 5.9312183, 45.5751075 ] ] } },
{ "type": "Feature", "properties": { "id_voie": "73065_0470", "nom": "Rue de Budapest", "type_voie": "Rue", "longueur_m": 1112.7, "quartier": "LA" }, "geometry": { "type": "MultiLineString", "coordinates": [ [ [ 5.9305754, 45.5728012 ], [ 5.9300344, 45.5724216 ], [ 5.9299515, 45.5723336 ] ], [ [ 5.9339098, 45.57493 ], [ 5.9338306, 45.5745491 ], [ 5.9338064, 45.5744795 ], [ 5.933771, 45.5744164 ] ], [ [ 5.9334059, 45.5740646 ], [ 5.9333037, 45.5740249 ], [ 5.9330631, 45.5739393 ] ], [ [ 5.9328971, 45.5743185 ], [ 5.9333326, 45.5744495 ], [ 5.9334109, 45.5744736 ] ], [ [ 5.9326507, 45.5748989 ], [ 5.9330095, 45.5749626 ], [ 5.9331112, 45.5749923 ], [ 5.9332061, 45.5750412 ], [ 5.9332448, 45.575069 ], [ 5.9333227, 45.5751346 ], [ 5.9333817, 45.575206 ], [ 5.9334181, 45.5752646 ], [ 5.9334347, 45.575311 ], [ 5.9334385, 45.5753343 ], [ 5.9334603, 45.5754563 ], [ 5.9335018, 45.5756336 ], [ 5.9335418, 45.5757344 ], [ 5.9335903, 45.5758989 ], [ 5.9335854, 45.5760505 ] ], [ [ 5.9321334, 45.5741915 ], [ 5.9323072, 45.5741789 ], [ 5.9323111, 45.5741788 ], [ 5.9323702, 45.57418 ], [ 5.9325036, 45.5742044 ], [ 5.9325791, 45.5742241 ], [ 5.9327801, 45.5742891 ], [ 5.9328971, 45.5743185 ] ], [ [ 5.9321334, 45.5741915 ], [ 5.93201, 45.5741867 ], [ 5.9319401, 45.5741759 ], [ 5.9317764, 45.5741846 ], [ 5.9316863, 45.5741807 ], [ 5.9315934, 45.5741705 ], [ 5.9314557, 45.5741389 ], [ 5.9312974, 45.5740809 ], [ 5.9310179, 45.5739638 ], [ 5.9308653, 45.5738921 ] ], [ [ 5.9326507, 45.5748989 ], [ 5.9314649, 45.5746523 ], [ 5.9314046, 45.5746269 ], [ 5.9313319, 45.5745873 ], [ 5.9313134, 45.574577 ], [ 5.9310584, 45.5744386 ], [ 5.9308884, 45.5743529 ], [ 5.9308647, 45.5743409 ], [ 5.9306248, 45.5742201 ], [ 5.9305661, 45.5741549 ], [ 5.9305457, 45.5740834 ], [ 5.9305629, 45.5740216 ], [ 5.9305859, 45.573994 ], [ 5.9306633, 45.5739542 ], [ 5.9307038, 45.5739432 ], [ 5.9307959, 45.573939 ], [ 5.9308557, 45.5739527 ], [ 5.9312085, 45.5740967 ], [ 5.931331, 45.5741575 ], [ 5.9313715, 45.5741709 ], [ 5.9313728, 45.5741717 ], [ 5.9314199, 45.5741885 ], [ 5.9315318, 45.574218 ], [ 5.9315988, 45.5742244 ], [ 5.9318296, 45.5742211 ], [ 5.9321334, 45.5741915 ] ], [ [ 5.9330631, 45.5739393 ], [ 5.9329611, 45.5739032 ], [ 5.932948, 45.5738982 ], [ 5.9325961, 45.5737695 ], [ 5.9325005, 45.5737323 ], [ 5.9324914, 45.5737299 ], [ 5.9323367, 45.5736681 ], [ 5.9321934, 45.5736277 ], [ 5.931963, 45.5735896 ], [ 5.9317926, 45.5735697 ], [ 5.9315726, 45.5735105 ], [ 5.9314089, 45.5734238 ], [ 5.931212, 45.5732911 ], [ 5.9310506, 45.5731745 ], [ 5.9309941, 45.5731255 ], [ 5.9307222, 45.5729326 ], [ 5.9306497, 45.5728723 ], [ 5.9305754, 45.5728012 ] ] ] } },
{ "type": "Feature", "properties": { "id_voie": "73065_1338", "nom": "Chemin de l'Etigny", "type_voie": "Chemin", "longueur_m": 281.7, "quartier": "CV" }, "geometry": { "type": "MultiLineString", "coordinates": [ [ [ 5.9022741, 45.6119805 ], [ 5.9019751, 45.6123757 ], [ 5.9017866, 45.6125995 ], [ 5.9017062, 45.612707 ], [ 5.901655, 45.612784 ], [ 5.901602, 45.6128268 ], [ 5.9015313, 45.6128485 ], [ 5.9014385, 45.6128662 ], [ 5.9013058, 45.6129075 ], [ 5.9012271, 45.6129482 ], [ 5.9011717, 45.6129947 ] ], [ [ 5.9032832, 45.6109993 ], [ 5.9028804, 45.6113972 ], [ 5.9023474, 45.611884 ], [ 5.9022741, 45.6119805 ] ] ] } },
{ "type": "Feature", "properties": { "id_voie": "73065_3050", "nom": "Chemin du Peney", "type_voie": "Chemin", "longueur_m": 151.8, "quartier": "LA" }, "geometry": { "type": "MultiLineString", "coordinates": [ [ [ 5.9333746, 45.5670955 ], [ 5.933389, 45.56715 ], [ 5.9333975, 45.5671895 ], [ 5.9334065, 45.5672388 ] ], [ [ 5.9333746, 45.5670955 ], [ 5.9332939, 45.566784 ], [ 5.9332121, 45.566523 ] ], [ [ 5.9331038, 45.5661969 ], [ 5.9331078, 45.5662734 ], [ 5.9331191, 45.5663173 ], [ 5.9331286, 45.5663513 ] ], [ [ 5.9331286, 45.5663513 ], [ 5.9331566, 45.566419 ], [ 5.9331856, 45.5664588 ] ], [ [ 5.9332121, 45.566523 ], [ 5.9332003, 45.5664927 ], [ 5.9331856, 45.5664588 ] ], [ [ 5.9337576, 45.5671089 ], [ 5.9336443, 45.5671506 ], [ 5.933573, 45.5671597 ], [ 5.9335032, 45.5671507 ], [ 5.9334265, 45.5671311 ], [ 5.9333746, 45.5670955 ] ] ] } },
{ "type": "Feature", "properties": { "id_voie": "73065_3820", "nom": "Chemin du Vercors", "type_voie": "Chemin", "longueur_m": 550.7, "quartier": "LA" }, "geometry": { "type": "MultiLineString", "coordinates": [ [ [ 5.932815, 45.5603492 ], [ 5.932415, 45.5603776 ], [ 5.9318003, 45.5603982 ], [ 5.9315304, 45.5604124 ], [ 5.9313978, 45.5604267 ], [ 5.9312099, 45.560464 ], [ 5.9311394, 45.5604893 ], [ 5.9310763, 45.5605324 ] ], [ [ 5.9380795, 45.5603765 ], [ 5.9380013, 45.5604488 ], [ 5.9378474, 45.5605709 ], [ 5.9377221, 45.5606751 ] ], [ [ 5.9368552, 45.5610438 ], [ 5.9367587, 45.561086 ], [ 5.9366581, 45.5611237 ], [ 5.9365356, 45.5611612 ], [ 5.9363957, 45.5611837 ], [ 5.9362677, 45.5611889 ], [ 5.9361283, 45.5611736 ], [ 5.9359884, 45.5611475 ], [ 5.9358303, 45.5610931 ], [ 5.9357565, 45.5610563 ] ], [ [ 5.9355183, 45.5608688 ], [ 5.9354164, 45.5607606 ], [ 5.9352355, 45.5605428 ], [ 5.9350382, 45.5603533 ] ], [ [ 5.9357565, 45.5610563 ], [ 5.935579, 45.5609248 ], [ 5.9355183, 45.5608688 ] ], [ [ 5.9350382, 45.5603533 ], [ 5.9349793, 45.560308 ], [ 5.9349012, 45.5602613 ], [ 5.9348413, 45.560244 ], [ 5.9347559, 45.5602309 ], [ 5.9346762, 45.5602276 ], [ 5.9343399, 45.5602481 ], [ 5.9338084, 45.5602881 ], [ 5.9333822, 45.5603055 ], [ 5.932815, 45.5603492 ] ] ] } },
{ "type": "Feature", "properties": { "id_voie": "73065_2143", "nom": "Rue Joseph Morion", "type_voie": "Rue", "longueur_m": 131.5, "quartier": "CE" }, "geometry": { "type": "MultiLineString", "coordinates": [ [ [ 5.9048122, 45.5708687 ], [ 5.9047418, 45.570748 ], [ 5.9044924, 45.5702246 ], [ 5.9043472, 45.5699517 ] ], [ [ 5.9048602, 45.5710747 ], [ 5.9048422, 45.5709508 ], [ 5.9048122, 45.5708687 ] ] ] } },
{ "type": "Feature", "properties": { "id_voie": "73065_0108", "nom": "Rue André Jacques", "type_voie": "Rue", "longueur_m": 288.1, "quartier": "LA" }, "geometry": { "type": "MultiLineString", "coordinates": [ [ [ 5.9257483, 45.5625365 ], [ 5.9259243, 45.5624941 ] ], [ [ 5.9251672, 45.5626345 ], [ 5.9257483, 45.5625365 ] ], [ [ 5.9259243, 45.5624941 ], [ 5.9263701, 45.5624086 ], [ 5.9265072, 45.5623816 ], [ 5.926787, 45.5623599 ], [ 5.9268563, 45.5623599 ], [ 5.9270058, 45.5623731 ], [ 5.9271294, 45.5624068 ], [ 5.9271766, 45.5624254 ], [ 5.9272217, 45.562454 ], [ 5.9273438, 45.5625562 ], [ 5.9275143, 45.5626987 ], [ 5.9277168, 45.5628655 ], [ 5.9282103, 45.5632951 ] ] ] } },
{ "type": "Feature", "properties": { "id_voie": "73065_3876", "nom": "Rue du Virollet", "type_voie": "Rue", "longueur_m": 314.1, "quartier": "HC" }, "geometry": { "type": "MultiLineString", "coordinates": [ [ [ 5.9280777, 45.5982151 ], [ 5.9282129, 45.5984404 ], [ 5.9282905, 45.5985979 ], [ 5.9283508, 45.5987423 ], [ 5.9283456, 45.5987911 ], [ 5.9283187, 45.5989126 ], [ 5.9282648, 45.5990347 ], [ 5.9282295, 45.5990951 ], [ 5.9281398, 45.5991704 ], [ 5.9280328, 45.5992111 ], [ 5.927978, 45.5992665 ], [ 5.927982, 45.5993187 ] ], [ [ 5.927982, 45.5993187 ], [ 5.9280272, 45.5993473 ], [ 5.9280952, 45.5993473 ], [ 5.9282428, 45.5993218 ], [ 5.9283248, 45.5993206 ], [ 5.9284157, 45.5993398 ], [ 5.9287391, 45.5994342 ], [ 5.9288155, 45.5994718 ], [ 5.9288896, 45.599514 ], [ 5.9289584, 45.5995762 ], [ 5.9291304, 45.5998439 ], [ 5.9291544, 45.5999099 ] ], [ [ 5.9291544, 45.5999099 ], [ 5.9291689, 45.6000375 ], [ 5.9292246, 45.6003631 ] ] ] } },
{ "type": "Feature", "properties": { "id_voie": "73065_0250", "nom": "Allée des Bauges", "type_voie": "Allée", "longueur_m": 282.4, "quartier": "CE" }, "geometry": { "type": "MultiLineString", "coordinates": [ [ [ 5.9136523, 45.5667255 ], [ 5.9146367, 45.5671478 ] ], [ [ 5.9119391, 45.5658607 ], [ 5.9118735, 45.5658327 ] ], [ [ 5.9118735, 45.5658327 ], [ 5.9116269, 45.5657282 ] ], [ [ 5.9126546, 45.5661711 ], [ 5.9119391, 45.5658607 ] ], [ [ 5.9137294, 45.5666307 ], [ 5.9126546, 45.5661711 ] ] ] } },
{ "type": "Feature", "properties": { "id_voie": "73065_2150", "nom": "Rue Jules Bocquin", "type_voie": "Rue", "longueur_m": 360.7, "quartier": "CE" }, "geometry": { "type": "MultiLineString", "coordinates": [ [ [ 5.9081522, 45.5716834 ], [ 5.908359, 45.5715149 ], [ 5.908722, 45.5712695 ] ], [ [ 5.908722, 45.5712695 ], [ 5.9089722, 45.571099 ], [ 5.9090593, 45.5710472 ] ], [ [ 5.9076023, 45.5720833 ], [ 5.90786, 45.5718838 ], [ 5.9081522, 45.5716834 ] ], [ [ 5.9069382, 45.5725582 ], [ 5.9071215, 45.5724327 ], [ 5.9074045, 45.5722263 ], [ 5.9076023, 45.5720833 ] ], [ [ 5.9066754, 45.5727578 ], [ 5.9069382, 45.5725582 ] ], [ [ 5.9059684, 45.5733925 ], [ 5.9059339, 45.5733231 ], [ 5.9059576, 45.5732594 ], [ 5.9060602, 45.5731856 ], [ 5.9066754, 45.5727578 ] ] ] } },
{ "type": "Feature", "properties": { "id_voie": "73065_3860", "nom": "Rue Vieille Monnaie", "type_voie": "Rue", "longueur_m": 110.5, "quartier": "CE" }, "geometry": { "type": "MultiLineString", "coordinates": [ [ [ 5.922085, 45.5666084 ], [ 5.9217396, 45.5665534 ], [ 5.9216413, 45.5665154 ], [ 5.9215639, 45.5664579 ], [ 5.9214558, 45.5663778 ], [ 5.9214504, 45.5663735 ], [ 5.921381, 45.5663212 ] ], [ [ 5.922639, 45.5667021 ], [ 5.922085, 45.5666084 ] ] ] } },
{ "type": "Feature", "properties": { "id_voie": "73065_0655", "nom": "Rue de Chantabord", "type_voie": "Rue", "longueur_m": 911.1, "quartier": "BI" }, "geometry": { "type": "MultiLineString", "coordinates": [ [ [ 5.8969173, 45.5890446 ], [ 5.8963724, 45.5891298 ], [ 5.8962618, 45.5891498 ], [ 5.8961685, 45.5891819 ], [ 5.8960875, 45.5892272 ], [ 5.8960282, 45.5892963 ], [ 5.8959542, 45.5894037 ], [ 5.895846, 45.5895425 ], [ 5.8957247, 45.5896772 ], [ 5.8956752, 45.5897605 ] ], [ [ 5.8957199, 45.5900035 ], [ 5.895731, 45.5900429 ], [ 5.8957221, 45.5900945 ] ], [ [ 5.8956662, 45.589958 ], [ 5.8957199, 45.5900035 ] ], [ [ 5.8956752, 45.5897605 ], [ 5.8956522, 45.5898124 ], [ 5.8956483, 45.5898612 ], [ 5.8956622, 45.589905 ], [ 5.8956662, 45.589958 ] ], [ [ 5.8957221, 45.5900945 ], [ 5.8956883, 45.5901341 ], [ 5.8956434, 45.5901605 ], [ 5.8955839, 45.5901755 ], [ 5.8955171, 45.5901754 ] ], [ [ 5.8954929, 45.5899328 ], [ 5.8955606, 45.5899265 ], [ 5.8956202, 45.5899376 ], [ 5.8956662, 45.589958 ] ], [ [ 5.8954929, 45.5899328 ], [ 5.8956013, 45.5898444 ], [ 5.8956752, 45.5897605 ] ], [ [ 5.8955171, 45.5901754 ], [ 5.8954634, 45.5902021 ], [ 5.8953856, 45.5902365 ], [ 5.8953136, 45.5902843 ] ], [ [ 5.8953788, 45.5900826 ], [ 5.8953726, 45.5900368 ], [ 5.8953921, 45.5899931 ] ], [ [ 5.8953136, 45.5902843 ], [ 5.8953583, 45.5901813 ], [ 5.8953788, 45.5900826 ] ], [ [ 5.8953921, 45.5899931 ], [ 5.8954338, 45.5899559 ], [ 5.8954929, 45.5899328 ] ], [ [ 5.8955171, 45.5901754 ], [ 5.8954546, 45.5901572 ], [ 5.8954067, 45.5901242 ], [ 5.8953788, 45.5900826 ] ], [ [ 5.8969173, 45.5890446 ], [ 5.8983178, 45.5888048 ], [ 5.8985464, 45.5887602 ], [ 5.8987852, 45.5886882 ] ], [ [ 5.8925627, 45.5933458 ], [ 5.893037, 45.5928678 ] ], [ [ 5.893037, 45.5928678 ], [ 5.893662, 45.5921047 ], [ 5.8945072, 45.5911845 ] ], [ [ 5.8953136, 45.5902843 ], [ 5.8950384, 45.5905428 ], [ 5.8949504, 45.5906036 ], [ 5.894883, 45.5906396 ], [ 5.8947627, 45.5906697 ] ], [ [ 5.8947627, 45.5906697 ], [ 5.894714, 45.5907206 ], [ 5.8946732, 45.5907505 ], [ 5.894633, 45.590792 ], [ 5.8946012, 45.590846 ], [ 5.8945845, 45.5908951 ], [ 5.8945726, 45.5909387 ] ], [ [ 5.8945726, 45.5909387 ], [ 5.8944868, 45.590794 ], [ 5.8944522, 45.5907462 ], [ 5.894411, 45.5907184 ], [ 5.8943718, 45.5907051 ], [ 5.8942956, 45.5906719 ] ], [ [ 5.8945072, 45.5911845 ], [ 5.8945266, 45.5911624 ], [ 5.8945489, 45.591124 ], [ 5.8945736, 45.5910062 ], [ 5.8945726, 45.5909387 ] ] ] } },
{ "type": "Feature", "properties": { "id_voie": "73065_2985", "nom": "Rue du Parc", "type_voie": "Rue", "longueur_m": 178.9, "quartier": "BI" }, "geometry": { "type": "MultiLineString", "coordinates": [ [ [ 5.8986414, 45.5773257 ], [ 5.8984945, 45.5772646 ] ], [ [ 5.8981168, 45.5769617 ], [ 5.8983054, 45.5771343 ], [ 5.8984945, 45.5772646 ] ], [ [ 5.8980228, 45.5772497 ], [ 5.898152, 45.5772185 ], [ 5.8982703, 45.5772226 ], [ 5.8984945, 45.5772646 ] ], [ [ 5.8994262, 45.5778082 ], [ 5.8993878, 45.5777362 ], [ 5.8993129, 45.5776778 ], [ 5.8989538, 45.5774843 ], [ 5.8986414, 45.5773257 ] ] ] } },
{ "type": "Feature", "properties": { "id_voie": "73065_1630", "nom": "Rue Général Ferrié", "type_voie": "Rue", "longueur_m": 69.2, "quartier": "CE" }, "geometry": { "type": "MultiLineString", "coordinates": [ [ [ 5.9231861, 45.5674673 ], [ 5.9232287, 45.5674959 ] ], [ [ 5.9225556, 45.5670908 ], [ 5.9228805, 45.5672914 ], [ 5.9231861, 45.5674673 ] ] ] } },
{ "type": "Feature", "properties": { "id_voie": "73065_3868", "nom": "Rue Victor Jarra", "type_voie": "Rue", "longueur_m": 90.5, "quartier": "HC" }, "geometry": { "type": "MultiLineString", "coordinates": [ [ [ 5.9180636, 45.5979348 ], [ 5.9180875, 45.5976827 ] ], [ [ 5.9180875, 45.5976827 ], [ 5.9181915, 45.5972196 ], [ 5.9181636, 45.5971284 ] ] ] } },
{ "type": "Feature", "properties": { "id_voie": "73065_0843", "nom": "Allée des Cîmes", "type_voie": "Allée", "longueur_m": 305.4, "quartier": "BI" }, "geometry": { "type": "LineString", "coordinates": [ [ 5.8830549, 45.5835593 ], [ 5.8831331, 45.583459 ], [ 5.883178, 45.583384 ], [ 5.8833581, 45.5831208 ], [ 5.8836142, 45.5827664 ], [ 5.8837438, 45.5825432 ], [ 5.8837666, 45.5824876 ], [ 5.8837702, 45.5824335 ], [ 5.8837444, 45.5823828 ], [ 5.8835356, 45.5821674 ], [ 5.8833366, 45.5819184 ], [ 5.8831987, 45.5817588 ], [ 5.883066, 45.5816009 ], [ 5.8829274, 45.5814522 ], [ 5.8828192, 45.5813225 ], [ 5.8827894, 45.5812917 ], [ 5.8827449, 45.581274 ], [ 5.8826553, 45.5812546 ], [ 5.8825523, 45.5812474 ] ] } },
{ "type": "Feature", "properties": { "id_voie": "73065_3852", "nom": "Chemin des Vernatiaux", "type_voie": "Chemin", "longueur_m": 493.6, "quartier": "CV" }, "geometry": { "type": "MultiLineString", "coordinates": [ [ [ 5.8964663, 45.6156508 ], [ 5.8964424, 45.6155865 ], [ 5.8964279, 45.6154085 ], [ 5.8963958, 45.6152615 ], [ 5.8963225, 45.6150859 ], [ 5.8962622, 45.6149649 ], [ 5.8961852, 45.6147948 ], [ 5.8958663, 45.61422 ], [ 5.8956789, 45.6138527 ], [ 5.8956007, 45.6137312 ], [ 5.8955162, 45.6135649 ] ], [ [ 5.8955162, 45.6135649 ], [ 5.8954547, 45.6134439 ], [ 5.8953092, 45.6132152 ], [ 5.8951817, 45.6130365 ], [ 5.8949657, 45.6127104 ], [ 5.8948249, 45.6125221 ], [ 5.8947328, 45.6124073 ], [ 5.8945881, 45.6122669 ], [ 5.8944438, 45.6119868 ], [ 5.8944082, 45.6119444 ], [ 5.8943592, 45.6119151 ], [ 5.8943094, 45.6118956 ], [ 5.8940844, 45.6118158 ], [ 5.8939871, 45.6117976 ], [ 5.8938387, 45.6117834 ] ] ] } },
{ "type": "Feature", "properties": { "id_voie": "73065_0596", "nom": "Square du Chablais", "type_voie": "Square", "longueur_m": 160.0, "quartier": "HC" }, "geometry": { "type": "LineString", "coordinates": [ [ 5.915844, 45.5958342 ], [ 5.9153527, 45.5956929 ], [ 5.9157123, 45.5950384 ], [ 5.9162073, 45.5951517 ] ] } },
{ "type": "Feature", "properties": { "id_voie": "73065_0415", "nom": "Chemin des Bouchets", "type_voie": "Chemin", "longueur_m": 177.1, "quartier": "CV" }, "geometry": { "type": "MultiLineString", "coordinates": [ [ [ 5.9127502, 45.6040792 ], [ 5.9129797, 45.604121 ] ], [ [ 5.9129797, 45.604121 ], [ 5.913438, 45.6041704 ], [ 5.9135402, 45.6041615 ], [ 5.913754, 45.604101 ], [ 5.9138617, 45.6040738 ], [ 5.9139815, 45.6040824 ], [ 5.914103, 45.6040973 ], [ 5.9141947, 45.6041076 ], [ 5.9142441, 45.604145 ], [ 5.9142657, 45.6042382 ] ], [ [ 5.9147845, 45.6041427 ], [ 5.9146674, 45.6042106 ], [ 5.9145909, 45.604246 ], [ 5.9145276, 45.604262 ], [ 5.914421, 45.6042612 ], [ 5.9143231, 45.6042556 ], [ 5.9142657, 45.6042382 ] ] ] } },
{ "type": "Feature", "properties": { "id_voie": "73065_0300", "nom": "Rue Benoît Molin", "type_voie": "Rue", "longueur_m": 156.2, "quartier": "LA" }, "geometry": { "type": "MultiLineString", "coordinates": [ [ [ 5.9238017, 45.5620393 ], [ 5.9240458, 45.5619492 ], [ 5.9242648, 45.5618939 ], [ 5.9245048, 45.561848 ], [ 5.9249336, 45.5618053 ] ], [ [ 5.9238017, 45.5620393 ], [ 5.9230748, 45.5622916 ] ] ] } },
{ "type": "Feature", "properties": { "id_voie": "73065_3240", "nom": "Rue Rabelais", "type_voie": "Rue", "longueur_m": 360.8, "quartier": "CE" }, "geometry": { "type": "MultiLineString", "coordinates": [ [ [ 5.9060733, 45.5710127 ], [ 5.9058857, 45.5710806 ], [ 5.9057709, 45.5711187 ], [ 5.9056737, 45.5711492 ] ], [ [ 5.9068747, 45.5707361 ], [ 5.9067264, 45.570794 ], [ 5.9064792, 45.5708761 ], [ 5.9060733, 45.5710127 ] ], [ [ 5.9056737, 45.5711492 ], [ 5.9054467, 45.5711758 ], [ 5.9052324, 45.5711741 ], [ 5.9050237, 45.5711327 ], [ 5.9048602, 45.5710747 ] ], [ [ 5.9048602, 45.5710747 ], [ 5.9047221, 45.5710341 ], [ 5.9046128, 45.5710036 ], [ 5.9045211, 45.570969 ], [ 5.9044097, 45.5709241 ], [ 5.9043198, 45.5708724 ], [ 5.9042427, 45.5707726 ], [ 5.9040044, 45.5704363 ], [ 5.9037811, 45.5701168 ] ], [ [ 5.9037811, 45.5701168 ], [ 5.9037098, 45.5700042 ], [ 5.9036179, 45.5698417 ], [ 5.9035306, 45.5697187 ] ] ] } },
{ "type": "Feature", "properties": { "id_voie": "73065_0976", "nom": "Rue de Côte-Rousse", "type_voie": "Rue", "longueur_m": 168.2, "quartier": "HC" }, "geometry": { "type": "LineString", "coordinates": [ [ 5.9240532, 45.5866299 ], [ 5.9239057, 45.5869248 ], [ 5.9236549, 45.5873756 ], [ 5.9232963, 45.5880472 ] ] } },
{ "type": "Feature", "properties": { "id_voie": "73065_1571", "nom": "Allée du Mahatma Gandhi", "type_voie": "Allée", "longueur_m": 154.4, "quartier": "HC" }, "geometry": { "type": "LineString", "coordinates": [ [ 5.9225492, 45.5967306 ], [ 5.9224881, 45.5966187 ], [ 5.9224877, 45.5964907 ], [ 5.9224895, 45.5958428 ], [ 5.922504, 45.5955333 ], [ 5.9225225, 45.5953499 ] ] } },
{ "type": "Feature", "properties": { "id_voie": "73065_3750", "nom": "Rue de la Trésorerie", "type_voie": "Rue", "longueur_m": 111.0, "quartier": "CE" }, "geometry": { "type": "MultiLineString", "coordinates": [ [ [ 5.9172974, 45.5656352 ], [ 5.9176611, 45.5656231 ] ], [ [ 5.9176611, 45.5656231 ], [ 5.9180538, 45.5654327 ] ], [ [ 5.9180538, 45.5654327 ], [ 5.9180759, 45.5653879 ], [ 5.9181158, 45.5653428 ], [ 5.9181721, 45.5652908 ], [ 5.9182702, 45.5652288 ], [ 5.9184279, 45.5651292 ] ] ] } },
{ "type": "Feature", "properties": { "id_voie": "73065_3879", "nom": "Allée des Volières", "type_voie": "Allée", "longueur_m": 80.1, "quartier": "LA" }, "geometry": { "type": "LineString", "coordinates": [ [ 5.9338241, 45.5715658 ], [ 5.9338817, 45.5714904 ], [ 5.9339297, 45.5714513 ], [ 5.9340339, 45.5714333 ], [ 5.9341362, 45.5714513 ], [ 5.9342366, 45.5714811 ], [ 5.9343316, 45.5714813 ], [ 5.9344317, 45.5714589 ], [ 5.9347289, 45.5714007 ] ] } },
{ "type": "Feature", "properties": { "id_voie": "73065_1440", "nom": "Chemin de Foray", "type_voie": "Chemin", "longueur_m": 1028.2, "quartier": null }, "geometry": { "type": "MultiLineString", "coordinates": [ [ [ 5.8956683, 45.5680906 ], [ 5.8957669, 45.5681853 ], [ 5.8957792, 45.5681985 ] ], [ [ 5.8960239, 45.5684869 ], [ 5.8961907, 45.5686358 ], [ 5.8964129, 45.5687877 ], [ 5.8967279, 45.5690698 ], [ 5.8969294, 45.5692682 ], [ 5.8970038, 45.5693411 ] ], [ [ 5.8957792, 45.5681985 ], [ 5.8960239, 45.5684869 ] ], [ [ 5.8970628, 45.5694144 ], [ 5.8974178, 45.5697512 ], [ 5.8974977, 45.5698311 ], [ 5.8975667, 45.5698997 ], [ 5.8976898, 45.5700226 ], [ 5.8977876, 45.5701499 ], [ 5.8978671, 45.5702965 ], [ 5.8979419, 45.5704261 ] ], [ [ 5.8970038, 45.5693411 ], [ 5.8970628, 45.5694144 ] ], [ [ 5.8964955, 45.5701462 ], [ 5.8970628, 45.5694144 ] ], [ [ 5.8983704, 45.5712603 ], [ 5.8984415, 45.5713441 ], [ 5.8985493, 45.571444 ] ], [ [ 5.8991863, 45.5733198 ], [ 5.8992654, 45.5734584 ] ], [ [ 5.8992654, 45.5734584 ], [ 5.8993453, 45.5736122 ], [ 5.899375, 45.5736889 ], [ 5.8994585, 45.5739607 ] ], [ [ 5.8985493, 45.571444 ], [ 5.8985614, 45.5715266 ], [ 5.8985901, 45.5716106 ], [ 5.898651, 45.5717694 ], [ 5.8987065, 45.5718986 ], [ 5.8987382, 45.572014 ], [ 5.8987996, 45.5722053 ], [ 5.8988093, 45.5722699 ], [ 5.8988133, 45.5724924 ], [ 5.8988232, 45.5725588 ], [ 5.8988479, 45.5726392 ], [ 5.8988866, 45.5727175 ], [ 5.8989737, 45.5728604 ], [ 5.899144, 45.5732461 ], [ 5.8991863, 45.5733198 ] ], [ [ 5.8979419, 45.5704261 ], [ 5.8980256, 45.5705798 ], [ 5.8982185, 45.5709804 ], [ 5.8983704, 45.5712603 ] ], [ [ 5.8995471, 45.5741585 ], [ 5.8996177, 45.5743558 ], [ 5.8996452, 45.5744893 ], [ 5.8996602, 45.5747268 ], [ 5.8996489, 45.57532 ], [ 5.8996525, 45.5756344 ], [ 5.8996942, 45.5757937 ] ], [ [ 5.8994585, 45.5739607 ], [ 5.8995471, 45.5741585 ] ] ] } },
{ "type": "Feature", "properties": { "id_voie": "73065_2870", "nom": "Boulevard du Musée", "type_voie": "Boulevard", "longueur_m": 206.9, "quartier": "CE" }, "geometry": { "type": "MultiLineString", "coordinates": [ [ [ 5.9197989, 45.5685321 ], [ 5.9201292, 45.5684226 ] ], [ [ 5.9209259, 45.5680091 ], [ 5.9208377, 45.5681844 ] ], [ [ 5.9208042, 45.5682546 ], [ 5.9212027, 45.5681722 ] ], [ [ 5.9208377, 45.5681844 ], [ 5.9208042, 45.5682546 ] ], [ [ 5.920154, 45.5684553 ], [ 5.9203497, 45.5683944 ], [ 5.9206065, 45.5683021 ], [ 5.9208042, 45.5682546 ] ], [ [ 5.9201292, 45.5684226 ], [ 5.920454, 45.5683052 ], [ 5.9206198, 45.5682378 ], [ 5.9207349, 45.5682069 ], [ 5.9208377, 45.5681844 ] ] ] } },
{ "type": "Feature", "properties": { "id_voie": "73065_0603", "nom": "Montée de Chaloup", "type_voie": "Montée", "longueur_m": 607.2, "quartier": "BI" }, "geometry": { "type": "MultiLineString", "coordinates": [ [ [ 5.8830115, 45.5701181 ], [ 5.8830528, 45.5701477 ], [ 5.8831342, 45.5701835 ], [ 5.8832225, 45.5702037 ], [ 5.8834099, 45.5702052 ], [ 5.8834416, 45.5701981 ], [ 5.8834809, 45.5701899 ], [ 5.883501, 45.5701813 ] ], [ [ 5.8809671, 45.5692181 ], [ 5.8810045, 45.569246 ], [ 5.8810875, 45.5693367 ], [ 5.8811312, 45.5693878 ], [ 5.8812046, 45.5694427 ], [ 5.8812839, 45.5694866 ], [ 5.8813679, 45.5695241 ], [ 5.8816531, 45.5696051 ], [ 5.882009, 45.5696654 ], [ 5.8822338, 45.5696947 ], [ 5.8823573, 45.5697015 ], [ 5.8824402, 45.5697174 ], [ 5.8825962, 45.5697566 ], [ 5.882662, 45.5697874 ], [ 5.8827858, 45.5698734 ], [ 5.8828988, 45.5699985 ], [ 5.8830115, 45.5701181 ] ], [ [ 5.8775418, 45.5679588 ], [ 5.8774144, 45.5679017 ], [ 5.8773411, 45.5678486 ], [ 5.8771893, 45.5677669 ], [ 5.877122, 45.5677307 ], [ 5.8769139, 45.5676261 ] ], [ [ 5.8785478, 45.5683583 ], [ 5.878434, 45.568291 ], [ 5.8783107, 45.5682391 ], [ 5.8780679, 45.5681589 ], [ 5.8776675, 45.5680069 ], [ 5.8775418, 45.5679588 ] ], [ [ 5.8790182, 45.568622 ], [ 5.8788, 45.5685465 ], [ 5.8786658, 45.5684805 ], [ 5.8785898, 45.5684266 ], [ 5.8785478, 45.5683583 ] ], [ [ 5.8790182, 45.568622 ], [ 5.8795195, 45.5687632 ], [ 5.8799707, 45.5688805 ], [ 5.8800646, 45.5689088 ] ], [ [ 5.8800646, 45.5689088 ], [ 5.8803396, 45.5689927 ], [ 5.880863, 45.569164 ], [ 5.8809671, 45.5692181 ] ] ] } },
{ "type": "Feature", "properties": { "id_voie": "73065_1150", "nom": "Avenue Docteur Desfrancois", "type_voie": "Avenue", "longueur_m": 509.8, "quartier": "LA" }, "geometry": { "type": "MultiLineString", "coordinates": [ [ [ 5.9245893, 45.568531 ], [ 5.9247099, 45.5685324 ], [ 5.9249838, 45.5685433 ] ], [ [ 5.9249838, 45.5685433 ], [ 5.9252043, 45.5685646 ] ], [ [ 5.9252043, 45.5685646 ], [ 5.9253625, 45.5685731 ] ], [ [ 5.9253625, 45.5685731 ], [ 5.9258414, 45.568603 ] ], [ [ 5.9258414, 45.568603 ], [ 5.9264665, 45.5686344 ], [ 5.9270316, 45.5686693 ] ], [ [ 5.9274926, 45.5686771 ], [ 5.9276101, 45.5686912 ], [ 5.9277259, 45.5686989 ], [ 5.9278764, 45.5687058 ], [ 5.9279729, 45.5687114 ] ], [ [ 5.9278118, 45.5687219 ], [ 5.927721, 45.5687261 ], [ 5.9276393, 45.5687354 ], [ 5.9275352, 45.5687553 ], [ 5.9274756, 45.5687694 ] ], [ [ 5.927459, 45.5686491 ], [ 5.9274682, 45.5686525 ], [ 5.9274926, 45.5686771 ] ], [ [ 5.9274756, 45.5687694 ], [ 5.9274482, 45.5687837 ] ], [ [ 5.9274926, 45.5686771 ], [ 5.9275, 45.5687211 ], [ 5.9274923, 45.5687456 ], [ 5.9274756, 45.5687694 ] ], [ [ 5.9273393, 45.5686423 ], [ 5.9273698, 45.5686361 ], [ 5.9274069, 45.5686343 ], [ 5.9274418, 45.5686397 ], [ 5.927459, 45.5686491 ] ], [ [ 5.9274482, 45.5687837 ], [ 5.9274127, 45.5687918 ], [ 5.927373, 45.5687928 ], [ 5.9273367, 45.5687875 ], [ 5.927304, 45.5687748 ] ], [ [ 5.9272619, 45.5687309 ], [ 5.9272644, 45.5687047 ], [ 5.9272796, 45.5686772 ], [ 5.9272918, 45.5686661 ] ], [ [ 5.927304, 45.5687748 ], [ 5.9272775, 45.5687584 ], [ 5.9272619, 45.5687309 ] ], [ [ 5.9272918, 45.5686661 ], [ 5.927303, 45.5686577 ], [ 5.9273393, 45.5686423 ] ], [ [ 5.9270316, 45.5686693 ], [ 5.9271984, 45.5686694 ], [ 5.9272918, 45.5686661 ] ], [ [ 5.9272619, 45.5687309 ], [ 5.9271823, 45.5687059 ], [ 5.927108, 45.5686835 ], [ 5.9270316, 45.5686693 ] ], [ [ 5.9279729, 45.5687114 ], [ 5.9282314, 45.5687227 ] ], [ [ 5.9279729, 45.5687114 ], [ 5.9278694, 45.5687186 ], [ 5.9278118, 45.5687219 ] ], [ [ 5.9282314, 45.5687227 ], [ 5.928539, 45.5687408 ], [ 5.9290491, 45.5687807 ], [ 5.92981, 45.5688312 ] ] ] } },
{ "type": "Feature", "properties": { "id_voie": "73065_1045", "nom": "Rue du Dauphiné", "type_voie": "Rue", "longueur_m": 132.1, "quartier": "HC" }, "geometry": { "type": "LineString", "coordinates": [ [ 5.9217566, 45.5883711 ], [ 5.9217887, 45.5883468 ], [ 5.9218053, 45.5883193 ], [ 5.9218119, 45.5882273 ], [ 5.9218359, 45.5881221 ], [ 5.921896, 45.5880196 ], [ 5.9219385, 45.5879735 ], [ 5.9219878, 45.5879352 ], [ 5.9220711, 45.5878844 ], [ 5.9221264, 45.5878623 ], [ 5.9221879, 45.5878606 ], [ 5.9223118, 45.5878746 ], [ 5.922369, 45.5878875 ], [ 5.9224358, 45.5879137 ], [ 5.9225129, 45.5879396 ], [ 5.9226047, 45.5879769 ], [ 5.922678, 45.5880272 ], [ 5.9227359, 45.5880798 ], [ 5.92275, 45.5881028 ], [ 5.9227386, 45.5881311 ], [ 5.9227038, 45.5881527 ] ] } },
{ "type": "Feature", "properties": { "id_voie": "73065_0890", "nom": "Boulevard de la Colonne", "type_voie": "Boulevard", "longueur_m": 425.7, "quartier": "CE" }, "geometry": { "type": "MultiLineString", "coordinates": [ [ [ 5.9212027, 45.5681722 ], [ 5.9212529, 45.5681033 ] ], [ [ 5.9218789, 45.5673238 ], [ 5.9219197, 45.567293 ] ], [ [ 5.9218235, 45.5673676 ], [ 5.9218789, 45.5673238 ] ], [ [ 5.9212529, 45.5681033 ], [ 5.9214241, 45.5679673 ], [ 5.921716, 45.5677371 ], [ 5.9220842, 45.5674446 ] ], [ [ 5.9218235, 45.5673676 ], [ 5.9215015, 45.5676111 ], [ 5.9212375, 45.5678117 ], [ 5.9210154, 45.5679536 ], [ 5.9209259, 45.5680091 ] ], [ [ 5.9219197, 45.567293 ], [ 5.9221375, 45.5671179 ], [ 5.9225192, 45.5668142 ], [ 5.922639, 45.5667021 ] ], [ [ 5.9220842, 45.5674446 ], [ 5.9221263, 45.5674156 ], [ 5.9225556, 45.5670908 ] ], [ [ 5.922639, 45.5667021 ], [ 5.9227493, 45.5666037 ] ], [ [ 5.9225556, 45.5670908 ], [ 5.9226972, 45.5669781 ], [ 5.9228565, 45.5668127 ] ], [ [ 5.9228565, 45.5668127 ], [ 5.9229596, 45.5666992 ] ] ] } },
{ "type": "Feature", "properties": { "id_voie": "73065_0820", "nom": "Chemin de la Chevalière", "type_voie": "Chemin", "longueur_m": 289.9, "quartier": "BI" }, "geometry": { "type": "MultiLineString", "coordinates": [ [ [ 5.8873908, 45.5818305 ], [ 5.887334, 45.5817248 ], [ 5.8873023, 45.5816841 ] ], [ [ 5.8871182, 45.5814014 ], [ 5.886984, 45.5813616 ], [ 5.8867543, 45.5812873 ] ], [ [ 5.8873023, 45.5816841 ], [ 5.8872698, 45.5816264 ], [ 5.8872344, 45.5815381 ], [ 5.88719, 45.5814726 ], [ 5.8871533, 45.5814339 ], [ 5.8871182, 45.5814014 ] ], [ [ 5.8855302, 45.5807231 ], [ 5.8859126, 45.5809197 ], [ 5.8863248, 45.5811461 ], [ 5.886427, 45.5811876 ] ], [ [ 5.8867543, 45.5812873 ], [ 5.8866348, 45.5812597 ], [ 5.8865527, 45.5812357 ], [ 5.886427, 45.5811876 ] ], [ [ 5.8849516, 45.580428 ], [ 5.8855302, 45.5807231 ] ], [ [ 5.8845753, 45.5802493 ], [ 5.8847157, 45.5803097 ], [ 5.8849516, 45.580428 ] ] ] } },
{ "type": "Feature", "properties": { "id_voie": "73065_3510", "nom": "Rue Sainte-Appolonie", "type_voie": "Rue", "longueur_m": 43.7, "quartier": "CE" }, "geometry": { "type": "LineString", "coordinates": [ [ 5.9196679, 45.5653385 ], [ 5.919651, 45.565311 ], [ 5.9196324, 45.5652745 ], [ 5.9196208, 45.5652244 ], [ 5.9196234, 45.5651756 ], [ 5.9196421, 45.5651175 ], [ 5.9196698, 45.5650591 ], [ 5.9197618, 45.5649783 ] ] } },
{ "type": "Feature", "properties": { "id_voie": "73065_3281", "nom": "Allée René Clair", "type_voie": "Allée", "longueur_m": 91.7, "quartier": "HC" }, "geometry": { "type": "LineString", "coordinates": [ [ 5.9213353, 45.6003404 ], [ 5.9214386, 45.6004747 ], [ 5.921563, 45.6006184 ], [ 5.9220448, 45.60065 ], [ 5.9222443, 45.6005628 ] ] } },
{ "type": "Feature", "properties": { "id_voie": "73065_1370", "nom": "Rue de la Féclaz", "type_voie": "Rue", "longueur_m": 173.5, "quartier": "BI" }, "geometry": { "type": "MultiLineString", "coordinates": [ [ [ 5.8973944, 45.5781157 ], [ 5.8990055, 45.5786445 ] ], [ [ 5.8990055, 45.5786445 ], [ 5.8994172, 45.5787636 ] ] ] } },
{ "type": "Feature", "properties": { "id_voie": "73065_3790", "nom": "Montée Valérieux", "type_voie": "Montée", "longueur_m": 587.2, "quartier": "BE" }, "geometry": { "type": "MultiLineString", "coordinates": [ [ [ 5.9194797, 45.5629834 ], [ 5.9195398, 45.5630053 ], [ 5.9196403, 45.5630612 ], [ 5.9197356, 45.5631408 ], [ 5.919763, 45.5631743 ], [ 5.9197844, 45.5632152 ], [ 5.9197985, 45.5632887 ], [ 5.9199211, 45.5635937 ] ], [ [ 5.9191291, 45.5600036 ], [ 5.9191315, 45.5598792 ], [ 5.9191351, 45.5595079 ], [ 5.9191375, 45.5593582 ] ], [ [ 5.9191375, 45.5593582 ], [ 5.9191392, 45.5593194 ], [ 5.91914, 45.5592852 ] ], [ [ 5.9188966, 45.5624579 ], [ 5.9188799, 45.5622871 ], [ 5.9188735, 45.5622143 ], [ 5.9188595, 45.5620948 ] ], [ [ 5.9188755, 45.561497 ], [ 5.9188393, 45.5618079 ] ], [ [ 5.9188257, 45.5612577 ], [ 5.9188648, 45.5614162 ], [ 5.9188755, 45.561497 ] ], [ [ 5.9187849, 45.5609947 ], [ 5.9188257, 45.5612577 ] ], [ [ 5.9190793, 45.5607627 ], [ 5.9191233, 45.5603561 ] ], [ [ 5.9191233, 45.5603561 ], [ 5.9191291, 45.5600036 ] ], [ [ 5.9190933, 45.5610543 ], [ 5.9190793, 45.5607627 ] ], [ [ 5.9190834, 45.5612789 ], [ 5.9190933, 45.5610543 ] ], [ [ 5.919061, 45.5618292 ], [ 5.9190834, 45.5612789 ] ], [ [ 5.9189303, 45.562904 ], [ 5.9194797, 45.5629834 ] ], [ [ 5.9189303, 45.562904 ], [ 5.9189242, 45.5627627 ], [ 5.9189197, 45.5627258 ], [ 5.9189127, 45.5626431 ], [ 5.9188969, 45.5624633 ], [ 5.9188966, 45.5624579 ] ] ] } },
{ "type": "Feature", "properties": { "id_voie": "73065_1603", "nom": "Rue de Gascogne", "type_voie": "Rue", "longueur_m": 121.7, "quartier": "CV" }, "geometry": { "type": "MultiLineString", "coordinates": [ [ [ 5.9124297, 45.6017663 ], [ 5.9123962, 45.6017401 ], [ 5.9123086, 45.6017091 ], [ 5.9121375, 45.6016784 ], [ 5.9120525, 45.6016725 ], [ 5.9119549, 45.6016732 ], [ 5.9119104, 45.6016797 ] ], [ [ 5.9119104, 45.6016797 ], [ 5.911737, 45.6017031 ], [ 5.9117077, 45.6017066 ] ], [ [ 5.9117077, 45.6017066 ], [ 5.9116057, 45.6017201 ], [ 5.911568, 45.6017111 ], [ 5.9115445, 45.6016793 ], [ 5.9115387, 45.6016434 ], [ 5.9115502, 45.6016179 ], [ 5.9115837, 45.6015954 ], [ 5.9116827, 45.6015739 ], [ 5.9117997, 45.6015528 ], [ 5.911838, 45.6015491 ], [ 5.911859, 45.6015576 ], [ 5.9118797, 45.601585 ], [ 5.9119104, 45.6016797 ] ] ] } },
{ "type": "Feature", "properties": { "id_voie": "73065_2775", "nom": "Rue du Mont-Outherans", "type_voie": "Rue", "longueur_m": 352.4, "quartier": "BI" }, "geometry": { "type": "MultiLineString", "coordinates": [ [ [ 5.8957732, 45.5727257 ], [ 5.8958529, 45.5726804 ], [ 5.8960094, 45.5725565 ], [ 5.8960818, 45.5724934 ], [ 5.8961862, 45.5723799 ] ], [ [ 5.8961862, 45.5723799 ], [ 5.8959908, 45.5722732 ], [ 5.8959356, 45.5722494 ], [ 5.8958454, 45.5722418 ] ], [ [ 5.8957732, 45.5727257 ], [ 5.8956159, 45.5727838 ], [ 5.8954147, 45.5728377 ], [ 5.8953465, 45.5728827 ], [ 5.8953023, 45.5729217 ] ], [ [ 5.8963409, 45.5722227 ], [ 5.8964194, 45.5721531 ], [ 5.8964663, 45.5720933 ], [ 5.8964969, 45.5720403 ] ], [ [ 5.8961862, 45.5723799 ], [ 5.8963409, 45.5722227 ] ], [ [ 5.8964969, 45.5720403 ], [ 5.8968798, 45.5720502 ], [ 5.8971517, 45.5720486 ], [ 5.8971926, 45.5720458 ], [ 5.8972703, 45.5720104 ] ], [ [ 5.8972703, 45.5720104 ], [ 5.8974496, 45.5718562 ], [ 5.8977287, 45.571649 ], [ 5.8979138, 45.5715091 ], [ 5.8980788, 45.5714012 ], [ 5.8981548, 45.5713578 ], [ 5.8983704, 45.5712603 ] ] ] } },
{ "type": "Feature", "properties": { "id_voie": "73065_1743", "nom": "Rue du Grand Champ", "type_voie": "Rue", "longueur_m": 1417.8, "quartier": "HC" }, "geometry": { "type": "MultiLineString", "coordinates": [ [ [ 5.9191484, 45.6021291 ], [ 5.919036, 45.6024817 ] ], [ [ 5.9192898, 45.6016461 ], [ 5.9191484, 45.6021291 ] ], [ [ 5.9202209, 45.5982194 ], [ 5.9202601, 45.5981598 ], [ 5.9203543, 45.5979501 ], [ 5.9205368, 45.5974903 ] ], [ [ 5.9205368, 45.5974903 ], [ 5.9206083, 45.5973136 ] ], [ [ 5.9207832, 45.5968811 ], [ 5.9207179, 45.5970558 ], [ 5.9206613, 45.5971744 ], [ 5.9206083, 45.5973136 ] ], [ [ 5.9208071, 45.5967741 ], [ 5.9207832, 45.5968811 ] ], [ [ 5.9204713, 45.5972947 ], [ 5.9205373, 45.5971352 ], [ 5.9206262, 45.5969221 ], [ 5.9206706, 45.5968146 ], [ 5.9208071, 45.5967741 ] ], [ [ 5.9205208, 45.5954596 ], [ 5.9206109, 45.5957556 ], [ 5.9206825, 45.595897 ], [ 5.9207072, 45.5959504 ], [ 5.9207507, 45.5960943 ], [ 5.9207986, 45.5962733 ], [ 5.9208137, 45.5963648 ], [ 5.92083, 45.5965266 ], [ 5.9208259, 45.5966691 ], [ 5.9208071, 45.5967741 ] ], [ [ 5.9205208, 45.5954596 ], [ 5.9203769, 45.5949687 ], [ 5.9203768, 45.5949669 ], [ 5.9203743, 45.5948714 ] ], [ [ 5.9206646, 45.5936582 ], [ 5.9206173, 45.5938325 ], [ 5.9205636, 45.594006 ], [ 5.9205004, 45.594195 ], [ 5.9204386, 45.5944102 ], [ 5.9203956, 45.5946168 ], [ 5.9203769, 45.5948227 ], [ 5.9203743, 45.5948714 ] ], [ [ 5.9202363, 45.5932017 ], [ 5.9204138, 45.5932331 ] ], [ [ 5.9204138, 45.5932331 ], [ 5.920652, 45.5932963 ], [ 5.920709, 45.59333 ], [ 5.9207263, 45.5933674 ], [ 5.9207038, 45.5935247 ], [ 5.9206646, 45.5936582 ] ], [ [ 5.9187117, 45.5929863 ], [ 5.9199758, 45.5933004 ] ], [ [ 5.9199758, 45.5933004 ], [ 5.9200606, 45.593181 ], [ 5.9200989, 45.5931764 ], [ 5.9202363, 45.5932017 ] ], [ [ 5.9201021, 45.5980846 ], [ 5.920155, 45.59804 ], [ 5.9202442, 45.597834 ], [ 5.9204056, 45.5974613 ], [ 5.9204713, 45.5972947 ] ], [ [ 5.9202209, 45.5982194 ], [ 5.9202106, 45.598535 ], [ 5.9201162, 45.5989601 ] ], [ [ 5.9201162, 45.5989601 ], [ 5.9199939, 45.599539 ] ], [ [ 5.9199939, 45.599539 ], [ 5.9199822, 45.5996078 ] ], [ [ 5.9199822, 45.5996078 ], [ 5.9199572, 45.599695 ], [ 5.9198332, 45.6000938 ], [ 5.9197395, 45.6003368 ] ], [ [ 5.9195953, 45.600719 ], [ 5.9194976, 45.601009 ], [ 5.9193733, 45.601379 ], [ 5.9192898, 45.6016461 ] ], [ [ 5.9197395, 45.6003368 ], [ 5.9195953, 45.600719 ] ], [ [ 5.9187756, 45.6014855 ], [ 5.9192898, 45.6016461 ] ] ] } },
{ "type": "Feature", "properties": { "id_voie": "73065_0750", "nom": "Quai Charles Roissard", "type_voie": "Quai", "longueur_m": 212.1, "quartier": "CE" }, "geometry": { "type": "MultiLineString", "coordinates": [ [ [ 5.918519, 45.5700774 ], [ 5.9183347, 45.5702804 ], [ 5.9181941, 45.5704364 ], [ 5.9180756, 45.5705494 ], [ 5.917999, 45.5706063 ] ], [ [ 5.9194598, 45.5691339 ], [ 5.9193839, 45.5691782 ], [ 5.9191973, 45.569338 ], [ 5.9190152, 45.5695104 ], [ 5.9188934, 45.5696334 ], [ 5.9188018, 45.5697466 ], [ 5.9186651, 45.5699024 ], [ 5.918519, 45.5700774 ] ], [ [ 5.919578, 45.569065 ], [ 5.9195171, 45.5691008 ], [ 5.9194598, 45.5691339 ] ] ] } },
{ "type": "Feature", "properties": { "id_voie": "73065_3743", "nom": "Rue des Treilles", "type_voie": "Rue", "longueur_m": 370.7, "quartier": "BI" }, "geometry": { "type": "MultiLineString", "coordinates": [ [ [ 5.8896914, 45.5745159 ], [ 5.8896096, 45.5745721 ], [ 5.8893936, 45.5746867 ], [ 5.8893572, 45.5747011 ], [ 5.8892961, 45.5747099 ], [ 5.8892138, 45.5747066 ] ], [ [ 5.8892138, 45.5747066 ], [ 5.8888259, 45.5745517 ], [ 5.8886984, 45.5744928 ] ], [ [ 5.8905435, 45.5748139 ], [ 5.8903236, 45.5747312 ] ], [ [ 5.8906345, 45.5743214 ], [ 5.8907734, 45.5740808 ], [ 5.8908035, 45.574044 ], [ 5.8908681, 45.5739774 ], [ 5.8911669, 45.5737048 ], [ 5.891203, 45.5736823 ], [ 5.8912462, 45.573674 ], [ 5.8912911, 45.5736755 ], [ 5.8913407, 45.5736905 ], [ 5.8915555, 45.5738003 ] ], [ [ 5.8904548, 45.57459 ], [ 5.8906619, 45.574673 ], [ 5.8905435, 45.5748139 ] ], [ [ 5.8906345, 45.5743214 ], [ 5.8904548, 45.57459 ] ], [ [ 5.8904548, 45.57459 ], [ 5.8903236, 45.5747312 ] ], [ [ 5.8903236, 45.5747312 ], [ 5.8896914, 45.5745159 ] ] ] } },
{ "type": "Feature", "properties": { "id_voie": "73065_1030", "nom": "Rue d'Alexandry", "type_voie": "Rue", "longueur_m": 230.8, "quartier": "LA" }, "geometry": { "type": "LineString", "coordinates": [ [ 5.9298148, 45.5625855 ], [ 5.9299944, 45.5625133 ], [ 5.930217, 45.5623813 ], [ 5.9303616, 45.5622775 ], [ 5.9304962, 45.5621289 ], [ 5.9305359, 45.5620306 ], [ 5.9305489, 45.5619618 ], [ 5.9305513, 45.561886 ], [ 5.9305441, 45.5616519 ], [ 5.930516, 45.561412 ], [ 5.9305221, 45.5612353 ], [ 5.9305553, 45.5610866 ], [ 5.9306833, 45.5607427 ] ] } },
{ "type": "Feature", "properties": { "id_voie": "73065_3160", "nom": "Place Porte-Reine", "type_voie": "Place", "longueur_m": 122.5, "quartier": "CE" }, "geometry": { "type": "MultiLineString", "coordinates": [ [ [ 5.9207423, 45.5641103 ], [ 5.9207359, 45.5640852 ], [ 5.9206142, 45.5639668 ] ], [ [ 5.9202692, 45.5636279 ], [ 5.9204405, 45.5637874 ], [ 5.9206142, 45.5639668 ] ], [ [ 5.9202955, 45.5641517 ], [ 5.9206142, 45.5639668 ] ], [ [ 5.920529, 45.5642726 ], [ 5.9205827, 45.5642208 ], [ 5.9207355, 45.5641258 ], [ 5.9207423, 45.5641103 ] ] ] } },
{ "type": "Feature", "properties": { "id_voie": "73065_2240", "nom": "Route de la Labiaz", "type_voie": "Route", "longueur_m": 1392.0, "quartier": "BI" }, "geometry": { "type": "MultiLineString", "coordinates": [ [ [ 5.8895885, 45.5730354 ], [ 5.8895214, 45.5731254 ], [ 5.8894477, 45.5732868 ], [ 5.8892595, 45.5735908 ], [ 5.8889702, 45.5740704 ], [ 5.8888072, 45.574317 ] ], [ [ 5.8888072, 45.574317 ], [ 5.8886984, 45.5744928 ] ], [ [ 5.8886984, 45.5744928 ], [ 5.8885729, 45.5746951 ], [ 5.8884636, 45.5748881 ], [ 5.8882469, 45.5752108 ], [ 5.8881276, 45.5753833 ], [ 5.8880652, 45.575539 ] ], [ [ 5.8913247, 45.5709255 ], [ 5.8911622, 45.5712027 ], [ 5.8910642, 45.5713413 ], [ 5.8909619, 45.5714709 ], [ 5.890875, 45.5715768 ], [ 5.8907847, 45.5716647 ], [ 5.8906912, 45.571741 ], [ 5.8905919, 45.5718058 ], [ 5.8904205, 45.5719147 ] ], [ [ 5.8902308, 45.5721151 ], [ 5.8902192, 45.5721884 ], [ 5.8901837, 45.5722947 ], [ 5.8901365, 45.5723734 ], [ 5.8900739, 45.5724516 ], [ 5.8899596, 45.5725735 ], [ 5.8898517, 45.5726934 ], [ 5.8897583, 45.5727976 ], [ 5.8896838, 45.5728933 ], [ 5.8895885, 45.5730354 ] ], [ [ 5.8913247, 45.5709255 ], [ 5.8914127, 45.5707907 ], [ 5.8915302, 45.5706093 ], [ 5.8916317, 45.5704391 ], [ 5.8916995, 45.5703373 ] ], [ [ 5.8916995, 45.5703373 ], [ 5.8917851, 45.5701837 ], [ 5.8918602, 45.5700232 ] ], [ [ 5.8876733, 45.5813655 ], [ 5.8876802, 45.5813266 ], [ 5.8876801, 45.58125 ], [ 5.8876516, 45.5810228 ], [ 5.8875488, 45.5797405 ] ], [ [ 5.8875402, 45.5796236 ], [ 5.8875488, 45.5797405 ] ], [ [ 5.8876733, 45.5813655 ], [ 5.8876626, 45.581555 ], [ 5.8876596, 45.58162 ], [ 5.8876588, 45.5817038 ] ], [ [ 5.8876733, 45.5813655 ], [ 5.8876636, 45.5814252 ], [ 5.8876379, 45.5814998 ], [ 5.8875912, 45.5815875 ], [ 5.8875117, 45.5816878 ] ], [ [ 5.8874929, 45.5773865 ], [ 5.8874439, 45.5775049 ], [ 5.8873982, 45.5776863 ] ], [ [ 5.8873982, 45.5776863 ], [ 5.887396, 45.5777422 ], [ 5.8874486, 45.5782851 ] ], [ [ 5.8874486, 45.5782851 ], [ 5.887457, 45.57842 ], [ 5.8874853, 45.5787671 ], [ 5.8875402, 45.5796236 ] ], [ [ 5.8880652, 45.575539 ], [ 5.8880474, 45.5756404 ], [ 5.8880541, 45.5758186 ], [ 5.8880507, 45.5760485 ], [ 5.8880409, 45.5762055 ], [ 5.8879989, 45.5764102 ], [ 5.887949, 45.5765845 ], [ 5.8879098, 45.5766937 ], [ 5.8878499, 45.5768259 ], [ 5.8877428, 45.5770106 ], [ 5.8875888, 45.5772318 ], [ 5.8874929, 45.5773865 ] ] ] } },
{ "type": "Feature", "properties": { "id_voie": "73065_1301", "nom": "Rue des Epinettes", "type_voie": "Rue", "longueur_m": 136.3, "quartier": "CV" }, "geometry": { "type": "LineString", "coordinates": [ [ 5.8951836, 45.6073497 ], [ 5.8951703, 45.6072905 ], [ 5.8951133, 45.6072325 ], [ 5.8950125, 45.6071712 ], [ 5.8947955, 45.6070713 ], [ 5.8946963, 45.6070162 ], [ 5.8945253, 45.6068881 ], [ 5.8944604, 45.6068493 ], [ 5.8943847, 45.606826 ], [ 5.894292, 45.6068203 ], [ 5.8938984, 45.6068061 ], [ 5.8937629, 45.6068177 ] ] } },
{ "type": "Feature", "properties": { "id_voie": "73065_1560", "nom": "Boulevard Léon Gambetta", "type_voie": "Boulevard", "longueur_m": 522.9, "quartier": "CE" }, "geometry": { "type": "MultiLineString", "coordinates": [ [ [ 5.9141547, 45.5731102 ], [ 5.9145849, 45.5731901 ], [ 5.9154955, 45.5733548 ] ], [ [ 5.9158568, 45.5734184 ], [ 5.9159125, 45.5734278 ] ], [ [ 5.9159125, 45.5734278 ], [ 5.9162494, 45.5734911 ], [ 5.9165165, 45.5735445 ] ], [ [ 5.9165165, 45.5735445 ], [ 5.9166228, 45.5735652 ] ], [ [ 5.9166228, 45.5735652 ], [ 5.916908, 45.5736209 ], [ 5.9172129, 45.5736851 ] ], [ [ 5.9172129, 45.5736851 ], [ 5.9172779, 45.5736996 ], [ 5.9173505, 45.5737148 ] ], [ [ 5.9105812, 45.5723477 ], [ 5.9106796, 45.5724127 ], [ 5.9106928, 45.5724205 ], [ 5.9107776, 45.5724723 ] ], [ [ 5.9107776, 45.5724723 ], [ 5.9111058, 45.5725395 ], [ 5.9116744, 45.572642 ], [ 5.9124533, 45.5727903 ], [ 5.9130586, 45.5729079 ] ], [ [ 5.9130586, 45.5729079 ], [ 5.9135872, 45.5730051 ], [ 5.9141547, 45.5731102 ] ] ] } },
{ "type": "Feature", "properties": { "id_voie": "73065_3310", "nom": "Rue du Revard", "type_voie": "Rue", "longueur_m": 793.7, "quartier": "BI" }, "geometry": { "type": "MultiLineString", "coordinates": [ [ [ 5.9053268, 45.5780668 ], [ 5.9051936, 45.5781216 ], [ 5.9049926, 45.5781781 ], [ 5.9046145, 45.5782852 ], [ 5.904281, 45.578384 ] ], [ [ 5.9053268, 45.5780668 ], [ 5.9053804, 45.5780131 ], [ 5.9054048, 45.5779638 ], [ 5.9054067, 45.5779025 ], [ 5.9053784, 45.5778266 ], [ 5.905195, 45.5775115 ], [ 5.9049324, 45.5770542 ], [ 5.9047491, 45.5767148 ], [ 5.9045515, 45.5763468 ] ], [ [ 5.9053268, 45.5780668 ], [ 5.905481, 45.5780961 ], [ 5.905604, 45.5782137 ], [ 5.9057908, 45.5785711 ], [ 5.9059951, 45.578919 ], [ 5.9062348, 45.5793553 ], [ 5.9064093, 45.5796734 ], [ 5.9066113, 45.580025 ], [ 5.9066377, 45.5800882 ], [ 5.9066493, 45.5801393 ], [ 5.9066349, 45.5802064 ], [ 5.9066068, 45.5802576 ] ], [ [ 5.9034982, 45.5744394 ], [ 5.9034951, 45.574453 ], [ 5.9034969, 45.574489 ], [ 5.903746, 45.5749331 ], [ 5.903855, 45.5751267 ] ], [ [ 5.9045515, 45.5763468 ], [ 5.9044915, 45.5762555 ], [ 5.9043874, 45.5760798 ], [ 5.9042528, 45.5758391 ] ], [ [ 5.9042528, 45.5758391 ], [ 5.904097, 45.5755593 ], [ 5.9039398, 45.5752759 ], [ 5.903855, 45.5751267 ] ] ] } },
{ "type": "Feature", "properties": { "id_voie": "73065_1470", "nom": "Rue Francois Descotes", "type_voie": "Rue", "longueur_m": 257.7, "quartier": "CE" }, "geometry": { "type": "LineString", "coordinates": [ [ 5.9115066, 45.5755532 ], [ 5.9117237, 45.5755836 ], [ 5.9126699, 45.5756925 ], [ 5.913922, 45.5758339 ], [ 5.9147658, 45.5759229 ] ] } },
{ "type": "Feature", "properties": { "id_voie": "73065_0360", "nom": "Rue de Boigne", "type_voie": "Rue", "longueur_m": 314.0, "quartier": "CE" }, "geometry": { "type": "MultiLineString", "coordinates": [ [ [ 5.9197618, 45.5649783 ], [ 5.91956, 45.5648736 ] ], [ [ 5.9202584, 45.5652258 ], [ 5.9202281, 45.5652104 ], [ 5.9199857, 45.5650896 ], [ 5.9197618, 45.5649783 ] ], [ [ 5.9209468, 45.565581 ], [ 5.9202584, 45.5652258 ] ], [ [ 5.9210338, 45.5656256 ], [ 5.9209468, 45.565581 ] ], [ [ 5.9217408, 45.5659919 ], [ 5.9210338, 45.5656256 ] ], [ [ 5.9222508, 45.5662743 ], [ 5.9222749, 45.5662925 ] ], [ [ 5.9222508, 45.5662743 ], [ 5.9217408, 45.5659919 ] ], [ [ 5.9222749, 45.5662925 ], [ 5.9227867, 45.5665586 ] ] ] } },
{ "type": "Feature", "properties": { "id_voie": "73065_0367", "nom": "Rue du Bois de Candie", "type_voie": "Rue", "longueur_m": 1811.4, "quartier": "CV" }, "geometry": { "type": "MultiLineString", "coordinates": [ [ [ 5.8981598, 45.6067161 ], [ 5.897972, 45.6067336 ], [ 5.8978102, 45.6067576 ], [ 5.8977094, 45.6067953 ], [ 5.8976405, 45.6068521 ], [ 5.8975592, 45.6069416 ], [ 5.8974161, 45.6070291 ], [ 5.8972595, 45.6071025 ], [ 5.8968793, 45.6072465 ], [ 5.896624, 45.6073225 ], [ 5.8963934, 45.6073573 ], [ 5.8962128, 45.6073646 ], [ 5.8960571, 45.6073587 ] ], [ [ 5.8994243, 45.6077946 ], [ 5.8992891, 45.607862 ], [ 5.8992372, 45.607876 ], [ 5.8991757, 45.6078785 ], [ 5.8990707, 45.6078578 ], [ 5.8988553, 45.6076921 ], [ 5.8987996, 45.6076332 ], [ 5.8987846, 45.6075678 ], [ 5.8988228, 45.6075127 ], [ 5.8990187, 45.6073797 ], [ 5.8990601, 45.6073372 ], [ 5.8990522, 45.6072833 ], [ 5.8990176, 45.6072356 ], [ 5.898706, 45.6070472 ], [ 5.8985428, 45.6069459 ], [ 5.898401, 45.6068613 ], [ 5.8982592, 45.6067767 ], [ 5.8981598, 45.6067161 ] ], [ [ 5.8991698, 45.6059737 ], [ 5.8991189, 45.6060075 ], [ 5.8990125, 45.6060598 ], [ 5.8989283, 45.6061178 ], [ 5.8988305, 45.606187 ], [ 5.8987097, 45.606283 ], [ 5.8986233, 45.6063735 ], [ 5.8985216, 45.6064671 ], [ 5.8984634, 45.6065326 ], [ 5.8983799, 45.606605 ], [ 5.8982956, 45.6066622 ], [ 5.8981598, 45.6067161 ] ], [ [ 5.9011926, 45.6035878 ], [ 5.9007725, 45.6039734 ], [ 5.9004891, 45.6042241 ], [ 5.9002255, 45.6044372 ], [ 5.9, 45.6046413 ], [ 5.8997474, 45.6049181 ], [ 5.8996603, 45.6050438 ], [ 5.8996201, 45.6051593 ], [ 5.8995706, 45.6052687 ], [ 5.8994698, 45.6054019 ], [ 5.8993626, 45.6055615 ], [ 5.899274, 45.6057332 ], [ 5.8992392, 45.6058773 ], [ 5.8991698, 45.6059737 ] ], [ [ 5.9020665, 45.6015972 ], [ 5.9020543, 45.6016832 ], [ 5.9020184, 45.6018048 ], [ 5.9019001, 45.6020719 ], [ 5.9017798, 45.6023976 ], [ 5.9016689, 45.602632 ], [ 5.9015762, 45.6028975 ], [ 5.9014929, 45.6031943 ], [ 5.9014213, 45.6033223 ], [ 5.901324, 45.6034492 ], [ 5.9011926, 45.6035878 ] ], [ [ 5.9034274, 45.5985624 ], [ 5.9033472, 45.5986987 ], [ 5.9029761, 45.5992345 ] ], [ [ 5.9026374, 45.597424 ], [ 5.9035591, 45.5977696 ], [ 5.9036381, 45.5978072 ], [ 5.9036963, 45.5978409 ], [ 5.9037235, 45.5978699 ] ], [ [ 5.9037235, 45.5978699 ], [ 5.9037224, 45.5979952 ], [ 5.903523, 45.5984031 ], [ 5.9034698, 45.5984892 ], [ 5.9034274, 45.5985624 ] ], [ [ 5.9029761, 45.5992345 ], [ 5.902806, 45.5995155 ] ], [ [ 5.902806, 45.5995155 ], [ 5.9025425, 45.5999251 ], [ 5.9023817, 45.6001888 ], [ 5.9023201, 45.6003364 ], [ 5.9022694, 45.600544 ], [ 5.9022507, 45.6007022 ] ], [ [ 5.9022507, 45.6007022 ], [ 5.9020971, 45.6013973 ], [ 5.9020665, 45.6015972 ] ], [ [ 5.8940267, 45.6075416 ], [ 5.8940734, 45.607526 ], [ 5.8942278, 45.6074842 ], [ 5.8944205, 45.6074369 ], [ 5.8945732, 45.6074104 ], [ 5.8946979, 45.607391 ] ], [ [ 5.8944796, 45.6078805 ], [ 5.894718, 45.6076761 ], [ 5.8946979, 45.607391 ] ], [ [ 5.8960571, 45.6073587 ], [ 5.8957639, 45.60735 ], [ 5.8954407, 45.6073548 ], [ 5.8951836, 45.6073497 ] ], [ [ 5.8946979, 45.607391 ], [ 5.8949021, 45.6073668 ], [ 5.8951836, 45.6073497 ] ] ] } },
{ "type": "Feature", "properties": { "id_voie": "73065_1235", "nom": "Chemin des Ecureuils", "type_voie": "Chemin", "longueur_m": 303.5, "quartier": null }, "geometry": { "type": "MultiLineString", "coordinates": [ [ [ 5.9301062, 45.579678 ], [ 5.9301174, 45.5796228 ], [ 5.93012, 45.5795749 ], [ 5.9301201, 45.5795272 ], [ 5.9301058, 45.5795005 ], [ 5.9300852, 45.579474 ], [ 5.9300847, 45.5794407 ], [ 5.9301418, 45.5793311 ], [ 5.9301836, 45.5792723 ], [ 5.9302943, 45.5791577 ], [ 5.9303062, 45.5791403 ] ], [ [ 5.9303062, 45.5791403 ], [ 5.9303766, 45.5790402 ], [ 5.9304453, 45.5789312 ], [ 5.9304993, 45.5787883 ], [ 5.9305453, 45.5786393 ], [ 5.9305831, 45.578505 ], [ 5.9306272, 45.5784155 ] ], [ [ 5.9300942, 45.5809561 ], [ 5.929964, 45.5808469 ], [ 5.9299177, 45.5807967 ], [ 5.9299006, 45.5807647 ], [ 5.9298974, 45.5807287 ], [ 5.9299201, 45.5806471 ], [ 5.9299439, 45.5805635 ], [ 5.9299481, 45.580522 ], [ 5.9299459, 45.5804797 ], [ 5.9299298, 45.5803945 ] ], [ [ 5.9299298, 45.5803945 ], [ 5.9299148, 45.5803291 ], [ 5.9299036, 45.5802627 ], [ 5.9299071, 45.5802311 ], [ 5.9299184, 45.5802028 ], [ 5.9299389, 45.580178 ], [ 5.9299659, 45.5801548 ], [ 5.9299982, 45.580135 ], [ 5.9300281, 45.580118 ], [ 5.9300568, 45.5801028 ], [ 5.9300899, 45.5800731 ], [ 5.9300986, 45.5800441 ] ], [ [ 5.9300986, 45.5800441 ], [ 5.9300961, 45.5800207 ], [ 5.9300789, 45.5799626 ], [ 5.9300631, 45.5799053 ], [ 5.930064, 45.5798503 ], [ 5.9300688, 45.5798196 ], [ 5.930091, 45.5797289 ], [ 5.9301062, 45.579678 ] ] ] } },
{ "type": "Feature", "properties": { "id_voie": "73065_0020", "nom": "Rue Agutte Sembat", "type_voie": "Rue", "longueur_m": 88.2, "quartier": "CE" }, "geometry": { "type": "LineString", "coordinates": [ [ 5.9138801, 45.5680091 ], [ 5.9135827, 45.5678176 ], [ 5.9132758, 45.5676418 ], [ 5.9130769, 45.5675433 ], [ 5.9129916, 45.5675302 ] ] } },
{ "type": "Feature", "properties": { "id_voie": "73065_0359", "nom": "Rue Bobby Sands", "type_voie": "Rue", "longueur_m": 249.0, "quartier": "CV" }, "geometry": { "type": "MultiLineString", "coordinates": [ [ [ 5.9025535, 45.5974883 ], [ 5.9023824, 45.5978252 ], [ 5.9022353, 45.59803 ] ], [ [ 5.900836, 45.5991555 ], [ 5.9008405, 45.5990707 ], [ 5.9009077, 45.5989563 ], [ 5.901208, 45.598562 ], [ 5.9012511, 45.5985023 ], [ 5.901277, 45.5984836 ], [ 5.901476, 45.5983857 ], [ 5.9018002, 45.5980313 ], [ 5.9018531, 45.5980119 ], [ 5.9019066, 45.5980042 ], [ 5.9020326, 45.5980091 ], [ 5.9022353, 45.59803 ] ] ] } },
{ "type": "Feature", "properties": { "id_voie": "73065_0010", "nom": "Chemin des Acacias", "type_voie": "Chemin", "longueur_m": 508.7, "quartier": "LA" }, "geometry": { "type": "MultiLineString", "coordinates": [ [ [ 5.9307443, 45.5618476 ], [ 5.930783, 45.561779 ], [ 5.9308012, 45.5616867 ], [ 5.9308005, 45.5616011 ], [ 5.9308108, 45.5615053 ], [ 5.9308266, 45.5614157 ], [ 5.930856, 45.5613158 ], [ 5.9308971, 45.5612192 ], [ 5.9309827, 45.5610917 ], [ 5.9310704, 45.5609804 ], [ 5.9311596, 45.5608961 ], [ 5.9312466, 45.5608181 ], [ 5.9313195, 45.5607657 ], [ 5.9313984, 45.5607294 ], [ 5.9314908, 45.5607054 ], [ 5.9315993, 45.5606954 ], [ 5.931693, 45.5606983 ], [ 5.9318056, 45.5607161 ], [ 5.9318976, 45.560757 ], [ 5.931984, 45.5608151 ], [ 5.9320381, 45.5608686 ], [ 5.9321542, 45.5609773 ], [ 5.9322218, 45.5610432 ], [ 5.9322987, 45.5611141 ], [ 5.9323737, 45.5611744 ], [ 5.9324372, 45.5612349 ], [ 5.9324977, 45.5612865 ], [ 5.9325683, 45.561336 ], [ 5.9326421, 45.5613728 ], [ 5.9327399, 45.5613802 ], [ 5.932828, 45.5613472 ], [ 5.9328866, 45.561316 ], [ 5.9329379, 45.561266 ], [ 5.9329996, 45.5612211 ], [ 5.9330548, 45.5611737 ], [ 5.9331174, 45.5611441 ], [ 5.9333026, 45.5611042 ] ], [ [ 5.9355183, 45.5608688 ], [ 5.9354746, 45.5608672 ], [ 5.935118, 45.5608909 ], [ 5.9341464, 45.5609794 ], [ 5.9337846, 45.5610258 ], [ 5.9334904, 45.5610659 ], [ 5.9333026, 45.5611042 ] ] ] } },
{ "type": "Feature", "properties": { "id_voie": "73065_1910", "nom": "Passage Honoré d'Urfé", "type_voie": "Passage", "longueur_m": 119.5, "quartier": "LA" }, "geometry": { "type": "LineString", "coordinates": [ [ 5.9310155, 45.5663226 ], [ 5.9310192, 45.5661017 ], [ 5.9310228, 45.5656844 ], [ 5.931051, 45.5652476 ] ] } },
{ "type": "Feature", "properties": { "id_voie": "73065_3387", "nom": "Rue Philibert Routin", "type_voie": "Rue", "longueur_m": 195.4, "quartier": "BI" }, "geometry": { "type": "MultiLineString", "coordinates": [ [ [ 5.9047817, 45.5787332 ], [ 5.9047582, 45.5786753 ], [ 5.9047198, 45.5786042 ], [ 5.9046847, 45.5785465 ], [ 5.9046334, 45.5785226 ], [ 5.9045528, 45.5785265 ], [ 5.904382, 45.5785498 ] ], [ [ 5.9048304, 45.578805 ], [ 5.9047817, 45.5787332 ] ], [ [ 5.9053519, 45.5799899 ], [ 5.9053701, 45.5798966 ], [ 5.9053763, 45.5798442 ], [ 5.905371, 45.5797921 ], [ 5.9053529, 45.5797403 ], [ 5.9053259, 45.5796906 ], [ 5.9052855, 45.5796294 ] ], [ [ 5.9052855, 45.5796294 ], [ 5.9051826, 45.5794293 ], [ 5.9050905, 45.5792623 ], [ 5.9049983, 45.5790944 ], [ 5.9049049, 45.5789283 ], [ 5.9048304, 45.578805 ] ] ] } },
{ "type": "Feature", "properties": { "id_voie": "73065_1350", "nom": "Allée de l'Etape", "type_voie": "Allée", "longueur_m": 72.6, "quartier": "CE" }, "geometry": { "type": "LineString", "coordinates": [ [ 5.918485, 45.5661892 ], [ 5.9185053, 45.5661364 ], [ 5.9186065, 45.5658662 ], [ 5.9186769, 45.5657165 ], [ 5.9187587, 45.5655657 ] ] } },
{ "type": "Feature", "properties": { "id_voie": "73065_1340", "nom": "Rue du Faucigny", "type_voie": "Rue", "longueur_m": 152.2, "quartier": "HC" }, "geometry": { "type": "MultiLineString", "coordinates": [ [ [ 5.9149894, 45.5991571 ], [ 5.9152492, 45.5992387 ] ], [ [ 5.9141361, 45.5989431 ], [ 5.9149894, 45.5991571 ] ], [ [ 5.9141361, 45.5989431 ], [ 5.9137455, 45.5988379 ], [ 5.9134265, 45.5987516 ] ] ] } },
{ "type": "Feature", "properties": { "id_voie": "73065_2139", "nom": "Rue Joseph Fontanet", "type_voie": "Rue", "longueur_m": 209.4, "quartier": "BI" }, "geometry": { "type": "MultiLineString", "coordinates": [ [ [ 5.9066068, 45.5802576 ], [ 5.9065363, 45.5802351 ], [ 5.9064686, 45.580217 ], [ 5.9063297, 45.5801863 ], [ 5.9061651, 45.5801554 ], [ 5.9060162, 45.5801295 ] ], [ [ 5.9053519, 45.5799899 ], [ 5.9054499, 45.5800244 ], [ 5.9055952, 45.5800539 ], [ 5.9057337, 45.5800774 ], [ 5.9058491, 45.5800987 ], [ 5.9060162, 45.5801295 ] ], [ [ 5.9048395, 45.5797869 ], [ 5.904935, 45.5798205 ], [ 5.9050345, 45.5798594 ], [ 5.9051445, 45.5799016 ], [ 5.9053153, 45.5799765 ], [ 5.9053519, 45.5799899 ] ], [ [ 5.9041016, 45.5796375 ], [ 5.9042016, 45.5796358 ], [ 5.9043109, 45.5796411 ], [ 5.9044001, 45.5796541 ], [ 5.9044573, 45.5796679 ], [ 5.9045421, 45.5796937 ], [ 5.9046151, 45.5797152 ], [ 5.9048395, 45.5797869 ] ] ] } },
{ "type": "Feature", "properties": { "id_voie": "73065_1360", "nom": "Rue Favre", "type_voie": "Rue", "longueur_m": 167.5, "quartier": "CE" }, "geometry": { "type": "MultiLineString", "coordinates": [ [ [ 5.9191006, 45.5678186 ], [ 5.9192073, 45.5677509 ], [ 5.9193438, 45.5676627 ] ], [ [ 5.9193438, 45.5676627 ], [ 5.9194455, 45.567597 ], [ 5.9196357, 45.5674794 ], [ 5.9198133, 45.5673703 ], [ 5.9199239, 45.5673016 ] ], [ [ 5.9199239, 45.5673016 ], [ 5.9201593, 45.5671423 ], [ 5.9204643, 45.5669424 ] ], [ [ 5.9204643, 45.5669424 ], [ 5.9206854, 45.5668033 ] ] ] } },
{ "type": "Feature", "properties": { "id_voie": "73065_1230", "nom": "Rue des Ecoles", "type_voie": "Rue", "longueur_m": 161.7, "quartier": "CE" }, "geometry": { "type": "MultiLineString", "coordinates": [ [ [ 5.9148377, 45.5668236 ], [ 5.9149486, 45.5668586 ], [ 5.9149908, 45.5668809 ], [ 5.9150257, 45.5669089 ], [ 5.9153445, 45.5671898 ], [ 5.9155538, 45.567389 ] ], [ [ 5.9155538, 45.567389 ], [ 5.9160592, 45.5679003 ], [ 5.9161171, 45.5679519 ] ] ] } },
{ "type": "Feature", "properties": { "id_voie": "73065_0095", "nom": "Rue Amélie Gex", "type_voie": "Rue", "longueur_m": 381.8, "quartier": "LA" }, "geometry": { "type": "MultiLineString", "coordinates": [ [ [ 5.9249485, 45.5713024 ], [ 5.9252425, 45.5713308 ], [ 5.9253461, 45.5713489 ], [ 5.9255318, 45.5713918 ], [ 5.9255949, 45.5714208 ] ], [ [ 5.9249485, 45.5713024 ], [ 5.9249111, 45.5712989 ], [ 5.9248379, 45.5712981 ] ], [ [ 5.9240905, 45.5703858 ], [ 5.9241652, 45.5705118 ], [ 5.9243064, 45.5707812 ], [ 5.9244034, 45.5709652 ] ], [ [ 5.9248379, 45.5712981 ], [ 5.9246824, 45.5712679 ], [ 5.9246071, 45.5712284 ], [ 5.9245453, 45.5711751 ], [ 5.9244972, 45.571115 ], [ 5.924418, 45.5709991 ], [ 5.9244034, 45.5709652 ] ], [ [ 5.9255949, 45.5714208 ], [ 5.9256817, 45.5714609 ], [ 5.9257956, 45.5715525 ], [ 5.9261403, 45.5718842 ], [ 5.9263578, 45.5720677 ], [ 5.9264348, 45.5721171 ], [ 5.9265815, 45.5721971 ], [ 5.926899, 45.5723303 ], [ 5.9269975, 45.5723493 ], [ 5.9272076, 45.5723673 ], [ 5.9274426, 45.5723711 ], [ 5.9275704, 45.5723614 ] ] ] } },
{ "type": "Feature", "properties": { "id_voie": "73065_1991", "nom": "Allée Jacques Balmat", "type_voie": "Allée", "longueur_m": 40.5, "quartier": "BI" }, "geometry": { "type": "LineString", "coordinates": [ [ 5.9011558, 45.5784439 ], [ 5.9011741, 45.5785985 ], [ 5.9011966, 45.5788069 ] ] } },
{ "type": "Feature", "properties": { "id_voie": "73065_1760", "nom": "Avenue de la Grande Chartreuse", "type_voie": "Avenue", "longueur_m": 1392.0, "quartier": "LA" }, "geometry": { "type": "MultiLineString", "coordinates": [ [ [ 5.9264703, 45.5610751 ], [ 5.9262521, 45.5609023 ], [ 5.9260665, 45.5607405 ], [ 5.9259148, 45.560612 ], [ 5.9258285, 45.5605556 ], [ 5.9257366, 45.5605157 ], [ 5.9255098, 45.5604477 ], [ 5.9254025, 45.5604072 ] ], [ [ 5.9254025, 45.5604072 ], [ 5.9251499, 45.5603138 ], [ 5.9250739, 45.5602833 ] ], [ [ 5.9250739, 45.5602833 ], [ 5.9248839, 45.5602072 ], [ 5.9244186, 45.559994 ], [ 5.923963, 45.5598193 ], [ 5.9237031, 45.5597558 ] ], [ [ 5.9223153, 45.5590765 ], [ 5.9223056, 45.5590866 ], [ 5.9222768, 45.5591009 ], [ 5.9222425, 45.5591063 ], [ 5.9222076, 45.5591027 ], [ 5.9221775, 45.55909 ] ], [ [ 5.9222192, 45.5589816 ], [ 5.9222525, 45.5589808 ], [ 5.9222863, 45.5589898 ] ], [ [ 5.9222863, 45.5589898 ], [ 5.9223116, 45.5590063 ], [ 5.9223269, 45.5590293 ], [ 5.9223281, 45.5590527 ], [ 5.9223153, 45.5590765 ] ], [ [ 5.9221752, 45.5583403 ], [ 5.9222016, 45.5587199 ], [ 5.9222121, 45.5588467 ], [ 5.9222192, 45.5589816 ] ], [ [ 5.9221026, 45.5578881 ], [ 5.9221752, 45.5583403 ] ], [ [ 5.9221775, 45.55909 ], [ 5.9221572, 45.5590698 ], [ 5.9221495, 45.5590456 ], [ 5.9221546, 45.5590212 ], [ 5.9221728, 45.5590009 ], [ 5.9222015, 45.5589857 ], [ 5.9222192, 45.5589816 ] ], [ [ 5.921852, 45.5558842 ], [ 5.9218314, 45.5557857 ], [ 5.9218207, 45.5556309 ], [ 5.9218149, 45.5555941 ] ], [ [ 5.9218297, 45.5553865 ], [ 5.9218639, 45.5555992 ], [ 5.9218729, 45.5557936 ], [ 5.921852, 45.5558842 ] ], [ [ 5.921852, 45.5558842 ], [ 5.9218605, 45.5559714 ], [ 5.9218882, 45.5562293 ] ], [ [ 5.9218882, 45.5562293 ], [ 5.9219515, 45.5566043 ], [ 5.9220109, 45.5570975 ] ], [ [ 5.9220109, 45.5570975 ], [ 5.9220466, 45.5574345 ], [ 5.9220735, 45.557605 ], [ 5.9220855, 45.5577596 ], [ 5.9221026, 45.5578881 ] ], [ [ 5.9237031, 45.5597558 ], [ 5.9232631, 45.5596582 ], [ 5.9231563, 45.5596268 ], [ 5.9230556, 45.5595906 ], [ 5.9228686, 45.5594982 ], [ 5.9227852, 45.5594499 ], [ 5.9226021, 45.5593096 ], [ 5.922425, 45.5591628 ], [ 5.9223153, 45.5590765 ] ], [ [ 5.9217671, 45.5550998 ], [ 5.9218297, 45.5553865 ] ], [ [ 5.9218149, 45.5555941 ], [ 5.9217483, 45.5552291 ], [ 5.921734, 45.5551052 ] ], [ [ 5.9309091, 45.5607665 ], [ 5.9306833, 45.5607427 ] ], [ [ 5.9306833, 45.5607427 ], [ 5.9306411, 45.5607447 ], [ 5.9305931, 45.5607595 ], [ 5.930525, 45.5608063 ], [ 5.9304585, 45.5608819 ], [ 5.9303599, 45.5610314 ], [ 5.93032, 45.5610774 ], [ 5.9302557, 45.5611233 ], [ 5.930007, 45.561246 ], [ 5.9297543, 45.5613445 ], [ 5.929707, 45.5613719 ], [ 5.9293772, 45.5615634 ], [ 5.9292981, 45.5616204 ], [ 5.9292307, 45.5616798 ] ], [ [ 5.9292307, 45.5616798 ], [ 5.9291064, 45.5617795 ], [ 5.9290389, 45.5618137 ], [ 5.9289678, 45.5618273 ], [ 5.9289011, 45.5618272 ] ], [ [ 5.9289011, 45.5618272 ], [ 5.9285497, 45.5618283 ], [ 5.9281276, 45.5618276 ], [ 5.9279667, 45.5618173 ], [ 5.9278465, 45.5617997 ], [ 5.9277039, 45.5617719 ], [ 5.9275415, 45.5617329 ], [ 5.9273637, 45.5616447 ], [ 5.9272221, 45.5615628 ], [ 5.9271472, 45.5615053 ], [ 5.9266795, 45.5611976 ], [ 5.9264703, 45.5610751 ] ] ] } },
{ "type": "Feature", "properties": { "id_voie": "73065_0991", "nom": "Rue de la Croix Rouge", "type_voie": "Rue", "longueur_m": 399.5, "quartier": "HC" }, "geometry": { "type": "MultiLineString", "coordinates": [ [ [ 5.9202209, 45.5982194 ], [ 5.9193508, 45.5981014 ] ], [ [ 5.9188972, 45.5979456 ], [ 5.919739, 45.5980634 ], [ 5.9200065, 45.5980961 ], [ 5.9200463, 45.5980978 ], [ 5.9201021, 45.5980846 ] ], [ [ 5.9193508, 45.5981014 ], [ 5.9188791, 45.5980397 ] ], [ [ 5.9188791, 45.5980397 ], [ 5.9186154, 45.598006 ], [ 5.9180636, 45.5979348 ] ], [ [ 5.9173554, 45.5978684 ], [ 5.9172645, 45.5978492 ] ], [ [ 5.9180636, 45.5979348 ], [ 5.917777, 45.5979044 ], [ 5.9175026, 45.5978862 ], [ 5.9173554, 45.5978684 ] ], [ [ 5.9172645, 45.5978492 ], [ 5.916977, 45.5977764 ], [ 5.9166554, 45.5976911 ], [ 5.9164283, 45.5976429 ] ] ] } },
{ "type": "Feature", "properties": { "id_voie": "73065_1103", "nom": "Rue des Deux Ponts", "type_voie": "Rue", "longueur_m": 169.1, "quartier": "HC" }, "geometry": { "type": "MultiLineString", "coordinates": [ [ [ 5.9161158, 45.5910469 ], [ 5.9161587, 45.5910584 ], [ 5.9163059, 45.5910996 ], [ 5.9164556, 45.591139 ], [ 5.9165962, 45.5911768 ], [ 5.9166626, 45.591194 ], [ 5.916725, 45.5912095 ], [ 5.9167846, 45.5912197 ], [ 5.9168477, 45.5912234 ], [ 5.9168747, 45.5912245 ] ], [ [ 5.9160272, 45.5910222 ], [ 5.9161158, 45.5910469 ] ], [ [ 5.9155564, 45.5909037 ], [ 5.9160272, 45.5910222 ] ], [ [ 5.9168747, 45.5912245 ], [ 5.9169119, 45.5912254 ], [ 5.916979, 45.5912327 ], [ 5.9170466, 45.5912489 ], [ 5.9171144, 45.5912679 ], [ 5.9171834, 45.5912868 ], [ 5.9172511, 45.5913049 ], [ 5.9173187, 45.5913221 ], [ 5.9173851, 45.5913393 ], [ 5.9174436, 45.591354 ], [ 5.9174877, 45.5913627 ], [ 5.9175355, 45.5913687 ], [ 5.9176056, 45.5913831 ] ] ] } },
{ "type": "Feature", "properties": { "id_voie": "73065_0629", "nom": "Rue du Champet", "type_voie": "Rue", "longueur_m": 441.6, "quartier": "CV" }, "geometry": { "type": "MultiLineString", "coordinates": [ [ [ 5.9078267, 45.6040715 ], [ 5.9078211, 45.6040887 ], [ 5.9077953, 45.6041831 ], [ 5.907756, 45.6042914 ] ], [ [ 5.9078267, 45.6040715 ], [ 5.9081893, 45.6040828 ], [ 5.9086003, 45.6040875 ] ], [ [ 5.9080693, 45.6025793 ], [ 5.9080524, 45.6025996 ], [ 5.9080328, 45.6026433 ], [ 5.908027, 45.6027038 ], [ 5.9080254, 45.6028436 ], [ 5.9080216, 45.6028932 ], [ 5.9079996, 45.602965 ], [ 5.9079412, 45.6031963 ], [ 5.9079182, 45.6032969 ], [ 5.9079103, 45.6034142 ], [ 5.9079039, 45.6036099 ], [ 5.9078942, 45.6037192 ], [ 5.9078782, 45.6038296 ], [ 5.9078541, 45.6039581 ], [ 5.9078267, 45.6040715 ] ], [ [ 5.907756, 45.6042914 ], [ 5.9084184, 45.6044608 ] ], [ [ 5.9085607, 45.6022323 ], [ 5.9084879, 45.6022144 ], [ 5.9083692, 45.6022039 ], [ 5.9083011, 45.6022273 ], [ 5.90827, 45.6022939 ], [ 5.9082514, 45.6023809 ], [ 5.9082318, 45.602448 ], [ 5.908189, 45.6025122 ], [ 5.908114, 45.6025511 ], [ 5.9080693, 45.6025793 ] ], [ [ 5.9085607, 45.6022323 ], [ 5.9087608, 45.6022785 ] ], [ [ 5.9087608, 45.6022785 ], [ 5.9088718, 45.6022891 ], [ 5.9090428, 45.6022955 ], [ 5.9092471, 45.6022983 ], [ 5.9094111, 45.6022923 ] ] ] } },
{ "type": "Feature", "properties": { "id_voie": "73065_1747", "nom": "Allée du Grand Parc", "type_voie": "Allée", "longueur_m": 378.2, "quartier": "BI" }, "geometry": { "type": "MultiLineString", "coordinates": [ [ [ 5.885968, 45.5816634 ], [ 5.886427, 45.5811876 ] ], [ [ 5.8853736, 45.5818301 ], [ 5.88567, 45.5819774 ] ], [ [ 5.885968, 45.5816634 ], [ 5.88567, 45.5819774 ] ], [ [ 5.8856697, 45.5815278 ], [ 5.885968, 45.5816634 ] ], [ [ 5.8855117, 45.5814517 ], [ 5.8857406, 45.5812151 ] ], [ [ 5.8855117, 45.5814517 ], [ 5.8856697, 45.5815278 ] ], [ [ 5.8853736, 45.5818301 ], [ 5.8856697, 45.5815278 ] ], [ [ 5.8852012, 45.5821427 ], [ 5.8850093, 45.5820539 ] ], [ [ 5.8852012, 45.5821427 ], [ 5.8850478, 45.5823268 ] ], [ [ 5.8851006, 45.5819605 ], [ 5.8852653, 45.5817968 ], [ 5.8853736, 45.5818301 ] ], [ [ 5.88567, 45.5819774 ], [ 5.8854182, 45.5822425 ], [ 5.8852012, 45.5821427 ] ] ] } },
{ "type": "Feature", "properties": { "id_voie": "73065_3480", "nom": "Rue Saint-Réal", "type_voie": "Rue", "longueur_m": 115.9, "quartier": "CE" }, "geometry": { "type": "MultiLineString", "coordinates": [ [ [ 5.9217408, 45.5659919 ], [ 5.9217836, 45.5659034 ], [ 5.9218445, 45.5657937 ], [ 5.921925, 45.5656411 ], [ 5.9220246, 45.5654863 ] ], [ [ 5.9220246, 45.5654863 ], [ 5.9221055, 45.5653418 ] ], [ [ 5.9221055, 45.5653418 ], [ 5.9221138, 45.565329 ], [ 5.9221865, 45.5652 ], [ 5.9223019, 45.5650276 ] ] ] } },
{ "type": "Feature", "properties": { "id_voie": "73065_3880", "nom": "Place Voltaire", "type_voie": "Place", "longueur_m": 86.1, "quartier": "LA" }, "geometry": { "type": "MultiLineString", "coordinates": [ [ [ 5.9313363, 45.5707648 ], [ 5.931372, 45.5707845 ], [ 5.9313912, 45.5708075 ], [ 5.9314158, 45.5708609 ], [ 5.9314188, 45.5709167 ], [ 5.9313905, 45.5709643 ] ], [ [ 5.9311305, 45.570972 ], [ 5.9310883, 45.5709262 ], [ 5.9310854, 45.5708722 ], [ 5.9311041, 45.570814 ] ], [ [ 5.9313905, 45.5709643 ], [ 5.9313594, 45.5709822 ], [ 5.9313037, 45.5709963 ], [ 5.9312435, 45.5709997 ], [ 5.9311869, 45.5709957 ], [ 5.9311305, 45.570972 ] ], [ [ 5.9311041, 45.570814 ], [ 5.931141, 45.5707825 ], [ 5.9312013, 45.5707584 ], [ 5.9312716, 45.5707547 ], [ 5.9313363, 45.5707648 ] ] ] } },
{ "type": "Feature", "properties": { "id_voie": "73065_0791", "nom": "Allée du Château d'Eau", "type_voie": "Allée", "longueur_m": 129.8, "quartier": "CV" }, "geometry": { "type": "MultiLineString", "coordinates": [ [ [ 5.9074283, 45.6084665 ], [ 5.9077195, 45.6083896 ], [ 5.907756, 45.6083751 ], [ 5.907808, 45.6083386 ], [ 5.9078492, 45.6082916 ], [ 5.9080181, 45.6079151 ] ], [ [ 5.9069351, 45.6082918 ], [ 5.9072604, 45.608351 ], [ 5.9073645, 45.6083771 ], [ 5.9074043, 45.6084004 ], [ 5.9074225, 45.6084297 ], [ 5.9074283, 45.6084665 ] ] ] } },
{ "type": "Feature", "properties": { "id_voie": "73065_0720", "nom": "Rue Charles et Patrice Buet", "type_voie": "Rue", "longueur_m": 808.9, "quartier": "BO" }, "geometry": { "type": "MultiLineString", "coordinates": [ [ [ 5.9071366, 45.5636693 ], [ 5.9070627, 45.5638001 ] ], [ [ 5.901456, 45.5653047 ], [ 5.9014057, 45.565251 ], [ 5.9013823, 45.5651949 ], [ 5.9013739, 45.5651086 ], [ 5.9013517, 45.5649785 ], [ 5.9013175, 45.5648649 ], [ 5.9012785, 45.5647569 ], [ 5.901232, 45.5646518 ], [ 5.9011475, 45.5644837 ], [ 5.9010946, 45.5643796 ], [ 5.9010335, 45.5642677 ], [ 5.9009682, 45.5641702 ], [ 5.9009293, 45.5641136 ], [ 5.9009151, 45.5640391 ], [ 5.9009459, 45.5639663 ], [ 5.9010029, 45.5638783 ], [ 5.9010597, 45.5637867 ], [ 5.90108, 45.5637087 ], [ 5.9010658, 45.5636334 ], [ 5.9010254, 45.5635488 ], [ 5.9009658, 45.5634386 ], [ 5.9008292, 45.5631817 ], [ 5.9007666, 45.5630644 ], [ 5.9007283, 45.5630194 ], [ 5.9006683, 45.5629985 ], [ 5.900388, 45.5630606 ] ], [ [ 5.9028045, 45.564795 ], [ 5.9026587, 45.5649006 ], [ 5.9024489, 45.5650583 ], [ 5.9022621, 45.5651911 ], [ 5.9021088, 45.5653014 ], [ 5.9019872, 45.5653802 ], [ 5.9019051, 45.5654048 ], [ 5.901821, 45.565416 ], [ 5.9017231, 45.5654077 ], [ 5.901635, 45.5653911 ], [ 5.9015489, 45.5653636 ], [ 5.9014828, 45.5653265 ], [ 5.901456, 45.5653047 ] ], [ [ 5.9034198, 45.5645412 ], [ 5.9033434, 45.5645522 ], [ 5.9032568, 45.5645634 ], [ 5.9031652, 45.5645784 ], [ 5.9030872, 45.5646075 ], [ 5.9030289, 45.5646468 ], [ 5.9028045, 45.564795 ] ], [ [ 5.9040141, 45.5644736 ], [ 5.9035831, 45.5645235 ], [ 5.9034644, 45.5645347 ], [ 5.9034198, 45.5645412 ] ], [ [ 5.9058101, 45.5639856 ], [ 5.9057333, 45.5640138 ], [ 5.9056224, 45.5640518 ], [ 5.9055322, 45.5640919 ], [ 5.9052647, 45.5642268 ], [ 5.9050546, 45.5643043 ], [ 5.9047755, 45.5643647 ], [ 5.9044591, 45.5644224 ], [ 5.9040141, 45.5644736 ] ], [ [ 5.9067252, 45.5637745 ], [ 5.9064909, 45.5638311 ], [ 5.905947, 45.5639533 ], [ 5.9058101, 45.5639856 ] ], [ [ 5.9070627, 45.5638001 ], [ 5.9069783, 45.5637806 ], [ 5.9068978, 45.5637629 ], [ 5.9068271, 45.5637602 ], [ 5.9067252, 45.5637745 ] ] ] } },
{ "type": "Feature", "properties": { "id_voie": "73065_0594", "nom": "Rue des Cévennes", "type_voie": "Rue", "longueur_m": 198.7, "quartier": "HC" }, "geometry": { "type": "MultiLineString", "coordinates": [ [ [ 5.9203096, 45.5877013 ], [ 5.9202098, 45.5877562 ], [ 5.9201226, 45.5878792 ], [ 5.920022, 45.5880638 ], [ 5.9199918, 45.5881241 ], [ 5.920006, 45.5884184 ], [ 5.9199989, 45.588478 ], [ 5.9198354, 45.5887598 ] ], [ [ 5.9195393, 45.5892802 ], [ 5.9194984, 45.5893561 ] ], [ [ 5.9198354, 45.5887598 ], [ 5.9195393, 45.5892802 ] ] ] } },
{ "type": "Feature", "properties": { "id_voie": "73065_0595", "nom": "Place du Centenaire", "type_voie": "Place", "longueur_m": 104.0, "quartier": "CE" }, "geometry": { "type": "MultiLineString", "coordinates": [ [ [ 5.9209259, 45.5680091 ], [ 5.9211333, 45.5681226 ] ], [ [ 5.9211333, 45.5681226 ], [ 5.9212027, 45.5681722 ] ], [ [ 5.9212027, 45.5681722 ], [ 5.9213232, 45.5682447 ] ], [ [ 5.9212746, 45.5685145 ], [ 5.9212226, 45.5684537 ], [ 5.9212025, 45.5683884 ], [ 5.9212166, 45.5683385 ], [ 5.9212538, 45.5682898 ], [ 5.9213232, 45.5682447 ] ], [ [ 5.9213232, 45.5682447 ], [ 5.921362, 45.5682743 ], [ 5.9214083, 45.5683497 ], [ 5.9214438, 45.5684155 ], [ 5.921455, 45.5684819 ] ] ] } },
{ "type": "Feature", "properties": { "id_voie": "73065_1608", "nom": "Rue Général Borson", "type_voie": "Rue", "longueur_m": 292.2, "quartier": "BI" }, "geometry": { "type": "LineString", "coordinates": [ [ 5.9000414, 45.5877025 ], [ 5.898928, 45.587296 ], [ 5.8973857, 45.5867618 ], [ 5.8972125, 45.5867131 ], [ 5.8969231, 45.5866034 ], [ 5.8968092, 45.5865351 ], [ 5.8967409, 45.5864801 ] ] } },
{ "type": "Feature", "properties": { "id_voie": "73065_0091", "nom": "Impasse Amédée Daille", "type_voie": "Impasse", "longueur_m": 214.1, "quartier": "BE" }, "geometry": { "type": "MultiLineString", "coordinates": [ [ [ 5.9217544, 45.5614564 ], [ 5.9219202, 45.561389 ], [ 5.9220424, 45.5613228 ], [ 5.9221329, 45.5612618 ], [ 5.9222763, 45.5612077 ], [ 5.9223595, 45.5611803 ], [ 5.9224025, 45.5611683 ] ], [ [ 5.9217544, 45.5614564 ], [ 5.9212935, 45.5616189 ], [ 5.9210934, 45.5616926 ] ], [ [ 5.9210934, 45.5616926 ], [ 5.9208206, 45.561797 ], [ 5.9205913, 45.5619011 ], [ 5.9204766, 45.5619645 ], [ 5.9203322, 45.5620719 ], [ 5.9202174, 45.5621821 ], [ 5.9201796, 45.5622426 ] ] ] } },
{ "type": "Feature", "properties": { "id_voie": "73065_2785", "nom": "Rue Charles Montreuil", "type_voie": "Rue", "longueur_m": 126.5, "quartier": "CE" }, "geometry": { "type": "MultiLineString", "coordinates": [ [ [ 5.9095526, 45.5809581 ], [ 5.909422, 45.5808668 ], [ 5.9093059, 45.5807815 ], [ 5.9092385, 45.5807454 ] ], [ [ 5.9096836, 45.5810583 ], [ 5.9098931, 45.581188 ], [ 5.9103395, 45.5815027 ], [ 5.9105289, 45.5816393 ] ] ] } },
{ "type": "Feature", "properties": { "id_voie": "73065_1620", "nom": "Avenue Général Cartier", "type_voie": "Avenue", "longueur_m": 1263.1, "quartier": "BI" }, "geometry": { "type": "MultiLineString", "coordinates": [ [ [ 5.9051812, 45.5736741 ], [ 5.9051066, 45.573695 ] ], [ [ 5.9051812, 45.5736741 ], [ 5.9054218, 45.5736121 ] ], [ [ 5.9036124, 45.5741941 ], [ 5.9047287, 45.5738039 ], [ 5.9051066, 45.573695 ] ], [ [ 5.9029146, 45.5744437 ], [ 5.9032985, 45.5743013 ], [ 5.9036124, 45.5741941 ] ], [ [ 5.9022825, 45.5747204 ], [ 5.9027575, 45.5745054 ], [ 5.9029146, 45.5744437 ] ], [ [ 5.897995, 45.5770135 ], [ 5.8979489, 45.5770155 ], [ 5.8978633, 45.5769979 ], [ 5.8978181, 45.5769667 ], [ 5.8977958, 45.5769339 ] ], [ [ 5.8978212, 45.5768062 ], [ 5.8979002, 45.5767708 ], [ 5.897977, 45.576767 ] ], [ [ 5.8977958, 45.5769339 ], [ 5.8977895, 45.5768629 ], [ 5.8978212, 45.5768062 ] ], [ [ 5.8972176, 45.5771398 ], [ 5.897465, 45.5770109 ], [ 5.8975836, 45.5769727 ], [ 5.8977958, 45.5769339 ] ], [ [ 5.8959446, 45.5779223 ], [ 5.8966637, 45.5775145 ], [ 5.8972176, 45.5771398 ] ], [ [ 5.8958101, 45.5779997 ], [ 5.8959446, 45.5779223 ] ], [ [ 5.897977, 45.576767 ], [ 5.8980392, 45.576778 ] ], [ [ 5.8980392, 45.576778 ], [ 5.8980994, 45.5768017 ], [ 5.8981304, 45.5768298 ] ], [ [ 5.8981304, 45.5768298 ], [ 5.8981487, 45.5768852 ] ], [ [ 5.8981304, 45.5768298 ], [ 5.898845, 45.5764356 ], [ 5.8989805, 45.5763528 ], [ 5.8990355, 45.5763 ] ], [ [ 5.8980392, 45.576778 ], [ 5.8982337, 45.5766946 ], [ 5.898753, 45.5764172 ], [ 5.8989125, 45.5763275 ], [ 5.8989797, 45.5762627 ] ], [ [ 5.897977, 45.576767 ], [ 5.8979925, 45.5767189 ], [ 5.8980027, 45.5766934 ], [ 5.898047, 45.576658 ], [ 5.8982312, 45.5765487 ], [ 5.8985682, 45.5763679 ], [ 5.8987107, 45.5762967 ] ], [ [ 5.8981487, 45.5768852 ], [ 5.8981422, 45.5769322 ], [ 5.8981168, 45.5769617 ] ], [ [ 5.8981168, 45.5769617 ], [ 5.8980998, 45.576981 ], [ 5.8980244, 45.5770118 ], [ 5.897995, 45.5770135 ] ], [ [ 5.8989797, 45.5762627 ], [ 5.8991654, 45.5760849 ], [ 5.8992059, 45.5760487 ] ], [ [ 5.8992059, 45.5760487 ], [ 5.8991503, 45.5759925 ], [ 5.8991234, 45.5759688 ], [ 5.8990851, 45.5759473 ], [ 5.8990403, 45.5759259 ], [ 5.8990109, 45.5759267 ], [ 5.8989745, 45.5759421 ], [ 5.8989122, 45.5759779 ], [ 5.898801, 45.5760348 ], [ 5.8987549, 45.5760622 ], [ 5.8987292, 45.5760853 ] ], [ [ 5.8990355, 45.5763 ], [ 5.8992043, 45.5761416 ], [ 5.8992645, 45.5760905 ] ], [ [ 5.8992645, 45.5760905 ], [ 5.8993622, 45.5760195 ], [ 5.8997449, 45.5758555 ] ], [ [ 5.8992059, 45.5760487 ], [ 5.899313, 45.575963 ], [ 5.8996942, 45.5757937 ] ], [ [ 5.8997449, 45.5758555 ], [ 5.9019776, 45.5748526 ], [ 5.9022825, 45.5747204 ] ] ] } },
{ "type": "Feature", "properties": { "id_voie": "73065_0863", "nom": "Rue du Clos Henri", "type_voie": "Rue", "longueur_m": 310.0, "quartier": "BI" }, "geometry": { "type": "MultiLineString", "coordinates": [ [ [ 5.8983187, 45.5806518 ], [ 5.8977957, 45.5805157 ], [ 5.8976362, 45.5804829 ], [ 5.897547, 45.5804699 ] ], [ [ 5.8990895, 45.5808644 ], [ 5.8983187, 45.5806518 ] ], [ [ 5.8990895, 45.5808644 ], [ 5.8992471, 45.5805657 ] ], [ [ 5.8998166, 45.5810511 ], [ 5.8997544, 45.5810401 ], [ 5.8990895, 45.5808644 ] ], [ [ 5.9004478, 45.5810006 ], [ 5.9002549, 45.5810416 ], [ 5.9000899, 45.5810756 ], [ 5.9000234, 45.5810791 ], [ 5.8999423, 45.5810749 ], [ 5.8998166, 45.5810511 ] ], [ [ 5.8998166, 45.5810511 ], [ 5.8998416, 45.5809892 ], [ 5.899871, 45.5809145 ], [ 5.8999035, 45.5808479 ], [ 5.8999549, 45.5807511 ] ] ] } },
{ "type": "Feature", "properties": { "id_voie": "73065_1140", "nom": "Rue Docteur Calmette", "type_voie": "Rue", "longueur_m": 83.2, "quartier": "LA" }, "geometry": { "type": "LineString", "coordinates": [ [ 5.9268539, 45.5740273 ], [ 5.9268789, 45.574014 ], [ 5.9271094, 45.5739332 ], [ 5.927682, 45.5737705 ], [ 5.9277562, 45.5737425 ], [ 5.9278161, 45.5737103 ] ] } },
{ "type": "Feature", "properties": { "id_voie": "73065_1220", "nom": "Avenue des Ducs de Savoie", "type_voie": "Avenue", "longueur_m": 481.7, "quartier": "CE" }, "geometry": { "type": "MultiLineString", "coordinates": [ [ [ 5.9213232, 45.5682447 ], [ 5.9214576, 45.5682385 ], [ 5.9216161, 45.5682029 ], [ 5.9217147, 45.5681751 ], [ 5.9219671, 45.5680712 ], [ 5.922059, 45.5680373 ], [ 5.922563, 45.5678151 ] ], [ [ 5.9232244, 45.5677556 ], [ 5.9230242, 45.5678518 ], [ 5.9226619, 45.5680126 ], [ 5.9223154, 45.5681558 ], [ 5.922241, 45.5681803 ], [ 5.9221578, 45.5682095 ], [ 5.9216886, 45.5683866 ], [ 5.921455, 45.5684819 ] ], [ [ 5.9232244, 45.5677556 ], [ 5.9233453, 45.5676884 ], [ 5.9234251, 45.5676449 ] ], [ [ 5.9232287, 45.5674959 ], [ 5.9230298, 45.5675939 ], [ 5.922563, 45.5678151 ] ], [ [ 5.9234251, 45.5676449 ], [ 5.923608, 45.5675861 ], [ 5.9237387, 45.5675574 ], [ 5.9238774, 45.5675376 ], [ 5.9240473, 45.5675224 ] ], [ [ 5.9232287, 45.5674959 ], [ 5.9233192, 45.5674611 ], [ 5.9234795, 45.5674119 ], [ 5.9238537, 45.567331 ], [ 5.9240528, 45.5673114 ], [ 5.9241909, 45.5673033 ] ] ] } },
{ "type": "Feature", "properties": { "id_voie": "73065_3150", "nom": "Rue du Pré de l'Ane", "type_voie": "Rue", "longueur_m": 1219.1, "quartier": "HC" }, "geometry": { "type": "MultiLineString", "coordinates": [ [ [ 5.9162073, 45.5951517 ], [ 5.915844, 45.5958342 ] ], [ [ 5.915844, 45.5958342 ], [ 5.9156515, 45.5962006 ] ], [ [ 5.915409, 45.5965682 ], [ 5.9155962, 45.5962471 ], [ 5.9156515, 45.5962006 ] ], [ [ 5.9159733, 45.592924 ], [ 5.9159793, 45.5929409 ], [ 5.9160136, 45.5930328 ], [ 5.9160475, 45.5931149 ], [ 5.9160818, 45.5932059 ], [ 5.916123, 45.5933067 ], [ 5.9161601, 45.5934003 ], [ 5.9161958, 45.5934949 ], [ 5.9162389, 45.5936055 ], [ 5.9162833, 45.593717 ], [ 5.9163496, 45.5938063 ], [ 5.916471, 45.5938707 ], [ 5.9165913, 45.593937 ] ], [ [ 5.9167181, 45.5940283 ], [ 5.9167381, 45.5940683 ], [ 5.9167405, 45.5941124 ], [ 5.9167298, 45.5941532 ], [ 5.9166739, 45.5942619 ], [ 5.9166332, 45.5943423 ], [ 5.9165958, 45.5944126 ], [ 5.916541, 45.5945168 ], [ 5.9164832, 45.5946381 ], [ 5.9162073, 45.5951517 ] ], [ [ 5.9165913, 45.593937 ], [ 5.9166403, 45.5939654 ], [ 5.9166934, 45.5939992 ], [ 5.9167181, 45.5940283 ] ], [ [ 5.9167136, 45.5915531 ], [ 5.9166747, 45.5916199 ] ], [ [ 5.9166747, 45.5916199 ], [ 5.9166292, 45.5917067 ], [ 5.9165813, 45.5917953 ] ], [ [ 5.9165813, 45.5917953 ], [ 5.916531, 45.5918895 ], [ 5.9164771, 45.5919864 ], [ 5.9164155, 45.5920844 ], [ 5.9163421, 45.5921773 ], [ 5.9162609, 45.5922677 ], [ 5.916173, 45.5923538 ], [ 5.9160826, 45.5924408 ], [ 5.9160079, 45.5925329 ], [ 5.9159783, 45.5925814 ], [ 5.9159566, 45.5926324 ], [ 5.9159414, 45.5926842 ], [ 5.9159365, 45.5927375 ], [ 5.9159392, 45.5927897 ], [ 5.9159471, 45.5928417 ], [ 5.9159733, 45.592924 ] ], [ [ 5.9168747, 45.5912245 ], [ 5.9168393, 45.5913084 ] ], [ [ 5.9168393, 45.5913084 ], [ 5.9168115, 45.5913659 ], [ 5.9167753, 45.5914335 ], [ 5.9167391, 45.591502 ], [ 5.9167136, 45.5915531 ] ], [ [ 5.915409, 45.5965682 ], [ 5.9150432, 45.5972751 ] ], [ [ 5.9148772, 45.5975849 ], [ 5.9145711, 45.5981353 ], [ 5.9144123, 45.5984341 ] ], [ [ 5.9150432, 45.5972751 ], [ 5.9148772, 45.5975849 ] ], [ [ 5.9144123, 45.5984341 ], [ 5.9141361, 45.5989431 ] ], [ [ 5.9140955, 45.5990244 ], [ 5.9141361, 45.5989431 ] ], [ [ 5.9137499, 45.5997263 ], [ 5.9140955, 45.5990244 ] ], [ [ 5.9133099, 45.6005631 ], [ 5.9135366, 45.6001625 ], [ 5.9135192, 45.6000999 ], [ 5.913588, 45.5999675 ], [ 5.9136637, 45.5999195 ], [ 5.9137499, 45.5997263 ] ], [ [ 5.9132681, 45.6006462 ], [ 5.9133099, 45.6005631 ] ], [ [ 5.9128718, 45.6013611 ], [ 5.9129426, 45.6012439 ], [ 5.9129706, 45.60119 ], [ 5.9132681, 45.6006462 ] ] ] } },
{ "type": "Feature", "properties": { "id_voie": "73065_1762", "nom": "Chemin des Grandes Aules", "type_voie": "Chemin", "longueur_m": 662.3, "quartier": "BI" }, "geometry": { "type": "MultiLineString", "coordinates": [ [ [ 5.8777234, 45.5772163 ], [ 5.8777855, 45.5772741 ], [ 5.8780005, 45.5773624 ], [ 5.8780725, 45.5773911 ], [ 5.8782741, 45.5774427 ], [ 5.8783182, 45.5775254 ], [ 5.8783447, 45.5781843 ], [ 5.8783389, 45.578617 ], [ 5.8782876, 45.5789373 ], [ 5.8782597, 45.5790191 ], [ 5.8781002, 45.5793322 ], [ 5.8779426, 45.5795588 ], [ 5.8778824, 45.5796595 ], [ 5.8778668, 45.5797059 ] ], [ [ 5.8773255, 45.5770652 ], [ 5.8773899, 45.5770437 ], [ 5.8774659, 45.5770498 ], [ 5.8775559, 45.5770782 ], [ 5.877622, 45.5771152 ], [ 5.8777234, 45.5772163 ] ], [ [ 5.8770756, 45.5773419 ], [ 5.8771521, 45.5773075 ], [ 5.8772131, 45.5772474 ], [ 5.8772653, 45.5771649 ], [ 5.8773255, 45.5770652 ] ], [ [ 5.8778668, 45.5797059 ], [ 5.8778385, 45.5797291 ], [ 5.8778147, 45.5797658 ], [ 5.8776068, 45.5802333 ], [ 5.8774879, 45.5804644 ], [ 5.8774263, 45.5805885 ], [ 5.8773692, 45.580699 ], [ 5.8772943, 45.5808378 ], [ 5.8772205, 45.5809749 ], [ 5.8770997, 45.5812681 ], [ 5.877051, 45.5814658 ], [ 5.8770708, 45.5815761 ], [ 5.8771556, 45.5817749 ], [ 5.8772267, 45.5819092 ], [ 5.8773116, 45.582062 ] ] ] } },
{ "type": "Feature", "properties": { "id_voie": "73065_1273", "nom": "Rue Emanuel-Philibert", "type_voie": "Rue", "longueur_m": 294.0, "quartier": "LA" }, "geometry": { "type": "MultiLineString", "coordinates": [ [ [ 5.9294483, 45.5595827 ], [ 5.9296034, 45.5594598 ], [ 5.929763, 45.5593484 ], [ 5.9298454, 45.5592813 ], [ 5.9299734, 45.5591546 ], [ 5.9300421, 45.559096 ], [ 5.9301843, 45.5589959 ], [ 5.9302479, 45.55896 ], [ 5.9303184, 45.5589347 ], [ 5.9303813, 45.5589123 ], [ 5.9304349, 45.5589073 ], [ 5.9305135, 45.5589368 ], [ 5.9305275, 45.5589599 ], [ 5.9305367, 45.5590119 ], [ 5.9305224, 45.5590826 ], [ 5.9304963, 45.5591463 ], [ 5.9303817, 45.5592836 ], [ 5.9303146, 45.5593484 ], [ 5.9301013, 45.5595846 ], [ 5.9300599, 45.5596506 ], [ 5.9300441, 45.5596925 ] ], [ [ 5.9300441, 45.5596925 ], [ 5.9300495, 45.5597212 ], [ 5.9301825, 45.5598105 ], [ 5.9302061, 45.5598207 ], [ 5.9302494, 45.5598142 ], [ 5.9303121, 45.5597864 ], [ 5.9303742, 45.5597487 ], [ 5.9305468, 45.5596172 ], [ 5.9306585, 45.5595214 ], [ 5.9307737, 45.5594671 ], [ 5.9308142, 45.559457 ] ] ] } },
{ "type": "Feature", "properties": { "id_voie": "73065_2410", "nom": "Avenue de Lyon", "type_voie": "Avenue", "longueur_m": 1731.9, "quartier": "BO" }, "geometry": { "type": "MultiLineString", "coordinates": [ [ [ 5.9153888, 45.5639339 ], [ 5.9156393, 45.5639157 ], [ 5.9162308, 45.5638697 ], [ 5.9169328, 45.5638272 ], [ 5.9178682, 45.5637579 ], [ 5.9184391, 45.5637106 ], [ 5.9189556, 45.5636765 ] ], [ [ 5.9153888, 45.5639339 ], [ 5.9150428, 45.5639646 ] ], [ [ 5.9148169, 45.563938 ], [ 5.9148486, 45.5639065 ], [ 5.9148974, 45.5638836 ], [ 5.9149552, 45.5638848 ], [ 5.91501, 45.5639032 ], [ 5.9150373, 45.563935 ], [ 5.9150428, 45.5639646 ] ], [ [ 5.9150428, 45.5639646 ], [ 5.9150303, 45.5639955 ], [ 5.9150012, 45.5640287 ], [ 5.914952, 45.5640444 ], [ 5.9148994, 45.564044 ], [ 5.9148643, 45.5640359 ] ], [ [ 5.9148643, 45.5640359 ], [ 5.9148311, 45.5640142 ], [ 5.9148114, 45.5639805 ] ], [ [ 5.9148114, 45.5639805 ], [ 5.9148169, 45.563938 ] ], [ [ 5.9148169, 45.563938 ], [ 5.9145423, 45.5637667 ], [ 5.9144069, 45.5636792 ], [ 5.9142181, 45.5635525 ] ], [ [ 5.9142181, 45.5635525 ], [ 5.9138762, 45.5633208 ], [ 5.9136571, 45.5631796 ] ], [ [ 5.9125188, 45.5624873 ], [ 5.9127286, 45.5625972 ], [ 5.9130337, 45.5627651 ], [ 5.9132998, 45.5629474 ], [ 5.9136571, 45.5631796 ] ], [ [ 5.9124119, 45.562528 ], [ 5.9123463, 45.5625243 ], [ 5.9123056, 45.5625073 ], [ 5.9122747, 45.5624811 ], [ 5.9122613, 45.5624454 ], [ 5.9122619, 45.5624066 ] ], [ [ 5.9122619, 45.5624066 ], [ 5.9122719, 45.5623784 ], [ 5.9123012, 45.5623488 ], [ 5.9123413, 45.5623325 ], [ 5.9123974, 45.5623256 ] ], [ [ 5.9125188, 45.5624873 ], [ 5.9124816, 45.5625117 ], [ 5.9124514, 45.5625224 ], [ 5.9124119, 45.562528 ] ], [ [ 5.9123974, 45.5623256 ], [ 5.9124503, 45.5623314 ], [ 5.9124895, 45.5623448 ], [ 5.9125165, 45.5623703 ], [ 5.9125398, 45.5623985 ], [ 5.9125427, 45.56243 ], [ 5.9125366, 45.5624607 ], [ 5.9125188, 45.5624873 ] ], [ [ 5.9106977, 45.5625931 ], [ 5.9109842, 45.5625533 ], [ 5.9115849, 45.562462 ], [ 5.9120054, 45.5624087 ], [ 5.9121511, 45.5623987 ], [ 5.9122619, 45.5624066 ] ], [ [ 5.9100868, 45.5626855 ], [ 5.9106977, 45.5625931 ] ], [ [ 5.910032, 45.5626933 ], [ 5.9100868, 45.5626855 ] ], [ [ 5.9082144, 45.5629386 ], [ 5.9092397, 45.5627985 ], [ 5.910032, 45.5626933 ] ], [ [ 5.907271, 45.5630756 ], [ 5.907574, 45.5630317 ], [ 5.9082144, 45.5629386 ] ], [ [ 5.9031849, 45.5636075 ], [ 5.9030784, 45.5635327 ], [ 5.9029252, 45.5634745 ], [ 5.9001891, 45.5626179 ] ], [ [ 5.9031849, 45.5636075 ], [ 5.9032355, 45.5635683 ], [ 5.9032691, 45.5635503 ], [ 5.9033702, 45.563545 ], [ 5.9034488, 45.5635511 ], [ 5.9035122, 45.5635855 ], [ 5.903543, 45.5636361 ] ], [ [ 5.9033702, 45.5638397 ], [ 5.9032862, 45.5638265 ], [ 5.9031952, 45.5637802 ], [ 5.9031489, 45.5637273 ], [ 5.903147, 45.563667 ], [ 5.9031849, 45.5636075 ] ], [ [ 5.903543, 45.5636361 ], [ 5.903551, 45.5636908 ], [ 5.9035335, 45.5637471 ], [ 5.9034796, 45.5637963 ], [ 5.9034171, 45.5638285 ], [ 5.9033702, 45.5638397 ] ], [ [ 5.903543, 45.5636361 ], [ 5.9049318, 45.5634055 ] ], [ [ 5.9049318, 45.5634055 ], [ 5.9052972, 45.5633537 ] ], [ [ 5.9052972, 45.5633537 ], [ 5.9060088, 45.5632488 ] ], [ [ 5.9060088, 45.5632488 ], [ 5.9063911, 45.5631993 ] ], [ [ 5.9063911, 45.5631993 ], [ 5.9069603, 45.5631206 ], [ 5.907271, 45.5630756 ] ] ] } },
{ "type": "Feature", "properties": { "id_voie": "73065_0960", "nom": "Rue Corneille", "type_voie": "Rue", "longueur_m": 27.9, "quartier": "CE" }, "geometry": { "type": "LineString", "coordinates": [ [ 5.9157401, 45.5713696 ], [ 5.9160374, 45.5715097 ] ] } },
{ "type": "Feature", "properties": { "id_voie": "73065_2320", "nom": "Boulevard de Lémenc", "type_voie": "Boulevard", "longueur_m": 1188.8, "quartier": "LA" }, "geometry": { "type": "MultiLineString", "coordinates": [ [ [ 5.9240905, 45.5703858 ], [ 5.9239732, 45.5703997 ], [ 5.9238743, 45.570396 ], [ 5.923767, 45.5703807 ], [ 5.9237087, 45.5703462 ], [ 5.923652, 45.5702936 ], [ 5.9235932, 45.5702231 ], [ 5.9235427, 45.5701189 ], [ 5.9234577, 45.5699166 ], [ 5.9233899, 45.5697273 ] ], [ [ 5.9232606, 45.5730647 ], [ 5.9232549, 45.5730784 ], [ 5.9232442, 45.5730949 ], [ 5.9232294, 45.5731052 ], [ 5.9232092, 45.573112 ], [ 5.9231926, 45.5731134 ], [ 5.923181, 45.5731119 ] ], [ [ 5.9231725, 45.5730238 ], [ 5.9231929, 45.5730224 ], [ 5.9232097, 45.5730246 ], [ 5.923228, 45.5730296 ], [ 5.9232451, 45.573039 ], [ 5.9232561, 45.5730522 ], [ 5.9232606, 45.5730647 ] ], [ [ 5.923181, 45.5731119 ], [ 5.923162, 45.5731899 ], [ 5.9231715, 45.5732968 ], [ 5.9231809, 45.5734516 ], [ 5.9231894, 45.5735631 ], [ 5.9232482, 45.5738995 ], [ 5.9232967, 45.5741388 ], [ 5.9233141, 45.5742492 ], [ 5.9233165, 45.5743194 ], [ 5.9233008, 45.5743874 ], [ 5.9232708, 45.5744504 ], [ 5.9232326, 45.5745054 ] ], [ [ 5.923181, 45.5731119 ], [ 5.9231628, 45.5731069 ], [ 5.9231457, 45.5731002 ], [ 5.9231335, 45.5730879 ], [ 5.9231314, 45.5730717 ], [ 5.9231319, 45.5730564 ], [ 5.9231401, 45.5730417 ], [ 5.9231536, 45.5730306 ], [ 5.9231674, 45.5730248 ], [ 5.9231725, 45.5730238 ] ], [ [ 5.923135, 45.5729455 ], [ 5.9231725, 45.5730238 ] ], [ [ 5.9230878, 45.5723421 ], [ 5.923135, 45.5729455 ] ], [ [ 5.923084, 45.5721736 ], [ 5.9230878, 45.5723421 ] ], [ [ 5.9230803, 45.5719809 ], [ 5.923084, 45.5721736 ] ], [ [ 5.9228412, 45.5711446 ], [ 5.9229865, 45.5715157 ], [ 5.9230406, 45.5717396 ], [ 5.9230803, 45.5719809 ] ], [ [ 5.9233899, 45.5697273 ], [ 5.9233569, 45.5696606 ], [ 5.9232933, 45.5695731 ], [ 5.9232092, 45.5695113 ], [ 5.9230885, 45.5694612 ], [ 5.9229578, 45.5694394 ], [ 5.9228396, 45.5694353 ], [ 5.9227403, 45.5694505 ], [ 5.9226266, 45.569485 ], [ 5.922543, 45.5695286 ] ], [ [ 5.922591, 45.5705131 ], [ 5.9227011, 45.5707995 ], [ 5.9228412, 45.5711446 ] ], [ [ 5.922543, 45.5695286 ], [ 5.9224564, 45.5696138 ], [ 5.9224278, 45.5696794 ], [ 5.9224242, 45.5698309 ], [ 5.9224817, 45.5701673 ], [ 5.9225284, 45.5703472 ], [ 5.9225591, 45.5704428 ], [ 5.922591, 45.5705131 ] ], [ [ 5.9233706, 45.5747857 ], [ 5.9233874, 45.574933 ], [ 5.9233927, 45.5751077 ] ], [ [ 5.9232784, 45.574643 ], [ 5.9233163, 45.5747051 ], [ 5.9233706, 45.5747857 ] ], [ [ 5.9233927, 45.5751077 ], [ 5.9233977, 45.5752499 ], [ 5.9233908, 45.5753141 ] ], [ [ 5.9243706, 45.5701488 ], [ 5.9243326, 45.5702326 ], [ 5.9242722, 45.5703027 ], [ 5.9241939, 45.5703498 ], [ 5.9240905, 45.5703858 ] ], [ [ 5.9247932, 45.5693574 ], [ 5.9247591, 45.5693664 ], [ 5.9247141, 45.5693901 ], [ 5.9245352, 45.5695254 ], [ 5.9244901, 45.5695699 ], [ 5.9244177, 45.5696808 ], [ 5.9243822, 45.5698097 ], [ 5.9243804, 45.5700926 ], [ 5.9243706, 45.5701488 ] ], [ [ 5.924485, 45.5682319 ], [ 5.9244833, 45.5681265 ] ], [ [ 5.9245145, 45.5683293 ], [ 5.924485, 45.5682319 ] ], [ [ 5.9245893, 45.568531 ], [ 5.9245516, 45.5684482 ], [ 5.9245145, 45.5683293 ] ], [ [ 5.9244833, 45.5681265 ], [ 5.924502, 45.5680197 ] ], [ [ 5.9245725, 45.5675808 ], [ 5.9245884, 45.5676885 ], [ 5.9245766, 45.5677798 ], [ 5.9245383, 45.5679052 ], [ 5.924502, 45.5680197 ] ], [ [ 5.9246509, 45.5687754 ], [ 5.9245893, 45.568531 ] ], [ [ 5.9247932, 45.5693574 ], [ 5.9247765, 45.5693317 ], [ 5.9247411, 45.56922 ], [ 5.9247031, 45.5689867 ], [ 5.9246509, 45.5687754 ] ] ] } },
{ "type": "Feature", "properties": { "id_voie": "73065_0775", "nom": "Allée des Chataîgniers", "type_voie": "Allée", "longueur_m": 65.5, "quartier": "HC" }, "geometry": { "type": "LineString", "coordinates": [ [ 5.9165941, 45.5849927 ], [ 5.9158163, 45.5847705 ] ] } },
{ "type": "Feature", "properties": { "id_voie": "73065_1203", "nom": "Square d'Orgeval", "type_voie": "Square", "longueur_m": 167.4, "quartier": "BI" }, "geometry": { "type": "MultiLineString", "coordinates": [ [ [ 5.8849718, 45.5809393 ], [ 5.8851236, 45.5807498 ], [ 5.8851324, 45.5807225 ], [ 5.8851302, 45.5807037 ], [ 5.8848715, 45.580567 ], [ 5.8848312, 45.5805564 ] ], [ [ 5.8848312, 45.5805564 ], [ 5.8849516, 45.580428 ] ], [ [ 5.8848312, 45.5805564 ], [ 5.8847837, 45.5805567 ], [ 5.884365, 45.5806719 ] ], [ [ 5.884365, 45.5806719 ], [ 5.8843309, 45.5806818 ], [ 5.8843304, 45.5806972 ], [ 5.8843401, 45.5807104 ], [ 5.884845, 45.5809453 ] ] ] } },
{ "type": "Feature", "properties": { "id_voie": "73065_2500", "nom": "Rue Marcoz", "type_voie": "Rue", "longueur_m": 436.3, "quartier": "CE" }, "geometry": { "type": "MultiLineString", "coordinates": [ [ [ 5.9146138, 45.5687379 ], [ 5.9142622, 45.5689075 ], [ 5.9140479, 45.5690031 ], [ 5.9138386, 45.5690977 ], [ 5.9137473, 45.5691425 ] ], [ [ 5.9146138, 45.5687379 ], [ 5.914808, 45.56865 ], [ 5.9151273, 45.5684759 ], [ 5.915366, 45.5683544 ], [ 5.9159329, 45.5680847 ], [ 5.9160686, 45.5680046 ], [ 5.9161171, 45.5679519 ] ], [ [ 5.9161171, 45.5679519 ], [ 5.9164297, 45.567723 ], [ 5.9168277, 45.5674127 ], [ 5.9170782, 45.5672476 ], [ 5.9173511, 45.5670467 ], [ 5.9175308, 45.5669024 ], [ 5.9178551, 45.5666777 ], [ 5.9179653, 45.5666028 ] ] ] } },
{ "type": "Feature", "properties": { "id_voie": "73065_3336", "nom": "Rue de Roberty", "type_voie": "Rue", "longueur_m": 762.2, "quartier": "CV" }, "geometry": { "type": "MultiLineString", "coordinates": [ [ [ 5.9026374, 45.597424 ], [ 5.9027423, 45.5972951 ], [ 5.9031873, 45.5968232 ], [ 5.9034933, 45.5965134 ], [ 5.9036496, 45.596312 ], [ 5.9036726, 45.5962619 ] ], [ [ 5.9025535, 45.5974883 ], [ 5.9026374, 45.597424 ] ], [ [ 5.9006799, 45.5983558 ], [ 5.9008001, 45.5982977 ], [ 5.9010923, 45.5981676 ], [ 5.9014158, 45.5979718 ], [ 5.9015559, 45.5979006 ], [ 5.9018842, 45.597748 ], [ 5.9019675, 45.5977215 ], [ 5.9023351, 45.5975841 ], [ 5.9025535, 45.5974883 ] ], [ [ 5.8999476, 45.5989315 ], [ 5.9003097, 45.5985906 ], [ 5.9003515, 45.5985562 ], [ 5.9005978, 45.5984065 ], [ 5.9006799, 45.5983558 ] ], [ [ 5.8991224, 45.5976102 ], [ 5.8991347, 45.5976495 ], [ 5.8991361, 45.5976999 ], [ 5.8991127, 45.597769 ], [ 5.8990275, 45.5979307 ], [ 5.898995, 45.5980955 ], [ 5.8990139, 45.598187 ], [ 5.8990566, 45.5982904 ], [ 5.8990997, 45.5983551 ], [ 5.8992098, 45.5984955 ], [ 5.8993293, 45.5986213 ], [ 5.8994128, 45.5986966 ], [ 5.8994934, 45.5987405 ], [ 5.8997759, 45.5988648 ], [ 5.8999476, 45.5989315 ] ], [ [ 5.8979382, 45.59659 ], [ 5.8980455, 45.5967044 ], [ 5.8980636, 45.5969022 ], [ 5.8980854, 45.5970008 ], [ 5.8981314, 45.5970942 ], [ 5.8981718, 45.5971544 ], [ 5.8982965, 45.5972566 ], [ 5.8984186, 45.5973328 ], [ 5.8985512, 45.5973906 ], [ 5.8988062, 45.5974796 ], [ 5.8990024, 45.5975493 ], [ 5.8990717, 45.5975746 ], [ 5.8991224, 45.5976102 ] ] ] } },
{ "type": "Feature", "properties": { "id_voie": "73065_0281", "nom": "Rue de la Belle Etoile", "type_voie": "Rue", "longueur_m": 155.4, "quartier": "BI" }, "geometry": { "type": "LineString", "coordinates": [ [ 5.876488, 45.5844637 ], [ 5.8765571, 45.5843376 ], [ 5.876613, 45.584301 ], [ 5.8766683, 45.5842798 ], [ 5.8766978, 45.5842538 ], [ 5.8767247, 45.5842026 ], [ 5.87675, 45.5840236 ], [ 5.8768238, 45.5836657 ], [ 5.8768208, 45.583409 ], [ 5.8768603, 45.5831314 ] ] } },
{ "type": "Feature", "properties": { "id_voie": "73065_2640", "nom": "Place de la Métropole", "type_voie": "Place", "longueur_m": 93.3, "quartier": "CE" }, "geometry": { "type": "MultiLineString", "coordinates": [ [ [ 5.9223019, 45.5650276 ], [ 5.922456, 45.5648605 ], [ 5.9224938, 45.5648487 ], [ 5.9225355, 45.5648611 ], [ 5.9226193, 45.5648923 ] ], [ [ 5.9227318, 45.5649344 ], [ 5.9225619, 45.5651182 ], [ 5.9223019, 45.5650276 ] ], [ [ 5.9226193, 45.5648923 ], [ 5.9227318, 45.5649344 ] ] ] } },
{ "type": "Feature", "properties": { "id_voie": "73065_2582", "nom": "Rue Martin Luther King", "type_voie": "Rue", "longueur_m": 103.2, "quartier": "HC" }, "geometry": { "type": "MultiLineString", "coordinates": [ [ [ 5.9212715, 45.5968431 ], [ 5.9212997, 45.5966721 ] ], [ [ 5.9212997, 45.5966721 ], [ 5.9213088, 45.5965286 ], [ 5.9213116, 45.5964096 ], [ 5.9213108, 45.5962501 ], [ 5.9213042, 45.5961232 ], [ 5.9212245, 45.5959766 ], [ 5.9211939, 45.5959314 ] ] ] } },
{ "type": "Feature", "properties": { "id_voie": "73065_3073", "nom": "Chemin du Petit Bois", "type_voie": "Chemin", "longueur_m": 311.3, "quartier": "CV" }, "geometry": { "type": "MultiLineString", "coordinates": [ [ [ 5.9080559, 45.5976039 ], [ 5.9080712, 45.5976035 ], [ 5.9081203, 45.5975842 ], [ 5.908164, 45.5975605 ], [ 5.9082148, 45.5975015 ], [ 5.9082931, 45.5974283 ], [ 5.9083724, 45.5973749 ], [ 5.9084085, 45.5973532 ], [ 5.9084554, 45.5973412 ], [ 5.9085096, 45.5973218 ], [ 5.9085671, 45.5973167 ], [ 5.9086322, 45.5973096 ], [ 5.9087349, 45.5973106 ], [ 5.9089693, 45.5973018 ], [ 5.9091295, 45.5972958 ] ], [ [ 5.9068383, 45.5970758 ], [ 5.9069828, 45.5971153 ], [ 5.9070678, 45.5971455 ], [ 5.9071726, 45.5971843 ], [ 5.9073685, 45.5972486 ], [ 5.9075634, 45.5973427 ], [ 5.9076553, 45.5974061 ], [ 5.907755, 45.597472 ], [ 5.9079409, 45.5975897 ], [ 5.908011, 45.597605 ], [ 5.9080559, 45.5976039 ] ], [ [ 5.9055945, 45.5968565 ], [ 5.9057474, 45.5968832 ], [ 5.9058395, 45.5969024 ], [ 5.905937, 45.5969251 ], [ 5.9060321, 45.5969515 ], [ 5.9061053, 45.5969767 ] ], [ [ 5.9061053, 45.5969767 ], [ 5.9063695, 45.5969969 ], [ 5.9065091, 45.5970158 ], [ 5.9066915, 45.5970426 ], [ 5.9068383, 45.5970758 ] ] ] } },
{ "type": "Feature", "properties": { "id_voie": "73065_2360", "nom": "Rue Louis Abrioud", "type_voie": "Rue", "longueur_m": 199.8, "quartier": "CE" }, "geometry": { "type": "LineString", "coordinates": [ [ 5.9064515, 45.5688538 ], [ 5.9064737, 45.568837 ], [ 5.9065206, 45.5688268 ], [ 5.9070812, 45.5688015 ], [ 5.9074912, 45.5687918 ], [ 5.9076396, 45.5687834 ], [ 5.9077122, 45.5687726 ], [ 5.9078843, 45.5687275 ], [ 5.9083312, 45.5685889 ], [ 5.9086515, 45.5685086 ], [ 5.9089103, 45.5684532 ] ] } },
{ "type": "Feature", "properties": { "id_voie": "73065_1960", "nom": "Rue de l'Iseran", "type_voie": "Rue", "longueur_m": 287.4, "quartier": "CE" }, "geometry": { "type": "MultiLineString", "coordinates": [ [ [ 5.9120107, 45.5673457 ], [ 5.9119873, 45.5672652 ], [ 5.9119183, 45.5670759 ], [ 5.9119279, 45.5670153 ], [ 5.9119543, 45.5669561 ] ], [ [ 5.9123766, 45.5664711 ], [ 5.9126546, 45.5661711 ] ], [ [ 5.9119543, 45.5669561 ], [ 5.9123766, 45.5664711 ] ], [ [ 5.9129916, 45.5675302 ], [ 5.9127331, 45.5674936 ], [ 5.9123274, 45.5674149 ], [ 5.9120107, 45.5673457 ] ], [ [ 5.9126546, 45.5661711 ], [ 5.9127529, 45.566064 ], [ 5.9130757, 45.5657132 ] ] ] } },
{ "type": "Feature", "properties": { "id_voie": "73065_0940", "nom": "Rue Condorcet", "type_voie": "Rue", "longueur_m": 171.5, "quartier": "CE" }, "geometry": { "type": "LineString", "coordinates": [ [ 5.91492, 45.5751719 ], [ 5.9148158, 45.5751412 ], [ 5.9134616, 45.5745447 ], [ 5.9131939, 45.5744309 ], [ 5.9130431, 45.5743708 ] ] } },
{ "type": "Feature", "properties": { "id_voie": "73065_3660", "nom": "Rue Stendhal", "type_voie": "Rue", "longueur_m": 203.4, "quartier": "CE" }, "geometry": { "type": "MultiLineString", "coordinates": [ [ [ 5.9066754, 45.5727578 ], [ 5.906543, 45.5726549 ], [ 5.9059718, 45.5722336 ], [ 5.9059282, 45.5721852 ], [ 5.9058952, 45.5721193 ], [ 5.9058713, 45.5720307 ] ], [ [ 5.9058713, 45.5720307 ], [ 5.9058006, 45.5717343 ], [ 5.9057277, 45.5713965 ], [ 5.9056737, 45.5711492 ] ] ] } },
{ "type": "Feature", "properties": { "id_voie": "73065_2630", "nom": "Avenue de Mérande", "type_voie": "Avenue", "longueur_m": 1112.6, "quartier": "LA" }, "geometry": { "type": "MultiLineString", "coordinates": [ [ [ 5.9252157, 45.5697771 ], [ 5.9251084, 45.5696898 ] ], [ [ 5.9251084, 45.5696898 ], [ 5.9249813, 45.5695652 ], [ 5.9248785, 45.5694651 ], [ 5.9248308, 45.5694123 ], [ 5.9247932, 45.5693574 ] ], [ [ 5.9263419, 45.5708913 ], [ 5.9262776, 45.5708389 ], [ 5.9261788, 45.5707415 ], [ 5.9260041, 45.5705676 ], [ 5.9255375, 45.570113 ], [ 5.9253264, 45.5698824 ], [ 5.9252157, 45.5697771 ] ], [ [ 5.9282332, 45.5717927 ], [ 5.9280164, 45.5717695 ], [ 5.9278733, 45.5717552 ], [ 5.9277413, 45.5717343 ], [ 5.9276271, 45.5717103 ], [ 5.9274092, 45.5716168 ], [ 5.92719, 45.5714757 ], [ 5.9270559, 45.5713899 ], [ 5.9268402, 45.5712397 ], [ 5.9263419, 45.5708913 ] ], [ [ 5.9299996, 45.572199 ], [ 5.9300253, 45.5722254 ], [ 5.9300324, 45.5722612 ] ], [ [ 5.9299731, 45.5721844 ], [ 5.9299996, 45.572199 ] ], [ [ 5.9300324, 45.5722612 ], [ 5.9300225, 45.5722939 ], [ 5.9299957, 45.5723199 ], [ 5.9299515, 45.5723336 ] ], [ [ 5.9299515, 45.5723336 ], [ 5.929912, 45.5723392 ], [ 5.9298541, 45.5723362 ], [ 5.9297913, 45.5723126 ], [ 5.9297512, 45.572283 ], [ 5.9297426, 45.5722652 ], [ 5.9297428, 45.5722201 ] ], [ [ 5.9297428, 45.5722201 ], [ 5.9297804, 45.5721795 ], [ 5.9298055, 45.572168 ], [ 5.929846, 45.5721589 ], [ 5.9298987, 45.5721602 ], [ 5.9299731, 45.5721844 ] ], [ [ 5.9297428, 45.5722201 ], [ 5.9295487, 45.5721648 ], [ 5.9294127, 45.572117 ], [ 5.9292851, 45.5720563 ], [ 5.9291514, 45.572003 ], [ 5.929014, 45.5719517 ], [ 5.9288732, 45.5719094 ], [ 5.9285662, 45.5718309 ], [ 5.9284072, 45.5718071 ], [ 5.9282332, 45.5717927 ] ], [ [ 5.9300324, 45.5722612 ], [ 5.9301579, 45.5723057 ], [ 5.9302249, 45.5723364 ], [ 5.9305624, 45.5725304 ], [ 5.9306375, 45.572568 ], [ 5.9307792, 45.5726265 ], [ 5.9309526, 45.5726788 ], [ 5.9313083, 45.5727587 ], [ 5.9316844, 45.5728588 ], [ 5.9321705, 45.5730011 ], [ 5.9323188, 45.5730387 ], [ 5.9324255, 45.5730666 ], [ 5.9325804, 45.5731094 ] ], [ [ 5.9325804, 45.5731094 ], [ 5.9327179, 45.5731364 ] ], [ [ 5.9327179, 45.5731364 ], [ 5.9328295, 45.5731605 ] ], [ [ 5.9325804, 45.5731094 ], [ 5.9327815, 45.573224 ], [ 5.9331282, 45.5733744 ], [ 5.9332847, 45.573446 ] ], [ [ 5.9328295, 45.5731605 ], [ 5.9329532, 45.5731961 ], [ 5.9332371, 45.5732986 ] ], [ [ 5.9332847, 45.573446 ], [ 5.933423, 45.5735145 ] ], [ [ 5.9332371, 45.5732986 ], [ 5.9332581, 45.5733071 ], [ 5.9333788, 45.573358 ], [ 5.9334168, 45.5733732 ] ], [ [ 5.9334168, 45.5733732 ], [ 5.9337433, 45.5735305 ], [ 5.9340541, 45.5736801 ] ], [ [ 5.9340541, 45.5736801 ], [ 5.9342329, 45.5737628 ], [ 5.9343939, 45.5738235 ], [ 5.9346974, 45.5739093 ], [ 5.9349465, 45.5739604 ], [ 5.9351044, 45.5739851 ] ] ] } },
{ "type": "Feature", "properties": { "id_voie": "73065_2917", "nom": "Chemin des Noisetiers", "type_voie": "Chemin", "longueur_m": 202.5, "quartier": "HC" }, "geometry": { "type": "MultiLineString", "coordinates": [ [ [ 5.9156569, 45.5873508 ], [ 5.9155973, 45.5872424 ], [ 5.9155049, 45.5870709 ], [ 5.9154096, 45.5868941 ], [ 5.9151838, 45.5865052 ] ], [ [ 5.9158597, 45.5877907 ], [ 5.9158593, 45.5877826 ], [ 5.915834, 45.5877166 ], [ 5.9157799, 45.58759 ], [ 5.9157026, 45.5874388 ], [ 5.9156569, 45.5873508 ] ], [ [ 5.9161379, 45.5870527 ], [ 5.9159603, 45.5871654 ], [ 5.9157576, 45.5872878 ], [ 5.9156569, 45.5873508 ] ] ] } },
{ "type": "Feature", "properties": { "id_voie": "73065_1430", "nom": "Rue des Fontanettes", "type_voie": "Rue", "longueur_m": 105.0, "quartier": "BI" }, "geometry": { "type": "LineString", "coordinates": [ [ 5.9026183, 45.5754984 ], [ 5.9029756, 45.5753882 ], [ 5.903855, 45.5751267 ] ] } },
{ "type": "Feature", "properties": { "id_voie": "73065_2940", "nom": "Rue Nungesser et Coli", "type_voie": "Rue", "longueur_m": 277.9, "quartier": "BO" }, "geometry": { "type": "MultiLineString", "coordinates": [ [ [ 5.9025016, 45.5589602 ], [ 5.9023986, 45.5591242 ], [ 5.9023654, 45.5592007 ], [ 5.9023268, 45.5593215 ] ], [ [ 5.9029336, 45.5585625 ], [ 5.9030425, 45.5586588 ], [ 5.9033127, 45.5588699 ], [ 5.9035908, 45.5590861 ] ], [ [ 5.9029336, 45.5585625 ], [ 5.9027463, 45.5587097 ], [ 5.9026495, 45.5587951 ], [ 5.9025629, 45.5588811 ], [ 5.9025016, 45.5589602 ] ], [ [ 5.9025016, 45.5589602 ], [ 5.903164, 45.5592639 ], [ 5.903389, 45.5593473 ] ], [ [ 5.9031167, 45.5584334 ], [ 5.9030856, 45.5584522 ], [ 5.9029336, 45.5585625 ] ] ] } },
{ "type": "Feature", "properties": { "id_voie": "73065_1540", "nom": "Rue du Galibier", "type_voie": "Rue", "longueur_m": 193.0, "quartier": "BI" }, "geometry": { "type": "LineString", "coordinates": [ [ 5.8929506, 45.5759954 ], [ 5.8928837, 45.5759431 ], [ 5.8913495, 45.5751887 ], [ 5.8911656, 45.5751061 ], [ 5.8910139, 45.5750262 ], [ 5.8909754, 45.575001 ], [ 5.8909688, 45.5749742 ] ] } },
{ "type": "Feature", "properties": { "id_voie": "73065_0640", "nom": "Chemin des Champs Courts", "type_voie": "Chemin", "longueur_m": 401.4, "quartier": "BI" }, "geometry": { "type": "MultiLineString", "coordinates": [ [ [ 5.8956658, 45.5780863 ], [ 5.895657, 45.5792453 ], [ 5.8956226, 45.5807474 ], [ 5.8956127, 45.5811721 ] ], [ [ 5.8956127, 45.5811721 ], [ 5.8956004, 45.5816977 ] ] ] } },
{ "type": "Feature", "properties": { "id_voie": "73065_0532", "nom": "Allée des Capucines", "type_voie": "Allée", "longueur_m": 138.9, "quartier": "HC" }, "geometry": { "type": "LineString", "coordinates": [ [ 5.9220223, 45.5848166 ], [ 5.9219465, 45.5848167 ], [ 5.9218077, 45.5848113 ], [ 5.9217189, 45.5848064 ], [ 5.9215298, 45.5847978 ], [ 5.921319, 45.5847916 ], [ 5.9211055, 45.5847836 ], [ 5.9208895, 45.5847757 ], [ 5.9206798, 45.5847658 ], [ 5.9204903, 45.5847491 ], [ 5.9202471, 45.5847365 ] ] } },
{ "type": "Feature", "properties": { "id_voie": "73065_0925", "nom": "Allée du Commandant René Bocquin", "type_voie": "Allée", "longueur_m": 148.3, "quartier": "LA" }, "geometry": { "type": "MultiLineString", "coordinates": [ [ [ 5.9298044, 45.5782171 ], [ 5.9298045, 45.5781702 ], [ 5.9298097, 45.5781224 ], [ 5.9298184, 45.5780681 ], [ 5.9298031, 45.5780225 ], [ 5.9297599, 45.5779822 ], [ 5.9297065, 45.5779412 ], [ 5.9296403, 45.5779042 ], [ 5.9294928, 45.5778324 ] ], [ [ 5.9306272, 45.5784155 ], [ 5.9304869, 45.578457 ], [ 5.9301043, 45.5785977 ] ], [ [ 5.9301043, 45.5785977 ], [ 5.9300563, 45.5785394 ], [ 5.9299836, 45.5784512 ], [ 5.9299114, 45.578372 ], [ 5.9298551, 45.5783023 ], [ 5.9298208, 45.578259 ], [ 5.9298044, 45.5782171 ] ] ] } },
{ "type": "Feature", "properties": { "id_voie": "73065_3156", "nom": "Chemin des Prés", "type_voie": "Chemin", "longueur_m": 268.9, "quartier": "CV" }, "geometry": { "type": "MultiLineString", "coordinates": [ [ [ 5.9069552, 45.6007239 ], [ 5.9070075, 45.6005469 ], [ 5.9070285, 45.6004328 ], [ 5.9070383, 45.600155 ], [ 5.9070612, 45.6000769 ] ], [ [ 5.9069552, 45.6007239 ], [ 5.9069312, 45.6008039 ] ], [ [ 5.9069312, 45.6008039 ], [ 5.9068814, 45.6009556 ], [ 5.9068145, 45.6011241 ], [ 5.906768, 45.6012415 ], [ 5.9067394, 45.6013089 ], [ 5.9067078, 45.6013665 ], [ 5.906656, 45.6014309 ], [ 5.9066227, 45.6014813 ], [ 5.9066008, 45.6015297 ], [ 5.9065781, 45.6016095 ], [ 5.9065289, 45.6018217 ], [ 5.9065133, 45.6019158 ], [ 5.9064851, 45.6020895 ], [ 5.9064775, 45.6022123 ], [ 5.9064768, 45.6022736 ], [ 5.9064968, 45.6023614 ], [ 5.9065031, 45.6024072 ], [ 5.9064959, 45.6024416 ] ] ] } },
{ "type": "Feature", "properties": { "id_voie": "73065_2340", "nom": "Place de la Libération", "type_voie": "Place", "longueur_m": 207.3, "quartier": "CE" }, "geometry": { "type": "MultiLineString", "coordinates": [ [ [ 5.9246601, 45.5673199 ], [ 5.9244397, 45.5673004 ], [ 5.9241909, 45.5673033 ] ], [ [ 5.9245725, 45.5675808 ], [ 5.9243907, 45.5675144 ], [ 5.9243609, 45.5674854 ], [ 5.9242909, 45.5674223 ], [ 5.9242173, 45.5673413 ], [ 5.9241909, 45.5673033 ] ], [ [ 5.9240473, 45.5675224 ], [ 5.924168, 45.5675247 ], [ 5.92432, 45.5675369 ], [ 5.9245725, 45.5675808 ] ], [ [ 5.9246601, 45.5673199 ], [ 5.9245525, 45.56742 ], [ 5.9245314, 45.5674584 ], [ 5.9245237, 45.5675073 ], [ 5.9245725, 45.5675808 ] ], [ [ 5.9248549, 45.567341 ], [ 5.9248126, 45.5674142 ], [ 5.9247587, 45.5674876 ], [ 5.9246836, 45.5675473 ], [ 5.9245725, 45.5675808 ] ], [ [ 5.9248549, 45.567341 ], [ 5.9247425, 45.5673268 ], [ 5.9246601, 45.5673199 ] ] ] } },
{ "type": "Feature", "properties": { "id_voie": "73065_0800", "nom": "Rue de Chautagne", "type_voie": "Rue", "longueur_m": 398.1, "quartier": "BI" }, "geometry": { "type": "MultiLineString", "coordinates": [ [ [ 5.8799504, 45.5841462 ], [ 5.8798676, 45.5842321 ], [ 5.8797827, 45.5843271 ], [ 5.8797379, 45.5844273 ], [ 5.8797117, 45.584565 ], [ 5.8796841, 45.584626 ], [ 5.8795421, 45.5848081 ], [ 5.8794294, 45.5849362 ], [ 5.8792975, 45.5851144 ] ], [ [ 5.8792975, 45.5851144 ], [ 5.8791604, 45.5852909 ], [ 5.8790261, 45.5854728 ] ], [ [ 5.8801168, 45.584013 ], [ 5.8800142, 45.5840895 ], [ 5.8799504, 45.5841462 ] ], [ [ 5.8805517, 45.5837153 ], [ 5.8804136, 45.5837991 ], [ 5.8803185, 45.5838709 ], [ 5.8801168, 45.584013 ] ], [ [ 5.8805517, 45.5837153 ], [ 5.8806359, 45.5836573 ], [ 5.8806769, 45.583631 ] ], [ [ 5.8809271, 45.5838265 ], [ 5.8809059, 45.5838631 ], [ 5.8806779, 45.5837734 ], [ 5.8805517, 45.5837153 ] ], [ [ 5.8808406, 45.5834971 ], [ 5.8807142, 45.5836076 ], [ 5.8806769, 45.583631 ] ], [ [ 5.8808406, 45.5834971 ], [ 5.8809242, 45.5835986 ], [ 5.8809811, 45.5836566 ], [ 5.8809848, 45.5837033 ], [ 5.880949, 45.58378 ], [ 5.8809271, 45.5838265 ] ], [ [ 5.8809458, 45.5830258 ], [ 5.88097, 45.5830477 ], [ 5.8809861, 45.5830861 ], [ 5.8809964, 45.5831363 ], [ 5.8809903, 45.5831923 ], [ 5.8809218, 45.583331 ], [ 5.8808406, 45.5834971 ] ] ] } },
{ "type": "Feature", "properties": { "id_voie": "73065_1930", "nom": "Place de l'Hotel de Ville", "type_voie": "Place", "longueur_m": 198.1, "quartier": "CE" }, "geometry": { "type": "MultiLineString", "coordinates": [ [ [ 5.9199576, 45.5662843 ], [ 5.9200564, 45.5663583 ], [ 5.9203924, 45.5665992 ], [ 5.9205858, 45.5667392 ], [ 5.9206854, 45.5668033 ] ], [ [ 5.920519, 45.5660796 ], [ 5.9204154, 45.5661102 ], [ 5.9203069, 45.5661455 ], [ 5.9202027, 45.5662131 ], [ 5.9200987, 45.5662365 ], [ 5.9199576, 45.5662843 ] ], [ [ 5.9206501, 45.5661582 ], [ 5.920519, 45.5660796 ] ], [ [ 5.9211314, 45.5665034 ], [ 5.9206501, 45.5661582 ] ] ] } },
{ "type": "Feature", "properties": { "id_voie": "73065_1247", "nom": "Square Elsa Triolet", "type_voie": "Square", "longueur_m": 203.3, "quartier": "HC" }, "geometry": { "type": "MultiLineString", "coordinates": [ [ [ 5.9219364, 45.5990083 ], [ 5.921999, 45.598712 ] ], [ [ 5.9215783, 45.5986698 ], [ 5.921999, 45.598712 ] ], [ [ 5.9215884, 45.5990795 ], [ 5.9219168, 45.5991007 ], [ 5.9219364, 45.5990083 ] ], [ [ 5.921999, 45.598712 ], [ 5.9225868, 45.5987094 ] ], [ [ 5.9219364, 45.5990083 ], [ 5.922634, 45.5990695 ] ] ] } },
{ "type": "Feature", "properties": { "id_voie": "73065_1190", "nom": "Rue Docteur Voutier", "type_voie": "Rue", "longueur_m": 245.2, "quartier": "CE" }, "geometry": { "type": "LineString", "coordinates": [ [ 5.9089995, 45.5677318 ], [ 5.9089155, 45.5677439 ], [ 5.9087302, 45.5677821 ], [ 5.9083407, 45.567866 ], [ 5.9081347, 45.5679245 ], [ 5.907952, 45.5679887 ], [ 5.9078053, 45.5680294 ], [ 5.9075887, 45.568081 ], [ 5.907459, 45.5681033 ], [ 5.9071852, 45.5681428 ], [ 5.9065939, 45.5681933 ], [ 5.9063603, 45.5682164 ], [ 5.9062029, 45.5682241 ], [ 5.9059646, 45.5682059 ] ] } },
{ "type": "Feature", "properties": { "id_voie": "73065_3555", "nom": "Allée du Sapenay", "type_voie": "Allée", "longueur_m": 44.3, "quartier": "BI" }, "geometry": { "type": "LineString", "coordinates": [ [ 5.8755469, 45.5837128 ], [ 5.874985, 45.5837669 ] ] } },
{ "type": "Feature", "properties": { "id_voie": "73065_3076", "nom": "Rue des Peupliers", "type_voie": "Rue", "longueur_m": 102.3, "quartier": "HC" }, "geometry": { "type": "MultiLineString", "coordinates": [ [ [ 5.9158163, 45.5847705 ], [ 5.9163534, 45.5843195 ] ], [ [ 5.9163534, 45.5843195 ], [ 5.9166331, 45.5840509 ] ] ] } },
{ "type": "Feature", "properties": { "id_voie": "73065_1996", "nom": "Allée des Jardins", "type_voie": "Allée", "longueur_m": 366.4, "quartier": "HC" }, "geometry": { "type": "MultiLineString", "coordinates": [ [ [ 5.9187579, 45.5876263 ], [ 5.9188409, 45.5876917 ], [ 5.9189433, 45.587735 ], [ 5.9190812, 45.5877693 ], [ 5.9191583, 45.5877727 ], [ 5.919223, 45.587734 ], [ 5.919261, 45.5876988 ], [ 5.9193064, 45.5876346 ], [ 5.9193676, 45.5875059 ], [ 5.919446, 45.5874354 ], [ 5.9195288, 45.5873981 ], [ 5.9196599, 45.5874028 ], [ 5.9199216, 45.5874501 ], [ 5.9201642, 45.587524 ], [ 5.9203077, 45.587568 ] ], [ [ 5.9169566, 45.5878064 ], [ 5.9172122, 45.5876412 ], [ 5.9174266, 45.5875203 ] ], [ [ 5.9169566, 45.5878064 ], [ 5.916634, 45.5879932 ], [ 5.9165294, 45.5880545 ] ], [ [ 5.9174266, 45.5875203 ], [ 5.9175138, 45.5874693 ], [ 5.9176806, 45.5873713 ], [ 5.9177858, 45.5873217 ], [ 5.9178673, 45.5873097 ], [ 5.9179409, 45.5873186 ], [ 5.9180165, 45.587341 ], [ 5.9181292, 45.5873858 ], [ 5.9182508, 45.5874033 ], [ 5.9183674, 45.5874247 ], [ 5.9185445, 45.5874966 ], [ 5.9187579, 45.5876263 ] ] ] } },
{ "type": "Feature", "properties": { "id_voie": "73065_2723", "nom": "Allée du Mont-Grêle", "type_voie": "Allée", "longueur_m": 92.2, "quartier": "BI" }, "geometry": { "type": "LineString", "coordinates": [ [ 5.882872, 45.5840388 ], [ 5.8829087, 45.5841271 ], [ 5.8829209, 45.5841899 ], [ 5.8829191, 45.5842286 ], [ 5.8829014, 45.5842597 ], [ 5.8828624, 45.5842977 ], [ 5.8828141, 45.5843313 ], [ 5.882749, 45.5843628 ], [ 5.882714, 45.5843817 ], [ 5.8827092, 45.5843872 ], [ 5.8822879, 45.5846773 ] ] } },
{ "type": "Feature", "properties": { "id_voie": "73065_0160", "nom": "Rue Argentine", "type_voie": "Rue", "longueur_m": 247.9, "quartier": "CE" }, "geometry": { "type": "MultiLineString", "coordinates": [ [ [ 5.9084691, 45.570802 ], [ 5.908378, 45.5708504 ], [ 5.9077694, 45.5712815 ] ], [ [ 5.9077694, 45.5712815 ], [ 5.9076176, 45.5713972 ], [ 5.9074154, 45.5715538 ], [ 5.9072759, 45.5716574 ] ], [ [ 5.9072759, 45.5716574 ], [ 5.9071679, 45.5717278 ], [ 5.9070095, 45.5718625 ], [ 5.9068878, 45.5719882 ], [ 5.9068152, 45.5720955 ], [ 5.9067951, 45.5721537 ], [ 5.9068127, 45.5722938 ], [ 5.9068362, 45.5723743 ], [ 5.9068586, 45.5724584 ], [ 5.9069017, 45.5725231 ], [ 5.9069382, 45.5725582 ] ] ] } },
{ "type": "Feature", "properties": { "id_voie": "73065_3074", "nom": "Chemin du Petit Hameau de l'Eglise", "type_voie": "Chemin", "longueur_m": 325.9, "quartier": "HC" }, "geometry": { "type": "MultiLineString", "coordinates": [ [ [ 5.9122756, 45.5885297 ], [ 5.9120907, 45.5886012 ], [ 5.9119149, 45.5886751 ], [ 5.9116814, 45.588774 ], [ 5.9115993, 45.5887986 ], [ 5.9114751, 45.5888298 ], [ 5.9113798, 45.5888484 ], [ 5.9112916, 45.5888552 ], [ 5.911196, 45.5888415 ] ], [ [ 5.9132703, 45.5884814 ], [ 5.9131243, 45.5884888 ], [ 5.9130574, 45.588486 ], [ 5.9129786, 45.5884754 ], [ 5.9129143, 45.5884735 ], [ 5.9128501, 45.5884716 ], [ 5.9127858, 45.5884705 ], [ 5.9126622, 45.5884629 ], [ 5.9125584, 45.5884656 ], [ 5.9124844, 45.5884729 ], [ 5.9123954, 45.5884896 ], [ 5.912332, 45.588503 ], [ 5.9122756, 45.5885297 ] ], [ [ 5.9145714, 45.5885504 ], [ 5.9145356, 45.5885774 ], [ 5.9145046, 45.5885972 ], [ 5.9144722, 45.588616 ], [ 5.9144386, 45.5886358 ], [ 5.9143551, 45.5886596 ], [ 5.9143044, 45.5886708 ], [ 5.9142493, 45.5886723 ], [ 5.9141941, 45.5886728 ], [ 5.9141503, 45.5886703 ], [ 5.9141102, 45.5886633 ], [ 5.9140812, 45.5886496 ], [ 5.9140557, 45.5886286 ], [ 5.9140393, 45.5886092 ], [ 5.9140265, 45.5885852 ], [ 5.9140195, 45.5885503 ], [ 5.9140311, 45.5885022 ], [ 5.9140367, 45.5884624 ], [ 5.9140409, 45.5884209 ], [ 5.9140534, 45.588389 ], [ 5.914056, 45.5883403 ], [ 5.9140378, 45.5883128 ] ], [ [ 5.914629, 45.5884993 ], [ 5.9146084, 45.5885224 ], [ 5.9145714, 45.5885504 ] ], [ [ 5.9140378, 45.5883128 ], [ 5.9140006, 45.588312 ], [ 5.9138367, 45.5883433 ], [ 5.913652, 45.5883949 ], [ 5.9135657, 45.5884377 ], [ 5.9134972, 45.5884539 ], [ 5.9134288, 45.5884692 ], [ 5.9132703, 45.5884814 ] ] ] } },
{ "type": "Feature", "properties": { "id_voie": "73065_1750", "nom": "Avenue du Grand Verger", "type_voie": "Avenue", "longueur_m": 844.6, "quartier": "CE" }, "geometry": { "type": "MultiLineString", "coordinates": [ [ [ 5.9091073, 45.5789043 ], [ 5.9091133, 45.5792889 ], [ 5.9090992, 45.5795091 ], [ 5.9090878, 45.5796825 ], [ 5.9090575, 45.5798869 ], [ 5.9090377, 45.58 ], [ 5.9090384, 45.5801099 ] ], [ [ 5.9089832, 45.5805745 ], [ 5.909034, 45.580466 ], [ 5.9090435, 45.5803783 ], [ 5.909032, 45.5802822 ], [ 5.9090194, 45.5801888 ], [ 5.9090384, 45.5801099 ] ], [ [ 5.9092345, 45.5805698 ], [ 5.9092266, 45.5805421 ], [ 5.9091952, 45.5804807 ], [ 5.9091629, 45.5804293 ], [ 5.9091285, 45.5803608 ], [ 5.9090975, 45.5802832 ], [ 5.9090751, 45.5801982 ], [ 5.9090384, 45.5801099 ] ], [ [ 5.9089832, 45.5805745 ], [ 5.9090496, 45.5805431 ], [ 5.9091045, 45.5805389 ], [ 5.9091728, 45.5805444 ], [ 5.9092345, 45.5805698 ] ], [ [ 5.9092385, 45.5807454 ], [ 5.9091909, 45.5807674 ], [ 5.9091464, 45.580774 ], [ 5.9090887, 45.5807745 ], [ 5.9090408, 45.5807677 ], [ 5.9090042, 45.5807542 ], [ 5.9089684, 45.5807326 ] ], [ [ 5.9092385, 45.5807454 ], [ 5.9091428, 45.5808281 ], [ 5.9091047, 45.5808597 ] ], [ [ 5.9091047, 45.5808597 ], [ 5.9090418, 45.5809082 ], [ 5.908967, 45.5809741 ] ], [ [ 5.9089483, 45.5806917 ], [ 5.9089436, 45.5806512 ], [ 5.9089515, 45.580606 ], [ 5.9089832, 45.5805745 ] ], [ [ 5.9089684, 45.5807326 ], [ 5.9089483, 45.5806917 ] ], [ [ 5.9089684, 45.5807326 ], [ 5.9089593, 45.5807788 ], [ 5.908978, 45.5808666 ], [ 5.908967, 45.5809741 ] ], [ [ 5.9089591, 45.5818997 ], [ 5.9089401, 45.5817822 ], [ 5.9088768, 45.5816027 ], [ 5.9088181, 45.5813646 ], [ 5.908813, 45.5812926 ], [ 5.9088188, 45.5812564 ], [ 5.9088424, 45.5811918 ], [ 5.9088597, 45.581131 ], [ 5.9088982, 45.581057 ], [ 5.908967, 45.5809741 ] ], [ [ 5.9093815, 45.583199 ], [ 5.9092324, 45.5827784 ] ], [ [ 5.9092324, 45.5827784 ], [ 5.9091753, 45.5825727 ], [ 5.9089591, 45.5818997 ] ], [ [ 5.9094134, 45.5832946 ], [ 5.9093815, 45.583199 ] ], [ [ 5.9094134, 45.5832946 ], [ 5.9094349, 45.5833364 ], [ 5.9094746, 45.5834092 ] ], [ [ 5.9094746, 45.5834092 ], [ 5.9095142, 45.5834794 ] ], [ [ 5.9094746, 45.5834092 ], [ 5.9095648, 45.5834403 ], [ 5.9095752, 45.5834436 ] ], [ [ 5.9095752, 45.5834436 ], [ 5.909675, 45.5834617 ], [ 5.9097416, 45.58346 ], [ 5.9098154, 45.5834473 ] ], [ [ 5.9092345, 45.5805698 ], [ 5.9092711, 45.5806076 ], [ 5.9092863, 45.5806532 ], [ 5.9092801, 45.5807056 ], [ 5.9092385, 45.5807454 ] ], [ [ 5.9092324, 45.5784776 ], [ 5.9092523, 45.5785131 ], [ 5.9092408, 45.5785882 ], [ 5.9092004, 45.5786496 ], [ 5.9091491, 45.5786753 ], [ 5.9091009, 45.5786846 ] ], [ [ 5.909054, 45.5784038 ], [ 5.9090848, 45.5784021 ], [ 5.9091641, 45.5784235 ], [ 5.909224, 45.5784634 ], [ 5.9092324, 45.5784776 ] ], [ [ 5.9091009, 45.5786846 ], [ 5.9091073, 45.5789043 ] ], [ [ 5.9091009, 45.5786846 ], [ 5.9090678, 45.57869 ], [ 5.9090043, 45.578679 ], [ 5.9089458, 45.5786634 ], [ 5.9088851, 45.5786082 ] ], [ [ 5.9089926, 45.5784063 ], [ 5.909054, 45.5784038 ] ], [ [ 5.9088851, 45.5786082 ], [ 5.9088682, 45.5785537 ], [ 5.908881, 45.5784803 ], [ 5.9089005, 45.5784609 ] ], [ [ 5.9089005, 45.5784609 ], [ 5.9089224, 45.5784378 ], [ 5.9089926, 45.5784063 ] ], [ [ 5.9095142, 45.5834794 ], [ 5.9095198, 45.5834874 ], [ 5.9095476, 45.5835281 ], [ 5.9095895, 45.5835919 ], [ 5.9096122, 45.5836589 ] ] ] } },
{ "type": "Feature", "properties": { "id_voie": "73065_3730", "nom": "Rue des Tilleuls", "type_voie": "Rue", "longueur_m": 562.3, "quartier": "BO" }, "geometry": { "type": "MultiLineString", "coordinates": [ [ [ 5.9121899, 45.5618174 ], [ 5.9122888, 45.5618211 ], [ 5.9124787, 45.5618225 ], [ 5.9128801, 45.5618436 ], [ 5.9133127, 45.5618748 ], [ 5.9133536, 45.5618719 ] ], [ [ 5.9118413, 45.5618003 ], [ 5.9119492, 45.5610694 ] ], [ [ 5.9118413, 45.5618003 ], [ 5.9121899, 45.5618174 ] ], [ [ 5.9121899, 45.5618174 ], [ 5.9122875, 45.5611363 ] ], [ [ 5.9111792, 45.5617715 ], [ 5.9118413, 45.5618003 ] ], [ [ 5.9110518, 45.5617649 ], [ 5.9111792, 45.5617715 ] ], [ [ 5.9098977, 45.5616983 ], [ 5.9104894, 45.561729 ], [ 5.9110518, 45.5617649 ] ], [ [ 5.9090124, 45.5616456 ], [ 5.9093777, 45.561664 ], [ 5.9098977, 45.5616983 ] ], [ [ 5.908187, 45.5616102 ], [ 5.9085058, 45.5616235 ], [ 5.9090124, 45.5616456 ] ] ] } },
{ "type": "Feature", "properties": { "id_voie": "73065_3440", "nom": "Place Saint-Léger", "type_voie": "Place", "longueur_m": 268.2, "quartier": "CE" }, "geometry": { "type": "MultiLineString", "coordinates": [ [ [ 5.9197675, 45.565818 ], [ 5.9197998, 45.5657487 ], [ 5.9198666, 45.565628 ], [ 5.9199373, 45.5655108 ] ], [ [ 5.9199373, 45.5655108 ], [ 5.9200144, 45.5654142 ], [ 5.9200906, 45.5653518 ] ], [ [ 5.9200906, 45.5653518 ], [ 5.9202584, 45.5652258 ] ], [ [ 5.9218006, 45.5640855 ], [ 5.9218119, 45.5640798 ], [ 5.9219669, 45.5640028 ] ], [ [ 5.9216637, 45.5641647 ], [ 5.9217383, 45.5641196 ], [ 5.9218006, 45.5640855 ] ], [ [ 5.9215869, 45.5642163 ], [ 5.9216438, 45.564177 ], [ 5.9216637, 45.5641647 ] ], [ [ 5.9214532, 45.5643081 ], [ 5.9215511, 45.5642425 ] ], [ [ 5.9215511, 45.5642425 ], [ 5.9215869, 45.5642163 ] ], [ [ 5.921374, 45.5643633 ], [ 5.9214532, 45.5643081 ] ], [ [ 5.9212938, 45.5644249 ], [ 5.9213394, 45.5643885 ], [ 5.921374, 45.5643633 ] ], [ [ 5.9211893, 45.5645096 ], [ 5.9212938, 45.5644249 ] ], [ [ 5.9211893, 45.5645096 ], [ 5.9210182, 45.5646474 ] ], [ [ 5.9208986, 45.5647388 ], [ 5.9210182, 45.5646474 ] ], [ [ 5.9202584, 45.5652258 ], [ 5.9205479, 45.5650218 ] ], [ [ 5.9205479, 45.5650218 ], [ 5.9205933, 45.5649819 ], [ 5.9206278, 45.5649558 ] ], [ [ 5.9206278, 45.5649558 ], [ 5.92074, 45.5648691 ] ], [ [ 5.92074, 45.5648691 ], [ 5.9207867, 45.5648309 ] ], [ [ 5.9207867, 45.5648309 ], [ 5.9208545, 45.5647778 ] ], [ [ 5.9208545, 45.5647778 ], [ 5.9208642, 45.5647676 ], [ 5.9208986, 45.5647388 ] ] ] } },
{ "type": "Feature", "properties": { "id_voie": "73065_3690", "nom": "Rue de Tarentaise", "type_voie": "Rue", "longueur_m": 181.4, "quartier": "BO" }, "geometry": { "type": "MultiLineString", "coordinates": [ [ [ 5.9099406, 45.5610728 ], [ 5.9099179, 45.5613743 ], [ 5.9099081, 45.5615791 ], [ 5.9098977, 45.5616983 ] ], [ [ 5.9098977, 45.5616983 ], [ 5.9098849, 45.5619185 ], [ 5.909882, 45.5620105 ], [ 5.9098817, 45.5621015 ], [ 5.9098877, 45.5621915 ], [ 5.9099216, 45.5623492 ], [ 5.9099724, 45.562511 ], [ 5.910032, 45.5626933 ] ] ] } },
{ "type": "Feature", "properties": { "id_voie": "73065_2076", "nom": "Rue Jean-Paul Sartre", "type_voie": "Rue", "longueur_m": 362.3, "quartier": "HC" }, "geometry": { "type": "MultiLineString", "coordinates": [ [ [ 5.9206083, 45.5973136 ], [ 5.9204713, 45.5972947 ] ], [ [ 5.9186597, 45.597093 ], [ 5.918968, 45.5969516 ], [ 5.9191384, 45.5971148 ] ], [ [ 5.9199371, 45.5972184 ], [ 5.9192207, 45.5971181 ], [ 5.9191384, 45.5971148 ] ], [ [ 5.9204713, 45.5972947 ], [ 5.9199371, 45.5972184 ] ], [ [ 5.9186597, 45.597093 ], [ 5.9182312, 45.5970473 ], [ 5.9182003, 45.5970941 ], [ 5.9181636, 45.5971284 ] ], [ [ 5.9181636, 45.5971284 ], [ 5.9176611, 45.5970441 ] ], [ [ 5.917406, 45.597149 ], [ 5.9174773, 45.5970885 ], [ 5.917556, 45.5970477 ], [ 5.9176611, 45.5970441 ] ], [ [ 5.9172645, 45.5978492 ], [ 5.9172688, 45.5977121 ], [ 5.9171742, 45.5976217 ] ], [ [ 5.9171742, 45.5976217 ], [ 5.9172285, 45.5973851 ], [ 5.9173018, 45.5972165 ], [ 5.917406, 45.597149 ] ] ] } },
{ "type": "Feature", "properties": { "id_voie": "73065_3330", "nom": "Quai de la Rize", "type_voie": "Quai", "longueur_m": 302.6, "quartier": "LA" }, "geometry": { "type": "MultiLineString", "coordinates": [ [ [ 5.929818, 45.5673549 ], [ 5.9299177, 45.5673496 ], [ 5.9301949, 45.5673514 ], [ 5.9307893, 45.5673828 ], [ 5.9315656, 45.5674103 ], [ 5.9322358, 45.5674433 ], [ 5.9329509, 45.5674778 ], [ 5.9335055, 45.5675084 ] ], [ [ 5.9335055, 45.5675084 ], [ 5.9336858, 45.5675226 ] ] ] } },
{ "type": "Feature", "properties": { "id_voie": "73065_0021", "nom": "Rue Aime Faquin", "type_voie": "Rue", "longueur_m": 128.2, "quartier": "HC" }, "geometry": { "type": "MultiLineString", "coordinates": [ [ [ 5.9208527, 45.589921 ], [ 5.9209285, 45.589947 ], [ 5.9211008, 45.5899524 ], [ 5.9213768, 45.5900281 ] ], [ [ 5.9213768, 45.5900281 ], [ 5.9216092, 45.5900771 ], [ 5.9220456, 45.5901279 ], [ 5.92217, 45.590149 ], [ 5.9222277, 45.5901736 ], [ 5.9223383, 45.5902509 ], [ 5.922383, 45.5902714 ] ] ] } },
{ "type": "Feature", "properties": { "id_voie": "73065_2878", "nom": "Allée du Nant Chéri", "type_voie": "Allée", "longueur_m": 170.0, "quartier": "CV" }, "geometry": { "type": "MultiLineString", "coordinates": [ [ [ 5.9087723, 45.6048454 ], [ 5.9087996, 45.6048762 ], [ 5.9088494, 45.6048947 ], [ 5.9089694, 45.6049313 ], [ 5.9090982, 45.6049631 ] ], [ [ 5.9090222, 45.6044208 ], [ 5.9089652, 45.6045079 ], [ 5.9089102, 45.6045868 ], [ 5.9088478, 45.6046695 ], [ 5.9088005, 45.6047455 ], [ 5.9087706, 45.6048121 ], [ 5.9087723, 45.6048454 ] ], [ [ 5.9101172, 45.6048845 ], [ 5.9099936, 45.6048769 ], [ 5.9098712, 45.6048683 ], [ 5.9098027, 45.6048611 ], [ 5.9097436, 45.6048599 ], [ 5.9096902, 45.6048703 ], [ 5.9096534, 45.604901 ], [ 5.9096284, 45.6049638 ], [ 5.909604, 45.6049879 ], [ 5.9095601, 45.6050079 ], [ 5.9095051, 45.6050112 ], [ 5.9094393, 45.6050047 ], [ 5.9092611, 45.604985 ], [ 5.9090982, 45.6049631 ] ] ] } },
{ "type": "Feature", "properties": { "id_voie": "73065_3380", "nom": "Chemin de la Rotonde", "type_voie": "Chemin", "longueur_m": 1004.8, "quartier": "CE" }, "geometry": { "type": "MultiLineString", "coordinates": [ [ [ 5.9172564, 45.5779722 ], [ 5.9170978, 45.5780322 ], [ 5.9169832, 45.5780973 ], [ 5.9168864, 45.5781584 ], [ 5.9167019, 45.5782858 ] ], [ [ 5.9167019, 45.5782858 ], [ 5.9165368, 45.5783684 ], [ 5.9158302, 45.5785454 ], [ 5.9150733, 45.5786704 ], [ 5.9148231, 45.5787211 ], [ 5.9147091, 45.5787484 ], [ 5.9145474, 45.5787976 ], [ 5.9140231, 45.5790031 ], [ 5.9139186, 45.5790644 ], [ 5.9137641, 45.5791774 ] ], [ [ 5.9172564, 45.5779722 ], [ 5.9172587, 45.5778938 ], [ 5.917289, 45.5778119 ], [ 5.917351, 45.5777229 ], [ 5.9175097, 45.577616 ], [ 5.9181501, 45.5772299 ], [ 5.9183729, 45.5770989 ], [ 5.9190052, 45.5767527 ] ], [ [ 5.9192637, 45.5766414 ], [ 5.9190052, 45.5767527 ] ], [ [ 5.9194895, 45.5754236 ], [ 5.9193494, 45.5760283 ], [ 5.9192924, 45.5763091 ], [ 5.919266, 45.5764422 ], [ 5.919248, 45.5765635 ], [ 5.9192637, 45.5766414 ] ], [ [ 5.920343, 45.5746004 ], [ 5.9200186, 45.5747259 ], [ 5.9197903, 45.5748003 ], [ 5.9197278, 45.5748308 ], [ 5.9196795, 45.5748645 ], [ 5.9196431, 45.5749051 ], [ 5.9196095, 45.5749736 ], [ 5.919567, 45.5751639 ], [ 5.9194895, 45.5754236 ] ], [ [ 5.9137641, 45.5791774 ], [ 5.9137457, 45.5791933 ], [ 5.9137066, 45.5792312 ], [ 5.9137193, 45.5792759 ] ], [ [ 5.9137193, 45.5792759 ], [ 5.9135892, 45.5795604 ], [ 5.9134324, 45.5797754 ], [ 5.9133856, 45.5798369 ], [ 5.9133958, 45.5798835 ], [ 5.9134411, 45.57994 ], [ 5.9135022, 45.5799808 ], [ 5.9135746, 45.580015 ] ], [ [ 5.921526, 45.5741137 ], [ 5.9214374, 45.5741358 ], [ 5.9211787, 45.5742416 ], [ 5.9206945, 45.5744516 ], [ 5.9205144, 45.5745409 ], [ 5.920343, 45.5746004 ] ] ] } },
{ "type": "Feature", "properties": { "id_voie": "73065_1570", "nom": "Passage Gambetta", "type_voie": "Passage", "longueur_m": 127.7, "quartier": "CE" }, "geometry": { "type": "MultiLineString", "coordinates": [ [ [ 5.9162605, 45.5730925 ], [ 5.9161313, 45.5730508 ] ], [ [ 5.9173329, 45.573526 ], [ 5.9166539, 45.5732526 ], [ 5.9162605, 45.5730925 ] ], [ [ 5.9172129, 45.5736851 ], [ 5.9172462, 45.5736355 ], [ 5.9173329, 45.573526 ] ] ] } },
{ "type": "Feature", "properties": { "id_voie": "73065_3110", "nom": "Avenue Pierre Lanfrey", "type_voie": "Avenue", "longueur_m": 270.2, "quartier": "CE" }, "geometry": { "type": "MultiLineString", "coordinates": [ [ [ 5.9157545, 45.5698879 ], [ 5.9156565, 45.5697805 ], [ 5.9154628, 45.5695855 ], [ 5.9151738, 45.5693118 ] ], [ [ 5.9138801, 45.5680091 ], [ 5.9142703, 45.5684017 ], [ 5.9146138, 45.5687379 ] ], [ [ 5.9146138, 45.5687379 ], [ 5.9151065, 45.5692505 ], [ 5.9151738, 45.5693118 ] ], [ [ 5.9157545, 45.5698879 ], [ 5.9158531, 45.570006 ] ] ] } },
{ "type": "Feature", "properties": { "id_voie": "73065_2420", "nom": "Faubourg Maché", "type_voie": "Faubourg", "longueur_m": 1331.7, "quartier": "BO" }, "geometry": { "type": "MultiLineString", "coordinates": [ [ [ 5.914646, 45.5650309 ], [ 5.9147137, 45.5650499 ], [ 5.915051, 45.5651943 ], [ 5.9153475, 45.5653921 ], [ 5.9155381, 45.5655529 ] ], [ [ 5.9146627, 45.5648611 ], [ 5.9151463, 45.5651288 ], [ 5.9153613, 45.5652403 ], [ 5.9156174, 45.5653535 ] ], [ [ 5.9156174, 45.5653535 ], [ 5.9157349, 45.5653928 ], [ 5.9158349, 45.5654155 ] ], [ [ 5.9158349, 45.5654155 ], [ 5.9158929, 45.5654212 ] ], [ [ 5.9158929, 45.5654212 ], [ 5.9161361, 45.5654356 ], [ 5.9167255, 45.5654455 ], [ 5.9168685, 45.5654571 ], [ 5.9170085, 45.565485 ], [ 5.9170698, 45.5655042 ] ], [ [ 5.9137316, 45.5646699 ], [ 5.913768, 45.5646797 ], [ 5.913856, 45.5646946 ], [ 5.9140984, 45.5647415 ], [ 5.9144747, 45.5648227 ], [ 5.9146627, 45.5648611 ] ], [ [ 5.9137316, 45.5646699 ], [ 5.9137964, 45.5648043 ], [ 5.9138669, 45.5648772 ], [ 5.9139596, 45.5649082 ], [ 5.9141341, 45.5649334 ], [ 5.9142227, 45.5649347 ], [ 5.9143649, 45.5649544 ], [ 5.914646, 45.5650309 ] ], [ [ 5.9134654, 45.5645596 ], [ 5.9135569, 45.5645933 ], [ 5.9136587, 45.5646249 ], [ 5.9137316, 45.5646699 ] ], [ [ 5.9137316, 45.5646699 ], [ 5.9135746, 45.5646604 ], [ 5.913349, 45.5645915 ], [ 5.913194, 45.5645225 ] ], [ [ 5.9128809, 45.5643 ], [ 5.9132449, 45.5644653 ], [ 5.9134654, 45.5645596 ] ], [ [ 5.9128809, 45.5643 ], [ 5.9131194, 45.5644461 ], [ 5.9131779, 45.5644851 ], [ 5.913194, 45.5645225 ] ], [ [ 5.913194, 45.5645225 ], [ 5.9130307, 45.5644412 ], [ 5.9128504, 45.5643557 ], [ 5.9126503, 45.5642825 ], [ 5.9123874, 45.5642109 ], [ 5.9120926, 45.5641411 ] ], [ [ 5.9120926, 45.5641411 ], [ 5.9123208, 45.564164 ], [ 5.9124646, 45.56419 ], [ 5.9126903, 45.5642382 ], [ 5.9128809, 45.5643 ] ], [ [ 5.911314, 45.5641198 ], [ 5.9114957, 45.5641097 ], [ 5.9117028, 45.5640971 ], [ 5.9118813, 45.5640997 ], [ 5.9120926, 45.5641411 ] ], [ [ 5.9110924, 45.564149 ], [ 5.911314, 45.5641198 ] ], [ [ 5.9108544, 45.5642101 ], [ 5.910963, 45.5641776 ], [ 5.9110924, 45.564149 ] ], [ [ 5.9108544, 45.5642101 ], [ 5.9106086, 45.5641705 ], [ 5.9099952, 45.5641423 ], [ 5.9098181, 45.5641658 ] ], [ [ 5.9098181, 45.5641658 ], [ 5.9096355, 45.5641326 ], [ 5.9091937, 45.5640747 ] ], [ [ 5.9091937, 45.5640747 ], [ 5.9089608, 45.5640366 ], [ 5.9087267, 45.5639994 ], [ 5.9086053, 45.5640079 ] ], [ [ 5.9086053, 45.5640079 ], [ 5.9084916, 45.5639676 ] ], [ [ 5.9084916, 45.5639676 ], [ 5.9081761, 45.5638974 ] ], [ [ 5.9081761, 45.5638974 ], [ 5.9076233, 45.5637756 ], [ 5.9071366, 45.5636693 ] ], [ [ 5.9060031, 45.5634571 ], [ 5.9056278, 45.5633956 ], [ 5.905433, 45.5633736 ], [ 5.9052972, 45.5633537 ] ], [ [ 5.9071366, 45.5636693 ], [ 5.9068708, 45.563614 ], [ 5.9063782, 45.5635177 ], [ 5.9060031, 45.5634571 ] ] ] } },
{ "type": "Feature", "properties": { "id_voie": "73065_1510", "nom": "Rue Frezier", "type_voie": "Rue", "longueur_m": 160.8, "quartier": "CE" }, "geometry": { "type": "MultiLineString", "coordinates": [ [ [ 5.919578, 45.569065 ], [ 5.9197904, 45.5689802 ], [ 5.9199615, 45.5689172 ] ], [ [ 5.9212746, 45.5685145 ], [ 5.9211821, 45.5685367 ], [ 5.9209137, 45.5686041 ], [ 5.9205293, 45.5687105 ], [ 5.9202163, 45.5688087 ], [ 5.9199615, 45.5689172 ] ], [ [ 5.921455, 45.5684819 ], [ 5.9212746, 45.5685145 ] ] ] } },
{ "type": "Feature", "properties": { "id_voie": "73065_0422", "nom": "Chemin de la Boucle", "type_voie": "Chemin", "longueur_m": 142.9, "quartier": "BI" }, "geometry": { "type": "LineString", "coordinates": [ [ 5.8892467, 45.5716718 ], [ 5.8889718, 45.5719844 ], [ 5.8887176, 45.5722774 ], [ 5.8887385, 45.5723085 ], [ 5.8891685, 45.5724848 ], [ 5.8892094, 45.572482 ], [ 5.8893319, 45.5723446 ] ] } },
{ "type": "Feature", "properties": { "id_voie": "73065_1110", "nom": "Rue des Diables Bleus", "type_voie": "Rue", "longueur_m": 138.5, "quartier": "CE" }, "geometry": { "type": "LineString", "coordinates": [ [ 5.9150858, 45.5744206 ], [ 5.9148501, 45.5743059 ], [ 5.9144285, 45.5741204 ], [ 5.9141791, 45.5740134 ], [ 5.9137723, 45.5738419 ], [ 5.9135808, 45.5737613 ] ] } },
{ "type": "Feature", "properties": { "id_voie": "73065_3300", "nom": "Rue de la République", "type_voie": "Rue", "longueur_m": 471.9, "quartier": "LA" }, "geometry": { "type": "MultiLineString", "coordinates": [ [ [ 5.9264741, 45.563844 ], [ 5.9266526, 45.5637997 ] ], [ [ 5.9264741, 45.563844 ], [ 5.9259988, 45.5639771 ] ], [ [ 5.9259988, 45.5639771 ], [ 5.9257897, 45.5640267 ], [ 5.9255089, 45.5640773 ], [ 5.9252509, 45.5641228 ], [ 5.9251221, 45.5641387 ], [ 5.9250558, 45.564145 ] ], [ [ 5.9249403, 45.5641444 ], [ 5.9250558, 45.564145 ] ], [ [ 5.9247388, 45.5641424 ], [ 5.9248042, 45.5641434 ], [ 5.9248581, 45.5641438 ], [ 5.9249403, 45.5641444 ] ], [ [ 5.9247388, 45.5641424 ], [ 5.9246563, 45.5641355 ], [ 5.9245814, 45.5641258 ], [ 5.9245154, 45.5641149 ] ], [ [ 5.9239542, 45.563934 ], [ 5.9240311, 45.5639815 ], [ 5.9241165, 45.5640189 ], [ 5.9243078, 45.5640698 ], [ 5.9245154, 45.5641149 ] ], [ [ 5.9237853, 45.5638446 ], [ 5.9238891, 45.5638915 ], [ 5.9239542, 45.563934 ] ], [ [ 5.9229529, 45.5637023 ], [ 5.9230427, 45.5636765 ], [ 5.923118, 45.5636692 ], [ 5.9231995, 45.5636833 ], [ 5.9237463, 45.5638339 ], [ 5.9237853, 45.5638446 ] ], [ [ 5.922526, 45.5635125 ], [ 5.922552, 45.5635433 ], [ 5.9225741, 45.5635725 ], [ 5.9226141, 45.5636021 ], [ 5.9226772, 45.5636302 ], [ 5.9227492, 45.5636571 ], [ 5.9229529, 45.5637023 ] ], [ [ 5.9266526, 45.5637997 ], [ 5.9268559, 45.5637386 ], [ 5.9279707, 45.5634221 ], [ 5.9281226, 45.5634091 ] ] ] } },
{ "type": "Feature", "properties": { "id_voie": "73065_2330", "nom": "Rue Leon Menabrea", "type_voie": "Rue", "longueur_m": 163.7, "quartier": "LA" }, "geometry": { "type": "MultiLineString", "coordinates": [ [ [ 5.9238017, 45.5620393 ], [ 5.9238203, 45.5621974 ], [ 5.923819, 45.5624642 ] ], [ [ 5.9238521, 45.5613901 ], [ 5.9238263, 45.5614106 ], [ 5.9238121, 45.5614344 ], [ 5.92379, 45.5615251 ], [ 5.9237763, 45.5618246 ], [ 5.9238017, 45.5620393 ] ], [ [ 5.9238279, 45.5628514 ], [ 5.923819, 45.5624642 ] ] ] } },
{ "type": "Feature", "properties": { "id_voie": "73065_2680", "nom": "Chemin de Miremont", "type_voie": "Chemin", "longueur_m": 731.9, "quartier": null }, "geometry": { "type": "MultiLineString", "coordinates": [ [ [ 5.9187403, 45.5589531 ], [ 5.9188761, 45.5589505 ], [ 5.9189817, 45.5589577 ], [ 5.919265, 45.5590278 ], [ 5.9195761, 45.5591143 ], [ 5.9197399, 45.5591551 ] ], [ [ 5.9174077, 45.5590788 ], [ 5.9172855, 45.5590963 ], [ 5.9170644, 45.5591111 ] ], [ [ 5.9187403, 45.5589531 ], [ 5.9185866, 45.558958 ], [ 5.9180131, 45.5590045 ], [ 5.9178038, 45.5590243 ], [ 5.9174077, 45.5590788 ] ], [ [ 5.921537, 45.5562339 ], [ 5.9216234, 45.5556829 ], [ 5.9216619, 45.5556116 ] ], [ [ 5.9218149, 45.5555941 ], [ 5.9217611, 45.5555955 ], [ 5.9217077, 45.5556032 ], [ 5.9216619, 45.5556116 ] ], [ [ 5.9197399, 45.5591551 ], [ 5.9200312, 45.5592314 ], [ 5.9202604, 45.5592957 ], [ 5.9204503, 45.5593466 ], [ 5.9205213, 45.5593547 ], [ 5.9205854, 45.559353 ], [ 5.9206478, 45.559346 ], [ 5.9207162, 45.5593289 ], [ 5.920769, 45.5593077 ], [ 5.9208073, 45.5592815 ], [ 5.9208336, 45.5592439 ], [ 5.920871, 45.559151 ], [ 5.9210027, 45.5589718 ], [ 5.9210312, 45.5588792 ], [ 5.9210377, 45.5584672 ], [ 5.9210571, 45.5582522 ], [ 5.9210952, 45.5580251 ], [ 5.9211782, 45.5576291 ], [ 5.9212105, 45.5574634 ] ], [ [ 5.9212105, 45.5574634 ], [ 5.9212317, 45.5572808 ], [ 5.9212539, 45.5571901 ], [ 5.9213312, 45.5569538 ], [ 5.9213804, 45.5567679 ], [ 5.9214377, 45.5566132 ], [ 5.9214758, 45.5565329 ], [ 5.921501, 45.5564511 ], [ 5.921537, 45.5562339 ] ] ] } },
{ "type": "Feature", "properties": { "id_voie": "73065_1767", "nom": "Allée des Granges", "type_voie": "Allée", "longueur_m": 141.9, "quartier": "HC" }, "geometry": { "type": "MultiLineString", "coordinates": [ [ [ 5.9254751, 45.5964743 ], [ 5.9259086, 45.5964693 ] ], [ [ 5.9254751, 45.5964743 ], [ 5.9254744, 45.596486 ], [ 5.9254144, 45.5965417 ], [ 5.9254164, 45.5966029 ], [ 5.9254533, 45.5967434 ], [ 5.9254994, 45.596863 ], [ 5.9255095, 45.5970051 ], [ 5.9255159, 45.5971509 ] ], [ [ 5.9254862, 45.5962001 ], [ 5.9254807, 45.5963624 ], [ 5.9254824, 45.5964435 ], [ 5.9254751, 45.5964743 ] ] ] } },
{ "type": "Feature", "properties": { "id_voie": "73065_a018", "nom": "Carré Curial", "type_voie": "Carré", "longueur_m": 230.0, "quartier": "LA" }, "geometry": { "type": "LineString", "coordinates": [ [ 5.9247708, 45.5635577 ], [ 5.9248837, 45.5635583 ], [ 5.9248782, 45.5630647 ], [ 5.9241011, 45.5630696 ], [ 5.9241167, 45.5635603 ], [ 5.9247708, 45.5635577 ] ] } },
{ "type": "Feature", "properties": { "id_voie": "73065_0983", "nom": "Chemin de la Côte de Bissy", "type_voie": "Chemin", "longueur_m": 908.0, "quartier": "BI" }, "geometry": { "type": "MultiLineString", "coordinates": [ [ [ 5.8747199, 45.5707396 ], [ 5.8746571, 45.5707647 ], [ 5.8746098, 45.5708172 ], [ 5.874541, 45.5709001 ], [ 5.8744149, 45.5710916 ], [ 5.874328, 45.5712723 ], [ 5.8742938, 45.5713795 ], [ 5.874277, 45.5714754 ], [ 5.8742728, 45.5715674 ], [ 5.8742765, 45.5716647 ], [ 5.8743083, 45.5717576 ], [ 5.8744208, 45.5719484 ], [ 5.8745887, 45.572291 ], [ 5.8746429, 45.5723716 ], [ 5.8747276, 45.5724695 ], [ 5.8748315, 45.572593 ], [ 5.8749809, 45.5728027 ], [ 5.8750259, 45.5730268 ], [ 5.8750177, 45.5731667 ], [ 5.8754175, 45.5737259 ], [ 5.875531, 45.5739835 ], [ 5.8756018, 45.5741357 ], [ 5.8756244, 45.5742018 ], [ 5.8757016, 45.5743287 ], [ 5.8757161, 45.574386 ], [ 5.8757996, 45.5744875 ], [ 5.8758638, 45.5745877 ], [ 5.8761349, 45.5750142 ], [ 5.876289, 45.5752895 ], [ 5.8764082, 45.5754595 ], [ 5.8766081, 45.5756535 ], [ 5.8767102, 45.5758149 ], [ 5.8768158, 45.5760203 ], [ 5.8768735, 45.5761919 ], [ 5.8769347, 45.5764084 ], [ 5.8770559, 45.5766161 ], [ 5.8771333, 45.5767727 ], [ 5.8772735, 45.5770025 ], [ 5.8773255, 45.5770652 ] ], [ [ 5.8747199, 45.5707396 ], [ 5.8747906, 45.570791 ], [ 5.8749476, 45.57085 ], [ 5.8751185, 45.5709033 ], [ 5.8752138, 45.570936 ], [ 5.875252, 45.5709801 ] ], [ [ 5.875252, 45.5709801 ], [ 5.8752455, 45.5710271 ], [ 5.8751891, 45.5710772 ], [ 5.8750828, 45.57118 ] ], [ [ 5.8750288, 45.570165 ], [ 5.8749907, 45.5702704 ], [ 5.8749288, 45.5703883 ], [ 5.8748131, 45.5705814 ], [ 5.8747417, 45.5706895 ], [ 5.8747199, 45.5707396 ] ] ] } },
{ "type": "Feature", "properties": { "id_voie": "73065_1020", "nom": "Avenue Daniel-Rops", "type_voie": "Avenue", "longueur_m": 2750.7, "quartier": "HC" }, "geometry": { "type": "MultiLineString", "coordinates": [ [ [ 5.9106398, 45.6087952 ], [ 5.9106498, 45.6086688 ], [ 5.9106571, 45.6085379 ], [ 5.9106681, 45.6084052 ], [ 5.9106828, 45.6082706 ], [ 5.9107026, 45.608134 ], [ 5.9107263, 45.6079991 ], [ 5.9107652, 45.6078602 ], [ 5.9108141, 45.6076914 ], [ 5.9113036, 45.6067686 ] ], [ [ 5.9113036, 45.6067686 ], [ 5.9114933, 45.6064222 ] ], [ [ 5.9114933, 45.6064222 ], [ 5.9117311, 45.6059871 ] ], [ [ 5.9117311, 45.6059871 ], [ 5.9118458, 45.605776 ] ], [ [ 5.9118458, 45.605776 ], [ 5.9120248, 45.6054451 ] ], [ [ 5.9120248, 45.6054451 ], [ 5.9122284, 45.6050686 ] ], [ [ 5.9122284, 45.6050686 ], [ 5.9123043, 45.6049243 ] ], [ [ 5.9123043, 45.6049243 ], [ 5.9123373, 45.6048694 ] ], [ [ 5.9127502, 45.6040792 ], [ 5.9128657, 45.6038573 ] ], [ [ 5.9130762, 45.6034914 ], [ 5.9128657, 45.6038573 ] ], [ [ 5.9123373, 45.6048694 ], [ 5.9127502, 45.6040792 ] ], [ [ 5.914018, 45.6017495 ], [ 5.9138468, 45.6020828 ], [ 5.9135542, 45.6026211 ], [ 5.9131009, 45.6034484 ], [ 5.9130762, 45.6034914 ] ], [ [ 5.9191712, 45.5919147 ], [ 5.9193511, 45.591846 ], [ 5.9194179, 45.5917749 ], [ 5.9194503, 45.5917065 ], [ 5.9194317, 45.5916222 ], [ 5.9193856, 45.591527 ], [ 5.9193611, 45.5914267 ], [ 5.9193681, 45.5913644 ], [ 5.919405, 45.5912373 ], [ 5.9194181, 45.5912171 ], [ 5.9195413, 45.5910229 ], [ 5.9196366, 45.5909546 ], [ 5.919855, 45.5908624 ], [ 5.9199142, 45.5908158 ], [ 5.919986, 45.5907176 ], [ 5.9201376, 45.5904289 ], [ 5.9202629, 45.590176 ], [ 5.9203487, 45.5900269 ], [ 5.9204068, 45.5899344 ], [ 5.9204386, 45.5898804 ] ], [ [ 5.919128, 45.592069 ], [ 5.9191598, 45.5921853 ], [ 5.9191558, 45.5922557 ], [ 5.9191307, 45.5923158 ], [ 5.918877, 45.592763 ] ], [ [ 5.9187117, 45.5929863 ], [ 5.9186313, 45.5930433 ], [ 5.9185788, 45.593096 ], [ 5.9185338, 45.5931675 ] ], [ [ 5.9189372, 45.5921018 ], [ 5.9189603, 45.5921517 ], [ 5.9189726, 45.5922136 ], [ 5.9189698, 45.592283 ], [ 5.9189484, 45.5923394 ], [ 5.9187649, 45.5927055 ], [ 5.9186921, 45.5928336 ], [ 5.9186173, 45.5929238 ], [ 5.918567, 45.5929693 ], [ 5.9185014, 45.5930151 ], [ 5.9184403, 45.5930726 ], [ 5.9184086, 45.5931293 ] ], [ [ 5.918877, 45.592763 ], [ 5.9188125, 45.5928773 ], [ 5.9187695, 45.5929388 ], [ 5.9187117, 45.5929863 ] ], [ [ 5.9185338, 45.5931675 ], [ 5.9183352, 45.5935151 ], [ 5.918265, 45.593643 ] ], [ [ 5.9181349, 45.5936599 ], [ 5.9182678, 45.5933798 ], [ 5.9184086, 45.5931293 ] ], [ [ 5.9181457, 45.5937921 ], [ 5.9181307, 45.5937258 ], [ 5.9181349, 45.5936599 ] ], [ [ 5.9181926, 45.593927 ], [ 5.9181697, 45.5938582 ], [ 5.9181457, 45.5937921 ] ], [ [ 5.918265, 45.593643 ], [ 5.9182488, 45.5936768 ], [ 5.9182169, 45.5937533 ], [ 5.9181992, 45.5938322 ], [ 5.9181926, 45.593927 ] ], [ [ 5.9170274, 45.5963938 ], [ 5.9171118, 45.5962176 ], [ 5.9172027, 45.5960414 ], [ 5.9172982, 45.595856 ], [ 5.9173959, 45.5956642 ], [ 5.9174972, 45.5954678 ], [ 5.9175958, 45.5952689 ], [ 5.9176933, 45.5950726 ], [ 5.9177923, 45.5948799 ], [ 5.9178814, 45.5946956 ], [ 5.9179672, 45.5945203 ], [ 5.9180431, 45.5943543 ], [ 5.9181058, 45.5942031 ], [ 5.9181601, 45.5940639 ], [ 5.9181809, 45.5939967 ], [ 5.9181926, 45.593927 ] ], [ [ 5.9168568, 45.5967866 ], [ 5.9167579, 45.5969792 ], [ 5.9166646, 45.5971583 ], [ 5.9165878, 45.5973089 ], [ 5.9165382, 45.5974139 ], [ 5.9164921, 45.5975142 ], [ 5.9164283, 45.5976429 ] ], [ [ 5.9163207, 45.5976232 ], [ 5.9163667, 45.5975219 ], [ 5.9164426, 45.5973785 ], [ 5.9165217, 45.5972224 ], [ 5.9166066, 45.5970562 ], [ 5.9166952, 45.5968854 ], [ 5.9167595, 45.5967665 ] ], [ [ 5.915366, 45.5991906 ], [ 5.9154897, 45.5989792 ], [ 5.9155381, 45.5988996 ], [ 5.9155963, 45.5988098 ], [ 5.9156664, 45.5987025 ], [ 5.9157421, 45.5985807 ], [ 5.9158203, 45.5984561 ], [ 5.9158996, 45.5983297 ], [ 5.9159814, 45.5982014 ], [ 5.9160655, 45.5980677 ], [ 5.9161446, 45.5979359 ], [ 5.9162211, 45.5978032 ], [ 5.9162697, 45.5977263 ], [ 5.9163207, 45.5976232 ] ], [ [ 5.9164283, 45.5976429 ], [ 5.9163799, 45.5977243 ], [ 5.9162965, 45.5978707 ], [ 5.9162021, 45.5980281 ], [ 5.9161014, 45.5981884 ], [ 5.9160493, 45.5982709 ], [ 5.9159487, 45.5984321 ], [ 5.9159001, 45.598509 ], [ 5.9158101, 45.5986519 ], [ 5.9157217, 45.5987786 ], [ 5.9156682, 45.598834 ], [ 5.9156198, 45.5988902 ], [ 5.9155817, 45.598948 ], [ 5.915513, 45.599057 ], [ 5.9154672, 45.5991384 ], [ 5.9154412, 45.5992049 ] ], [ [ 5.9167595, 45.5967665 ], [ 5.9167876, 45.5967145 ], [ 5.9168409, 45.5966302 ], [ 5.9168827, 45.5965714 ] ], [ [ 5.9169567, 45.5965866 ], [ 5.9169069, 45.5966879 ], [ 5.9168568, 45.5967866 ] ], [ [ 5.9170274, 45.5963938 ], [ 5.9169935, 45.5964811 ], [ 5.9169567, 45.5965866 ] ], [ [ 5.9168827, 45.5965714 ], [ 5.9169021, 45.5965493 ], [ 5.9170274, 45.5963938 ] ], [ [ 5.9152203, 45.599544 ], [ 5.915245, 45.5995001 ], [ 5.9153026, 45.5993761 ] ], [ [ 5.9141518, 45.6015117 ], [ 5.9142365, 45.6013636 ], [ 5.9148068, 45.6002963 ], [ 5.9152203, 45.599544 ] ] ] } },
{ "type": "Feature", "properties": { "id_voie": "73065_2930", "nom": "Rue Notre-Dame", "type_voie": "Rue", "longueur_m": 102.0, "quartier": "CE" }, "geometry": { "type": "LineString", "coordinates": [ [ 5.9206621, 45.5678465 ], [ 5.9211721, 45.5674214 ], [ 5.9215211, 45.5671556 ] ] } },
{ "type": "Feature", "properties": { "id_voie": "73065_3270", "nom": "Faubourg Reclus", "type_voie": "Faubourg", "longueur_m": 717.3, "quartier": "CE" }, "geometry": { "type": "MultiLineString", "coordinates": [ [ [ 5.9215192, 45.5698688 ], [ 5.9215518, 45.5697328 ] ], [ [ 5.9216019, 45.5694666 ], [ 5.921636, 45.5693846 ] ], [ [ 5.921636, 45.5693846 ], [ 5.9216261, 45.5693416 ] ], [ [ 5.9230489, 45.574548 ], [ 5.9228398, 45.5743309 ], [ 5.9224821, 45.5737266 ], [ 5.9222995, 45.5734024 ], [ 5.9221732, 45.5731976 ], [ 5.9220256, 45.5729058 ], [ 5.9217834, 45.5724472 ], [ 5.9216535, 45.5722478 ], [ 5.9215793, 45.5721056 ], [ 5.9215406, 45.5719795 ], [ 5.9215427, 45.5717758 ], [ 5.9215356, 45.5714714 ], [ 5.9215221, 45.5712627 ], [ 5.9214572, 45.5706904 ], [ 5.9214526, 45.5705788 ], [ 5.9214563, 45.5702092 ], [ 5.9215192, 45.5698688 ] ], [ [ 5.9216338, 45.569245 ], [ 5.9216724, 45.5692476 ], [ 5.9217002, 45.5692631 ], [ 5.9217126, 45.5692799 ], [ 5.9217113, 45.5693024 ] ], [ [ 5.9217113, 45.5693024 ], [ 5.9217082, 45.5693169 ], [ 5.9216884, 45.5693319 ], [ 5.9216709, 45.5693395 ], [ 5.9216569, 45.5693417 ], [ 5.9216261, 45.5693416 ] ], [ [ 5.9216338, 45.569245 ], [ 5.9216558, 45.5691029 ], [ 5.9216392, 45.5690069 ], [ 5.9216069, 45.5689042 ], [ 5.9215447, 45.5687715 ], [ 5.9214862, 45.5686838 ], [ 5.9214643, 45.5686339 ] ], [ [ 5.9216261, 45.5693416 ], [ 5.9215936, 45.5693343 ], [ 5.9215788, 45.5693203 ], [ 5.9215703, 45.5693052 ], [ 5.9215714, 45.5692772 ], [ 5.921582, 45.5692598 ], [ 5.9216033, 45.5692494 ], [ 5.9216338, 45.569245 ] ], [ [ 5.9213514, 45.5685603 ], [ 5.9212746, 45.5685145 ] ], [ [ 5.9214643, 45.5686339 ], [ 5.9213514, 45.5685603 ] ], [ [ 5.921455, 45.5684819 ], [ 5.9214579, 45.5685611 ], [ 5.9214643, 45.5686339 ] ] ] } },
{ "type": "Feature", "properties": { "id_voie": "73065_3580", "nom": "Passage Sébastien Charléty", "type_voie": "Passage", "longueur_m": 121.3, "quartier": "CE" }, "geometry": { "type": "MultiLineString", "coordinates": [ [ [ 5.9197151, 45.5638973 ], [ 5.9198502, 45.5638073 ], [ 5.9199753, 45.5637473 ], [ 5.9202692, 45.5636279 ] ], [ [ 5.9202692, 45.5636279 ], [ 5.9204933, 45.5635473 ], [ 5.9208028, 45.5634798 ], [ 5.9208955, 45.5634386 ], [ 5.9209449, 45.5634022 ], [ 5.9209831, 45.5633228 ] ] ] } },
{ "type": "Feature", "properties": { "id_voie": "73065_0862", "nom": "Rue du Clos Dumoulin", "type_voie": "Rue", "longueur_m": 158.7, "quartier": "BI" }, "geometry": { "type": "LineString", "coordinates": [ [ 5.8935326, 45.5740684 ], [ 5.8936316, 45.5739739 ], [ 5.8937393, 45.5738738 ], [ 5.893846, 45.5738548 ], [ 5.894067, 45.5739095 ], [ 5.8941332, 45.5738997 ], [ 5.8943849, 45.5736572 ], [ 5.8948818, 45.573174 ] ] } },
{ "type": "Feature", "properties": { "id_voie": "73065_3224", "nom": "Rue du Puy Gris", "type_voie": "Rue", "longueur_m": 411.9, "quartier": "BI" }, "geometry": { "type": "MultiLineString", "coordinates": [ [ [ 5.8794962, 45.5815789 ], [ 5.8794995, 45.5815932 ], [ 5.8798413, 45.5819224 ] ], [ [ 5.8799314, 45.582495 ], [ 5.8798636, 45.5826229 ], [ 5.8796899, 45.5828859 ], [ 5.8795749, 45.5830438 ], [ 5.8793411, 45.5833598 ], [ 5.8793043, 45.5834166 ], [ 5.879158, 45.5836636 ] ], [ [ 5.8798413, 45.5819224 ], [ 5.8799088, 45.5819873 ], [ 5.8799821, 45.5821143 ], [ 5.8800061, 45.5821804 ], [ 5.8800081, 45.5823173 ], [ 5.8799314, 45.582495 ] ], [ [ 5.8798416, 45.5809411 ], [ 5.8794962, 45.5815789 ] ], [ [ 5.8800044, 45.5806405 ], [ 5.8798416, 45.5809411 ] ], [ [ 5.8801988, 45.5802832 ], [ 5.8800044, 45.5806405 ] ] ] } },
{ "type": "Feature", "properties": { "id_voie": "73065_1482", "nom": "Rue Francois Guise", "type_voie": "Rue", "longueur_m": 258.7, "quartier": "CE" }, "geometry": { "type": "MultiLineString", "coordinates": [ [ [ 5.9090941, 45.5772349 ], [ 5.9090931, 45.5771187 ], [ 5.9090837, 45.5768658 ], [ 5.9090794, 45.5767839 ] ], [ [ 5.9090788, 45.5777012 ], [ 5.9090831, 45.5775641 ], [ 5.9090983, 45.5773889 ], [ 5.9090941, 45.5772349 ] ], [ [ 5.909054, 45.5784038 ], [ 5.9091079, 45.5781591 ], [ 5.9090788, 45.5777012 ] ], [ [ 5.908783, 45.5762959 ], [ 5.908824, 45.5762696 ], [ 5.9088362, 45.5762324 ], [ 5.9085573, 45.5756368 ] ] ] } },
{ "type": "Feature", "properties": { "id_voie": "73065_3283", "nom": "Rue de la Pointe du Gleyzin", "type_voie": "Rue", "longueur_m": 342.8, "quartier": "BI" }, "geometry": { "type": "MultiLineString", "coordinates": [ [ [ 5.8827028, 45.5809588 ], [ 5.8826094, 45.5809648 ], [ 5.8825588, 45.5809778 ], [ 5.882458, 45.5810146 ], [ 5.8821414, 45.5812174 ] ], [ [ 5.8803828, 45.5817247 ], [ 5.8803395, 45.5816078 ], [ 5.8803528, 45.5815425 ], [ 5.8805248, 45.5810984 ] ], [ [ 5.8811673, 45.5816352 ], [ 5.8810857, 45.5816454 ], [ 5.8809753, 45.5816933 ], [ 5.8808818, 45.5817461 ], [ 5.8807469, 45.5817919 ], [ 5.8806145, 45.5818116 ], [ 5.8804461, 45.5817825 ], [ 5.8803828, 45.5817247 ] ], [ [ 5.8805248, 45.5810984 ], [ 5.880586, 45.5809428 ] ], [ [ 5.8821414, 45.5812174 ], [ 5.8820756, 45.5812848 ], [ 5.8819386, 45.5814632 ], [ 5.8818145, 45.5816195 ], [ 5.8817373, 45.5817143 ], [ 5.8816774, 45.5817951 ], [ 5.8815985, 45.5818575 ], [ 5.8815136, 45.5818786 ], [ 5.8814302, 45.5818546 ], [ 5.8813628, 45.5818158 ], [ 5.8812355, 45.5817119 ], [ 5.8811949, 45.5816723 ], [ 5.8811673, 45.5816352 ] ] ] } },
{ "type": "Feature", "properties": { "id_voie": "IGN-2338839600", "nom": "Pas Louis Petraz", "type_voie": "Passage", "longueur_m": 76.1, "quartier": "CE" }, "geometry": { "type": "LineString", "coordinates": [ [ 5.9191884, 45.5646634 ], [ 5.9193481, 45.5650882 ], [ 5.919357, 45.5651366 ], [ 5.9193513, 45.5652233 ], [ 5.9193401, 45.5652785 ], [ 5.9193263, 45.565332 ] ] } },
{ "type": "Feature", "properties": { "id_voie": "IGN-2338839851", "nom": "Pas Metropole", "type_voie": "Passage", "longueur_m": 50.9, "quartier": "CE" }, "geometry": { "type": "LineString", "coordinates": [ [ 5.9229566, 45.5645006 ], [ 5.9226193, 45.5648923 ] ] } },
{ "type": "Feature", "properties": { "id_voie": "73065_3811", "nom": "Passage Vaugelas", "type_voie": "Passage", "longueur_m": 38.5, "quartier": "CE" }, "geometry": { "type": "LineString", "coordinates": [ [ 5.922085, 45.5666084 ], [ 5.9221049, 45.566524 ], [ 5.9221411, 45.5664564 ], [ 5.9222749, 45.5662925 ] ] } },
{ "type": "Feature", "properties": { "id_voie": "IGN-2338849288", "nom": "Pl Du Theatre", "type_voie": "Place", "longueur_m": 25.5, "quartier": "CE" }, "geometry": { "type": "MultiLineString", "coordinates": [ [ [ 5.9243836, 45.5649969 ], [ 5.9241815, 45.5649102 ] ], [ [ 5.9244475, 45.5650412 ], [ 5.9243836, 45.5649969 ] ] ] } },
{ "type": "Feature", "properties": { "id_voie": "IGN-2338851852", "nom": "Pl Louis Jouvet", "type_voie": "Place", "longueur_m": 106.9, "quartier": "HC" }, "geometry": { "type": "MultiLineString", "coordinates": [ [ [ 5.9215398, 45.5993989 ], [ 5.9215342, 45.5995117 ], [ 5.921504, 45.5995971 ], [ 5.9214226, 45.5996849 ] ], [ [ 5.9214226, 45.5996849 ], [ 5.9213668, 45.5998431 ], [ 5.9212914, 45.6001172 ], [ 5.9213342, 45.6002224 ], [ 5.9213944, 45.6003182 ] ] ] } },
{ "type": "Feature", "properties": { "id_voie": "IGN-2338851962", "nom": "Pas Monseigneur Philippe Garnier", "type_voie": "Passage", "longueur_m": 101.6, "quartier": "CE" }, "geometry": { "type": "LineString", "coordinates": [ [ 5.9227318, 45.5649344 ], [ 5.9228271, 45.5648923 ], [ 5.9230285, 45.5649646 ], [ 5.9234415, 45.5651827 ], [ 5.9236122, 45.5652819 ], [ 5.9236823, 45.5652972 ], [ 5.9238134, 45.5653496 ] ] } },
{ "type": "Feature", "properties": { "id_voie": "IGN-2338851983", "nom": "Ham Du Nivolet", "type_voie": "Hameau", "longueur_m": 41.7, "quartier": "CV" }, "geometry": { "type": "LineString", "coordinates": [ [ 5.9167374, 45.6096104 ], [ 5.916767, 45.609515 ], [ 5.916799, 45.609416 ], [ 5.9167625, 45.60938 ], [ 5.9166701, 45.6093562 ], [ 5.9165833, 45.6093423 ] ] } },
{ "type": "Feature", "properties": { "id_voie": "IGN-2338852108", "nom": "Pont De L'Erier", "type_voie": "Pont", "longueur_m": 6.9, "quartier": null }, "geometry": { "type": "LineString", "coordinates": [ [ 5.8883133, 45.5968476 ], [ 5.8882257, 45.5968409 ] ] } },
{ "type": "Feature", "properties": { "id_voie": "IGN-2338852122", "nom": "Rte Des Cluses", "type_voie": "Route", "longueur_m": 50.7, "quartier": "HC" }, "geometry": { "type": "LineString", "coordinates": [ [ 5.9291544, 45.5999099 ], [ 5.9291689, 45.6000375 ], [ 5.9292246, 45.6003631 ] ] } },
{ "type": "Feature", "properties": { "id_voie": "IGN-2338852277", "nom": "Pas Saint-Sebastien", "type_voie": "Passage", "longueur_m": 83.4, "quartier": "BE" }, "geometry": { "type": "MultiLineString", "coordinates": [ [ [ 5.9153123, 45.5631862 ], [ 5.9153139, 45.5632907 ], [ 5.9153119, 45.5633502 ], [ 5.9153192, 45.5633906 ] ], [ [ 5.9153192, 45.5633906 ], [ 5.915335, 45.5635452 ], [ 5.9153627, 45.5637301 ], [ 5.9153888, 45.5639339 ] ] ] } },
{ "type": "Feature", "properties": { "id_voie": "IGN-2338852288", "nom": "Pass Du Haut Marche", "type_voie": "Passe", "longueur_m": 57.8, "quartier": "BO" }, "geometry": { "type": "LineString", "coordinates": [ [ 5.9100868, 45.5626855 ], [ 5.9102011, 45.5630547 ], [ 5.9102341, 45.5631953 ] ] } },
{ "type": "Feature", "properties": { "id_voie": "IGN-2338852324", "nom": "Pl Charles Forest", "type_voie": "Place", "longueur_m": 27.4, "quartier": null }, "geometry": { "type": "MultiLineString", "coordinates": [ [ [ 5.9078923, 45.5604662 ], [ 5.9078682, 45.5604713 ], [ 5.9078401, 45.5604739 ], [ 5.9078066, 45.5604711 ], [ 5.9077803, 45.5604601 ], [ 5.9077524, 45.5604401 ], [ 5.9077397, 45.5604188 ], [ 5.9077384, 45.5603945 ] ], [ [ 5.9079605, 45.5603977 ], [ 5.9079587, 45.5604113 ], [ 5.9079542, 45.5604241 ], [ 5.9079372, 45.5604425 ], [ 5.9079149, 45.5604584 ], [ 5.9078923, 45.5604662 ] ] ] } },
{ "type": "Feature", "properties": { "id_voie": "IGN-2338852337", "nom": "Pl De La Tour Du Prince", "type_voie": "Place", "longueur_m": 33.2, "quartier": "LA" }, "geometry": { "type": "LineString", "coordinates": [ [ 5.9240033, 45.572211 ], [ 5.9240418, 45.5723803 ], [ 5.92406, 45.5725069 ] ] } },
{ "type": "Feature", "properties": { "id_voie": "IGN-2338852349", "nom": "R Du Vieux Moulin", "type_voie": "Rue", "longueur_m": 28.8, "quartier": "LA" }, "geometry": { "type": "LineString", "coordinates": [ [ 5.9411578, 45.5637796 ], [ 5.9411813, 45.5639088 ], [ 5.9412048, 45.563964 ], [ 5.9412505, 45.5640277 ] ] } },
{ "type": "Feature", "properties": { "id_voie": "IGN-2338852365", "nom": "R Francois Carle", "type_voie": "Rue", "longueur_m": 55.3, "quartier": null }, "geometry": { "type": "MultiLineString", "coordinates": [ [ [ 5.9414249, 45.5612946 ], [ 5.941445, 45.5613824 ] ], [ [ 5.9413458, 45.5608912 ], [ 5.9413492, 45.5609307 ], [ 5.9413699, 45.5611041 ], [ 5.9413811, 45.5611705 ], [ 5.9414092, 45.5612391 ] ], [ [ 5.9414092, 45.5612391 ], [ 5.9414249, 45.5612946 ] ] ] } },
{ "type": "Feature", "properties": { "id_voie": "IGN-2338852454", "nom": "All Du Charbonnier", "type_voie": "Allée", "longueur_m": 40.7, "quartier": "CE" }, "geometry": { "type": "LineString", "coordinates": [ [ 5.9199373, 45.5655108 ], [ 5.9200769, 45.5655784 ], [ 5.9202683, 45.5657049 ], [ 5.9203383, 45.5657437 ] ] } },
{ "type": "Feature", "properties": { "id_voie": "IGN-2338852460", "nom": "All Du Mont Geney", "type_voie": "Allée", "longueur_m": 625.8, "quartier": "BI" }, "geometry": { "type": "MultiLineString", "coordinates": [ [ [ 5.8844894, 45.583481 ], [ 5.8842443, 45.5831845 ], [ 5.8843228, 45.5830411 ], [ 5.8844533, 45.5828377 ], [ 5.8845099, 45.582765 ], [ 5.8846031, 45.5826077 ], [ 5.8846365, 45.5825347 ], [ 5.8846676, 45.5824177 ], [ 5.8846462, 45.5823759 ], [ 5.8846216, 45.5823477 ] ], [ [ 5.8850847, 45.5812608 ], [ 5.885253, 45.5813376 ] ], [ [ 5.8836932, 45.5804603 ], [ 5.8840375, 45.5809128 ] ], [ [ 5.8840375, 45.5809128 ], [ 5.8841558, 45.5809179 ], [ 5.8846554, 45.5811484 ], [ 5.8847298, 45.581123 ], [ 5.8850847, 45.5812608 ] ], [ [ 5.8846216, 45.5823477 ], [ 5.8836779, 45.5813996 ], [ 5.8840375, 45.5809128 ] ], [ [ 5.8846216, 45.5823477 ], [ 5.8847397, 45.5822248 ], [ 5.8847837, 45.5821588 ], [ 5.8847867, 45.582092 ], [ 5.8846812, 45.5819893 ], [ 5.885253, 45.5813376 ] ] ] } },
{ "type": "Feature", "properties": { "id_voie": "IGN-2338852461", "nom": "All Du Souvenir Francais", "type_voie": "Allée", "longueur_m": 198.0, "quartier": "CE" }, "geometry": { "type": "MultiLineString", "coordinates": [ [ [ 5.9243946, 45.5694615 ], [ 5.92431, 45.5695106 ], [ 5.9242172, 45.5695274 ], [ 5.9241322, 45.5695467 ], [ 5.9239966, 45.569553 ], [ 5.9238806, 45.569519 ], [ 5.9236378, 45.5693668 ], [ 5.9236081, 45.5693387 ] ], [ [ 5.9238185, 45.5686826 ], [ 5.9239244, 45.5686961 ], [ 5.9240043, 45.5687012 ], [ 5.924089, 45.5687017 ], [ 5.924178, 45.568712 ], [ 5.9242534, 45.5687308 ], [ 5.9243402, 45.56877 ] ], [ [ 5.9243402, 45.56877 ], [ 5.9243933, 45.5688055 ], [ 5.924441, 45.5688566 ], [ 5.9244747, 45.5689134 ], [ 5.9244994, 45.5689677 ], [ 5.9245271, 45.5691526 ], [ 5.9245229, 45.5692194 ], [ 5.9244974, 45.5692939 ], [ 5.9244615, 45.569367 ], [ 5.9243946, 45.5694615 ] ] ] } },
{ "type": "Feature", "properties": { "id_voie": "IGN-2338852463", "nom": "Che De Montgellaz", "type_voie": "Chemin", "longueur_m": 161.1, "quartier": "BE" }, "geometry": { "type": "MultiLineString", "coordinates": [ [ [ 5.9226921, 45.5600687 ], [ 5.9226802, 45.5600374 ], [ 5.9226652, 45.5599955 ], [ 5.9226489, 45.5599292 ], [ 5.9226385, 45.5598781 ], [ 5.9226445, 45.5598473 ], [ 5.9226615, 45.5598289 ], [ 5.9227318, 45.5597991 ], [ 5.9228706, 45.5597802 ], [ 5.9232784, 45.5597786 ], [ 5.9235025, 45.559771 ], [ 5.9235499, 45.5597697 ], [ 5.9237031, 45.5597558 ] ], [ [ 5.9226405, 45.560526 ], [ 5.9226417, 45.5605241 ], [ 5.9226608, 45.5604236 ], [ 5.9226741, 45.5602629 ], [ 5.9226834, 45.5601716 ], [ 5.9226944, 45.5601119 ], [ 5.9226921, 45.5600687 ] ] ] } },
{ "type": "Feature", "properties": { "id_voie": "IGN-2338852464", "nom": "Che Des Chasseurs", "type_voie": "Chemin", "longueur_m": 111.4, "quartier": "LA" }, "geometry": { "type": "MultiLineString", "coordinates": [ [ [ 5.9330631, 45.5739393 ], [ 5.9328971, 45.5743185 ] ], [ [ 5.9328971, 45.5743185 ], [ 5.9328542, 45.5744043 ], [ 5.9327003, 45.5747931 ], [ 5.9326507, 45.5748989 ] ] ] } },
{ "type": "Feature", "properties": { "id_voie": "IGN-2338852465", "nom": "Che Des Essards", "type_voie": "Chemin", "longueur_m": 80.2, "quartier": "CV" }, "geometry": { "type": "LineString", "coordinates": [ [ 5.8970172, 45.6119214 ], [ 5.8971141, 45.6120054 ], [ 5.8971775, 45.6121137 ], [ 5.8972151, 45.6121938 ], [ 5.8972442, 45.612285 ], [ 5.8972428, 45.6123796 ], [ 5.8972118, 45.6124264 ], [ 5.8971186, 45.6124856 ], [ 5.8970517, 45.6125558 ] ] } },
{ "type": "Feature", "properties": { "id_voie": "IGN-2338852467", "nom": "Pl Des Elephants", "type_voie": "Place", "longueur_m": 72.0, "quartier": "CE" }, "geometry": { "type": "MultiLineString", "coordinates": [ [ [ 5.9227867, 45.5665586 ], [ 5.9228253, 45.5665125 ], [ 5.9228729, 45.5664671 ] ], [ [ 5.9230158, 45.5666454 ], [ 5.9229596, 45.5666992 ] ], [ [ 5.9228729, 45.5664671 ], [ 5.9230061, 45.5665348 ], [ 5.9230334, 45.5665909 ] ], [ [ 5.9227493, 45.5666037 ], [ 5.9227867, 45.5665586 ] ], [ [ 5.9229596, 45.5666992 ], [ 5.9228665, 45.5666862 ], [ 5.9227893, 45.5666576 ], [ 5.9227493, 45.5666037 ] ], [ [ 5.9230334, 45.5665909 ], [ 5.9230158, 45.5666454 ] ] ] } },
{ "type": "Feature", "properties": { "id_voie": "IGN-2338852468", "nom": "Pl Du Manege", "type_voie": "Place", "longueur_m": 57.2, "quartier": "LA" }, "geometry": { "type": "LineString", "coordinates": [ [ 5.9261521, 45.563382 ], [ 5.9264741, 45.563844 ] ] } },
{ "type": "Feature", "properties": { "id_voie": "IGN-2338852470", "nom": "All Albert Camus", "type_voie": "Allée", "longueur_m": 72.7, "quartier": "CE" }, "geometry": { "type": "LineString", "coordinates": [ [ 5.9241645, 45.5700847 ], [ 5.9241703, 45.5700251 ], [ 5.9241876, 45.5699391 ], [ 5.9242016, 45.5698648 ], [ 5.9241992, 45.5697946 ], [ 5.9242261, 45.5697218 ], [ 5.9242543, 45.5696472 ], [ 5.9242926, 45.5695948 ], [ 5.9243439, 45.5695223 ], [ 5.9243946, 45.5694615 ] ] } },
{ "type": "Feature", "properties": { "id_voie": "IGN-2338852471", "nom": "All Bolon", "type_voie": "Allée", "longueur_m": 109.3, "quartier": "CE" }, "geometry": { "type": "LineString", "coordinates": [ [ 5.9197528, 45.5642712 ], [ 5.9198191, 45.5642641 ], [ 5.9198609, 45.5642305 ], [ 5.9199722, 45.5642727 ], [ 5.9202036, 45.5643793 ], [ 5.920292, 45.5644248 ], [ 5.9204751, 45.5645408 ], [ 5.9205525, 45.5645739 ], [ 5.9207358, 45.5646926 ], [ 5.9208545, 45.5647778 ] ] } },
{ "type": "Feature", "properties": { "id_voie": "IGN-2338852472", "nom": "All Bonjean", "type_voie": "Allée", "longueur_m": 34.2, "quartier": "CE" }, "geometry": { "type": "LineString", "coordinates": [ [ 5.9200906, 45.5653518 ], [ 5.9202667, 45.5654563 ], [ 5.9204182, 45.565556 ] ] } },
{ "type": "Feature", "properties": { "id_voie": "IGN-2338852473", "nom": "All Burdin", "type_voie": "Allée", "longueur_m": 123.9, "quartier": "CE" }, "geometry": { "type": "MultiLineString", "coordinates": [ [ [ 5.9214166, 45.5653183 ], [ 5.9208469, 45.564878 ], [ 5.9207867, 45.5648309 ] ], [ [ 5.9212781, 45.5654651 ], [ 5.921137, 45.5655625 ], [ 5.9210859, 45.5655918 ], [ 5.9210338, 45.5656256 ] ], [ [ 5.9214648, 45.5653567 ], [ 5.9214166, 45.5653183 ] ], [ [ 5.9212781, 45.5654651 ], [ 5.9214648, 45.5653567 ] ] ] } },
{ "type": "Feature", "properties": { "id_voie": "IGN-2338852474", "nom": "All De Boigne", "type_voie": "Allée", "longueur_m": 93.5, "quartier": "CE" }, "geometry": { "type": "LineString", "coordinates": [ [ 5.9206278, 45.5649558 ], [ 5.9205141, 45.5648921 ], [ 5.9203514, 45.5647981 ], [ 5.9202162, 45.5647169 ], [ 5.9201437, 45.5646791 ], [ 5.9201698, 45.5646145 ], [ 5.9198795, 45.5645346 ], [ 5.9197223, 45.5644963 ] ] } },
{ "type": "Feature", "properties": { "id_voie": "IGN-2338852475", "nom": "All De La Banque", "type_voie": "Allée", "longueur_m": 37.4, "quartier": "CE" }, "geometry": { "type": "LineString", "coordinates": [ [ 5.9218006, 45.5640855 ], [ 5.9216644, 45.563934 ], [ 5.9216219, 45.563882 ], [ 5.9215937, 45.563835 ], [ 5.9215747, 45.5637904 ] ] } },
{ "type": "Feature", "properties": { "id_voie": "IGN-2338852476", "nom": "All De La Cure", "type_voie": "Allée", "longueur_m": 117.5, "quartier": "CE" }, "geometry": { "type": "MultiLineString", "coordinates": [ [ [ 5.9218257, 45.5651941 ], [ 5.9218511, 45.5652628 ], [ 5.9221055, 45.5653418 ] ], [ [ 5.9210182, 45.5646474 ], [ 5.9210927, 45.5647229 ], [ 5.9212526, 45.5648341 ], [ 5.9214149, 45.5649452 ], [ 5.9215107, 45.5650103 ], [ 5.9216342, 45.5650891 ] ], [ [ 5.9216342, 45.5650891 ], [ 5.9218257, 45.5651941 ] ] ] } },
{ "type": "Feature", "properties": { "id_voie": "IGN-2338852477", "nom": "All De L'Arcellin", "type_voie": "Allée", "longueur_m": 69.1, "quartier": "BI" }, "geometry": { "type": "LineString", "coordinates": [ [ 5.8855302, 45.5807231 ], [ 5.8853334, 45.5809598 ], [ 5.885296, 45.5810058 ], [ 5.8850847, 45.5812608 ] ] } },
{ "type": "Feature", "properties": { "id_voie": "IGN-2338852478", "nom": "All De L'Imprimerie", "type_voie": "Allée", "longueur_m": 62.9, "quartier": "CE" }, "geometry": { "type": "MultiLineString", "coordinates": [ [ [ 5.9207423, 45.5641103 ], [ 5.920889, 45.5640695 ], [ 5.9209641, 45.5641307 ] ], [ [ 5.9209641, 45.5641307 ], [ 5.9212938, 45.5644249 ] ] ] } },
{ "type": "Feature", "properties": { "id_voie": "IGN-2338852479", "nom": "All Des Anciens Combattants D'Afrique Du Nord", "type_voie": "Allée", "longueur_m": 144.9, "quartier": "CE" }, "geometry": { "type": "MultiLineString", "coordinates": [ [ [ 5.9226633, 45.5692804 ], [ 5.9228835, 45.5691242 ], [ 5.9229882, 45.5690422 ], [ 5.9230603, 45.5689979 ], [ 5.9231389, 45.5689562 ], [ 5.9234067, 45.5688537 ], [ 5.9235426, 45.568779 ], [ 5.923681, 45.5687259 ], [ 5.9238185, 45.5686826 ] ], [ [ 5.922543, 45.5695286 ], [ 5.9225246, 45.5694723 ], [ 5.922525, 45.5694065 ], [ 5.9225439, 45.5693763 ], [ 5.9225797, 45.5693483 ], [ 5.9226295, 45.56932 ], [ 5.9226633, 45.5692804 ] ] ] } },
{ "type": "Feature", "properties": { "id_voie": "IGN-2338852480", "nom": "All Francois Burdin", "type_voie": "Allée", "longueur_m": 153.4, "quartier": "BO" }, "geometry": { "type": "MultiLineString", "coordinates": [ [ [ 5.9047295, 45.5613806 ], [ 5.9046064, 45.561309 ], [ 5.9044828, 45.5612509 ] ], [ [ 5.9032726, 45.560774 ], [ 5.9032121, 45.5607467 ], [ 5.9031479, 45.5607448 ], [ 5.903094, 45.5607444 ] ], [ [ 5.9044828, 45.5612509 ], [ 5.904403, 45.5611971 ], [ 5.9042828, 45.5611308 ], [ 5.904186, 45.5610955 ], [ 5.9040367, 45.5610858 ], [ 5.9038729, 45.5610685 ], [ 5.903699, 45.5610549 ], [ 5.9035821, 45.5610273 ], [ 5.9034754, 45.5609733 ], [ 5.9033765, 45.5608722 ], [ 5.9032726, 45.560774 ] ] ] } },
{ "type": "Feature", "properties": { "id_voie": "IGN-2338852481", "nom": "All Gotteland", "type_voie": "Allée", "longueur_m": 53.1, "quartier": "CE" }, "geometry": { "type": "LineString", "coordinates": [ [ 5.921374, 45.5643633 ], [ 5.9214836, 45.5644226 ], [ 5.9216949, 45.564537 ], [ 5.9217962, 45.5645848 ], [ 5.9219152, 45.564652 ] ] } },
{ "type": "Feature", "properties": { "id_voie": "IGN-2338852482", "nom": "All Jean Mercier", "type_voie": "Allée", "longueur_m": 63.1, "quartier": "CE" }, "geometry": { "type": "MultiLineString", "coordinates": [ [ [ 5.9245255, 45.5685372 ], [ 5.9245893, 45.568531 ] ], [ [ 5.9238185, 45.5686826 ], [ 5.9241153, 45.5685938 ], [ 5.9243156, 45.5685472 ], [ 5.9245255, 45.5685372 ] ] ] } },
{ "type": "Feature", "properties": { "id_voie": "IGN-2338852483", "nom": "All Ouahigouya", "type_voie": "Allée", "longueur_m": 110.5, "quartier": "CE" }, "geometry": { "type": "MultiLineString", "coordinates": [ [ [ 5.9170717, 45.5689292 ], [ 5.9169511, 45.568807 ], [ 5.9167212, 45.5685823 ], [ 5.9167077, 45.568571 ] ], [ [ 5.9172818, 45.5691183 ], [ 5.9171457, 45.5689948 ], [ 5.9170717, 45.5689292 ] ], [ [ 5.9175366, 45.5693767 ], [ 5.9174208, 45.5692724 ] ], [ [ 5.917354, 45.5691985 ], [ 5.9172818, 45.5691183 ] ], [ [ 5.9174208, 45.5692724 ], [ 5.917354, 45.5691985 ] ] ] } },
{ "type": "Feature", "properties": { "id_voie": "IGN-2338852484", "nom": "All Rene Cassin", "type_voie": "Allée", "longueur_m": 189.8, "quartier": "CE" }, "geometry": { "type": "MultiLineString", "coordinates": [ [ [ 5.9236945, 45.5697609 ], [ 5.9237149, 45.5698072 ], [ 5.9238096, 45.5699967 ], [ 5.9238456, 45.570048 ], [ 5.9238959, 45.5701007 ], [ 5.9239518, 45.5701398 ], [ 5.9240163, 45.5701454 ], [ 5.9240936, 45.570128 ], [ 5.9241645, 45.5700847 ] ], [ [ 5.9236081, 45.5693387 ], [ 5.9236, 45.5692578 ], [ 5.9236132, 45.5691926 ], [ 5.9236322, 45.5691146 ], [ 5.9236678, 45.5689632 ], [ 5.9237205, 45.5687942 ], [ 5.9238185, 45.5686826 ] ], [ [ 5.9236081, 45.5693387 ], [ 5.9235985, 45.5694489 ], [ 5.9236252, 45.5695653 ], [ 5.9236618, 45.5696752 ], [ 5.9236945, 45.5697609 ] ] ] } },
{ "type": "Feature", "properties": { "id_voie": "IGN-2338852485", "nom": "All Roger Dumaz", "type_voie": "Allée", "longueur_m": 70.4, "quartier": "CE" }, "geometry": { "type": "LineString", "coordinates": [ [ 5.920529, 45.5642726 ], [ 5.9204143, 45.5643612 ], [ 5.9204266, 45.5643988 ], [ 5.9205927, 45.564508 ], [ 5.9207834, 45.5646463 ], [ 5.9208986, 45.5647388 ] ] } },
{ "type": "Feature", "properties": { "id_voie": "73065_1402", "nom": "Avenue Claude et Philomène Folliet", "type_voie": "Avenue", "longueur_m": 145.9, "quartier": "CE" }, "geometry": { "type": "LineString", "coordinates": [ [ 5.9091073, 45.5789043 ], [ 5.9092878, 45.5789699 ], [ 5.9094072, 45.5789966 ], [ 5.9095272, 45.5790079 ], [ 5.9097321, 45.5790008 ], [ 5.9098719, 45.5789989 ], [ 5.9099647, 45.5790074 ], [ 5.9100558, 45.579032 ], [ 5.9101502, 45.579071 ], [ 5.910215, 45.5791063 ], [ 5.9104191, 45.5792299 ], [ 5.9107101, 45.5794449 ] ] } },
{ "type": "Feature", "properties": { "id_voie": "IGN-2338852487", "nom": "Pas Henry Planche", "type_voie": "Passage", "longueur_m": 97.2, "quartier": "CE" }, "geometry": { "type": "LineString", "coordinates": [ [ 5.9197347, 45.5643672 ], [ 5.9198971, 45.5644053 ], [ 5.9201015, 45.5644874 ], [ 5.9202299, 45.5645616 ], [ 5.9203606, 45.564632 ], [ 5.9206097, 45.5647824 ], [ 5.92074, 45.5648691 ] ] } },
{ "type": "Feature", "properties": { "id_voie": "IGN-2338852488", "nom": "Pas Jean Planche", "type_voie": "Passage", "longueur_m": 78.8, "quartier": "CE" }, "geometry": { "type": "LineString", "coordinates": [ [ 5.9206501, 45.5661582 ], [ 5.9206944, 45.5661219 ], [ 5.9208642, 45.5659859 ], [ 5.9209024, 45.5659552 ], [ 5.9208674, 45.5658759 ], [ 5.9207669, 45.565746 ], [ 5.9207847, 45.5657176 ], [ 5.9209468, 45.565581 ] ] } },
{ "type": "Feature", "properties": { "id_voie": "IGN-2338852489", "nom": "Av Du Bourget-Du-Lac", "type_voie": "Avenue", "longueur_m": 9014.1, "quartier": "BI" }, "geometry": { "type": "MultiLineString", "coordinates": [ [ [ 5.9211906, 45.5770491 ], [ 5.9215326, 45.5769411 ], [ 5.921959, 45.5768012 ], [ 5.9223084, 45.5766876 ], [ 5.9228172, 45.5765302 ], [ 5.9229801, 45.5764809 ], [ 5.9231852, 45.5764287 ] ], [ [ 5.9233232, 45.5766837 ], [ 5.9228003, 45.5768171 ], [ 5.9219135, 45.5770592 ], [ 5.9213159, 45.5772351 ], [ 5.921004, 45.5773297 ], [ 5.9204339, 45.5774941 ] ], [ [ 5.9177691, 45.5783761 ], [ 5.917887, 45.5783253 ], [ 5.9184755, 45.5780721 ], [ 5.9185094, 45.5780577 ], [ 5.920776, 45.5771924 ], [ 5.9211906, 45.5770491 ] ], [ [ 5.9204339, 45.5774941 ], [ 5.9200336, 45.5776162 ], [ 5.9194528, 45.5778206 ], [ 5.91871, 45.5781147 ], [ 5.9183837, 45.5782538 ], [ 5.9181792, 45.578342 ], [ 5.9178446, 45.578494 ] ], [ [ 5.9174016, 45.5785379 ], [ 5.9175997, 45.5784499 ], [ 5.9177691, 45.5783761 ] ], [ [ 5.9178446, 45.578494 ], [ 5.9176991, 45.5785581 ], [ 5.9175198, 45.5786385 ] ], [ [ 5.9145302, 45.5798604 ], [ 5.9146742, 45.5797936 ], [ 5.9147857, 45.5797421 ] ], [ [ 5.914928, 45.5798609 ], [ 5.9148053, 45.5799191 ], [ 5.9146438, 45.5799954 ] ], [ [ 5.9170509, 45.5787002 ], [ 5.9174016, 45.5785379 ] ], [ [ 5.9175198, 45.5786385 ], [ 5.9170077, 45.5788798 ] ], [ [ 5.9147857, 45.5797421 ], [ 5.9154859, 45.5794157 ], [ 5.9156449, 45.5793422 ], [ 5.9166013, 45.5789101 ], [ 5.9169068, 45.578767 ], [ 5.9170509, 45.5787002 ] ], [ [ 5.9170077, 45.5788798 ], [ 5.9160699, 45.5793213 ], [ 5.9155026, 45.5795883 ], [ 5.914928, 45.5798609 ] ], [ [ 5.9114005, 45.5829151 ], [ 5.9113709, 45.582961 ], [ 5.9113287, 45.5830125 ], [ 5.9112767, 45.5830995 ], [ 5.9111677, 45.5832456 ] ], [ [ 5.9096099, 45.5842501 ], [ 5.9097387, 45.5841864 ], [ 5.9099694, 45.5840578 ], [ 5.910184, 45.583918 ], [ 5.9103817, 45.5837714 ], [ 5.9105748, 45.583588 ], [ 5.9107592, 45.5833859 ], [ 5.9109538, 45.5831322 ], [ 5.9109704, 45.5831065 ] ], [ [ 5.9112487, 45.5826866 ], [ 5.9114171, 45.5824489 ], [ 5.9118478, 45.5817312 ], [ 5.9120748, 45.581437 ], [ 5.9123093, 45.5811849 ], [ 5.9126691, 45.5808782 ], [ 5.913091, 45.5805799 ], [ 5.913517, 45.5803354 ], [ 5.9145302, 45.5798604 ] ], [ [ 5.9146438, 45.5799954 ], [ 5.9140839, 45.5802568 ], [ 5.9136422, 45.5804953 ], [ 5.9132724, 45.5807094 ], [ 5.9129806, 45.5809197 ], [ 5.9126672, 45.5811594 ], [ 5.9123958, 45.5814161 ], [ 5.9122107, 45.5816542 ], [ 5.91203, 45.5819266 ], [ 5.9117434, 45.5823827 ], [ 5.9114865, 45.5827687 ] ], [ [ 5.9114865, 45.5827687 ], [ 5.9114005, 45.5829151 ] ], [ [ 5.9109704, 45.5831065 ], [ 5.9110358, 45.5830075 ], [ 5.9110822, 45.5829378 ], [ 5.9111249, 45.5828718 ], [ 5.9111452, 45.5828434 ], [ 5.9112487, 45.5826866 ] ], [ [ 5.9087921, 45.5847821 ], [ 5.9080879, 45.5850824 ], [ 5.9075297, 45.5853275 ], [ 5.9068743, 45.5856022 ], [ 5.9063803, 45.5858249 ], [ 5.9058801, 45.5860757 ], [ 5.9054192, 45.5862922 ] ], [ [ 5.9054192, 45.5862922 ], [ 5.9050049, 45.5865399 ], [ 5.904862, 45.586631 ], [ 5.9046262, 45.586784 ], [ 5.904334, 45.5869627 ], [ 5.9036399, 45.5874077 ], [ 5.9032658, 45.5876643 ] ], [ [ 5.9012074, 45.5888438 ], [ 5.9018318, 45.5884393 ], [ 5.9020118, 45.5883239 ], [ 5.9023274, 45.5881012 ], [ 5.9027033, 45.5878536 ], [ 5.9035037, 45.5873058 ], [ 5.9035136, 45.5872993 ] ], [ [ 5.9032658, 45.5876643 ], [ 5.9028396, 45.5879556 ], [ 5.9024661, 45.5882013 ], [ 5.9021493, 45.5884239 ], [ 5.9015199, 45.5888303 ], [ 5.9014702, 45.5888623 ] ], [ [ 5.8924677, 45.6000838 ], [ 5.8926329, 45.5991172 ], [ 5.8927262, 45.5986166 ], [ 5.8928274, 45.5982202 ], [ 5.8929491, 45.5977476 ], [ 5.8931065, 45.5972227 ], [ 5.8932881, 45.5967918 ], [ 5.8935393, 45.5962699 ], [ 5.8938198, 45.5957653 ], [ 5.8939191, 45.5955285 ], [ 5.8939333, 45.595456 ] ], [ [ 5.8927569, 45.5995736 ], [ 5.8926176, 45.6001278 ] ], [ [ 5.8939333, 45.595456 ], [ 5.8942142, 45.5950361 ], [ 5.8944923, 45.5946586 ], [ 5.8947921, 45.5942805 ], [ 5.8952766, 45.5937274 ], [ 5.8956937, 45.5933319 ], [ 5.8968901, 45.5922558 ] ], [ [ 5.8985452, 45.5910436 ], [ 5.8976364, 45.5918257 ], [ 5.897169, 45.5922153 ], [ 5.8966422, 45.5926452 ], [ 5.8961987, 45.5930504 ], [ 5.895809, 45.5934263 ], [ 5.8954717, 45.5937521 ], [ 5.8950847, 45.5941811 ], [ 5.8948187, 45.5944943 ], [ 5.8944186, 45.5950173 ], [ 5.8942261, 45.5953124 ], [ 5.8940097, 45.5956415 ], [ 5.893824, 45.5959689 ], [ 5.8936573, 45.5962678 ], [ 5.8934697, 45.5966313 ], [ 5.893324, 45.5969882 ], [ 5.8931558, 45.5974548 ], [ 5.893029, 45.5979762 ], [ 5.8929202, 45.598498 ], [ 5.8928432, 45.5989893 ], [ 5.892803, 45.5992516 ], [ 5.8927569, 45.5995736 ] ], [ [ 5.9010127, 45.5889723 ], [ 5.9012074, 45.5888438 ] ], [ [ 5.9014702, 45.5888623 ], [ 5.9012555, 45.589003 ] ], [ [ 5.9012555, 45.589003 ], [ 5.901144, 45.5890779 ], [ 5.9008589, 45.5892709 ], [ 5.9006153, 45.5894466 ], [ 5.9003936, 45.589601 ], [ 5.9001966, 45.5897367 ], [ 5.8999891, 45.5898917 ], [ 5.8997072, 45.5900963 ], [ 5.8996676, 45.5901243 ], [ 5.8993435, 45.5903814 ], [ 5.8989945, 45.5906769 ], [ 5.8988063, 45.5908323 ], [ 5.8985452, 45.5910436 ] ], [ [ 5.8968901, 45.5922558 ], [ 5.8970661, 45.5921125 ], [ 5.8974828, 45.5917368 ], [ 5.8983561, 45.5909853 ], [ 5.8986552, 45.5907416 ], [ 5.898841, 45.5905881 ], [ 5.8991925, 45.5902907 ], [ 5.8995215, 45.5900299 ], [ 5.8995636, 45.59 ], [ 5.8998455, 45.5897954 ], [ 5.9000555, 45.5896386 ], [ 5.9002549, 45.5895009 ], [ 5.9004741, 45.5893484 ], [ 5.9007177, 45.5891727 ], [ 5.9010127, 45.5889723 ] ], [ [ 5.8917249, 45.6025755 ], [ 5.8915451, 45.6028928 ], [ 5.8914408, 45.6030847 ], [ 5.8904386, 45.6047162 ] ], [ [ 5.8904386, 45.6047162 ], [ 5.890121, 45.6052236 ], [ 5.8898706, 45.6056391 ] ], [ [ 5.8898706, 45.6056391 ], [ 5.8895812, 45.6061205 ], [ 5.8892737, 45.6066258 ], [ 5.8888756, 45.6072875 ], [ 5.88876, 45.6074842 ] ], [ [ 5.8851532, 45.6134636 ], [ 5.8848904, 45.6140128 ], [ 5.8847642, 45.6142773 ], [ 5.8847325, 45.6143592 ], [ 5.8846749, 45.6145094 ], [ 5.8845995, 45.6147384 ], [ 5.8845156, 45.6150748 ], [ 5.8844071, 45.6156786 ], [ 5.8843897, 45.6157881 ], [ 5.8843848, 45.6158676 ], [ 5.8844085, 45.6159769 ], [ 5.8844316, 45.6160511 ] ], [ [ 5.88876, 45.6074842 ], [ 5.8886261, 45.6076976 ], [ 5.8883069, 45.6082239 ], [ 5.8878585, 45.6089563 ] ], [ [ 5.8878585, 45.6089563 ], [ 5.8876349, 45.6093216 ], [ 5.8871129, 45.6101451 ], [ 5.8869907, 45.6103383 ], [ 5.886862, 45.6105534 ], [ 5.886705, 45.6108178 ], [ 5.8863263, 45.611434 ], [ 5.8860578, 45.6118752 ], [ 5.8858472, 45.6122185 ], [ 5.8853498, 45.6130458 ], [ 5.8851532, 45.6134636 ] ], [ [ 5.9111677, 45.5832456 ], [ 5.9109407, 45.5834938 ], [ 5.9107458, 45.5836926 ], [ 5.9105352, 45.5838603 ], [ 5.9103228, 45.584018 ], [ 5.9100981, 45.5841635 ], [ 5.9098575, 45.5842977 ], [ 5.9095562, 45.5844488 ], [ 5.9094547, 45.5844965 ], [ 5.9093958, 45.5845241 ] ], [ [ 5.9089493, 45.5845501 ], [ 5.9092595, 45.5844195 ], [ 5.9096099, 45.5842501 ] ], [ [ 5.9093958, 45.5845241 ], [ 5.9087921, 45.5847821 ] ], [ [ 5.9035136, 45.5872993 ], [ 5.9041587, 45.5868997 ], [ 5.9044949, 45.5866774 ], [ 5.9049718, 45.5863984 ], [ 5.9056209, 45.5860509 ], [ 5.9062352, 45.5857503 ], [ 5.9067651, 45.5855032 ], [ 5.907219, 45.5853004 ], [ 5.9079842, 45.5849634 ], [ 5.9085277, 45.5847313 ], [ 5.9089493, 45.5845501 ] ] ] } },
{ "type": "Feature", "properties": { "id_voie": "IGN-2338852490", "nom": "Av Du Repos", "type_voie": "Avenue", "longueur_m": 1304.6, "quartier": "CE" }, "geometry": { "type": "MultiLineString", "coordinates": [ [ [ 5.905475, 45.5734278 ], [ 5.9056533, 45.5736727 ], [ 5.9058129, 45.573829 ], [ 5.9059382, 45.5739177 ], [ 5.9060158, 45.5739544 ], [ 5.906119, 45.5739896 ] ], [ [ 5.905412, 45.573451 ], [ 5.905631, 45.5737355 ], [ 5.9058477, 45.5739543 ], [ 5.9059414, 45.5741014 ] ], [ [ 5.906119, 45.5739896 ], [ 5.9062012, 45.5739911 ] ], [ [ 5.9059414, 45.5741014 ], [ 5.9059772, 45.57405 ], [ 5.9060393, 45.5740106 ], [ 5.906119, 45.5739896 ] ], [ [ 5.9062012, 45.5739911 ], [ 5.9062781, 45.5740134 ], [ 5.9063354, 45.5740543 ], [ 5.9063677, 45.5741075 ], [ 5.9063681, 45.5741652 ] ], [ [ 5.9083469, 45.5777904 ], [ 5.9085292, 45.5779875 ], [ 5.9087804, 45.5782757 ], [ 5.9089019, 45.5783645 ], [ 5.9089926, 45.5784063 ] ], [ [ 5.9063499, 45.5746982 ], [ 5.9065124, 45.5750076 ], [ 5.9066856, 45.5753013 ], [ 5.9067752, 45.5754432 ], [ 5.9069814, 45.5757542 ], [ 5.9069828, 45.5757559 ], [ 5.9070075, 45.5759103 ] ], [ [ 5.9070075, 45.5759103 ], [ 5.9071196, 45.5760164 ], [ 5.907312, 45.5762835 ], [ 5.9075074, 45.5766092 ], [ 5.9079778, 45.5773332 ], [ 5.9080501, 45.5774395 ], [ 5.9081876, 45.5776143 ], [ 5.9083469, 45.5777904 ] ], [ [ 5.9089005, 45.5784609 ], [ 5.9087432, 45.578374 ], [ 5.9086706, 45.5783092 ], [ 5.9084629, 45.5780929 ], [ 5.9082805, 45.5778949 ], [ 5.9081513, 45.5777306 ], [ 5.9079263, 45.5774283 ], [ 5.9075986, 45.5769294 ], [ 5.9072933, 45.5764426 ], [ 5.9070273, 45.5760431 ], [ 5.9070075, 45.5759103 ] ], [ [ 5.9063681, 45.5741652 ], [ 5.9063541, 45.574216 ], [ 5.906304, 45.5742624 ], [ 5.9062309, 45.5742877 ] ], [ [ 5.9060626, 45.5742848 ], [ 5.9059981, 45.5742531 ], [ 5.9059573, 45.5742091 ], [ 5.9059353, 45.5741575 ], [ 5.9059414, 45.5741014 ] ], [ [ 5.9062309, 45.5742877 ], [ 5.906131, 45.574292 ], [ 5.9060626, 45.5742848 ] ], [ [ 5.9062309, 45.5742877 ], [ 5.9062177, 45.5743547 ], [ 5.9062129, 45.574435 ], [ 5.9062554, 45.574561 ], [ 5.9063499, 45.5746982 ] ], [ [ 5.9060626, 45.5742848 ], [ 5.9061133, 45.5744196 ], [ 5.906273, 45.5747488 ], [ 5.9064273, 45.5750251 ], [ 5.9068675, 45.575785 ], [ 5.9068689, 45.5757868 ], [ 5.9070075, 45.5759103 ] ] ] } },
{ "type": "Feature", "properties": { "id_voie": "IGN-2338852491", "nom": "Che De Coirat", "type_voie": "Chemin", "longueur_m": 115.6, "quartier": null }, "geometry": { "type": "LineString", "coordinates": [ [ 5.8740919, 45.5832725 ], [ 5.8743647, 45.5835827 ], [ 5.8746433, 45.5839333 ], [ 5.8748152, 45.5841794 ] ] } },
{ "type": "Feature", "properties": { "id_voie": "IGN-2338852492", "nom": "Che De La Boisse", "type_voie": "Chemin", "longueur_m": 361.0, "quartier": "HC" }, "geometry": { "type": "MultiLineString", "coordinates": [ [ [ 5.9158378, 45.5835201 ], [ 5.9162109, 45.5836122 ], [ 5.9163135, 45.5836348 ], [ 5.9163879, 45.5836347 ], [ 5.9164732, 45.5835964 ], [ 5.9166332, 45.58354 ], [ 5.9167781, 45.5834894 ], [ 5.9169564, 45.5834397 ], [ 5.9171747, 45.5834169 ] ], [ [ 5.9144281, 45.5825312 ], [ 5.9145285, 45.5826115 ], [ 5.9146288, 45.5826639 ], [ 5.9147164, 45.5827175 ], [ 5.9148179, 45.5827698 ], [ 5.9149068, 45.5828008 ], [ 5.9149759, 45.582845 ], [ 5.9150099, 45.5828829 ], [ 5.9150388, 45.58292 ], [ 5.9150785, 45.5829667 ], [ 5.9151542, 45.5830152 ], [ 5.9152657, 45.5830619 ], [ 5.9153881, 45.5830956 ], [ 5.9155164, 45.5831193 ], [ 5.9157086, 45.5831621 ], [ 5.9158383, 45.5831885 ], [ 5.9159338, 45.5832229 ], [ 5.9160439, 45.5832669 ], [ 5.9161311, 45.5833142 ], [ 5.9162435, 45.5833537 ], [ 5.916377, 45.583379 ], [ 5.9164649, 45.5833912 ], [ 5.9165524, 45.5833952 ], [ 5.9166243, 45.5833952 ], [ 5.9167263, 45.5833826 ], [ 5.9168165, 45.5833658 ], [ 5.9169845, 45.583338 ] ], [ [ 5.9169845, 45.583338 ], [ 5.9170659, 45.5833738 ], [ 5.9171747, 45.5834169 ] ] ] } },
{ "type": "Feature", "properties": { "id_voie": "IGN-2338852494", "nom": "Crs Du Lot Thurin", "type_voie": "Cours", "longueur_m": 415.9, "quartier": "BI" }, "geometry": { "type": "MultiLineString", "coordinates": [ [ [ 5.8943252, 45.570377 ], [ 5.8942622, 45.5704975 ], [ 5.8942543, 45.570641 ], [ 5.8943615, 45.5709004 ], [ 5.8946635, 45.5717208 ], [ 5.8949289, 45.5723059 ], [ 5.8950921, 45.5727793 ], [ 5.8951933, 45.5729966 ], [ 5.8953163, 45.5731159 ] ], [ [ 5.8953163, 45.5731159 ], [ 5.8953116, 45.5731485 ], [ 5.8953456, 45.573235 ], [ 5.8953698, 45.5732804 ], [ 5.8953831, 45.5733638 ], [ 5.8954048, 45.5734353 ], [ 5.8954309, 45.5734933 ], [ 5.8956222, 45.5739614 ] ] ] } },
{ "type": "Feature", "properties": { "id_voie": "IGN-2338852495", "nom": "Che De La Cote Bardon", "type_voie": "Chemin", "longueur_m": 928.4, "quartier": "CV" }, "geometry": { "type": "MultiLineString", "coordinates": [ [ [ 5.8991698, 45.6059737 ], [ 5.8993686, 45.6060939 ], [ 5.8996962, 45.6062936 ], [ 5.9000869, 45.6065709 ], [ 5.9002317, 45.6066889 ], [ 5.9002331, 45.6066906 ], [ 5.9003029, 45.6067735 ], [ 5.9003883, 45.6068857 ], [ 5.9004776, 45.6070213 ], [ 5.9005381, 45.6071216 ] ], [ [ 5.9005282, 45.6090177 ], [ 5.9002209, 45.6090085 ], [ 5.8998745, 45.6089895 ], [ 5.8997175, 45.6089566 ], [ 5.899591, 45.6089437 ], [ 5.8989062, 45.6090325 ], [ 5.8988229, 45.6090103 ], [ 5.8988127, 45.6089628 ], [ 5.8995302, 45.608838 ] ], [ [ 5.9005381, 45.6071216 ], [ 5.9006355, 45.6072903 ], [ 5.9006767, 45.6073676 ], [ 5.9007427, 45.6074263 ] ], [ [ 5.9007427, 45.6074263 ], [ 5.901171, 45.6075882 ], [ 5.9013206, 45.6075763 ], [ 5.901378, 45.6075937 ], [ 5.9013803, 45.6076378 ], [ 5.9013469, 45.6076855 ], [ 5.9012528, 45.6077276 ], [ 5.9010166, 45.6078013 ], [ 5.9007918, 45.6078981 ], [ 5.9004, 45.6080163 ], [ 5.9001766, 45.6080888 ], [ 5.8998779, 45.6081947 ], [ 5.8996134, 45.6082682 ], [ 5.8995192, 45.6082841 ], [ 5.8993552, 45.6082892 ], [ 5.8990962, 45.6082473 ], [ 5.8990039, 45.6082496 ], [ 5.8989611, 45.6082661 ], [ 5.8989037, 45.6083234 ], [ 5.8988756, 45.6083746 ], [ 5.8988825, 45.6084321 ], [ 5.8989026, 45.608473 ], [ 5.8989545, 45.6085086 ], [ 5.8990205, 45.608543 ], [ 5.8991116, 45.6085668 ], [ 5.8992539, 45.6085874 ], [ 5.8994078, 45.6085844 ], [ 5.8997193, 45.6085511 ], [ 5.9004454, 45.6084413 ], [ 5.9005555, 45.6084349 ], [ 5.900584, 45.6084396 ], [ 5.9005669, 45.608458 ], [ 5.9004603, 45.6085059 ], [ 5.9003444, 45.6085476 ], [ 5.9000737, 45.6086735 ], [ 5.8999605, 45.6087188 ], [ 5.8998441, 45.6087759 ], [ 5.8997226, 45.6088087 ], [ 5.8996056, 45.6088306 ], [ 5.8995302, 45.608838 ] ] ] } },
{ "type": "Feature", "properties": { "id_voie": "IGN-2338852496", "nom": "Che De La Martiniere", "type_voie": "Chemin", "longueur_m": 71.2, "quartier": "LA" }, "geometry": { "type": "LineString", "coordinates": [ [ 5.9384992, 45.5699884 ], [ 5.9383261, 45.569846 ], [ 5.9382514, 45.5698164 ], [ 5.9381588, 45.5698116 ], [ 5.9380861, 45.5698189 ], [ 5.9380293, 45.5698375 ], [ 5.938, 45.5698662 ], [ 5.9379937, 45.5699169 ], [ 5.9380181, 45.5700622 ] ] } },
{ "type": "Feature", "properties": { "id_voie": "IGN-2338852497", "nom": "Che De La Renne", "type_voie": "Chemin", "longueur_m": 50.6, "quartier": "CV" }, "geometry": { "type": "LineString", "coordinates": [ [ 5.9180297, 45.6055535 ], [ 5.9181804, 45.6056126 ], [ 5.9183884, 45.6056856 ], [ 5.9186174, 45.6057437 ] ] } },
{ "type": "Feature", "properties": { "id_voie": "IGN-2338852498", "nom": "Che De La Serra", "type_voie": "Chemin", "longueur_m": 255.9, "quartier": "CV" }, "geometry": { "type": "LineString", "coordinates": [ [ 5.9022507, 45.6007022 ], [ 5.9025075, 45.6007514 ], [ 5.9028222, 45.6007812 ], [ 5.9031724, 45.6008253 ], [ 5.9033418, 45.6008236 ], [ 5.9035634, 45.6007422 ], [ 5.9037496, 45.6007194 ], [ 5.9039121, 45.6007332 ], [ 5.9040578, 45.6007204 ], [ 5.9042239, 45.6007053 ], [ 5.9043353, 45.600725 ], [ 5.9044266, 45.6007523 ], [ 5.9045489, 45.6007834 ], [ 5.9047713, 45.6008146 ], [ 5.9050708, 45.6008465 ], [ 5.9053121, 45.6008457 ], [ 5.9054486, 45.6008296 ] ] } },
{ "type": "Feature", "properties": { "id_voie": "IGN-2338852499", "nom": "Pas Jules Daisay", "type_voie": "Passage", "longueur_m": 26.8, "quartier": "CE" }, "geometry": { "type": "LineString", "coordinates": [ [ 5.9195781, 45.5678729 ], [ 5.919294, 45.5680082 ] ] } },
{ "type": "Feature", "properties": { "id_voie": "IGN-2338852501", "nom": "Che Des Pierres", "type_voie": "Chemin", "longueur_m": 122.5, "quartier": "BI" }, "geometry": { "type": "MultiLineString", "coordinates": [ [ [ 5.8818651, 45.5841223 ], [ 5.8817246, 45.5841106 ], [ 5.8815989, 45.5840868 ], [ 5.8811229, 45.5838908 ], [ 5.8809271, 45.5838265 ] ], [ [ 5.8823463, 45.5842199 ], [ 5.8822441, 45.5841558 ], [ 5.8821693, 45.5841226 ], [ 5.8820037, 45.5841224 ], [ 5.8818651, 45.5841223 ] ] ] } },
{ "type": "Feature", "properties": { "id_voie": "IGN-2338852502", "nom": "Che Des Rocheres", "type_voie": "Chemin", "longueur_m": 338.6, "quartier": "LA" }, "geometry": { "type": "LineString", "coordinates": [ [ 5.932201, 45.5527662 ], [ 5.9319348, 45.5526552 ], [ 5.9318268, 45.5525778 ], [ 5.9316763, 45.552497 ], [ 5.9315352, 45.5524241 ], [ 5.9314266, 45.5523341 ], [ 5.9312827, 45.5522324 ], [ 5.931145, 45.552127 ], [ 5.9309217, 45.5519544 ], [ 5.9308143, 45.5517671 ], [ 5.9306027, 45.5515734 ], [ 5.9304277, 45.551441 ], [ 5.9303028, 45.5513587 ], [ 5.9301762, 45.5512692 ], [ 5.9300622, 45.5511748 ], [ 5.9299493, 45.5511012 ], [ 5.9298293, 45.5510151 ], [ 5.9297266, 45.5509403 ], [ 5.9295924, 45.5508023 ], [ 5.9294617, 45.5507084 ], [ 5.9293481, 45.5506465 ], [ 5.9292113, 45.5506302 ] ] } },
{ "type": "Feature", "properties": { "id_voie": "IGN-2338852503", "nom": "Che Des Veyeres", "type_voie": "Chemin", "longueur_m": 125.3, "quartier": "HC" }, "geometry": { "type": "LineString", "coordinates": [ [ 5.9255251, 45.6022599 ], [ 5.925537, 45.6020487 ], [ 5.925498, 45.6018443 ], [ 5.9254636, 45.601728 ], [ 5.9253932, 45.6014145 ], [ 5.9253613, 45.6013225 ], [ 5.9253521, 45.6012452 ], [ 5.9253919, 45.6011478 ] ] } },
{ "type": "Feature", "properties": { "id_voie": "IGN-2338852504", "nom": "Che Du Chateau De Candie", "type_voie": "Chemin", "longueur_m": 671.3, "quartier": "CV" }, "geometry": { "type": "LineString", "coordinates": [ [ 5.8999097, 45.6029667 ], [ 5.8993078, 45.6027488 ], [ 5.8988691, 45.6026078 ], [ 5.8988211, 45.6025739 ], [ 5.8988274, 45.6025224 ], [ 5.8989711, 45.6021519 ], [ 5.8990754, 45.601888 ], [ 5.8991931, 45.601684 ], [ 5.8992812, 45.6015781 ], [ 5.9001477, 45.6006213 ], [ 5.90112, 45.5995789 ], [ 5.9011663, 45.5995065 ], [ 5.9012196, 45.5994204 ], [ 5.9013641, 45.5991401 ], [ 5.9014711, 45.5989048 ], [ 5.9015291, 45.5988105 ], [ 5.9017795, 45.5985437 ], [ 5.9019789, 45.5983303 ], [ 5.9021284, 45.5981472 ], [ 5.9022353, 45.59803 ] ] } },
{ "type": "Feature", "properties": { "id_voie": "IGN-2338852505", "nom": "Che Du Lieu-Dit Champ Plat", "type_voie": "Chemin", "longueur_m": 334.8, "quartier": "CV" }, "geometry": { "type": "LineString", "coordinates": [ [ 5.8945757, 45.6158616 ], [ 5.8945029, 45.6158446 ], [ 5.8944429, 45.6158263 ], [ 5.8943467, 45.6157792 ], [ 5.8943147, 45.6157566 ], [ 5.8942727, 45.6156658 ], [ 5.8942419, 45.6155431 ], [ 5.8942157, 45.6150915 ], [ 5.8941745, 45.6148195 ], [ 5.894096, 45.6145458 ], [ 5.8940429, 45.6142903 ], [ 5.8939651, 45.6140301 ], [ 5.8939084, 45.6138784 ], [ 5.8938742, 45.6138144 ], [ 5.8938135, 45.6137087 ], [ 5.8937896, 45.6135706 ], [ 5.8937841, 45.6134653 ], [ 5.8937859, 45.6133292 ], [ 5.8937782, 45.6132537 ], [ 5.893737, 45.6130809 ], [ 5.8936921, 45.6130081 ] ] } },
{ "type": "Feature", "properties": { "id_voie": "IGN-2338852506", "nom": "Che Du Talweg", "type_voie": "Chemin", "longueur_m": 182.0, "quartier": "HC" }, "geometry": { "type": "LineString", "coordinates": [ [ 5.9136067, 45.5972241 ], [ 5.9143473, 45.5959055 ], [ 5.9144053, 45.5956895 ] ] } },
{ "type": "Feature", "properties": { "id_voie": "IGN-2338852507", "nom": "Che Rural Dit De Chanaz Dessus", "type_voie": "Chemin", "longueur_m": 376.0, "quartier": "LA" }, "geometry": { "type": "MultiLineString", "coordinates": [ [ [ 5.932102, 45.5586322 ], [ 5.9321116, 45.558668 ], [ 5.9321459, 45.5588068 ], [ 5.9322073, 45.5589981 ], [ 5.93221, 45.559025 ] ], [ [ 5.9323761, 45.5580178 ], [ 5.9325725, 45.5578261 ], [ 5.9326776, 45.5577287 ], [ 5.9328198, 45.5575791 ], [ 5.9329591, 45.5574484 ], [ 5.9330223, 45.5573827 ], [ 5.9330812, 45.5573073 ], [ 5.9331908, 45.5571972 ], [ 5.9334283, 45.5569576 ], [ 5.9335156, 45.5568878 ], [ 5.9337615, 45.5566858 ], [ 5.9338651, 45.5565831 ], [ 5.9340302, 45.5564067 ], [ 5.9341772, 45.5562271 ], [ 5.9342584, 45.5561142 ] ], [ [ 5.9323761, 45.5580178 ], [ 5.9322685, 45.5581413 ], [ 5.9322071, 45.5582177 ], [ 5.9321429, 45.5583374 ], [ 5.9321072, 45.558414 ], [ 5.9320963, 45.5584756 ], [ 5.9320919, 45.558537 ], [ 5.932102, 45.5586322 ] ] ] } },
{ "type": "Feature", "properties": { "id_voie": "IGN-2338852508", "nom": "Che Rural Dit Des Vignes", "type_voie": "Chemin", "longueur_m": 194.8, "quartier": "HC" }, "geometry": { "type": "LineString", "coordinates": [ [ 5.927982, 45.5993187 ], [ 5.9279162, 45.5993357 ], [ 5.9278728, 45.5993657 ], [ 5.9277878, 45.5994806 ], [ 5.9277093, 45.5995754 ], [ 5.9276693, 45.5995963 ], [ 5.9276105, 45.5996005 ], [ 5.9273198, 45.5995405 ], [ 5.9271722, 45.5995155 ], [ 5.9270874, 45.5994907 ], [ 5.9270376, 45.5994712 ], [ 5.926967, 45.5994217 ], [ 5.9268625, 45.5993632 ], [ 5.9266339, 45.5992898 ], [ 5.926313, 45.5991675 ], [ 5.9261613, 45.599066 ], [ 5.9259544, 45.5989642 ] ] } },
{ "type": "Feature", "properties": { "id_voie": "IGN-2338852509", "nom": "Crs De Nezin", "type_voie": "Cours", "longueur_m": 198.6, "quartier": "LA" }, "geometry": { "type": "MultiLineString", "coordinates": [ [ [ 5.9257306, 45.5691537 ], [ 5.9257314, 45.5689987 ], [ 5.9255699, 45.5689777 ], [ 5.9253418, 45.5689584 ] ], [ [ 5.9257306, 45.5691537 ], [ 5.9253344, 45.5691099 ] ], [ [ 5.9257306, 45.5694213 ], [ 5.9257674, 45.5692429 ], [ 5.9257868, 45.5691739 ], [ 5.9257306, 45.5691537 ] ], [ [ 5.9255431, 45.5693929 ], [ 5.9255391, 45.5693668 ], [ 5.9255553, 45.5692844 ], [ 5.9253121, 45.5692457 ] ], [ [ 5.9257306, 45.5694213 ], [ 5.9255431, 45.5693929 ] ], [ [ 5.9252612, 45.5695462 ], [ 5.9255352, 45.5695589 ], [ 5.9255431, 45.5693929 ] ] ] } },
{ "type": "Feature", "properties": { "id_voie": "IGN-2338852510", "nom": "Les Fontanettes Sud", "type_voie": null, "longueur_m": 465.1, "quartier": "BI" }, "geometry": { "type": "MultiLineString", "coordinates": [ [ [ 5.9054235, 45.5843908 ], [ 5.9052648, 45.5844237 ], [ 5.904992, 45.5844839 ], [ 5.904889, 45.5845254 ], [ 5.9048035, 45.5845834 ], [ 5.904661, 45.5847295 ], [ 5.9044941, 45.5848996 ], [ 5.9044671, 45.5849481 ], [ 5.9044507, 45.5850016 ], [ 5.9044324, 45.5850454 ], [ 5.9044081, 45.5850703 ], [ 5.9043185, 45.5850997 ] ], [ [ 5.9067948, 45.5815683 ], [ 5.9064986, 45.5823554 ] ], [ [ 5.9064986, 45.5823554 ], [ 5.906042, 45.5836071 ], [ 5.9058318, 45.584127 ], [ 5.9057809, 45.5842329 ], [ 5.9057274, 45.5842892 ], [ 5.9056501, 45.5843327 ], [ 5.9055428, 45.5843661 ], [ 5.9054235, 45.5843908 ] ] ] } },
{ "type": "Feature", "properties": { "id_voie": "IGN-2338852512", "nom": "Mte Du Covet", "type_voie": "Montée", "longueur_m": 78.9, "quartier": "CE" }, "geometry": { "type": "LineString", "coordinates": [ [ 5.9129982, 45.5650683 ], [ 5.9128587, 45.5650007 ], [ 5.9128327, 45.5647743 ], [ 5.9129352, 45.564723 ], [ 5.9129693, 45.5646653 ], [ 5.9131012, 45.5645871 ], [ 5.913194, 45.5645225 ] ] } },
{ "type": "Feature", "properties": { "id_voie": "IGN-2338852513", "nom": "Parc De Blainville", "type_voie": "Parc", "longueur_m": 47.4, "quartier": "CE" }, "geometry": { "type": "LineString", "coordinates": [ [ 5.9140247, 45.5773235 ], [ 5.9142314, 45.5770343 ], [ 5.9142568, 45.5770039 ], [ 5.9142728, 45.5769908 ], [ 5.9142902, 45.5769814 ], [ 5.9143371, 45.5769702 ] ] } },
{ "type": "Feature", "properties": { "id_voie": "IGN-2338852514", "nom": "Pas De L'Abbe De Mellarede", "type_voie": "Passage", "longueur_m": 71.8, "quartier": "LA" }, "geometry": { "type": "LineString", "coordinates": [ [ 5.9239542, 45.563934 ], [ 5.9241079, 45.5638804 ], [ 5.92424, 45.5639292 ], [ 5.9244005, 45.5639557 ], [ 5.9245969, 45.5639578 ], [ 5.9247221, 45.5639482 ], [ 5.9248243, 45.5639167 ] ] } },
{ "type": "Feature", "properties": { "id_voie": "IGN-2338852515", "nom": "Pas De Morand", "type_voie": "Passage", "longueur_m": 41.7, "quartier": "CE" }, "geometry": { "type": "LineString", "coordinates": [ [ 5.919215, 45.5656791 ], [ 5.9192292, 45.5656319 ], [ 5.9192811, 45.5654963 ], [ 5.9192587, 45.5654861 ], [ 5.9192729, 45.5654632 ], [ 5.919287, 45.5653898 ], [ 5.9193059, 45.5653839 ], [ 5.9193263, 45.565332 ] ] } },
{ "type": "Feature", "properties": { "id_voie": "IGN-2338852516", "nom": "Pas Du Carmel", "type_voie": "Passage", "longueur_m": 67.5, "quartier": "CE" }, "geometry": { "type": "LineString", "coordinates": [ [ 5.922591, 45.5705131 ], [ 5.9223663, 45.5705586 ], [ 5.9222956, 45.5705785 ], [ 5.9222342, 45.570608 ], [ 5.9221017, 45.5706484 ], [ 5.9220133, 45.5706525 ], [ 5.9219388, 45.57065 ], [ 5.9217684, 45.5706301 ] ] } },
{ "type": "Feature", "properties": { "id_voie": "IGN-2338852517", "nom": "Pas Du Laurier", "type_voie": "Passage", "longueur_m": 27.9, "quartier": "LA" }, "geometry": { "type": "LineString", "coordinates": [ [ 5.927595, 45.5665352 ], [ 5.9275968, 45.5664487 ], [ 5.92761, 45.5662843 ] ] } },
{ "type": "Feature", "properties": { "id_voie": "IGN-2338852518", "nom": "Pas Du Presbytere", "type_voie": "Passage", "longueur_m": 84.5, "quartier": "BO" }, "geometry": { "type": "LineString", "coordinates": [ [ 5.9041208, 45.5620785 ], [ 5.9042208, 45.5620029 ], [ 5.9043289, 45.5618388 ], [ 5.9044925, 45.5614841 ], [ 5.9045179, 45.5613825 ] ] } },
{ "type": "Feature", "properties": { "id_voie": "IGN-2338852519", "nom": "Pas Du Trelod", "type_voie": "Passage", "longueur_m": 84.5, "quartier": "BI" }, "geometry": { "type": "LineString", "coordinates": [ [ 5.8926493, 45.5699768 ], [ 5.8924405, 45.5700326 ], [ 5.8916995, 45.5703373 ] ] } },
{ "type": "Feature", "properties": { "id_voie": "IGN-2338852520", "nom": "Pas Emile Et Andree Rinaudo Veillard", "type_voie": "Passage", "longueur_m": 22.3, "quartier": "CE" }, "geometry": { "type": "LineString", "coordinates": [ [ 5.917942, 45.5665727 ], [ 5.9181976, 45.5664823 ] ] } },
{ "type": "Feature", "properties": { "id_voie": "IGN-2338852521", "nom": "Pas Haute Bise", "type_voie": "Passage", "longueur_m": 55.1, "quartier": "CE" }, "geometry": { "type": "LineString", "coordinates": [ [ 5.922556, 45.5726226 ], [ 5.922582, 45.5725796 ], [ 5.9227114, 45.5724798 ], [ 5.9228539, 45.5723833 ], [ 5.9229088, 45.5723548 ], [ 5.9229864, 45.572342 ], [ 5.9230878, 45.5723421 ] ] } },
{ "type": "Feature", "properties": { "id_voie": "IGN-2338852522", "nom": "Pl Paul Chevallier", "type_voie": "Place", "longueur_m": 84.0, "quartier": "LA" }, "geometry": { "type": "MultiLineString", "coordinates": [ [ [ 5.9341924, 45.5660649 ], [ 5.934213, 45.5660662 ], [ 5.9342535, 45.5660795 ], [ 5.9342638, 45.5660819 ], [ 5.9342999, 45.566108 ], [ 5.9343198, 45.5661219 ], [ 5.934334, 45.5661468 ], [ 5.9343387, 45.5662115 ], [ 5.9343308, 45.5662316 ] ], [ [ 5.9340099, 45.5662291 ], [ 5.9339996, 45.5662042 ], [ 5.9340008, 45.5661771 ], [ 5.9340069, 45.5661481 ], [ 5.9340222, 45.5661225 ], [ 5.9340531, 45.5661001 ], [ 5.9340833, 45.5660875 ] ], [ [ 5.9342063, 45.5663042 ], [ 5.934277, 45.5662816 ], [ 5.9343054, 45.5662611 ], [ 5.9343308, 45.5662316 ] ], [ [ 5.9340902, 45.566291 ], [ 5.9341267, 45.5663027 ], [ 5.9341654, 45.5663071 ], [ 5.9342063, 45.5663042 ] ], [ [ 5.9340833, 45.5660875 ], [ 5.9341274, 45.5660729 ], [ 5.9341924, 45.5660649 ] ], [ [ 5.9340099, 45.5662291 ], [ 5.9340586, 45.5662765 ], [ 5.9340902, 45.566291 ] ] ] } },
{ "type": "Feature", "properties": { "id_voie": "IGN-2338852523", "nom": "Pont Des Carmes", "type_voie": "Pont", "longueur_m": 30.8, "quartier": "LA" }, "geometry": { "type": "MultiLineString", "coordinates": [ [ [ 5.9297532, 45.5673197 ], [ 5.9297578, 45.5673583 ] ], [ [ 5.9297278, 45.5670816 ], [ 5.9297339, 45.567149 ] ], [ [ 5.9297339, 45.567149 ], [ 5.9297413, 45.5672155 ], [ 5.9297532, 45.5673197 ] ] ] } },
{ "type": "Feature", "properties": { "id_voie": "IGN-2338852524", "nom": "Pont Du Reclus", "type_voie": "Pont", "longueur_m": 55.5, "quartier": "CE" }, "geometry": { "type": "MultiLineString", "coordinates": [ [ [ 5.9216349, 45.5696802 ], [ 5.9216459, 45.5694492 ] ], [ [ 5.9215518, 45.5697328 ], [ 5.9216019, 45.5694666 ] ] ] } },
{ "type": "Feature", "properties": { "id_voie": "IGN-2338852525", "nom": "Pont Gambetta", "type_voie": "Pont", "longueur_m": 21.1, "quartier": "CE" }, "geometry": { "type": "LineString", "coordinates": [ [ 5.915594, 45.5733738 ], [ 5.9158568, 45.5734184 ] ] } },
{ "type": "Feature", "properties": { "id_voie": "IGN-2338852526", "nom": "Pont Neuf", "type_voie": "Pont", "longueur_m": 11.7, "quartier": "BO" }, "geometry": { "type": "LineString", "coordinates": [ [ 5.9000486, 45.5625801 ], [ 5.9001891, 45.5626179 ] ] } },
{ "type": "Feature", "properties": { "id_voie": "IGN-2338852527", "nom": "Pont Vieux", "type_voie": "Pont", "longueur_m": 15.9, "quartier": null }, "geometry": { "type": "LineString", "coordinates": [ [ 5.9006367, 45.561881 ], [ 5.9008124, 45.5619531 ] ] } },
{ "type": "Feature", "properties": { "id_voie": "IGN-2338852528", "nom": "Pte Jean Louis", "type_voie": "Porte", "longueur_m": 67.5, "quartier": "LA" }, "geometry": { "type": "MultiLineString", "coordinates": [ [ [ 5.9248243, 45.5639167 ], [ 5.9247852, 45.5638556 ], [ 5.9247708, 45.5635577 ] ], [ [ 5.9249403, 45.5641444 ], [ 5.9248243, 45.5639167 ] ] ] } },
{ "type": "Feature", "properties": { "id_voie": "IGN-2338852529", "nom": "Qu Du Jeu De Paume", "type_voie": "Quai", "longueur_m": 415.6, "quartier": "CE" }, "geometry": { "type": "MultiLineString", "coordinates": [ [ [ 5.920199, 45.5685289 ], [ 5.9203237, 45.5684861 ], [ 5.9205235, 45.5684313 ], [ 5.9206769, 45.5683949 ], [ 5.9208567, 45.5683506 ], [ 5.9209853, 45.5683085 ], [ 5.9211271, 45.5682724 ] ], [ [ 5.9186936, 45.5692989 ], [ 5.9187993, 45.569188 ], [ 5.9189783, 45.5690283 ], [ 5.9191181, 45.5689076 ], [ 5.9192204, 45.5688274 ] ], [ [ 5.9198934, 45.5686225 ], [ 5.9200098, 45.5685915 ], [ 5.9201234, 45.5685561 ], [ 5.920199, 45.5685289 ] ], [ [ 5.9192204, 45.5688274 ], [ 5.9196939, 45.568634 ], [ 5.9197934, 45.5686242 ], [ 5.9198934, 45.5686225 ] ], [ [ 5.9180198, 45.5700498 ], [ 5.9182007, 45.5698316 ], [ 5.9185769, 45.5694217 ], [ 5.9186936, 45.5692989 ] ], [ [ 5.9179231, 45.5701875 ], [ 5.9179786, 45.5700969 ], [ 5.9180198, 45.5700498 ] ], [ [ 5.9177154, 45.5704335 ], [ 5.9177578, 45.5703612 ], [ 5.9179231, 45.5701875 ] ], [ [ 5.9211271, 45.5682724 ], [ 5.9213232, 45.5682447 ] ], [ [ 5.9211271, 45.5682724 ], [ 5.9212027, 45.5681722 ] ], [ [ 5.9197862, 45.5686812 ], [ 5.9198934, 45.5686225 ] ] ] } },
{ "type": "Feature", "properties": { "id_voie": "IGN-2338852530", "nom": "R Charles Et Jo Dancet", "type_voie": "Rue", "longueur_m": 132.5, "quartier": "CE" }, "geometry": { "type": "MultiLineString", "coordinates": [ [ [ 5.9099384, 45.5780169 ], [ 5.9100042, 45.5779755 ], [ 5.9100838, 45.5779284 ], [ 5.9101813, 45.577879 ], [ 5.9102757, 45.5778432 ], [ 5.9103768, 45.5778145 ], [ 5.9104762, 45.5777767 ], [ 5.910542, 45.5777336 ] ], [ [ 5.9095049, 45.5782912 ], [ 5.9097099, 45.5781615 ], [ 5.9098552, 45.5780695 ], [ 5.9099384, 45.5780169 ] ], [ [ 5.9092324, 45.5784776 ], [ 5.9093437, 45.5784215 ], [ 5.9095049, 45.5782912 ] ] ] } },
{ "type": "Feature", "properties": { "id_voie": "73065_0979", "nom": "Rue de la Côte Bastienne", "type_voie": "Rue", "longueur_m": 150.4, "quartier": "CV" }, "geometry": { "type": "LineString", "coordinates": [ [ 5.9061673, 45.604619 ], [ 5.906216, 45.6045943 ], [ 5.9062679, 45.6045794 ], [ 5.9063202, 45.6045736 ], [ 5.906495, 45.6045772 ], [ 5.9068985, 45.6045848 ], [ 5.9070127, 45.6045836 ], [ 5.9070908, 45.6045798 ], [ 5.9071428, 45.6045685 ], [ 5.9071841, 45.6045477 ], [ 5.9072181, 45.6045098 ], [ 5.9072519, 45.6044459 ], [ 5.9072831, 45.6043559 ], [ 5.9073122, 45.6042983 ], [ 5.9073349, 45.6042662 ], [ 5.9073582, 45.6042458 ], [ 5.9073987, 45.6042339 ], [ 5.9074409, 45.6042301 ], [ 5.907499, 45.6042376 ], [ 5.907756, 45.6042914 ] ] } },
{ "type": "Feature", "properties": { "id_voie": "IGN-2338852533", "nom": "R De La Labiaz", "type_voie": "Rue", "longueur_m": 144.9, "quartier": "BI" }, "geometry": { "type": "MultiLineString", "coordinates": [ [ [ 5.8887129, 45.5743032 ], [ 5.8888072, 45.574317 ] ], [ [ 5.8872428, 45.5747284 ], [ 5.8872915, 45.574702 ], [ 5.8873975, 45.574619 ], [ 5.8875248, 45.5745013 ], [ 5.8876041, 45.574447 ], [ 5.8877332, 45.5743383 ], [ 5.8878415, 45.5742751 ], [ 5.8878948, 45.5742647 ], [ 5.8883176, 45.5742764 ], [ 5.8886147, 45.5742904 ], [ 5.8887129, 45.5743032 ] ] ] } },
{ "type": "Feature", "properties": { "id_voie": "IGN-2338852534", "nom": "R De L'Albanne", "type_voie": "Rue", "longueur_m": 68.2, "quartier": "LA" }, "geometry": { "type": "MultiLineString", "coordinates": [ [ [ 5.9396437, 45.5645716 ], [ 5.9396101, 45.5644932 ] ], [ [ 5.940325, 45.5647431 ], [ 5.9402354, 45.5646976 ], [ 5.940119, 45.5646565 ], [ 5.9399993, 45.5646489 ], [ 5.9398158, 45.5646483 ], [ 5.9397121, 45.5646266 ], [ 5.9396437, 45.5645716 ] ] ] } },
{ "type": "Feature", "properties": { "id_voie": "IGN-2338852535", "nom": "R Des Tanneries Bal", "type_voie": "Rue", "longueur_m": 48.3, "quartier": "CE" }, "geometry": { "type": "LineString", "coordinates": [ [ 5.9052008, 45.5712812 ], [ 5.9046255, 45.5714421 ] ] } },
{ "type": "Feature", "properties": { "id_voie": "IGN-2338852536", "nom": "R Du Bugey", "type_voie": "Rue", "longueur_m": 59.0, "quartier": "HC" }, "geometry": { "type": "LineString", "coordinates": [ [ 5.915409, 45.5965682 ], [ 5.914694, 45.5963966 ] ] } },
{ "type": "Feature", "properties": { "id_voie": "IGN-2338852537", "nom": "R Du Nant Bruyant", "type_voie": "Rue", "longueur_m": 1569.3, "quartier": "BI" }, "geometry": { "type": "MultiLineString", "coordinates": [ [ [ 5.8888207, 45.5940241 ], [ 5.8889592, 45.5940458 ] ], [ [ 5.8889592, 45.5940458 ], [ 5.8892333, 45.5940838 ], [ 5.8895592, 45.5941313 ], [ 5.8898995, 45.5941847 ] ], [ [ 5.8928934, 45.5947142 ], [ 5.8932039, 45.5948359 ] ], [ [ 5.8921948, 45.5945114 ], [ 5.8916616, 45.5943782 ], [ 5.8913645, 45.5943174 ], [ 5.8910561, 45.5942613 ], [ 5.889821, 45.5940813 ], [ 5.8891497, 45.5939832 ], [ 5.8889984, 45.593961 ] ], [ [ 5.8898995, 45.5941847 ], [ 5.8902474, 45.5942344 ], [ 5.8905951, 45.5942822 ], [ 5.8909535, 45.594336 ], [ 5.8913194, 45.5944113 ] ], [ [ 5.8928934, 45.5947142 ], [ 5.8921948, 45.5945114 ] ], [ [ 5.8934183, 45.5949106 ], [ 5.8934982, 45.5948914 ], [ 5.8935938, 45.5948791 ] ], [ [ 5.8932039, 45.5948359 ], [ 5.8932275, 45.5948452 ] ], [ [ 5.8913194, 45.5944113 ], [ 5.8916772, 45.5945049 ], [ 5.8920201, 45.5946078 ], [ 5.8923439, 45.5947121 ], [ 5.8926273, 45.5948057 ], [ 5.8928102, 45.5948668 ] ], [ [ 5.8928102, 45.5948668 ], [ 5.8929227, 45.594908 ], [ 5.8930458, 45.5949535 ], [ 5.8931387, 45.594989 ] ], [ [ 5.8932275, 45.5948452 ], [ 5.8934183, 45.5949106 ] ], [ [ 5.8936114, 45.5951922 ], [ 5.8935345, 45.5951942 ], [ 5.8934609, 45.5951852 ] ], [ [ 5.8931387, 45.594989 ], [ 5.8933235, 45.5950617 ] ], [ [ 5.8935938, 45.5948791 ], [ 5.8936616, 45.5948998 ], [ 5.8937393, 45.5949627 ], [ 5.8937615, 45.595018 ] ], [ [ 5.8933235, 45.5950617 ], [ 5.8933243, 45.5950266 ], [ 5.8933311, 45.5949867 ], [ 5.893353, 45.5949618 ], [ 5.8934183, 45.5949106 ] ], [ [ 5.8934609, 45.5951852 ], [ 5.8933862, 45.5951565 ], [ 5.8933357, 45.5950984 ], [ 5.8933235, 45.5950617 ] ], [ [ 5.893888, 45.5951797 ], [ 5.8938679, 45.5951639 ], [ 5.8938337, 45.5951234 ], [ 5.8937858, 45.5950661 ], [ 5.8937615, 45.595018 ] ], [ [ 5.8937615, 45.595018 ], [ 5.893753, 45.5950768 ], [ 5.8937227, 45.5951352 ], [ 5.8936633, 45.5951773 ], [ 5.8936114, 45.5951922 ] ], [ [ 5.8946379, 45.5955046 ], [ 5.8947007, 45.5955021 ], [ 5.8947881, 45.5955052 ] ], [ [ 5.8944526, 45.5956436 ], [ 5.8943924, 45.5955731 ], [ 5.8943414, 45.5955302 ], [ 5.894304, 45.5955005 ] ], [ [ 5.8944526, 45.5956436 ], [ 5.8944703, 45.59559 ], [ 5.8945376, 45.595527 ], [ 5.8946135, 45.5955052 ], [ 5.8946379, 45.5955046 ] ], [ [ 5.895569, 45.5962519 ], [ 5.8953887, 45.5961169 ], [ 5.8952962, 45.5960418 ] ], [ [ 5.8954602, 45.5962818 ], [ 5.8955125, 45.5963246 ], [ 5.8956682, 45.5964548 ], [ 5.8958178, 45.5965915 ] ], [ [ 5.8948909, 45.5957287 ], [ 5.8948705, 45.5957554 ], [ 5.894846, 45.5957785 ], [ 5.8947909, 45.5958052 ], [ 5.8947491, 45.5958144 ], [ 5.8947019, 45.5958201 ], [ 5.8946597, 45.5958239 ] ], [ [ 5.8947881, 45.5955052 ], [ 5.8948447, 45.5955326 ], [ 5.8948826, 45.5955695 ], [ 5.8949126, 45.5956282 ], [ 5.8949102, 45.5956814 ], [ 5.8948909, 45.5957287 ] ], [ [ 5.8946597, 45.5958239 ], [ 5.8946135, 45.5958233 ], [ 5.8945363, 45.5957955 ], [ 5.8944731, 45.5957413 ], [ 5.8944439, 45.5956727 ], [ 5.8944526, 45.5956436 ] ], [ [ 5.8952962, 45.5960418 ], [ 5.8951459, 45.595942 ], [ 5.8950594, 45.595883 ], [ 5.894983, 45.5958201 ], [ 5.8948909, 45.5957287 ] ], [ [ 5.8954602, 45.5962818 ], [ 5.8953329, 45.5961805 ], [ 5.8951421, 45.5960403 ], [ 5.8950014, 45.5959521 ], [ 5.8948422, 45.5958534 ], [ 5.8947786, 45.5958388 ], [ 5.8946597, 45.5958239 ] ], [ [ 5.896639, 45.5972237 ], [ 5.8965371, 45.5971407 ] ], [ [ 5.8964347, 45.5971965 ], [ 5.8965066, 45.5972703 ] ], [ [ 5.895569, 45.5962519 ], [ 5.8957476, 45.5964032 ], [ 5.8959306, 45.5965643 ], [ 5.8960472, 45.5966838 ] ], [ [ 5.8958178, 45.5965915 ], [ 5.8959174, 45.5966809 ], [ 5.8960281, 45.5967852 ] ], [ [ 5.8965371, 45.5971407 ], [ 5.8960783, 45.5967128 ], [ 5.8960472, 45.5966838 ] ], [ [ 5.8960281, 45.5967852 ], [ 5.8960919, 45.5968512 ], [ 5.8962175, 45.5969696 ], [ 5.8964347, 45.5971965 ] ], [ [ 5.8938402, 45.5952476 ], [ 5.893731, 45.5952206 ], [ 5.8936114, 45.5951922 ] ], [ [ 5.8943468, 45.5954364 ], [ 5.893888, 45.5951797 ] ], [ [ 5.894304, 45.5955005 ], [ 5.8938402, 45.5952476 ] ], [ [ 5.8946379, 45.5955046 ], [ 5.8945222, 45.595476 ], [ 5.8944379, 45.5954593 ], [ 5.8943468, 45.5954364 ] ] ] } },
{ "type": "Feature", "properties": { "id_voie": "IGN-2338852540", "nom": "Rpt Marius Berlioz", "type_voie": "Rond-point", "longueur_m": 78.5, "quartier": "CV" }, "geometry": { "type": "MultiLineString", "coordinates": [ [ [ 5.9139682, 45.6015832 ], [ 5.9140118, 45.6015334 ], [ 5.9140379, 45.6015174 ], [ 5.914067, 45.6015094 ], [ 5.9140952, 45.6015087 ], [ 5.9141518, 45.6015117 ] ], [ [ 5.9141518, 45.6015117 ], [ 5.9141858, 45.6015226 ], [ 5.9142063, 45.6015473 ], [ 5.9142351, 45.6015808 ], [ 5.9142227, 45.6016379 ] ], [ [ 5.914018, 45.6017495 ], [ 5.9139969, 45.6017383 ], [ 5.9139726, 45.6017164 ], [ 5.9139624, 45.6016924 ], [ 5.9139608, 45.6016618 ], [ 5.9139682, 45.6015832 ] ], [ [ 5.9142227, 45.6016379 ], [ 5.9142072, 45.601686 ], [ 5.9141842, 45.6017118 ], [ 5.9141331, 45.601742 ], [ 5.9140977, 45.601751 ], [ 5.9140503, 45.6017541 ], [ 5.914018, 45.6017495 ] ] ] } },
{ "type": "Feature", "properties": { "id_voie": "73065_2271", "nom": "Rue François et Henri Lansard", "type_voie": "Rue", "longueur_m": 311.4, "quartier": "CE" }, "geometry": { "type": "MultiLineString", "coordinates": [ [ [ 5.9107101, 45.5794449 ], [ 5.9107828, 45.5793628 ], [ 5.9108203, 45.5792943 ], [ 5.9108437, 45.5792522 ], [ 5.9108659, 45.5792102 ], [ 5.9108855, 45.5791682 ], [ 5.9109061, 45.5791209 ], [ 5.9109279, 45.5790716 ], [ 5.9109522, 45.5790214 ], [ 5.9109764, 45.5789694 ], [ 5.9110018, 45.5789147 ], [ 5.9110271, 45.57886 ] ], [ [ 5.9112197, 45.5784468 ], [ 5.9112311, 45.5784195 ], [ 5.9112577, 45.5783647 ], [ 5.9112856, 45.5783091 ], [ 5.9113122, 45.5782543 ], [ 5.9113377, 45.5782005 ], [ 5.9113631, 45.5781467 ], [ 5.9113872, 45.5780938 ], [ 5.9114233, 45.5779991 ], [ 5.9114493, 45.5779327 ] ], [ [ 5.9110271, 45.57886 ], [ 5.9110511, 45.5788044 ], [ 5.9110777, 45.5787479 ], [ 5.9111042, 45.5786904 ], [ 5.9111307, 45.5786339 ], [ 5.9111561, 45.5785791 ], [ 5.9111803, 45.5785262 ], [ 5.9112044, 45.5784734 ], [ 5.9112197, 45.5784468 ] ], [ [ 5.9115724, 45.5773194 ], [ 5.9116081, 45.5771437 ], [ 5.9116218, 45.5770632 ], [ 5.9116344, 45.5769853 ], [ 5.9116473, 45.5769129 ], [ 5.9116617, 45.5768467 ], [ 5.911673, 45.5767915 ], [ 5.9116679, 45.5767439 ] ], [ [ 5.9114493, 45.5779327 ], [ 5.911532, 45.577553 ], [ 5.911536, 45.5775303 ], [ 5.911544, 45.5774869 ], [ 5.9115525, 45.5774299 ], [ 5.9115633, 45.5773674 ] ], [ [ 5.9115633, 45.5773674 ], [ 5.9115724, 45.5773194 ] ] ] } },
{ "type": "Feature", "properties": { "id_voie": "IGN-2338852543", "nom": "R Gustave Traineau", "type_voie": "Rue", "longueur_m": 292.5, "quartier": "CE" }, "geometry": { "type": "MultiLineString", "coordinates": [ [ [ 5.9191693, 45.5760438 ], [ 5.9192301, 45.5759314 ], [ 5.9192503, 45.5758506 ], [ 5.9192652, 45.5756475 ], [ 5.9192955, 45.5755647 ], [ 5.9193237, 45.5755153 ], [ 5.9193701, 45.5754709 ], [ 5.9194189, 45.5754462 ], [ 5.9194895, 45.5754236 ] ], [ [ 5.9183526, 45.5768102 ], [ 5.9187354, 45.5764777 ], [ 5.9189154, 45.5761918 ], [ 5.9190177, 45.5761126 ], [ 5.9191693, 45.5760438 ] ], [ [ 5.9162064, 45.5975982 ], [ 5.9163207, 45.5976232 ] ], [ [ 5.9159225, 45.5975208 ], [ 5.9162064, 45.5975982 ] ], [ [ 5.9150432, 45.5972751 ], [ 5.9159225, 45.5975208 ] ] ] } },
{ "type": "Feature", "properties": { "id_voie": "IGN-2338852544", "nom": "R Joseph Et Jean Communal", "type_voie": "Rue", "longueur_m": 114.4, "quartier": "CE" }, "geometry": { "type": "MultiLineString", "coordinates": [ [ [ 5.9178204, 45.5684808 ], [ 5.9179441, 45.5686128 ] ], [ [ 5.9186039, 45.5692525 ], [ 5.9186936, 45.5692989 ] ], [ [ 5.9179441, 45.5686128 ], [ 5.9181015, 45.5687754 ], [ 5.9182175, 45.5689075 ], [ 5.9183575, 45.5690562 ] ], [ [ 5.9183575, 45.5690562 ], [ 5.9185446, 45.5692225 ], [ 5.9186039, 45.5692525 ] ] ] } },
{ "type": "Feature", "properties": { "id_voie": "73065_2380", "nom": "Rue Louis de Vignet", "type_voie": "Rue", "longueur_m": 301.4, "quartier": "HC" }, "geometry": { "type": "MultiLineString", "coordinates": [ [ [ 5.9211863, 45.5798634 ], [ 5.9212211, 45.5798913 ], [ 5.9212783, 45.579906 ], [ 5.9215165, 45.5799215 ], [ 5.9218581, 45.5799252 ], [ 5.9219317, 45.5799593 ], [ 5.9220023, 45.5800323 ], [ 5.9220561, 45.5801039 ], [ 5.9221358, 45.5802045 ], [ 5.9221828, 45.5802682 ] ], [ [ 5.9229487, 45.5802879 ], [ 5.9233351, 45.579976 ], [ 5.9234452, 45.5798974 ], [ 5.9234874, 45.5798468 ], [ 5.923549, 45.5798217 ], [ 5.9236072, 45.5798301 ] ], [ [ 5.9221828, 45.5802682 ], [ 5.9222507, 45.5803628 ], [ 5.9223029, 45.5803804 ], [ 5.9227001, 45.5804178 ], [ 5.9227508, 45.5804057 ] ], [ [ 5.9209214, 45.5794161 ], [ 5.9211403, 45.5797961 ], [ 5.9211863, 45.5798634 ] ], [ [ 5.9227508, 45.5804057 ], [ 5.9229487, 45.5802879 ] ] ] } },
{ "type": "Feature", "properties": { "id_voie": "73065_0666", "nom": "Rue Pierre Chapsal", "type_voie": "Rue", "longueur_m": 88.8, "quartier": "CE" }, "geometry": { "type": "MultiLineString", "coordinates": [ [ [ 5.9105701, 45.5766074 ], [ 5.910696, 45.5766114 ], [ 5.9107579, 45.5766161 ], [ 5.9108236, 45.5766225 ], [ 5.9108842, 45.5766272 ], [ 5.9109422, 45.576632 ], [ 5.9109951, 45.576637 ], [ 5.911044, 45.5766411 ] ], [ [ 5.911044, 45.5766411 ], [ 5.911115, 45.5766483 ], [ 5.9111923, 45.5766553 ], [ 5.9112748, 45.5766621 ], [ 5.911356, 45.5766691 ], [ 5.9114346, 45.5766751 ], [ 5.9115081, 45.5766813 ], [ 5.9115752, 45.5766886 ], [ 5.9116326, 45.5767078 ], [ 5.9116679, 45.5767439 ] ] ] } },
{ "type": "Feature", "properties": { "id_voie": "IGN-2338852547", "nom": "Rpt Charles Montreuil", "type_voie": "Rond-point", "longueur_m": 47.7, "quartier": "CE" }, "geometry": { "type": "MultiLineString", "coordinates": [ [ [ 5.9095526, 45.5809581 ], [ 5.9095941, 45.5809435 ], [ 5.9096522, 45.5809501 ], [ 5.909685, 45.5809637 ] ], [ [ 5.909685, 45.5809637 ], [ 5.9097105, 45.5809846 ] ], [ [ 5.9095454, 45.5810655 ], [ 5.9095291, 45.5810497 ], [ 5.9095193, 45.5810328 ], [ 5.9095199, 45.5810202 ], [ 5.9095239, 45.5809985 ], [ 5.9095283, 45.5809848 ], [ 5.9095526, 45.5809581 ] ], [ [ 5.9097105, 45.5809846 ], [ 5.9097142, 45.5810052 ], [ 5.9097078, 45.5810315 ], [ 5.9096836, 45.5810583 ] ], [ [ 5.9096836, 45.5810583 ], [ 5.9096306, 45.5810759 ], [ 5.9095793, 45.5810763 ], [ 5.9095454, 45.5810655 ] ] ] } },
{ "type": "Feature", "properties": { "id_voie": "IGN-2338852548", "nom": "Rpt De La Fontaine", "type_voie": "Rond-point", "longueur_m": 85.5, "quartier": "HC" }, "geometry": { "type": "MultiLineString", "coordinates": [ [ [ 5.9213516, 45.5882347 ], [ 5.9214079, 45.5881819 ], [ 5.9214891, 45.5881645 ], [ 5.9215828, 45.5881656 ] ], [ [ 5.9215828, 45.5881656 ], [ 5.921643, 45.5882109 ], [ 5.9216712, 45.5882841 ], [ 5.9216479, 45.5883532 ] ], [ [ 5.9214285, 45.588403 ], [ 5.9213739, 45.5883648 ], [ 5.9213338, 45.5883109 ], [ 5.9213403, 45.5882647 ], [ 5.9213516, 45.5882347 ] ], [ [ 5.9216479, 45.5883532 ], [ 5.9215835, 45.5883981 ], [ 5.9214844, 45.588416 ], [ 5.9214285, 45.588403 ] ] ] } },
{ "type": "Feature", "properties": { "id_voie": "IGN-2338852549", "nom": "Rpt Des Cedres", "type_voie": "Rond-point", "longueur_m": 73.2, "quartier": "HC" }, "geometry": { "type": "MultiLineString", "coordinates": [ [ [ 5.9203257, 45.5897608 ], [ 5.9203372, 45.5897353 ], [ 5.920364, 45.5897075 ], [ 5.9204101, 45.5896811 ], [ 5.920484, 45.5896711 ], [ 5.9205542, 45.5896873 ], [ 5.9205713, 45.5896967 ] ], [ [ 5.9205713, 45.5896967 ], [ 5.9206062, 45.5897256 ], [ 5.9206202, 45.5897477 ], [ 5.9206248, 45.5897855 ], [ 5.9206172, 45.5898109 ] ], [ [ 5.9204386, 45.5898804 ], [ 5.9203756, 45.589855 ], [ 5.9203349, 45.5898128 ], [ 5.9203257, 45.5897608 ] ], [ [ 5.9206172, 45.5898109 ], [ 5.9206029, 45.5898329 ], [ 5.9205484, 45.5898694 ], [ 5.9204772, 45.5898821 ], [ 5.9204386, 45.5898804 ] ] ] } },
{ "type": "Feature", "properties": { "id_voie": "IGN-2338852550", "nom": "Rpt Du Cdt Verlet Hanus", "type_voie": "Rond-point", "longueur_m": 71.6, "quartier": "LA" }, "geometry": { "type": "MultiLineString", "coordinates": [ [ [ 5.9352027, 45.5700754 ], [ 5.9352561, 45.5700416 ], [ 5.9353284, 45.5700262 ], [ 5.9353926, 45.5700272 ] ], [ [ 5.9353926, 45.5700272 ], [ 5.935423, 45.5700444 ], [ 5.9354537, 45.570068 ], [ 5.9354679, 45.5701171 ] ], [ [ 5.9352461, 45.5702175 ], [ 5.9352085, 45.5701852 ], [ 5.9351841, 45.5701363 ], [ 5.9352027, 45.5700754 ] ], [ [ 5.9354679, 45.5701171 ], [ 5.9354663, 45.5701586 ], [ 5.9354375, 45.5701972 ], [ 5.9353976, 45.5702181 ], [ 5.9353443, 45.5702294 ], [ 5.9352903, 45.5702281 ], [ 5.9352461, 45.5702175 ] ] ] } },
{ "type": "Feature", "properties": { "id_voie": "IGN-2338852551", "nom": "Rpt Du Forum", "type_voie": "Rond-point", "longueur_m": 97.1, "quartier": "HC" }, "geometry": { "type": "MultiLineString", "coordinates": [ [ [ 5.9188468, 45.5918726 ], [ 5.9189196, 45.5918401 ], [ 5.9189601, 45.5918309 ], [ 5.9190011, 45.5918281 ], [ 5.919084, 45.591843 ], [ 5.9191476, 45.591881 ], [ 5.9191712, 45.5919147 ] ], [ [ 5.919128, 45.592069 ], [ 5.9190855, 45.5920908 ], [ 5.9190298, 45.5921058 ], [ 5.918976, 45.5921071 ], [ 5.9189372, 45.5921018 ] ], [ [ 5.9187923, 45.5919822 ], [ 5.9187969, 45.5919487 ], [ 5.9188045, 45.5919224 ], [ 5.9188468, 45.5918726 ] ], [ [ 5.9191712, 45.5919147 ], [ 5.9191875, 45.5919557 ], [ 5.9191857, 45.5919963 ], [ 5.9191683, 45.5920301 ] ], [ [ 5.9191683, 45.5920301 ], [ 5.9191502, 45.5920522 ], [ 5.919128, 45.592069 ] ], [ [ 5.9189372, 45.5921018 ], [ 5.9188812, 45.5920871 ], [ 5.9188333, 45.5920541 ], [ 5.9188031, 45.592017 ], [ 5.9187923, 45.5919822 ] ] ] } },
{ "type": "Feature", "properties": { "id_voie": "IGN-2338852552", "nom": "Rpt Jean Jacques Rousseau", "type_voie": "Rond-point", "longueur_m": 65.5, "quartier": "LA" }, "geometry": { "type": "MultiLineString", "coordinates": [ [ [ 5.9282103, 45.5632951 ], [ 5.9282912, 45.5632966 ], [ 5.9283605, 45.5633218 ] ], [ [ 5.9281226, 45.5634091 ], [ 5.9281214, 45.5633623 ], [ 5.9281549, 45.5633163 ], [ 5.9282103, 45.5632951 ] ], [ [ 5.9283605, 45.5633218 ], [ 5.9283813, 45.563351 ], [ 5.9283912, 45.563394 ] ], [ [ 5.9283912, 45.563394 ], [ 5.9283641, 45.5634398 ], [ 5.9283054, 45.5634692 ], [ 5.9282364, 45.5634746 ] ], [ [ 5.9282364, 45.5634746 ], [ 5.9281636, 45.5634558 ], [ 5.9281226, 45.5634091 ] ] ] } },
{ "type": "Feature", "properties": { "id_voie": "IGN-2338852553", "nom": "Rpt Joseph Dardel", "type_voie": "Rond-point", "longueur_m": 65.9, "quartier": "HC" }, "geometry": { "type": "MultiLineString", "coordinates": [ [ [ 5.915366, 45.5991906 ], [ 5.9154009, 45.5991942 ], [ 5.9154412, 45.5992049 ] ], [ [ 5.9152492, 45.5992387 ], [ 5.9152861, 45.5992089 ], [ 5.9153239, 45.5991953 ], [ 5.915366, 45.5991906 ] ], [ [ 5.9154412, 45.5992049 ], [ 5.9154772, 45.5992292 ], [ 5.9154876, 45.5992568 ], [ 5.9154912, 45.5993009 ], [ 5.9154727, 45.5993401 ] ], [ [ 5.9153026, 45.5993761 ], [ 5.9152637, 45.5993446 ], [ 5.9152349, 45.5993084 ], [ 5.915238, 45.5992705 ], [ 5.9152492, 45.5992387 ] ], [ [ 5.9154727, 45.5993401 ], [ 5.915453, 45.5993559 ], [ 5.9154232, 45.5993747 ], [ 5.9153864, 45.5993829 ], [ 5.9153414, 45.5993814 ], [ 5.9153026, 45.5993761 ] ] ] } },
{ "type": "Feature", "properties": { "id_voie": "IGN-2338852555", "nom": "Rte D'Aix", "type_voie": "Route", "longueur_m": 261.5, "quartier": "CV" }, "geometry": { "type": "MultiLineString", "coordinates": [ [ [ 5.910476, 45.6094419 ], [ 5.910508, 45.6093672 ], [ 5.9105375, 45.6092926 ], [ 5.9105513, 45.6092129 ], [ 5.9105758, 45.6091167 ], [ 5.9105926, 45.6090208 ], [ 5.9106103, 45.6089176 ], [ 5.9106398, 45.6087952 ] ], [ [ 5.9106398, 45.6087952 ], [ 5.9106331, 45.6089134 ], [ 5.9106313, 45.6090252 ], [ 5.9106307, 45.6091361 ], [ 5.9106296, 45.6092361 ], [ 5.9106405, 45.6093223 ], [ 5.9106509, 45.6093986 ], [ 5.9107013, 45.6094784 ] ], [ [ 5.910476, 45.6094419 ], [ 5.9105539, 45.6094345 ], [ 5.9106342, 45.6094468 ], [ 5.9107013, 45.6094784 ] ], [ [ 5.9104845, 45.609749 ], [ 5.9104009, 45.6097223 ], [ 5.9103458, 45.6096751 ] ], [ [ 5.9107354, 45.6096866 ], [ 5.9106471, 45.6097403 ] ], [ [ 5.9106471, 45.6097403 ], [ 5.9105835, 45.6097518 ], [ 5.9104845, 45.609749 ] ], [ [ 5.9103232, 45.609563 ], [ 5.9103602, 45.6095107 ], [ 5.9104094, 45.6094689 ], [ 5.910476, 45.6094419 ] ], [ [ 5.9107013, 45.6094784 ], [ 5.9107473, 45.6095223 ] ], [ [ 5.9107473, 45.6095223 ], [ 5.9107729, 45.6095694 ], [ 5.9107733, 45.6096271 ], [ 5.9107354, 45.6096866 ] ], [ [ 5.9103458, 45.6096751 ], [ 5.9103146, 45.6096191 ], [ 5.9103232, 45.609563 ] ] ] } },
{ "type": "Feature", "properties": { "id_voie": "IGN-2338852556", "nom": "Rte Des Entremonts", "type_voie": "Route", "longueur_m": 81.9, "quartier": null }, "geometry": { "type": "MultiLineString", "coordinates": [ [ [ 5.9217218, 45.5549703 ], [ 5.9217198, 45.5549559 ], [ 5.9216923, 45.5546548 ] ], [ [ 5.9216366, 45.5550338 ], [ 5.9216454, 45.5550056 ], [ 5.9216787, 45.5549804 ], [ 5.9217218, 45.5549703 ] ], [ [ 5.9217218, 45.5549703 ], [ 5.9217269, 45.5549702 ], [ 5.9217761, 45.5549779 ], [ 5.9218119, 45.5550013 ], [ 5.9218265, 45.5550352 ], [ 5.9218155, 45.5550697 ], [ 5.9217822, 45.5550949 ], [ 5.9217671, 45.5550998 ] ], [ [ 5.921734, 45.5551052 ], [ 5.9216849, 45.5550974 ], [ 5.921649, 45.555074 ], [ 5.9216344, 45.5550402 ], [ 5.9216366, 45.5550338 ] ], [ [ 5.9217671, 45.5550998 ], [ 5.921734, 45.5551052 ] ] ] } },
{ "type": "Feature", "properties": { "id_voie": "73065_0116", "nom": "Square André Tercinet", "type_voie": "Square", "longueur_m": 233.0, "quartier": "CE" }, "geometry": { "type": "LineString", "coordinates": [ [ 5.9132143, 45.5655925 ], [ 5.9132964, 45.5654939 ], [ 5.9133345, 45.565511 ], [ 5.9134358, 45.5654128 ], [ 5.9136371, 45.5651913 ], [ 5.9137174, 45.5652298 ], [ 5.9137512, 45.5651902 ], [ 5.914128, 45.5653291 ], [ 5.9143417, 45.5653686 ], [ 5.9147579, 45.5655489 ], [ 5.9155326, 45.5659126 ] ] } },
{ "type": "Feature", "properties": { "id_voie": "IGN-2338852558", "nom": "Sq Paul Vidal", "type_voie": "Square", "longueur_m": 86.0, "quartier": "CE" }, "geometry": { "type": "MultiLineString", "coordinates": [ [ [ 5.917805, 45.5701374 ], [ 5.9169174, 45.5698739 ] ], [ [ 5.9179231, 45.5701875 ], [ 5.917805, 45.5701374 ] ] ] } },
{ "type": "Feature", "properties": { "id_voie": "73065_0220", "nom": "Avenue de Bassens", "type_voie": "Avenue", "longueur_m": 996.8, "quartier": "LA" }, "geometry": { "type": "MultiLineString", "coordinates": [ [ [ 5.929635, 45.5663685 ], [ 5.9297049, 45.5668416 ], [ 5.9297278, 45.5670816 ] ], [ [ 5.929987, 45.5687337 ], [ 5.9299512, 45.5686391 ], [ 5.9299408, 45.5685871 ], [ 5.9299231, 45.5685191 ], [ 5.9299078, 45.5684474 ] ], [ [ 5.9298975, 45.5689577 ], [ 5.9298822, 45.5690086 ], [ 5.9298849, 45.5690338 ], [ 5.9298944, 45.5690695 ], [ 5.9299245, 45.5691048 ], [ 5.9299634, 45.5691362 ] ], [ [ 5.9299078, 45.5684474 ], [ 5.9298712, 45.5682898 ], [ 5.9298551, 45.5682271 ], [ 5.9298468, 45.568167 ], [ 5.9298373, 45.5680861 ], [ 5.9298225, 45.5679757 ], [ 5.929811, 45.5678552 ], [ 5.9298082, 45.5678265 ] ], [ [ 5.9298082, 45.5678265 ], [ 5.9297578, 45.5673583 ] ], [ [ 5.9298639, 45.5677881 ], [ 5.9298474, 45.5678155 ], [ 5.929821, 45.5678261 ], [ 5.9298082, 45.5678265 ] ], [ [ 5.9298082, 45.5678265 ], [ 5.9297518, 45.567827 ], [ 5.9296969, 45.5678078 ], [ 5.929684, 45.567782 ] ], [ [ 5.929818, 45.5673549 ], [ 5.9298307, 45.5674997 ], [ 5.9298639, 45.5677881 ] ], [ [ 5.929684, 45.567782 ], [ 5.929654, 45.5676034 ], [ 5.9296421, 45.5674253 ], [ 5.9296314, 45.5673688 ] ], [ [ 5.9299634, 45.5691362 ], [ 5.930018, 45.5691492 ], [ 5.9300747, 45.569154 ], [ 5.9301343, 45.5691408 ], [ 5.9301861, 45.5691259 ], [ 5.930235, 45.5691048 ] ], [ [ 5.9317617, 45.5700256 ], [ 5.9316043, 45.5699125 ], [ 5.9311688, 45.569586 ], [ 5.9310648, 45.5695121 ] ], [ [ 5.9310648, 45.5695121 ], [ 5.9307794, 45.5693069 ], [ 5.9305815, 45.5691553 ], [ 5.9305199, 45.5691064 ], [ 5.9304671, 45.569078 ], [ 5.9303969, 45.56906 ], [ 5.9303353, 45.5690608 ], [ 5.9302738, 45.5690858 ], [ 5.930235, 45.5691048 ] ], [ [ 5.9317617, 45.5700256 ], [ 5.9319339, 45.5701526 ], [ 5.9321916, 45.5703676 ], [ 5.9331112, 45.5710645 ], [ 5.9336292, 45.5714231 ], [ 5.9338241, 45.5715658 ] ], [ [ 5.9338241, 45.5715658 ], [ 5.9338908, 45.5716145 ], [ 5.9339698, 45.5716773 ], [ 5.9340764, 45.5717754 ] ], [ [ 5.934251, 45.571898 ], [ 5.9341729, 45.571854 ], [ 5.9340764, 45.5717754 ] ], [ [ 5.9343168, 45.5719782 ], [ 5.934251, 45.571898 ] ], [ [ 5.9343168, 45.5719782 ], [ 5.9343687, 45.5719895 ], [ 5.9344231, 45.5720466 ], [ 5.93457, 45.5721563 ], [ 5.934588, 45.5721577 ], [ 5.9346245, 45.5721432 ], [ 5.9347188, 45.5720822 ] ], [ [ 5.935073, 45.5732227 ], [ 5.935119, 45.5730746 ], [ 5.9351664, 45.5730004 ], [ 5.9353222, 45.5728423 ], [ 5.9354052, 45.5727608 ], [ 5.9354607, 45.5727675 ], [ 5.9355423, 45.5728311 ], [ 5.9356124, 45.5728942 ] ], [ [ 5.9356124, 45.5728942 ], [ 5.9357822, 45.5730231 ] ] ] } },
{ "type": "Feature", "properties": { "id_voie": "73065_0882", "nom": "Rue Colonel Arnaud Beltrame", "type_voie": "Rue", "longueur_m": 131.6, "quartier": "CE" }, "geometry": { "type": "MultiLineString", "coordinates": [ [ [ 5.9101016, 45.5788777 ], [ 5.9102738, 45.5784677 ] ], [ [ 5.9102738, 45.5784677 ], [ 5.9102773, 45.5784604 ], [ 5.9102889, 45.5784376 ], [ 5.9103139, 45.5784 ], [ 5.9103324, 45.5783608 ], [ 5.9103521, 45.5783206 ], [ 5.9103743, 45.5782795 ], [ 5.9103918, 45.5782466 ] ], [ [ 5.9103918, 45.5782466 ], [ 5.9103988, 45.5782338 ], [ 5.9104221, 45.5781881 ], [ 5.9104453, 45.5781416 ], [ 5.9104686, 45.578095 ], [ 5.9104906, 45.5780512 ], [ 5.9105102, 45.5780092 ], [ 5.9105288, 45.5779718 ], [ 5.9105437, 45.5779372 ], [ 5.9105574, 45.5779062 ], [ 5.9105662, 45.5778771 ], [ 5.9105713, 45.5778518 ], [ 5.9105729, 45.5778337 ], [ 5.9105746, 45.5778166 ], [ 5.9105746, 45.577794 ], [ 5.9105721, 45.5777698 ], [ 5.9105696, 45.5777464 ] ] ] } },
{ "type": "Feature", "properties": { "id_voie": "IGN-2344670369", "nom": "Rue Emanuel Philibert", "type_voie": "Rue", "longueur_m": 39.0, "quartier": "LA" }, "geometry": { "type": "LineString", "coordinates": [ [ 5.929689, 45.55989 ], [ 5.9298972, 45.5597026 ], [ 5.9299382, 45.559679 ], [ 5.9299922, 45.5596812 ], [ 5.9300441, 45.5596925 ] ] } },
{ "type": "Feature", "properties": { "id_voie": "73065_xzwnbn", "nom": "Rue Jeanne Barret", "type_voie": "Rue", "longueur_m": 151.5, "quartier": "CE" }, "geometry": { "type": "LineString", "coordinates": [ [ 5.920343, 45.5746004 ], [ 5.9202622, 45.574479 ], [ 5.9202191, 45.57439 ], [ 5.9202267, 45.5743394 ], [ 5.9203005, 45.5741572 ], [ 5.9204539, 45.5739036 ], [ 5.9205825, 45.5737886 ], [ 5.9207133, 45.5737131 ], [ 5.9211953, 45.5736086 ] ] } },
{ "type": "Feature", "properties": { "id_voie": "IGN-2480858450", "nom": "Allée Jeanne Escarfail", "type_voie": "Allée", "longueur_m": 138.2, "quartier": "CE" }, "geometry": { "type": "MultiLineString", "coordinates": [ [ [ 5.9116324, 45.5780225 ], [ 5.9119621, 45.5780951 ], [ 5.913057, 45.5784425 ] ], [ [ 5.9114493, 45.5779327 ], [ 5.9115346, 45.5779683 ], [ 5.9116324, 45.5780225 ] ] ] } },
{ "type": "Feature", "properties": { "id_voie": "73065_3i5nua", "nom": "Rue Alice Milliat", "type_voie": "Rue", "longueur_m": 107.3, "quartier": "CE" }, "geometry": { "type": "MultiLineString", "coordinates": [ [ [ 5.9115633, 45.5773674 ], [ 5.910937, 45.5771692 ] ], [ [ 5.9109496, 45.5771148 ], [ 5.9115724, 45.5773194 ] ] ] } },
{ "type": "Feature", "properties": { "id_voie": "73065_3100", "nom": "Place Pierre de Coubertin", "type_voie": "Place", "longueur_m": 265.4, "quartier": "CE" }, "geometry": { "type": "MultiLineString", "coordinates": [ [ [ 5.9109496, 45.5771148 ], [ 5.9109707, 45.5770043 ], [ 5.9109859, 45.5769264 ], [ 5.9110025, 45.5768521 ], [ 5.911017, 45.5767869 ], [ 5.9110284, 45.5767343 ], [ 5.911044, 45.5766411 ] ], [ [ 5.910937, 45.5771692 ], [ 5.9109496, 45.5771148 ] ], [ [ 5.9106794, 45.5777354 ], [ 5.9107648, 45.5776774 ], [ 5.9107999, 45.5776359 ], [ 5.9108318, 45.5775837 ], [ 5.9108544, 45.5775255 ], [ 5.9108717, 45.5774646 ], [ 5.9108878, 45.5774048 ], [ 5.910904, 45.5773458 ], [ 5.9109161, 45.5772842 ], [ 5.9109281, 45.5772199 ], [ 5.910937, 45.5771692 ] ], [ [ 5.9106794, 45.5777354 ], [ 5.9106429, 45.577749 ], [ 5.9106059, 45.5777536 ], [ 5.9105696, 45.5777464 ] ], [ [ 5.9105696, 45.5777464 ], [ 5.910542, 45.5777336 ] ], [ [ 5.9105926, 45.5772808 ], [ 5.9106074, 45.5774409 ], [ 5.910611, 45.5775588 ], [ 5.9106131, 45.5776218 ], [ 5.9105932, 45.5776827 ], [ 5.910542, 45.5777336 ] ], [ [ 5.9105701, 45.5766074 ], [ 5.9105926, 45.5772808 ] ] ] } },
{ "type": "Feature", "properties": { "id_voie": "IGN-2487680766", "nom": "Che De Mainguevert", "type_voie": "Chemin", "longueur_m": 6.7, "quartier": null }, "geometry": { "type": "LineString", "coordinates": [ [ 5.8900284, 45.5719734 ], [ 5.8901134, 45.5719794 ] ] } },
{ "type": "Feature", "properties": { "id_voie": "73065_3849", "nom": "Allée du Verre Textile", "type_voie": "Allée", "longueur_m": 131.7, "quartier": "CE" }, "geometry": { "type": "LineString", "coordinates": [ [ 5.9115633, 45.5773674 ], [ 5.91306, 45.5779153 ] ] } },
{ "type": "Feature", "properties": { "id_voie": "IGN-2487992913", "nom": "Avenue De Villacher", "type_voie": "Avenue", "longueur_m": 246.9, "quartier": "CV" }, "geometry": { "type": "MultiLineString", "coordinates": [ [ [ 5.8883131, 45.6121093 ], [ 5.8884841, 45.6117696 ], [ 5.8886375, 45.6114621 ], [ 5.8887466, 45.6112394 ], [ 5.8888568, 45.6109888 ], [ 5.8889535, 45.610752 ], [ 5.8890212, 45.6105727 ], [ 5.8890958, 45.6105014 ] ], [ [ 5.8879432, 45.6125504 ], [ 5.888005, 45.6125046 ], [ 5.8880679, 45.6124552 ], [ 5.8881303, 45.6123969 ], [ 5.8882509, 45.6122226 ], [ 5.8883131, 45.6121093 ] ] ] } },
{ "type": "Feature", "properties": { "id_voie": "73065_3604", "nom": "Rue Marguerite Sevez", "type_voie": "Rue", "longueur_m": 64.1, "quartier": "CE" }, "geometry": { "type": "LineString", "coordinates": [ [ 5.9114493, 45.5779327 ], [ 5.9113474, 45.5778966 ], [ 5.911277, 45.5778758 ], [ 5.9112003, 45.577858 ], [ 5.9111249, 45.5778392 ], [ 5.9110534, 45.5778213 ], [ 5.9109872, 45.5778059 ], [ 5.91093, 45.577792 ], [ 5.9108819, 45.5777807 ], [ 5.9108403, 45.5777709 ], [ 5.9107974, 45.5777603 ], [ 5.9107533, 45.5777507 ], [ 5.9106794, 45.5777354 ] ] } },
{ "type": "Feature", "properties": { "id_voie": "IGN-2489536970", "nom": "Passerelle Chantal Mauduit", "type_voie": "Passerelle", "longueur_m": 40.7, "quartier": "CE" }, "geometry": { "type": "LineString", "coordinates": [ [ 5.9107011, 45.5817907 ], [ 5.9108708, 45.5817475 ], [ 5.9111418, 45.5816783 ], [ 5.9111912, 45.5816662 ] ] } },
{ "type": "Feature", "properties": { "id_voie": "IGN-2490091413", "nom": "Allée Françoise Bally", "type_voie": "Allée", "longueur_m": 149.7, "quartier": "CE" }, "geometry": { "type": "MultiLineString", "coordinates": [ [ [ 5.9113724, 45.5790322 ], [ 5.9113922, 45.5790425 ], [ 5.9114182, 45.5790752 ], [ 5.9114495, 45.5791077 ], [ 5.911482, 45.5791411 ], [ 5.9115217, 45.5791635 ], [ 5.911569, 45.5791605 ], [ 5.9116239, 45.5791554 ], [ 5.9116732, 45.579165 ], [ 5.9117231, 45.5791862 ], [ 5.9118835, 45.5792857 ], [ 5.9119356, 45.579324 ], [ 5.9120251, 45.5792685 ] ], [ [ 5.9113724, 45.5790322 ], [ 5.9113591, 45.5789757 ], [ 5.9113533, 45.5789381 ], [ 5.9113538, 45.5788984 ], [ 5.9113605, 45.578855 ], [ 5.9113748, 45.5788105 ], [ 5.9113955, 45.578764 ], [ 5.91142, 45.5787174 ], [ 5.9114292, 45.5786982 ] ], [ [ 5.9114292, 45.5786982 ], [ 5.9114431, 45.5786699 ], [ 5.911465, 45.5786225 ], [ 5.9114881, 45.5785732 ], [ 5.9115102, 45.5785294 ] ], [ [ 5.9112197, 45.5784468 ], [ 5.9115102, 45.5785294 ] ] ] } },
{ "type": "Feature", "properties": { "id_voie": "IGN-2490255775", "nom": "Carrefour De Joppet", "type_voie": "Carrefour", "longueur_m": 81.2, "quartier": "LA" }, "geometry": { "type": "MultiLineString", "coordinates": [ [ [ 5.9298975, 45.5689577 ], [ 5.9299389, 45.5689639 ], [ 5.9299928, 45.5689633 ], [ 5.930051, 45.5689492 ], [ 5.9300962, 45.5689309 ], [ 5.9301304, 45.5688976 ], [ 5.9301424, 45.5688567 ] ], [ [ 5.929987, 45.5687337 ], [ 5.9300283, 45.5687372 ], [ 5.930073, 45.5687585 ], [ 5.9301105, 45.5687873 ], [ 5.9301363, 45.5688145 ], [ 5.9301424, 45.5688567 ] ], [ [ 5.92981, 45.5688312 ], [ 5.9298351, 45.5687954 ], [ 5.9298708, 45.5687674 ], [ 5.9299234, 45.5687435 ], [ 5.929987, 45.5687337 ] ], [ [ 5.92981, 45.5688312 ], [ 5.9298122, 45.5688725 ], [ 5.9298246, 45.5689137 ], [ 5.9298581, 45.5689407 ], [ 5.9298975, 45.5689577 ] ] ] } },
{ "type": "Feature", "properties": { "id_voie": "73065_wbd4wd", "nom": "Rue Madeleine Troccaz", "type_voie": "Rue", "longueur_m": 205.8, "quartier": "BI" }, "geometry": { "type": "LineString", "coordinates": [ [ 5.9048395, 45.5797869 ], [ 5.9047766, 45.5799084 ], [ 5.9046723, 45.5801472 ], [ 5.9045771, 45.5804109 ], [ 5.9045016, 45.5806598 ], [ 5.9045175, 45.5806945 ], [ 5.90455, 45.5807261 ], [ 5.9045924, 45.5807512 ], [ 5.9046779, 45.5807679 ], [ 5.9049034, 45.5808089 ], [ 5.9050746, 45.5808441 ], [ 5.9051247, 45.580869 ], [ 5.9051765, 45.5809037 ], [ 5.905249, 45.5810622 ], [ 5.9052964, 45.5812808 ] ] } },
{ "type": "Feature", "properties": { "id_voie": "IGN-2490556811", "nom": "Passage Marguerite Dunoyer", "type_voie": "Passage", "longueur_m": 58.6, "quartier": "HC" }, "geometry": { "type": "LineString", "coordinates": [ [ 5.919162, 45.5899865 ], [ 5.9192018, 45.5899134 ], [ 5.9192335, 45.5899063 ], [ 5.9193233, 45.5898805 ], [ 5.919359, 45.5898526 ], [ 5.9193805, 45.5898223 ], [ 5.9194225, 45.5897176 ], [ 5.9194672, 45.5895434 ] ] } },
{ "type": "Feature", "properties": { "id_voie": "73065_clanpj", "nom": "Esplanade André Gilbertas", "type_voie": "Esplanade", "longueur_m": 257.4, "quartier": "CE" }, "geometry": { "type": "MultiLineString", "coordinates": [ [ [ 5.9075518, 45.5740553 ], [ 5.9076033, 45.5740584 ], [ 5.9079672, 45.5741734 ], [ 5.908022, 45.5741656 ], [ 5.9090956, 45.5738657 ], [ 5.9094043, 45.573782 ] ], [ [ 5.9103256, 45.5735401 ], [ 5.9105092, 45.5734939 ] ], [ [ 5.9094043, 45.573782 ], [ 5.9103256, 45.5735401 ] ], [ [ 5.9075089, 45.5739717 ], [ 5.9075518, 45.5740553 ] ] ] } },
{ "type": "Feature", "properties": { "id_voie": "IGN-2492369634", "nom": "Cour Marie-Clotilde Fardel", "type_voie": "Cour", "longueur_m": 9.8, "quartier": "CE" }, "geometry": { "type": "LineString", "coordinates": [ [ 5.9209641, 45.5641307 ], [ 5.9210639, 45.5640776 ] ] } },
{ "type": "Feature", "properties": { "id_voie": "IGN-2492369959", "nom": "Passerelle Alfonsina Strada", "type_voie": "Passerelle", "longueur_m": 17.8, "quartier": "CE" }, "geometry": { "type": "LineString", "coordinates": [ [ 5.913157, 45.5786363 ], [ 5.9131742, 45.5786467 ], [ 5.9131914, 45.5786562 ], [ 5.9132073, 45.5786657 ], [ 5.9132245, 45.5786751 ], [ 5.9132416, 45.5786846 ], [ 5.9132588, 45.578694 ], [ 5.913276, 45.5787035 ], [ 5.9132931, 45.5787121 ], [ 5.9133089, 45.5787198 ], [ 5.9133234, 45.5787275 ], [ 5.9133379, 45.5787343 ] ] } },
{ "type": "Feature", "properties": { "id_voie": "IGN-2492370330", "nom": "Chemin Du Docteur Boubaker", "type_voie": "Chemin", "longueur_m": 214.7, "quartier": "HC" }, "geometry": { "type": "MultiLineString", "coordinates": [ [ [ 5.9211311, 45.5976623 ], [ 5.9211144, 45.5977105 ], [ 5.9211169, 45.5977573 ], [ 5.9211718, 45.5978243 ], [ 5.9214201, 45.5981522 ], [ 5.9215476, 45.59833 ], [ 5.9215432, 45.5983688 ], [ 5.9215154, 45.5984993 ], [ 5.9214444, 45.5987841 ], [ 5.9213736, 45.5990473 ] ], [ [ 5.9205368, 45.5974903 ], [ 5.9207932, 45.5975341 ], [ 5.9209737, 45.5975736 ], [ 5.9210402, 45.5976169 ], [ 5.9211311, 45.5976623 ] ] ] } },
{ "type": "Feature", "properties": { "id_voie": "IGN-2492370344", "nom": "Parc Des Ouvrières Italiennes De L'Usine Pilotaz", "type_voie": "Parc", "longueur_m": 36.4, "quartier": "CE" }, "geometry": { "type": "LineString", "coordinates": [ [ 5.9099384, 45.5780169 ], [ 5.9099574, 45.5780137 ], [ 5.9099862, 45.5780237 ], [ 5.9100381, 45.578035 ], [ 5.9100939, 45.5780471 ], [ 5.9101534, 45.5780554 ], [ 5.9102069, 45.5780486 ], [ 5.910248, 45.5780251 ], [ 5.9102774, 45.5779973 ], [ 5.9103056, 45.5779722 ], [ 5.9103314, 45.5779517 ] ] } },
{ "type": "Feature", "properties": { "id_voie": "IGN-2492370345", "nom": "Passage Marguerite Chevron", "type_voie": "Passage", "longueur_m": 79.4, "quartier": "CE" }, "geometry": { "type": "LineString", "coordinates": [ [ 5.9121814, 45.5715466 ], [ 5.9124045, 45.5718382 ], [ 5.9124738, 45.5719346 ], [ 5.9124834, 45.5719713 ], [ 5.9124142, 45.5721677 ], [ 5.9123928, 45.5721998 ] ] } },
{ "type": "Feature", "properties": { "id_voie": "IGN-2492370346", "nom": "Escalier Franz Fanon", "type_voie": "Escalier", "longueur_m": 40.7, "quartier": "BE" }, "geometry": { "type": "LineString", "coordinates": [ [ 5.9187068, 45.5629945 ], [ 5.9187159, 45.5630717 ], [ 5.9187988, 45.5633543 ] ] } },
{ "type": "Feature", "properties": { "id_voie": "IGN-2492370347", "nom": "Chemin Marie-Catherine Grassis De Predl", "type_voie": "Chemin", "longueur_m": 104.5, "quartier": "BE" }, "geometry": { "type": "LineString", "coordinates": [ [ 5.9203465, 45.5614173 ], [ 5.9204557, 45.561373 ], [ 5.9207027, 45.5612387 ], [ 5.9209143, 45.5611169 ], [ 5.9210935, 45.5610122 ], [ 5.9211972, 45.5609113 ], [ 5.9212077, 45.5608669 ], [ 5.921184, 45.5608306 ], [ 5.9211014, 45.5607967 ] ] } },
{ "type": "Feature", "properties": { "id_voie": "IGN-2492370348", "nom": "Espace Andrée Carron", "type_voie": "Espace", "longueur_m": 141.6, "quartier": "BE" }, "geometry": { "type": "LineString", "coordinates": [ [ 5.9196384, 45.5592497 ], [ 5.9196849, 45.5593278 ], [ 5.9198232, 45.5593728 ], [ 5.9201737, 45.5594529 ], [ 5.9204202, 45.5595051 ], [ 5.9205649, 45.5595725 ], [ 5.9207915, 45.5596865 ], [ 5.920896, 45.5597703 ], [ 5.9209603, 45.5598722 ], [ 5.9209989, 45.5599703 ] ] } },
{ "type": "Feature", "properties": { "id_voie": "IGN-2492597568", "nom": "Passage D'Allinges", "type_voie": "Passage", "longueur_m": 51.0, "quartier": "CE" }, "geometry": { "type": "LineString", "coordinates": [ [ 5.9219669, 45.5640028 ], [ 5.9221158, 45.563907 ], [ 5.9221738, 45.563864 ], [ 5.9222081, 45.5638325 ], [ 5.922239, 45.5637614 ], [ 5.9222904, 45.5636907 ], [ 5.9223494, 45.5636414 ] ] } },
{ "type": "Feature", "properties": { "id_voie": "IGN-2493290056", "nom": "R De Verel", "type_voie": "Rue", "longueur_m": 121.6, "quartier": "HC" }, "geometry": { "type": "MultiLineString", "coordinates": [ [ [ 5.9110353, 45.6007833 ], [ 5.9111204, 45.600864 ], [ 5.9112177, 45.6009318 ], [ 5.9112641, 45.6009855 ], [ 5.9112899, 45.6010371 ], [ 5.9112784, 45.6010861 ], [ 5.9112553, 45.6011344 ] ], [ [ 5.9110576, 45.6007187 ], [ 5.9113299, 45.6001368 ] ], [ [ 5.9110353, 45.6007833 ], [ 5.9110576, 45.6007187 ] ] ] } },
{ "type": "Feature", "properties": { "id_voie": "IGN-2494155242", "nom": "Pont Aristide Briand", "type_voie": "Pont", "longueur_m": 35.6, "quartier": "CE" }, "geometry": { "type": "LineString", "coordinates": [ [ 5.9114609, 45.5799364 ], [ 5.9117908, 45.5801576 ] ] } },
{ "type": "Feature", "properties": { "id_voie": "IGN-2498302259", "nom": "Rue Du Massot", "type_voie": "Rue", "longueur_m": 203.7, "quartier": "CV" }, "geometry": { "type": "LineString", "coordinates": [ [ 5.8946645, 45.5972664 ], [ 5.8946234, 45.5973152 ], [ 5.8945787, 45.5973686 ], [ 5.8942134, 45.5978205 ], [ 5.8940345, 45.5980576 ], [ 5.8940266, 45.5980785 ], [ 5.8940316, 45.5981009 ], [ 5.8940535, 45.5981264 ], [ 5.8943705, 45.598248 ], [ 5.8944861, 45.5982991 ], [ 5.8945075, 45.5983157 ], [ 5.8945378, 45.5983564 ], [ 5.8946051, 45.5984637 ], [ 5.8946374, 45.5984926 ], [ 5.8946992, 45.5985207 ], [ 5.89475, 45.5985356 ], [ 5.8948521, 45.5985483 ], [ 5.8949304, 45.598549 ], [ 5.894998, 45.5985896 ] ] } },
{ "type": "Feature", "properties": { "id_voie": "IGN-2498302260", "nom": "Imp Rachid Mekhloufi", "type_voie": "Impasse", "longueur_m": 218.8, "quartier": "BO" }, "geometry": { "type": "MultiLineString", "coordinates": [ [ [ 5.9068668, 45.5616308 ], [ 5.906819, 45.5616717 ], [ 5.9068255, 45.5617229 ], [ 5.9068393, 45.5617658 ], [ 5.9069395, 45.562111 ], [ 5.9070415, 45.5624661 ], [ 5.9070668, 45.5625573 ], [ 5.9070947, 45.5626242 ] ], [ [ 5.9068668, 45.5616308 ], [ 5.9078956, 45.5614843 ], [ 5.9081834, 45.5614445 ] ] ] } },
{ "type": "Feature", "properties": { "id_voie": "IGN-2498302261", "nom": "Passage Bessie Coleman", "type_voie": "Passage", "longueur_m": 45.6, "quartier": "CE" }, "geometry": { "type": "LineString", "coordinates": [ [ 5.9097611, 45.5701423 ], [ 5.9100881, 45.5704826 ] ] } }
]
}
